,group_size,n_sources,heuristic_size,reliability_mean,reliability_range,n_samples,group_type,procedure,accuracy,precision,diversity,average
0,1001,13,5,0.55,0.2,1000,diverse,aggregation,0.6448371411422178,,,0.5936894220671305
1,1001,13,5,0.55,0.2,1000,diverse,aggregation,0.6448371411422178,,,0.5941370110136778
2,1001,13,5,0.55,0.2,1000,diverse,aggregation,0.6448371411422178,,,0.5925921749392584
3,1001,13,5,0.55,0.2,1000,diverse,aggregation,0.6448371411422178,,,0.5927963380832132
4,1001,13,5,0.55,0.2,1000,diverse,aggregation,0.6448371411422178,,,0.5933784412423996
5,1001,13,5,0.55,0.2,1000,diverse,aggregation,0.6448371411422178,,,0.5907732967803803
6,1001,13,5,0.55,0.2,1000,diverse,aggregation,0.6448371411422178,,,0.5938677463046215
7,1001,13,5,0.55,0.2,1000,diverse,aggregation,0.6448371411422178,,,0.5926187952633788
8,1001,13,5,0.55,0.2,1000,diverse,aggregation,0.6448371411422178,,,0.5942453714803717
9,1001,13,5,0.55,0.2,1000,diverse,aggregation,0.6448371411422178,,,0.594415124196791
10,1001,13,5,0.55,0.2,1000,diverse,aggregation,0.6448371411422178,,,0.5935902021049939
11,1001,13,5,0.55,0.2,1000,diverse,aggregation,0.6448371411422178,,,0.5953120657274825
12,1001,13,5,0.55,0.2,1000,diverse,aggregation,0.6448371411422178,,,0.5926429555783723
13,1001,13,5,0.55,0.2,1000,diverse,aggregation,0.6448371411422178,,,0.5940056907058991
14,1001,13,5,0.55,0.2,1000,diverse,aggregation,0.6448371411422178,,,0.5934267500555002
15,1001,13,5,0.55,0.2,1000,diverse,aggregation,0.6448371411422178,,,0.595560798969549
16,1001,13,5,0.55,0.2,1000,diverse,aggregation,0.6448371411422178,,,0.5927358512860597
17,1001,13,5,0.55,0.2,1000,diverse,aggregation,0.6448371411422178,,,0.5942662740962742
18,1001,13,5,0.55,0.2,1000,diverse,aggregation,0.6448371411422178,,,0.593712284413118
19,1001,13,5,0.55,0.2,1000,diverse,aggregation,0.6448371411422178,,,0.5920393640387392
20,1001,13,5,0.55,0.2,1000,diverse,aggregation,0.6448371411422178,,,0.5941294453000704
21,1001,13,5,0.55,0.2,1000,diverse,aggregation,0.6448371411422178,,,0.5941579149862484
22,1001,13,5,0.55,0.2,1000,diverse,aggregation,0.6448371411422178,,,0.5930604586617088
23,1001,13,5,0.55,0.2,1000,diverse,aggregation,0.6448371411422178,,,0.5934004433529435
24,1001,13,5,0.55,0.2,1000,diverse,aggregation,0.6448371411422178,,,0.5933504589546257
25,1001,13,5,0.55,0.2,1000,diverse,aggregation,0.6448371411422178,,,0.593726482460441
26,1001,13,5,0.55,0.2,1000,diverse,aggregation,0.6448371411422178,,,0.5948800178833513
27,1001,13,5,0.55,0.2,1000,diverse,aggregation,0.6448371411422178,,,0.5947987987937989
28,1001,13,5,0.55,0.2,1000,diverse,aggregation,0.6448371411422178,,,0.5919838098090182
29,1001,13,5,0.55,0.2,1000,diverse,aggregation,0.6448371411422178,,,0.5920066666204168
30,1001,13,5,0.55,0.2,1000,diverse,aggregation,0.6448371411422178,,,0.5933215057627559
31,1001,13,5,0.55,0.2,1000,diverse,aggregation,0.6448371411422178,,,0.59481208818188
32,1001,13,5,0.55,0.2,1000,diverse,aggregation,0.6448371411422178,,,0.5930391890516892
33,1001,13,5,0.55,0.2,1000,diverse,aggregation,0.6448371411422178,,,0.591982289184581
34,1001,13,5,0.55,0.2,1000,diverse,aggregation,0.6448371411422178,,,0.5932926033148951
35,1001,13,5,0.55,0.2,1000,diverse,aggregation,0.6448371411422178,,,0.5925018325655826
36,1001,13,5,0.55,0.2,1000,diverse,aggregation,0.6448371411422178,,,0.5932619037058621
37,1001,13,5,0.55,0.2,1000,diverse,aggregation,0.6448371411422178,,,0.592862821784697
38,1001,13,5,0.55,0.2,1000,diverse,aggregation,0.6448371411422178,,,0.5926576250370001
39,1001,13,5,0.55,0.2,1000,diverse,aggregation,0.6448371411422178,,,0.595732228519937
40,1001,13,5,0.55,0.2,1000,diverse,aggregation,0.6448371411422178,,,0.5956768167943169
41,1001,13,5,0.55,0.2,1000,diverse,aggregation,0.6448371411422178,,,0.591285661159828
42,1001,13,5,0.55,0.2,1000,diverse,aggregation,0.6448371411422178,,,0.591415078902579
43,1001,13,5,0.55,0.2,1000,diverse,aggregation,0.6448371411422178,,,0.5959333641512811
44,1001,13,5,0.55,0.2,1000,diverse,aggregation,0.6448371411422178,,,0.593681064205856
45,1001,13,5,0.55,0.2,1000,diverse,aggregation,0.6448371411422178,,,0.5942030315826151
46,1001,13,5,0.55,0.2,1000,diverse,aggregation,0.6448371411422178,,,0.5929486223884141
47,1001,13,5,0.55,0.2,1000,diverse,aggregation,0.6448371411422178,,,0.5941374482770316
48,1001,13,5,0.55,0.2,1000,diverse,aggregation,0.6448371411422178,,,0.5942520613799782
49,1001,13,5,0.55,0.2,1000,diverse,aggregation,0.6448371411422178,,,0.5940250838821672
50,1001,13,5,0.55,0.2,1000,diverse,aggregation,0.6448371411422178,,,0.5930982737247322
51,1001,13,5,0.55,0.2,1000,diverse,aggregation,0.6448371411422178,,,0.5932904350741852
52,1001,13,5,0.55,0.2,1000,diverse,aggregation,0.6448371411422178,,,0.5940384837230671
53,1001,13,5,0.55,0.2,1000,diverse,aggregation,0.6448371411422178,,,0.5936048073993909
54,1001,13,5,0.55,0.2,1000,diverse,aggregation,0.6448371411422178,,,0.591939685260727
55,1001,13,5,0.55,0.2,1000,diverse,aggregation,0.6448371411422178,,,0.5928769107127442
56,1001,13,5,0.55,0.2,1000,diverse,aggregation,0.6448371411422178,,,0.5935147059807477
57,1001,13,5,0.55,0.2,1000,diverse,aggregation,0.6448371411422178,,,0.5963976349653434
58,1001,13,5,0.55,0.2,1000,diverse,aggregation,0.6448371411422178,,,0.5941224892006144
59,1001,13,5,0.55,0.2,1000,diverse,aggregation,0.6448371411422178,,,0.5950563238767407
60,1001,13,5,0.55,0.2,1000,diverse,aggregation,0.6448371411422178,,,0.5934553794045462
61,1001,13,5,0.55,0.2,1000,diverse,aggregation,0.6448371411422178,,,0.5933642498396666
62,1001,13,5,0.55,0.2,1000,diverse,aggregation,0.6448371411422178,,,0.5926652678648512
63,1001,13,5,0.55,0.2,1000,diverse,aggregation,0.6448371411422178,,,0.5940715136175554
64,1001,13,5,0.55,0.2,1000,diverse,aggregation,0.6448371411422178,,,0.5924583037101788
65,1001,13,5,0.55,0.2,1000,diverse,aggregation,0.6448371411422178,,,0.5924550229862732
66,1001,13,5,0.55,0.2,1000,diverse,aggregation,0.6448371411422178,,,0.5932253459349294
67,1001,13,5,0.55,0.2,1000,diverse,aggregation,0.6448371411422178,,,0.5924704714267215
68,1001,13,5,0.55,0.2,1000,diverse,aggregation,0.6448371411422178,,,0.5927525991832243
69,1001,13,5,0.55,0.2,1000,diverse,aggregation,0.6448371411422178,,,0.5932505006875842
70,1001,13,5,0.55,0.2,1000,diverse,aggregation,0.6448371411422178,,,0.5933685894121312
71,1001,13,5,0.55,0.2,1000,diverse,aggregation,0.6448371411422178,,,0.5940568900698069
72,1001,13,5,0.55,0.2,1000,diverse,aggregation,0.6448371411422178,,,0.5956072314876483
73,1001,13,5,0.55,0.2,1000,diverse,aggregation,0.6448371411422178,,,0.5937656028847698
74,1001,13,5,0.55,0.2,1000,diverse,aggregation,0.6448371411422178,,,0.592274938425772
75,1001,13,5,0.55,0.2,1000,diverse,aggregation,0.6448371411422178,,,0.5932462770408605
76,1001,13,5,0.55,0.2,1000,diverse,aggregation,0.6448371411422178,,,0.591832876483085
77,1001,13,5,0.55,0.2,1000,diverse,aggregation,0.6448371411422178,,,0.5914565249334001
78,1001,13,5,0.55,0.2,1000,diverse,aggregation,0.6448371411422178,,,0.594803111864987
79,1001,13,5,0.55,0.2,1000,diverse,aggregation,0.6448371411422178,,,0.5931840269144437
80,1001,13,5,0.55,0.2,1000,diverse,aggregation,0.6448371411422178,,,0.591895732130524
81,1001,13,5,0.55,0.2,1000,diverse,aggregation,0.6448371411422178,,,0.5907889818823152
82,1001,13,5,0.55,0.2,1000,diverse,aggregation,0.6448371411422178,,,0.5914235084437169
83,1001,13,5,0.55,0.2,1000,diverse,aggregation,0.6448371411422178,,,0.5936991915954418
84,1001,13,5,0.55,0.2,1000,diverse,aggregation,0.6448371411422178,,,0.5931898490860993
85,1001,13,5,0.55,0.2,1000,diverse,aggregation,0.6448371411422178,,,0.5948696830253082
86,1001,13,5,0.55,0.2,1000,diverse,aggregation,0.6448371411422178,,,0.5956529993848746
87,1001,13,5,0.55,0.2,1000,diverse,aggregation,0.6448371411422178,,,0.5930850802052886
88,1001,13,5,0.55,0.2,1000,diverse,aggregation,0.6448371411422178,,,0.5908355886705888
89,1001,13,5,0.55,0.2,1000,diverse,aggregation,0.6448371411422178,,,0.5934524061817813
90,1001,13,5,0.55,0.2,1000,diverse,aggregation,0.6448371411422178,,,0.5956249441607777
91,1001,13,5,0.55,0.2,1000,diverse,aggregation,0.6448371411422178,,,0.5953758890260975
92,1001,13,5,0.55,0.2,1000,diverse,aggregation,0.6448371411422178,,,0.5943832196430116
93,1001,13,5,0.55,0.2,1000,diverse,aggregation,0.6448371411422178,,,0.593016288557122
94,1001,13,5,0.55,0.2,1000,diverse,aggregation,0.6448371411422178,,,0.5930250480692149
95,1001,13,5,0.55,0.2,1000,diverse,aggregation,0.6448371411422178,,,0.5944936411967663
96,1001,13,5,0.55,0.2,1000,diverse,aggregation,0.6448371411422178,,,0.5930678049265551
97,1001,13,5,0.55,0.2,1000,diverse,aggregation,0.6448371411422178,,,0.5928626043401045
98,1001,13,5,0.55,0.2,1000,diverse,aggregation,0.6448371411422178,,,0.590892652247444
99,1001,13,5,0.55,0.2,1000,diverse,aggregation,0.6448371411422178,,,0.5924900058583393
100,1001,13,5,0.55,0.2,1000,diverse,aggregation,0.6448371411422178,,,0.5954353492340995
101,1001,13,5,0.55,0.2,1000,diverse,aggregation,0.6448371411422178,,,0.592901185943686
102,1001,13,5,0.55,0.2,1000,diverse,aggregation,0.6448371411422178,,,0.592910194173111
103,1001,13,5,0.55,0.2,1000,diverse,aggregation,0.6448371411422178,,,0.5946907738326489
104,1001,13,5,0.55,0.2,1000,diverse,aggregation,0.6448371411422178,,,0.5935487757381508
105,1001,13,5,0.55,0.2,1000,diverse,aggregation,0.6448371411422178,,,0.5928872802891554
106,1001,13,5,0.55,0.2,1000,diverse,aggregation,0.6448371411422178,,,0.5947699597393349
107,1001,13,5,0.55,0.2,1000,diverse,aggregation,0.6448371411422178,,,0.5953619553286221
108,1001,13,5,0.55,0.2,1000,diverse,aggregation,0.6448371411422178,,,0.5923746454933956
109,1001,13,5,0.55,0.2,1000,diverse,aggregation,0.6448371411422178,,,0.5964671446608948
110,1001,13,5,0.55,0.2,1000,diverse,aggregation,0.6448371411422178,,,0.5933162574308409
111,1001,13,5,0.55,0.2,1000,diverse,aggregation,0.6448371411422178,,,0.5948791761016762
112,1001,13,5,0.55,0.2,1000,diverse,aggregation,0.6448371411422178,,,0.5942829629398381
113,1001,13,5,0.55,0.2,1000,diverse,aggregation,0.6448371411422178,,,0.593621680819181
114,1001,13,5,0.55,0.2,1000,diverse,aggregation,0.6448371411422178,,,0.5927200307100309
115,1001,13,5,0.55,0.2,1000,diverse,aggregation,0.6448371411422178,,,0.5958232787351538
116,1001,13,5,0.55,0.2,1000,diverse,aggregation,0.6448371411422178,,,0.5927209243919662
117,1001,13,5,0.55,0.2,1000,diverse,aggregation,0.6448371411422178,,,0.5930504565187901
118,1001,13,5,0.55,0.2,1000,diverse,aggregation,0.6448371411422178,,,0.5942920872491707
119,1001,13,5,0.55,0.2,1000,diverse,aggregation,0.6448371411422178,,,0.5934303134442719
120,1001,13,5,0.55,0.2,1000,diverse,aggregation,0.6448371411422178,,,0.5921836370573871
121,1001,13,5,0.55,0.2,1000,diverse,aggregation,0.6448371411422178,,,0.5930296532325701
122,1001,13,5,0.55,0.2,1000,diverse,aggregation,0.6448371411422178,,,0.5929338499386417
123,1001,13,5,0.55,0.2,1000,diverse,aggregation,0.6448371411422178,,,0.5935088102406854
124,1001,13,5,0.55,0.2,1000,diverse,aggregation,0.6448371411422178,,,0.5939624333074335
125,1001,13,5,0.55,0.2,1000,diverse,aggregation,0.6448371411422178,,,0.5930943722558307
126,1001,13,5,0.55,0.2,1000,diverse,aggregation,0.6448371411422178,,,0.5916015433332101
127,1001,13,5,0.55,0.2,1000,diverse,aggregation,0.6448371411422178,,,0.5926588397867566
128,1001,13,5,0.55,0.2,1000,diverse,aggregation,0.6448371411422178,,,0.5942680106236358
129,1001,13,5,0.55,0.2,1000,diverse,aggregation,0.6448371411422178,,,0.5943224022274023
130,1001,13,5,0.55,0.2,1000,diverse,aggregation,0.6448371411422178,,,0.5922492958353377
131,1001,13,5,0.55,0.2,1000,diverse,aggregation,0.6448371411422178,,,0.5934407990774658
132,1001,13,5,0.55,0.2,1000,diverse,aggregation,0.6448371411422178,,,0.594976992845118
133,1001,13,5,0.55,0.2,1000,diverse,aggregation,0.6448371411422178,,,0.5953411192588277
134,1001,13,5,0.55,0.2,1000,diverse,aggregation,0.6448371411422178,,,0.5942551210132462
135,1001,13,5,0.55,0.2,1000,diverse,aggregation,0.6448371411422178,,,0.5914939242316327
136,1001,13,5,0.55,0.2,1000,diverse,aggregation,0.6448371411422178,,,0.5925942098256682
137,1001,13,5,0.55,0.2,1000,diverse,aggregation,0.6448371411422178,,,0.5910451882376884
138,1001,13,5,0.55,0.2,1000,diverse,aggregation,0.6448371411422178,,,0.5923379772696441
139,1001,13,5,0.55,0.2,1000,diverse,aggregation,0.6448371411422178,,,0.593242549495258
140,1001,13,5,0.55,0.2,1000,diverse,aggregation,0.6448371411422178,,,0.5916098577425661
141,1001,13,5,0.55,0.2,1000,diverse,aggregation,0.6448371411422178,,,0.5915916009530595
142,1001,13,5,0.55,0.2,1000,diverse,aggregation,0.6448371411422178,,,0.5921228902964321
143,1001,13,5,0.55,0.2,1000,diverse,aggregation,0.6448371411422178,,,0.5930417967140885
144,1001,13,5,0.55,0.2,1000,diverse,aggregation,0.6448371411422178,,,0.5928645051322137
145,1001,13,5,0.55,0.2,1000,diverse,aggregation,0.6448371411422178,,,0.5937283903519323
146,1001,13,5,0.55,0.2,1000,diverse,aggregation,0.6448371411422178,,,0.594130207847708
147,1001,13,5,0.55,0.2,1000,diverse,aggregation,0.6448371411422178,,,0.5910879207443792
148,1001,13,5,0.55,0.2,1000,diverse,aggregation,0.6448371411422178,,,0.5943706838069339
149,1001,13,5,0.55,0.2,1000,diverse,aggregation,0.6448371411422178,,,0.5933508351293769
150,1001,13,5,0.55,0.2,1000,diverse,aggregation,0.6448371411422178,,,0.5938111129148631
151,1001,13,5,0.55,0.2,1000,diverse,aggregation,0.6448371411422178,,,0.5927683730621233
152,1001,13,5,0.55,0.2,1000,diverse,aggregation,0.6448371411422178,,,0.5941709863207781
153,1001,13,5,0.55,0.2,1000,diverse,aggregation,0.6448371411422178,,,0.5937862967665052
154,1001,13,5,0.55,0.2,1000,diverse,aggregation,0.6448371411422178,,,0.5949941248257916
155,1001,13,5,0.55,0.2,1000,diverse,aggregation,0.6448371411422178,,,0.5953517036358704
156,1001,13,5,0.55,0.2,1000,diverse,aggregation,0.6448371411422178,,,0.5939471533790285
157,1001,13,5,0.55,0.2,1000,diverse,aggregation,0.6448371411422178,,,0.5923315748449083
158,1001,13,5,0.55,0.2,1000,diverse,aggregation,0.6448371411422178,,,0.5934214134784969
159,1001,13,5,0.55,0.2,1000,diverse,aggregation,0.6448371411422178,,,0.5948283000410085
160,1001,13,5,0.55,0.2,1000,diverse,aggregation,0.6448371411422178,,,0.5955939538393707
161,1001,13,5,0.55,0.2,1000,diverse,aggregation,0.6448371411422178,,,0.5929255353982438
162,1001,13,5,0.55,0.2,1000,diverse,aggregation,0.6448371411422178,,,0.5915533988002739
163,1001,13,5,0.55,0.2,1000,diverse,aggregation,0.6448371411422178,,,0.5941946636927887
164,1001,13,5,0.55,0.2,1000,diverse,aggregation,0.6448371411422178,,,0.5955651278274195
165,1001,13,5,0.55,0.2,1000,diverse,aggregation,0.6448371411422178,,,0.5926744830555248
166,1001,13,5,0.55,0.2,1000,diverse,aggregation,0.6448371411422178,,,0.5951584578153329
167,1001,13,5,0.55,0.2,1000,diverse,aggregation,0.6448371411422178,,,0.5927453712645381
168,1001,13,5,0.55,0.2,1000,diverse,aggregation,0.6448371411422178,,,0.5938770593449761
169,1001,13,5,0.55,0.2,1000,diverse,aggregation,0.6448371411422178,,,0.5916714614166698
170,1001,13,5,0.55,0.2,1000,diverse,aggregation,0.6448371411422178,,,0.5928643992812743
171,1001,13,5,0.55,0.2,1000,diverse,aggregation,0.6448371411422178,,,0.5961510748664917
172,1001,13,5,0.55,0.2,1000,diverse,aggregation,0.6448371411422178,,,0.5941011123598625
173,1001,13,5,0.55,0.2,1000,diverse,aggregation,0.6448371411422178,,,0.591356145598229
174,1001,13,5,0.55,0.2,1000,diverse,aggregation,0.6448371411422178,,,0.5933042570623822
175,1001,13,5,0.55,0.2,1000,diverse,aggregation,0.6448371411422178,,,0.5930013160990245
176,1001,13,5,0.55,0.2,1000,diverse,aggregation,0.6448371411422178,,,0.5944272850837435
177,1001,13,5,0.55,0.2,1000,diverse,aggregation,0.6448371411422178,,,0.5944354752654755
178,1001,13,5,0.55,0.2,1000,diverse,aggregation,0.6448371411422178,,,0.5936891432256016
179,1001,13,5,0.55,0.2,1000,diverse,aggregation,0.6448371411422178,,,0.59312992333284
180,1001,13,5,0.55,0.2,1000,diverse,aggregation,0.6448371411422178,,,0.5929666323953826
181,1001,13,5,0.55,0.2,1000,diverse,aggregation,0.6448371411422178,,,0.5923141196612031
182,1001,13,5,0.55,0.2,1000,diverse,aggregation,0.6448371411422178,,,0.5936607473776224
183,1001,13,5,0.55,0.2,1000,diverse,aggregation,0.6448371411422178,,,0.5929006398077233
184,1001,13,5,0.55,0.2,1000,diverse,aggregation,0.6448371411422178,,,0.5943855000632086
185,1001,13,5,0.55,0.2,1000,diverse,aggregation,0.6448371411422178,,,0.5954231118110285
186,1001,13,5,0.55,0.2,1000,diverse,aggregation,0.6448371411422178,,,0.5918714988175405
187,1001,13,5,0.55,0.2,1000,diverse,aggregation,0.6448371411422178,,,0.5973091027799362
188,1001,13,5,0.55,0.2,1000,diverse,aggregation,0.6448371411422178,,,0.5949035633425217
189,1001,13,5,0.55,0.2,1000,diverse,aggregation,0.6448371411422178,,,0.5950453916608084
190,1001,13,5,0.55,0.2,1000,diverse,aggregation,0.6448371411422178,,,0.5930019096258682
191,1001,13,5,0.55,0.2,1000,diverse,aggregation,0.6448371411422178,,,0.5937685265891518
192,1001,13,5,0.55,0.2,1000,diverse,aggregation,0.6448371411422178,,,0.5965756815175567
193,1001,13,5,0.55,0.2,1000,diverse,aggregation,0.6448371411422178,,,0.5926457755978591
194,1001,13,5,0.55,0.2,1000,diverse,aggregation,0.6448371411422178,,,0.5944034935589104
195,1001,13,5,0.55,0.2,1000,diverse,aggregation,0.6448371411422178,,,0.5938221297992133
196,1001,13,5,0.55,0.2,1000,diverse,aggregation,0.6448371411422178,,,0.5909602829886164
197,1001,13,5,0.55,0.2,1000,diverse,aggregation,0.6448371411422178,,,0.5945239597670849
198,1001,13,5,0.55,0.2,1000,diverse,aggregation,0.6448371411422178,,,0.5941296239871242
199,1001,13,5,0.55,0.2,1000,diverse,aggregation,0.6448371411422178,,,0.5940555904280906
200,1001,13,5,0.55,0.2,1000,diverse,aggregation,0.6448371411422178,,,0.5958536386915555
201,1001,13,5,0.55,0.2,1000,diverse,aggregation,0.6448371411422178,,,0.5945369581344583
202,1001,13,5,0.55,0.2,1000,diverse,aggregation,0.6448371411422178,,,0.594220382495591
203,1001,13,5,0.55,0.2,1000,diverse,aggregation,0.6448371411422178,,,0.5944777108847943
204,1001,13,5,0.55,0.2,1000,diverse,aggregation,0.6448371411422178,,,0.5943745678704013
205,1001,13,5,0.55,0.2,1000,diverse,aggregation,0.6448371411422178,,,0.5935797997064665
206,1001,13,5,0.55,0.2,1000,diverse,aggregation,0.6448371411422178,,,0.5920913961116047
207,1001,13,5,0.55,0.2,1000,diverse,aggregation,0.6448371411422178,,,0.593705793928294
208,1001,13,5,0.55,0.2,1000,diverse,aggregation,0.6448371411422178,,,0.5921130283990702
209,1001,13,5,0.55,0.2,1000,diverse,aggregation,0.6448371411422178,,,0.5952936706888792
210,1001,13,5,0.55,0.2,1000,diverse,aggregation,0.6448371411422178,,,0.5944459761149347
211,1001,13,5,0.55,0.2,1000,diverse,aggregation,0.6448371411422178,,,0.5939255149094733
212,1001,13,5,0.55,0.2,1000,diverse,aggregation,0.6448371411422178,,,0.5927948953207288
213,1001,13,5,0.55,0.2,1000,diverse,aggregation,0.6448371411422178,,,0.590910370925371
214,1001,13,5,0.55,0.2,1000,diverse,aggregation,0.6448371411422178,,,0.5930439151820404
215,1001,13,5,0.55,0.2,1000,diverse,aggregation,0.6448371411422178,,,0.5956179840606927
216,1001,13,5,0.55,0.2,1000,diverse,aggregation,0.6448371411422178,,,0.5936084735865986
217,1001,13,5,0.55,0.2,1000,diverse,aggregation,0.6448371411422178,,,0.5919169296906797
218,1001,13,5,0.55,0.2,1000,diverse,aggregation,0.6448371411422178,,,0.593783560451894
219,1001,13,5,0.55,0.2,1000,diverse,aggregation,0.6448371411422178,,,0.5942371051016885
220,1001,13,5,0.55,0.2,1000,diverse,aggregation,0.6448371411422178,,,0.5932037637748055
221,1001,13,5,0.55,0.2,1000,diverse,aggregation,0.6448371411422178,,,0.5943766633366635
222,1001,13,5,0.55,0.2,1000,diverse,aggregation,0.6448371411422178,,,0.5931829440544025
223,1001,13,5,0.55,0.2,1000,diverse,aggregation,0.6448371411422178,,,0.5924593796018798
224,1001,13,5,0.55,0.2,1000,diverse,aggregation,0.6448371411422178,,,0.5940521865403117
225,1001,13,5,0.55,0.2,1000,diverse,aggregation,0.6448371411422178,,,0.5952452231641816
226,1001,13,5,0.55,0.2,1000,diverse,aggregation,0.6448371411422178,,,0.593647926479385
227,1001,13,5,0.55,0.2,1000,diverse,aggregation,0.6448371411422178,,,0.5933435193818528
228,1001,13,5,0.55,0.2,1000,diverse,aggregation,0.6448371411422178,,,0.593625048524007
229,1001,13,5,0.55,0.2,1000,diverse,aggregation,0.6448371411422178,,,0.5911059541461626
230,1001,13,5,0.55,0.2,1000,diverse,aggregation,0.6448371411422178,,,0.5949811979070313
231,1001,13,5,0.55,0.2,1000,diverse,aggregation,0.6448371411422178,,,0.5893764827379411
232,1001,13,5,0.55,0.2,1000,diverse,aggregation,0.6448371411422178,,,0.5937324466351551
233,1001,13,5,0.55,0.2,1000,diverse,aggregation,0.6448371411422178,,,0.5933056526729444
234,1001,13,5,0.55,0.2,1000,diverse,aggregation,0.6448371411422178,,,0.5928384030784033
235,1001,13,5,0.55,0.2,1000,diverse,aggregation,0.6448371411422178,,,0.59673868155764
236,1001,13,5,0.55,0.2,1000,diverse,aggregation,0.6448371411422178,,,0.5939102398450318
237,1001,13,5,0.55,0.2,1000,diverse,aggregation,0.6448371411422178,,,0.5950720901397986
238,1001,13,5,0.55,0.2,1000,diverse,aggregation,0.6448371411422178,,,0.5936555053357137
239,1001,13,5,0.55,0.2,1000,diverse,aggregation,0.6448371411422178,,,0.5924525390350392
240,1001,13,5,0.55,0.2,1000,diverse,aggregation,0.6448371411422178,,,0.5915772075147078
241,1001,13,5,0.55,0.2,1000,diverse,aggregation,0.6448371411422178,,,0.5945603684278685
242,1001,13,5,0.55,0.2,1000,diverse,aggregation,0.6448371411422178,,,0.5939069112369113
243,1001,13,5,0.55,0.2,1000,diverse,aggregation,0.6448371411422178,,,0.5947765181963101
244,1001,13,5,0.55,0.2,1000,diverse,aggregation,0.6448371411422178,,,0.5945454339487675
245,1001,13,5,0.55,0.2,1000,diverse,aggregation,0.6448371411422178,,,0.5937970389718308
246,1001,13,5,0.55,0.2,1000,diverse,aggregation,0.6448371411422178,,,0.592992462907463
247,1001,13,5,0.55,0.2,1000,diverse,aggregation,0.6448371411422178,,,0.592181607227649
248,1001,13,5,0.55,0.2,1000,diverse,aggregation,0.6448371411422178,,,0.5941450886382138
249,1001,13,5,0.55,0.2,1000,diverse,aggregation,0.6448371411422178,,,0.5935481041874793
250,1001,13,5,0.55,0.2,1000,diverse,aggregation,0.6448371411422178,,,0.5947089763014765
251,1001,13,5,0.55,0.2,1000,diverse,aggregation,0.6448371411422178,,,0.5954115257350675
252,1001,13,5,0.55,0.2,1000,diverse,aggregation,0.6448371411422178,,,0.5937712074499576
253,1001,13,5,0.55,0.2,1000,diverse,aggregation,0.6448371411422178,,,0.5940672037684539
254,1001,13,5,0.55,0.2,1000,diverse,aggregation,0.6448371411422178,,,0.5933427132589634
255,1001,13,5,0.55,0.2,1000,diverse,aggregation,0.6448371411422178,,,0.5933690075356743
256,1001,13,5,0.55,0.2,1000,diverse,aggregation,0.6448371411422178,,,0.5947551241428326
257,1001,13,5,0.55,0.2,1000,diverse,aggregation,0.6448371411422178,,,0.5941548039537624
258,1001,13,5,0.55,0.2,1000,diverse,aggregation,0.6448371411422178,,,0.5944119489538241
259,1001,13,5,0.55,0.2,1000,diverse,aggregation,0.6448371411422178,,,0.5948136015373517
260,1001,13,5,0.55,0.2,1000,diverse,aggregation,0.6448371411422178,,,0.5937846833105168
261,1001,13,5,0.55,0.2,1000,diverse,aggregation,0.6448371411422178,,,0.5930121260992096
262,1001,13,5,0.55,0.2,1000,diverse,aggregation,0.6448371411422178,,,0.5936386742886745
263,1001,13,5,0.55,0.2,1000,diverse,aggregation,0.6448371411422178,,,0.5919528398376317
264,1001,13,5,0.55,0.2,1000,diverse,aggregation,0.6448371411422178,,,0.5940434681368016
265,1001,13,5,0.55,0.2,1000,diverse,aggregation,0.6448371411422178,,,0.5942617694419778
266,1001,13,5,0.55,0.2,1000,diverse,aggregation,0.6448371411422178,,,0.5934995668991504
267,1001,13,5,0.55,0.2,1000,diverse,aggregation,0.6448371411422178,,,0.5907730552086803
268,1001,13,5,0.55,0.2,1000,diverse,aggregation,0.6448371411422178,,,0.5920763972524391
269,1001,13,5,0.55,0.2,1000,diverse,aggregation,0.6448371411422178,,,0.5915790466632134
270,1001,13,5,0.55,0.2,1000,diverse,aggregation,0.6448371411422178,,,0.5946176577203662
271,1001,13,5,0.55,0.2,1000,diverse,aggregation,0.6448371411422178,,,0.5946475777848695
272,1001,13,5,0.55,0.2,1000,diverse,aggregation,0.6448371411422178,,,0.592723870990121
273,1001,13,5,0.55,0.2,1000,diverse,aggregation,0.6448371411422178,,,0.5944636046669382
274,1001,13,5,0.55,0.2,1000,diverse,aggregation,0.6448371411422178,,,0.5935901890547726
275,1001,13,5,0.55,0.2,1000,diverse,aggregation,0.6448371411422178,,,0.5921324867801953
276,1001,13,5,0.55,0.2,1000,diverse,aggregation,0.6448371411422178,,,0.5940383222564475
277,1001,13,5,0.55,0.2,1000,diverse,aggregation,0.6448371411422178,,,0.5902784170073755
278,1001,13,5,0.55,0.2,1000,diverse,aggregation,0.6448371411422178,,,0.5944844245723414
279,1001,13,5,0.55,0.2,1000,diverse,aggregation,0.6448371411422178,,,0.5932423604327772
280,1001,13,5,0.55,0.2,1000,diverse,aggregation,0.6448371411422178,,,0.5958949211205462
281,1001,13,5,0.55,0.2,1000,diverse,aggregation,0.6448371411422178,,,0.5932913313769564
282,1001,13,5,0.55,0.2,1000,diverse,aggregation,0.6448371411422178,,,0.59129995980871
283,1001,13,5,0.55,0.2,1000,diverse,aggregation,0.6448371411422178,,,0.5947866311774647
284,1001,13,5,0.55,0.2,1000,diverse,aggregation,0.6448371411422178,,,0.5949485114499699
285,1001,13,5,0.55,0.2,1000,diverse,aggregation,0.6448371411422178,,,0.5939666348158017
286,1001,13,5,0.55,0.2,1000,diverse,aggregation,0.6448371411422178,,,0.5928225214754383
287,1001,13,5,0.55,0.2,1000,diverse,aggregation,0.6448371411422178,,,0.5945760032174617
288,1001,13,5,0.55,0.2,1000,diverse,aggregation,0.6448371411422178,,,0.5935021551904887
289,1001,13,5,0.55,0.2,1000,diverse,aggregation,0.6448371411422178,,,0.5928753258701177
290,1001,13,5,0.55,0.2,1000,diverse,aggregation,0.6448371411422178,,,0.5926520842737512
291,1001,13,5,0.55,0.2,1000,diverse,aggregation,0.6448371411422178,,,0.5926264379447714
292,1001,13,5,0.55,0.2,1000,diverse,aggregation,0.6448371411422178,,,0.5948713664576166
293,1001,13,5,0.55,0.2,1000,diverse,aggregation,0.6448371411422178,,,0.5928400383181633
294,1001,13,5,0.55,0.2,1000,diverse,aggregation,0.6448371411422178,,,0.5940033839848424
295,1001,13,5,0.55,0.2,1000,diverse,aggregation,0.6448371411422178,,,0.5941344312631814
296,1001,13,5,0.55,0.2,1000,diverse,aggregation,0.6448371411422178,,,0.5936110707810709
297,1001,13,5,0.55,0.2,1000,diverse,aggregation,0.6448371411422178,,,0.5934590431790433
298,1001,13,5,0.55,0.2,1000,diverse,aggregation,0.6448371411422178,,,0.5925048084477252
299,1001,13,5,0.55,0.2,1000,diverse,aggregation,0.6448371411422178,,,0.5928925549990136
300,1001,13,5,0.55,0.2,1000,diverse,aggregation,0.6448371411422178,,,0.5955015434257103
301,1001,13,5,0.55,0.2,1000,diverse,aggregation,0.6448371411422178,,,0.5922388434328018
302,1001,13,5,0.55,0.2,1000,diverse,aggregation,0.6448371411422178,,,0.594716639525598
303,1001,13,5,0.55,0.2,1000,diverse,aggregation,0.6448371411422178,,,0.5941508892033893
304,1001,13,5,0.55,0.2,1000,diverse,aggregation,0.6448371411422178,,,0.5938305988147656
305,1001,13,5,0.55,0.2,1000,diverse,aggregation,0.6448371411422178,,,0.5945807320688573
306,1001,13,5,0.55,0.2,1000,diverse,aggregation,0.6448371411422178,,,0.5938365865847118
307,1001,13,5,0.55,0.2,1000,diverse,aggregation,0.6448371411422178,,,0.5939999533799536
308,1001,13,5,0.55,0.2,1000,diverse,aggregation,0.6448371411422178,,,0.5910546554294474
309,1001,13,5,0.55,0.2,1000,diverse,aggregation,0.6448371411422178,,,0.5950750647038149
310,1001,13,5,0.55,0.2,1000,diverse,aggregation,0.6448371411422178,,,0.5917557091982093
311,1001,13,5,0.55,0.2,1000,diverse,aggregation,0.6448371411422178,,,0.5952950999232252
312,1001,13,5,0.55,0.2,1000,diverse,aggregation,0.6448371411422178,,,0.5922684181944601
313,1001,13,5,0.55,0.2,1000,diverse,aggregation,0.6448371411422178,,,0.593438652489486
314,1001,13,5,0.55,0.2,1000,diverse,aggregation,0.6448371411422178,,,0.5918095378618297
315,1001,13,5,0.55,0.2,1000,diverse,aggregation,0.6448371411422178,,,0.59363729318521
316,1001,13,5,0.55,0.2,1000,diverse,aggregation,0.6448371411422178,,,0.5917025155862657
317,1001,13,5,0.55,0.2,1000,diverse,aggregation,0.6448371411422178,,,0.5946514244705913
318,1001,13,5,0.55,0.2,1000,diverse,aggregation,0.6448371411422178,,,0.5920553259780345
319,1001,13,5,0.55,0.2,1000,diverse,aggregation,0.6448371411422178,,,0.5917769468186137
320,1001,13,5,0.55,0.2,1000,diverse,aggregation,0.6448371411422178,,,0.5935101627076628
321,1001,13,5,0.55,0.2,1000,diverse,aggregation,0.6448371411422178,,,0.5911931126512379
322,1001,13,5,0.55,0.2,1000,diverse,aggregation,0.6448371411422178,,,0.5932360963496381
323,1001,13,5,0.55,0.2,1000,diverse,aggregation,0.6448371411422178,,,0.5948953139298975
324,1001,13,5,0.55,0.2,1000,diverse,aggregation,0.6448371411422178,,,0.5938650981194733
325,1001,13,5,0.55,0.2,1000,diverse,aggregation,0.6448371411422178,,,0.5929581547464883
326,1001,13,5,0.55,0.2,1000,diverse,aggregation,0.6448371411422178,,,0.5932373131883549
327,1001,13,5,0.55,0.2,1000,diverse,aggregation,0.6448371411422178,,,0.5947551175367843
328,1001,13,5,0.55,0.2,1000,diverse,aggregation,0.6448371411422178,,,0.5915752564256732
329,1001,13,5,0.55,0.2,1000,diverse,aggregation,0.6448371411422178,,,0.5941519504877839
330,1001,13,5,0.55,0.2,1000,diverse,aggregation,0.6448371411422178,,,0.5912032821576573
331,1001,13,5,0.55,0.2,1000,diverse,aggregation,0.6448371411422178,,,0.5947321033210617
332,1001,13,5,0.55,0.2,1000,diverse,aggregation,0.6448371411422178,,,0.593639829915455
333,1001,13,5,0.55,0.2,1000,diverse,aggregation,0.6448371411422178,,,0.5917520545118463
334,1001,13,5,0.55,0.2,1000,diverse,aggregation,0.6448371411422178,,,0.593210921046546
335,1001,13,5,0.55,0.2,1000,diverse,aggregation,0.6448371411422178,,,0.5919791839564758
336,1001,13,5,0.55,0.2,1000,diverse,aggregation,0.6448371411422178,,,0.5931250402144154
337,1001,13,5,0.55,0.2,1000,diverse,aggregation,0.6448371411422178,,,0.5922694146902481
338,1001,13,5,0.55,0.2,1000,diverse,aggregation,0.6448371411422178,,,0.5923308737250406
339,1001,13,5,0.55,0.2,1000,diverse,aggregation,0.6448371411422178,,,0.5943948192548194
340,1001,13,5,0.55,0.2,1000,diverse,aggregation,0.6448371411422178,,,0.5938128314740815
341,1001,13,5,0.55,0.2,1000,diverse,aggregation,0.6448371411422178,,,0.5941952560942146
342,1001,13,5,0.55,0.2,1000,diverse,aggregation,0.6448371411422178,,,0.5952465489217574
343,1001,13,5,0.55,0.2,1000,diverse,aggregation,0.6448371411422178,,,0.5939970209882711
344,1001,13,5,0.55,0.2,1000,diverse,aggregation,0.6448371411422178,,,0.5928712273991442
345,1001,13,5,0.55,0.2,1000,diverse,aggregation,0.6448371411422178,,,0.5917425936717605
346,1001,13,5,0.55,0.2,1000,diverse,aggregation,0.6448371411422178,,,0.5938566750070918
347,1001,13,5,0.55,0.2,1000,diverse,aggregation,0.6448371411422178,,,0.5923936648151232
348,1001,13,5,0.55,0.2,1000,diverse,aggregation,0.6448371411422178,,,0.5921572946960448
349,1001,13,5,0.55,0.2,1000,diverse,aggregation,0.6448371411422178,,,0.5937930764220349
350,1001,13,5,0.55,0.2,1000,diverse,aggregation,0.6448371411422178,,,0.5935691931987767
351,1001,13,5,0.55,0.2,1000,diverse,aggregation,0.6448371411422178,,,0.5935114497308249
352,1001,13,5,0.55,0.2,1000,diverse,aggregation,0.6448371411422178,,,0.5952238221269472
353,1001,13,5,0.55,0.2,1000,diverse,aggregation,0.6448371411422178,,,0.5933701549761967
354,1001,13,5,0.55,0.2,1000,diverse,aggregation,0.6448371411422178,,,0.5919908059455977
355,1001,13,5,0.55,0.2,1000,diverse,aggregation,0.6448371411422178,,,0.5946515637834389
356,1001,13,5,0.55,0.2,1000,diverse,aggregation,0.6448371411422178,,,0.5916986137473639
357,1001,13,5,0.55,0.2,1000,diverse,aggregation,0.6448371411422178,,,0.5948329717196384
358,1001,13,5,0.55,0.2,1000,diverse,aggregation,0.6448371411422178,,,0.5933297152924237
359,1001,13,5,0.55,0.2,1000,diverse,aggregation,0.6448371411422178,,,0.593617725885226
360,1001,13,5,0.55,0.2,1000,diverse,aggregation,0.6448371411422178,,,0.5930045958362626
361,1001,13,5,0.55,0.2,1000,diverse,aggregation,0.6448371411422178,,,0.5935359608755444
362,1001,13,5,0.55,0.2,1000,diverse,aggregation,0.6448371411422178,,,0.594524575478534
363,1001,13,5,0.55,0.2,1000,diverse,aggregation,0.6448371411422178,,,0.5952340396717481
364,1001,13,5,0.55,0.2,1000,diverse,aggregation,0.6448371411422178,,,0.5928581472077307
365,1001,13,5,0.55,0.2,1000,diverse,aggregation,0.6448371411422178,,,0.5945491487910239
366,1001,13,5,0.55,0.2,1000,diverse,aggregation,0.6448371411422178,,,0.5917896887603139
367,1001,13,5,0.55,0.2,1000,diverse,aggregation,0.6448371411422178,,,0.5912762119670454
368,1001,13,5,0.55,0.2,1000,diverse,aggregation,0.6448371411422178,,,0.5938103934028935
369,1001,13,5,0.55,0.2,1000,diverse,aggregation,0.6448371411422178,,,0.5953653151478152
370,1001,13,5,0.55,0.2,1000,diverse,aggregation,0.6448371411422178,,,0.5958064472872806
371,1001,13,5,0.55,0.2,1000,diverse,aggregation,0.6448371411422178,,,0.5937032363546948
372,1001,13,5,0.55,0.2,1000,diverse,aggregation,0.6448371411422178,,,0.5943227877523711
373,1001,13,5,0.55,0.2,1000,diverse,aggregation,0.6448371411422178,,,0.5941520419164169
374,1001,13,5,0.55,0.2,1000,diverse,aggregation,0.6448371411422178,,,0.5952123175821094
375,1001,13,5,0.55,0.2,1000,diverse,aggregation,0.6448371411422178,,,0.593680994884745
376,1001,13,5,0.55,0.2,1000,diverse,aggregation,0.6448371411422178,,,0.5928903222009473
377,1001,13,5,0.55,0.2,1000,diverse,aggregation,0.6448371411422178,,,0.5923374626299628
378,1001,13,5,0.55,0.2,1000,diverse,aggregation,0.6448371411422178,,,0.5959365590890592
379,1001,13,5,0.55,0.2,1000,diverse,aggregation,0.6448371411422178,,,0.589775495553829
380,1001,13,5,0.55,0.2,1000,diverse,aggregation,0.6448371411422178,,,0.5928658798531716
381,1001,13,5,0.55,0.2,1000,diverse,aggregation,0.6448371411422178,,,0.5949415118292203
382,1001,13,5,0.55,0.2,1000,diverse,aggregation,0.6448371411422178,,,0.5920080667018168
383,1001,13,5,0.55,0.2,1000,diverse,aggregation,0.6448371411422178,,,0.5922290242319409
384,1001,13,5,0.55,0.2,1000,diverse,aggregation,0.6448371411422178,,,0.5925209166759168
385,1001,13,5,0.55,0.2,1000,diverse,aggregation,0.6448371411422178,,,0.5944610567133486
386,1001,13,5,0.55,0.2,1000,diverse,aggregation,0.6448371411422178,,,0.5950107385824054
387,1001,13,5,0.55,0.2,1000,diverse,aggregation,0.6448371411422178,,,0.5947162837779505
388,1001,13,5,0.55,0.2,1000,diverse,aggregation,0.6448371411422178,,,0.5906152594704679
389,1001,13,5,0.55,0.2,1000,diverse,aggregation,0.6448371411422178,,,0.5946109727232646
390,1001,13,5,0.55,0.2,1000,diverse,aggregation,0.6448371411422178,,,0.5937910871767124
391,1001,13,5,0.55,0.2,1000,diverse,aggregation,0.6448371411422178,,,0.5934401578591164
392,1001,13,5,0.55,0.2,1000,diverse,aggregation,0.6448371411422178,,,0.593102787451746
393,1001,13,5,0.55,0.2,1000,diverse,aggregation,0.6448371411422178,,,0.5918677142764643
394,1001,13,5,0.55,0.2,1000,diverse,aggregation,0.6448371411422178,,,0.5942157046502882
395,1001,13,5,0.55,0.2,1000,diverse,aggregation,0.6448371411422178,,,0.5926072857543692
396,1001,13,5,0.55,0.2,1000,diverse,aggregation,0.6448371411422178,,,0.5919809272980108
397,1001,13,5,0.55,0.2,1000,diverse,aggregation,0.6448371411422178,,,0.5934794976859561
398,1001,13,5,0.55,0.2,1000,diverse,aggregation,0.6448371411422178,,,0.5944283014130932
399,1001,13,5,0.55,0.2,1000,diverse,aggregation,0.6448371411422178,,,0.5945626595549514
400,1001,13,5,0.55,0.2,1000,diverse,aggregation,0.6448371411422178,,,0.5932190433100851
401,1001,13,5,0.55,0.2,1000,diverse,aggregation,0.6448371411422178,,,0.5910530745180745
402,1001,13,5,0.55,0.2,1000,diverse,aggregation,0.6448371411422178,,,0.5937024823093574
403,1001,13,5,0.55,0.2,1000,diverse,aggregation,0.6448371411422178,,,0.5917842879959547
404,1001,13,5,0.55,0.2,1000,diverse,aggregation,0.6448371411422178,,,0.5917093746145831
405,1001,13,5,0.55,0.2,1000,diverse,aggregation,0.6448371411422178,,,0.5928041671677088
406,1001,13,5,0.55,0.2,1000,diverse,aggregation,0.6448371411422178,,,0.593062415848041
407,1001,13,5,0.55,0.2,1000,diverse,aggregation,0.6448371411422178,,,0.5953055064842566
408,1001,13,5,0.55,0.2,1000,diverse,aggregation,0.6448371411422178,,,0.5935074723578891
409,1001,13,5,0.55,0.2,1000,diverse,aggregation,0.6448371411422178,,,0.5950333251933252
410,1001,13,5,0.55,0.2,1000,diverse,aggregation,0.6448371411422178,,,0.5930975243043994
411,1001,13,5,0.55,0.2,1000,diverse,aggregation,0.6448371411422178,,,0.5942617712148962
412,1001,13,5,0.55,0.2,1000,diverse,aggregation,0.6448371411422178,,,0.5894574617049618
413,1001,13,5,0.55,0.2,1000,diverse,aggregation,0.6448371411422178,,,0.592250823512907
414,1001,13,5,0.55,0.2,1000,diverse,aggregation,0.6448371411422178,,,0.5926893627822796
415,1001,13,5,0.55,0.2,1000,diverse,aggregation,0.6448371411422178,,,0.5924727395289897
416,1001,13,5,0.55,0.2,1000,diverse,aggregation,0.6448371411422178,,,0.592378654139071
417,1001,13,5,0.55,0.2,1000,diverse,aggregation,0.6448371411422178,,,0.5921947994597997
418,1001,13,5,0.55,0.2,1000,diverse,aggregation,0.6448371411422178,,,0.59114544322961
419,1001,13,5,0.55,0.2,1000,diverse,aggregation,0.6448371411422178,,,0.5927382164748832
420,1001,13,5,0.55,0.2,1000,diverse,aggregation,0.6448371411422178,,,0.5939442403429904
421,1001,13,5,0.55,0.2,1000,diverse,aggregation,0.6448371411422178,,,0.5933395029892947
422,1001,13,5,0.55,0.2,1000,diverse,aggregation,0.6448371411422178,,,0.5935125425192093
423,1001,13,5,0.55,0.2,1000,diverse,aggregation,0.6448371411422178,,,0.5941458648912817
424,1001,13,5,0.55,0.2,1000,diverse,aggregation,0.6448371411422178,,,0.5936094439434024
425,1001,13,5,0.55,0.2,1000,diverse,aggregation,0.6448371411422178,,,0.5940973498646417
426,1001,13,5,0.55,0.2,1000,diverse,aggregation,0.6448371411422178,,,0.5957153497120166
427,1001,13,5,0.55,0.2,1000,diverse,aggregation,0.6448371411422178,,,0.5942462556964642
428,1001,13,5,0.55,0.2,1000,diverse,aggregation,0.6448371411422178,,,0.5911627428744097
429,1001,13,5,0.55,0.2,1000,diverse,aggregation,0.6448371411422178,,,0.5929258181324849
430,1001,13,5,0.55,0.2,1000,diverse,aggregation,0.6448371411422178,,,0.5928230070777989
431,1001,13,5,0.55,0.2,1000,diverse,aggregation,0.6448371411422178,,,0.5932911657169992
432,1001,13,5,0.55,0.2,1000,diverse,aggregation,0.6448371411422178,,,0.5933275667156919
433,1001,13,5,0.55,0.2,1000,diverse,aggregation,0.6448371411422178,,,0.5934955249457333
434,1001,13,5,0.55,0.2,1000,diverse,aggregation,0.6448371411422178,,,0.5925907853180771
435,1001,13,5,0.55,0.2,1000,diverse,aggregation,0.6448371411422178,,,0.5928652675025593
436,1001,13,5,0.55,0.2,1000,diverse,aggregation,0.6448371411422178,,,0.5945429592937927
437,1001,13,5,0.55,0.2,1000,diverse,aggregation,0.6448371411422178,,,0.5914610683066935
438,1001,13,5,0.55,0.2,1000,diverse,aggregation,0.6448371411422178,,,0.5921307493124162
439,1001,13,5,0.55,0.2,1000,diverse,aggregation,0.6448371411422178,,,0.595202332490041
440,1001,13,5,0.55,0.2,1000,diverse,aggregation,0.6448371411422178,,,0.5925928600643185
441,1001,13,5,0.55,0.2,1000,diverse,aggregation,0.6448371411422178,,,0.5959592310852729
442,1001,13,5,0.55,0.2,1000,diverse,aggregation,0.6448371411422178,,,0.5949849845987347
443,1001,13,5,0.55,0.2,1000,diverse,aggregation,0.6448371411422178,,,0.5944350494412995
444,1001,13,5,0.55,0.2,1000,diverse,aggregation,0.6448371411422178,,,0.5940920430341265
445,1001,13,5,0.55,0.2,1000,diverse,aggregation,0.6448371411422178,,,0.590597571872572
446,1001,13,5,0.55,0.2,1000,diverse,aggregation,0.6448371411422178,,,0.59260282664866
447,1001,13,5,0.55,0.2,1000,diverse,aggregation,0.6448371411422178,,,0.5928900542281793
448,1001,13,5,0.55,0.2,1000,diverse,aggregation,0.6448371411422178,,,0.5947693496087246
449,1001,13,5,0.55,0.2,1000,diverse,aggregation,0.6448371411422178,,,0.5939943787462538
450,1001,13,5,0.55,0.2,1000,diverse,aggregation,0.6448371411422178,,,0.5922795251584837
451,1001,13,5,0.55,0.2,1000,diverse,aggregation,0.6448371411422178,,,0.5938519895613646
452,1001,13,5,0.55,0.2,1000,diverse,aggregation,0.6448371411422178,,,0.5941443787385455
453,1001,13,5,0.55,0.2,1000,diverse,aggregation,0.6448371411422178,,,0.5932494646017564
454,1001,13,5,0.55,0.2,1000,diverse,aggregation,0.6448371411422178,,,0.5947477653365155
455,1001,13,5,0.55,0.2,1000,diverse,aggregation,0.6448371411422178,,,0.5904134633267968
456,1001,13,5,0.55,0.2,1000,diverse,aggregation,0.6448371411422178,,,0.5930782581538833
457,1001,13,5,0.55,0.2,1000,diverse,aggregation,0.6448371411422178,,,0.5917511797307633
458,1001,13,5,0.55,0.2,1000,diverse,aggregation,0.6448371411422178,,,0.59198065311232
459,1001,13,5,0.55,0.2,1000,diverse,aggregation,0.6448371411422178,,,0.5914326648274567
460,1001,13,5,0.55,0.2,1000,diverse,aggregation,0.6448371411422178,,,0.593760151885152
461,1001,13,5,0.55,0.2,1000,diverse,aggregation,0.6448371411422178,,,0.5933644866244868
462,1001,13,5,0.55,0.2,1000,diverse,aggregation,0.6448371411422178,,,0.5917115402113319
463,1001,13,5,0.55,0.2,1000,diverse,aggregation,0.6448371411422178,,,0.593489540945166
464,1001,13,5,0.55,0.2,1000,diverse,aggregation,0.6448371411422178,,,0.5937858352141687
465,1001,13,5,0.55,0.2,1000,diverse,aggregation,0.6448371411422178,,,0.5921921150994068
466,1001,13,5,0.55,0.2,1000,diverse,aggregation,0.6448371411422178,,,0.5953423240185741
467,1001,13,5,0.55,0.2,1000,diverse,aggregation,0.6448371411422178,,,0.5926819864163616
468,1001,13,5,0.55,0.2,1000,diverse,aggregation,0.6448371411422178,,,0.593577502528336
469,1001,13,5,0.55,0.2,1000,diverse,aggregation,0.6448371411422178,,,0.5930851875208126
470,1001,13,5,0.55,0.2,1000,diverse,aggregation,0.6448371411422178,,,0.5934074341013925
471,1001,13,5,0.55,0.2,1000,diverse,aggregation,0.6448371411422178,,,0.5937383466148051
472,1001,13,5,0.55,0.2,1000,diverse,aggregation,0.6448371411422178,,,0.5937776726976728
473,1001,13,5,0.55,0.2,1000,diverse,aggregation,0.6448371411422178,,,0.5934225814154982
474,1001,13,5,0.55,0.2,1000,diverse,aggregation,0.6448371411422178,,,0.5937008777025445
475,1001,13,5,0.55,0.2,1000,diverse,aggregation,0.6448371411422178,,,0.5930131410718913
476,1001,13,5,0.55,0.2,1000,diverse,aggregation,0.6448371411422178,,,0.5937523067441818
477,1001,13,5,0.55,0.2,1000,diverse,aggregation,0.6448371411422178,,,0.593689756863507
478,1001,13,5,0.55,0.2,1000,diverse,aggregation,0.6448371411422178,,,0.5928814285868453
479,1001,13,5,0.55,0.2,1000,diverse,aggregation,0.6448371411422178,,,0.5955634364169783
480,1001,13,5,0.55,0.2,1000,diverse,aggregation,0.6448371411422178,,,0.5942140816667901
481,1001,13,5,0.55,0.2,1000,diverse,aggregation,0.6448371411422178,,,0.5954874548137048
482,1001,13,5,0.55,0.2,1000,diverse,aggregation,0.6448371411422178,,,0.5920231094291513
483,1001,13,5,0.55,0.2,1000,diverse,aggregation,0.6448371411422178,,,0.5927872961220879
484,1001,13,5,0.55,0.2,1000,diverse,aggregation,0.6448371411422178,,,0.5934005113405115
485,1001,13,5,0.55,0.2,1000,diverse,aggregation,0.6448371411422178,,,0.5957697620743455
486,1001,13,5,0.55,0.2,1000,diverse,aggregation,0.6448371411422178,,,0.5937987183958018
487,1001,13,5,0.55,0.2,1000,diverse,aggregation,0.6448371411422178,,,0.5938156661933746
488,1001,13,5,0.55,0.2,1000,diverse,aggregation,0.6448371411422178,,,0.5925090741049075
489,1001,13,5,0.55,0.2,1000,diverse,aggregation,0.6448371411422178,,,0.5939833210693628
490,1001,13,5,0.55,0.2,1000,diverse,aggregation,0.6448371411422178,,,0.5923185577770994
491,1001,13,5,0.55,0.2,1000,diverse,aggregation,0.6448371411422178,,,0.5907043692418694
492,1001,13,5,0.55,0.2,1000,diverse,aggregation,0.6448371411422178,,,0.5938008192887361
493,1001,13,5,0.55,0.2,1000,diverse,aggregation,0.6448371411422178,,,0.595387161773412
494,1001,13,5,0.55,0.2,1000,diverse,aggregation,0.6448371411422178,,,0.595538536132078
495,1001,13,5,0.55,0.2,1000,diverse,aggregation,0.6448371411422178,,,0.5920509294640546
496,1001,13,5,0.55,0.2,1000,diverse,aggregation,0.6448371411422178,,,0.5938189558897893
497,1001,13,5,0.55,0.2,1000,diverse,aggregation,0.6448371411422178,,,0.5916022438364107
498,1001,13,5,0.55,0.2,1000,diverse,aggregation,0.6448371411422178,,,0.5931479109624944
499,1001,13,5,0.55,0.2,1000,diverse,aggregation,0.6448371411422178,,,0.5925610999648501
500,1001,13,5,0.55,0.2,1000,diverse,aggregation,0.6448371411422178,,,0.5924528476307643
501,1001,13,5,0.55,0.2,1000,diverse,aggregation,0.6448371411422178,,,0.5941245889912558
502,1001,13,5,0.55,0.2,1000,diverse,aggregation,0.6448371411422178,,,0.5917863037733871
503,1001,13,5,0.55,0.2,1000,diverse,aggregation,0.6448371411422178,,,0.5902221305546306
504,1001,13,5,0.55,0.2,1000,diverse,aggregation,0.6448371411422178,,,0.5925566293968378
505,1001,13,5,0.55,0.2,1000,diverse,aggregation,0.6448371411422178,,,0.5937696201175369
506,1001,13,5,0.55,0.2,1000,diverse,aggregation,0.6448371411422178,,,0.5926267060100394
507,1001,13,5,0.55,0.2,1000,diverse,aggregation,0.6448371411422178,,,0.5949796639317474
508,1001,13,5,0.55,0.2,1000,diverse,aggregation,0.6448371411422178,,,0.5919792260054761
509,1001,13,5,0.55,0.2,1000,diverse,aggregation,0.6448371411422178,,,0.5932586050754802
510,1001,13,5,0.55,0.2,1000,diverse,aggregation,0.6448371411422178,,,0.5962481890717308
511,1001,13,5,0.55,0.2,1000,diverse,aggregation,0.6448371411422178,,,0.5925364385537304
512,1001,13,5,0.55,0.2,1000,diverse,aggregation,0.6448371411422178,,,0.5943434654388822
513,1001,13,5,0.55,0.2,1000,diverse,aggregation,0.6448371411422178,,,0.5938836302123803
514,1001,13,5,0.55,0.2,1000,diverse,aggregation,0.6448371411422178,,,0.5935488467550969
515,1001,13,5,0.55,0.2,1000,diverse,aggregation,0.6448371411422178,,,0.5948171857694775
516,1001,13,5,0.55,0.2,1000,diverse,aggregation,0.6448371411422178,,,0.593812037507246
517,1001,13,5,0.55,0.2,1000,diverse,aggregation,0.6448371411422178,,,0.5937402215993883
518,1001,13,5,0.55,0.2,1000,diverse,aggregation,0.6448371411422178,,,0.5960781910219412
519,1001,13,5,0.55,0.2,1000,diverse,aggregation,0.6448371411422178,,,0.5960285826287912
520,1001,13,5,0.55,0.2,1000,diverse,aggregation,0.6448371411422178,,,0.5923470190766025
521,1001,13,5,0.55,0.2,1000,diverse,aggregation,0.6448371411422178,,,0.5956654615677534
522,1001,13,5,0.55,0.2,1000,diverse,aggregation,0.6448371411422178,,,0.5922421136271138
523,1001,13,5,0.55,0.2,1000,diverse,aggregation,0.6448371411422178,,,0.5925612871927457
524,1001,13,5,0.55,0.2,1000,diverse,aggregation,0.6448371411422178,,,0.5942932457511625
525,1001,13,5,0.55,0.2,1000,diverse,aggregation,0.6448371411422178,,,0.5946455056363391
526,1001,13,5,0.55,0.2,1000,diverse,aggregation,0.6448371411422178,,,0.5921821999605333
527,1001,13,5,0.55,0.2,1000,diverse,aggregation,0.6448371411422178,,,0.5940310939831774
528,1001,13,5,0.55,0.2,1000,diverse,aggregation,0.6448371411422178,,,0.5937180496972164
529,1001,13,5,0.55,0.2,1000,diverse,aggregation,0.6448371411422178,,,0.5924341661656245
530,1001,13,5,0.55,0.2,1000,diverse,aggregation,0.6448371411422178,,,0.5929814354395604
531,1001,13,5,0.55,0.2,1000,diverse,aggregation,0.6448371411422178,,,0.5924212445347864
532,1001,13,5,0.55,0.2,1000,diverse,aggregation,0.6448371411422178,,,0.5919006777096362
533,1001,13,5,0.55,0.2,1000,diverse,aggregation,0.6448371411422178,,,0.5939260821662906
534,1001,13,5,0.55,0.2,1000,diverse,aggregation,0.6448371411422178,,,0.5922485118739287
535,1001,13,5,0.55,0.2,1000,diverse,aggregation,0.6448371411422178,,,0.5924457991776743
536,1001,13,5,0.55,0.2,1000,diverse,aggregation,0.6448371411422178,,,0.5934553667397419
537,1001,13,5,0.55,0.2,1000,diverse,aggregation,0.6448371411422178,,,0.593275465560674
538,1001,13,5,0.55,0.2,1000,diverse,aggregation,0.6448371411422178,,,0.5928107817105734
539,1001,13,5,0.55,0.2,1000,diverse,aggregation,0.6448371411422178,,,0.5934903172599006
540,1001,13,5,0.55,0.2,1000,diverse,aggregation,0.6448371411422178,,,0.593213052217844
541,1001,13,5,0.55,0.2,1000,diverse,aggregation,0.6448371411422178,,,0.5948041406818491
542,1001,13,5,0.55,0.2,1000,diverse,aggregation,0.6448371411422178,,,0.5937997527549612
543,1001,13,5,0.55,0.2,1000,diverse,aggregation,0.6448371411422178,,,0.5918250860405028
544,1001,13,5,0.55,0.2,1000,diverse,aggregation,0.6448371411422178,,,0.5928756236124988
545,1001,13,5,0.55,0.2,1000,diverse,aggregation,0.6448371411422178,,,0.5938212437793688
546,1001,13,5,0.55,0.2,1000,diverse,aggregation,0.6448371411422178,,,0.5924907700709786
547,1001,13,5,0.55,0.2,1000,diverse,aggregation,0.6448371411422178,,,0.5960311629188714
548,1001,13,5,0.55,0.2,1000,diverse,aggregation,0.6448371411422178,,,0.5941425534188036
549,1001,13,5,0.55,0.2,1000,diverse,aggregation,0.6448371411422178,,,0.5936908909300578
550,1001,13,5,0.55,0.2,1000,diverse,aggregation,0.6448371411422178,,,0.5956363337048755
551,1001,13,5,0.55,0.2,1000,diverse,aggregation,0.6448371411422178,,,0.5935101519699437
552,1001,13,5,0.55,0.2,1000,diverse,aggregation,0.6448371411422178,,,0.5904272725037308
553,1001,13,5,0.55,0.2,1000,diverse,aggregation,0.6448371411422178,,,0.5936410415741668
554,1001,13,5,0.55,0.2,1000,diverse,aggregation,0.6448371411422178,,,0.5908822500493336
555,1001,13,5,0.55,0.2,1000,diverse,aggregation,0.6448371411422178,,,0.5913534070019488
556,1001,13,5,0.55,0.2,1000,diverse,aggregation,0.6448371411422178,,,0.5919892138185889
557,1001,13,5,0.55,0.2,1000,diverse,aggregation,0.6448371411422178,,,0.5950183824200491
558,1001,13,5,0.55,0.2,1000,diverse,aggregation,0.6448371411422178,,,0.5923768344772512
559,1001,13,5,0.55,0.2,1000,diverse,aggregation,0.6448371411422178,,,0.5923317353556937
560,1001,13,5,0.55,0.2,1000,diverse,aggregation,0.6448371411422178,,,0.5918077222777224
561,1001,13,5,0.55,0.2,1000,diverse,aggregation,0.6448371411422178,,,0.5968402864959116
562,1001,13,5,0.55,0.2,1000,diverse,aggregation,0.6448371411422178,,,0.5928357585161753
563,1001,13,5,0.55,0.2,1000,diverse,aggregation,0.6448371411422178,,,0.5905547936554189
564,1001,13,5,0.55,0.2,1000,diverse,aggregation,0.6448371411422178,,,0.5912783515481433
565,1001,13,5,0.55,0.2,1000,diverse,aggregation,0.6448371411422178,,,0.592415731930107
566,1001,13,5,0.55,0.2,1000,diverse,aggregation,0.6448371411422178,,,0.5937439981931649
567,1001,13,5,0.55,0.2,1000,diverse,aggregation,0.6448371411422178,,,0.5961243889906391
568,1001,13,5,0.55,0.2,1000,diverse,aggregation,0.6448371411422178,,,0.5923315084838003
569,1001,13,5,0.55,0.2,1000,diverse,aggregation,0.6448371411422178,,,0.594563302268719
570,1001,13,5,0.55,0.2,1000,diverse,aggregation,0.6448371411422178,,,0.5938242684861437
571,1001,13,5,0.55,0.2,1000,diverse,aggregation,0.6448371411422178,,,0.5917726674405842
572,1001,13,5,0.55,0.2,1000,diverse,aggregation,0.6448371411422178,,,0.5912351169201171
573,1001,13,5,0.55,0.2,1000,diverse,aggregation,0.6448371411422178,,,0.5937304744329746
574,1001,13,5,0.55,0.2,1000,diverse,aggregation,0.6448371411422178,,,0.5938693405205906
575,1001,13,5,0.55,0.2,1000,diverse,aggregation,0.6448371411422178,,,0.5930490652326071
576,1001,13,5,0.55,0.2,1000,diverse,aggregation,0.6448371411422178,,,0.5946861766011767
577,1001,13,5,0.55,0.2,1000,diverse,aggregation,0.6448371411422178,,,0.5961734607445025
578,1001,13,5,0.55,0.2,1000,diverse,aggregation,0.6448371411422178,,,0.594428138266055
579,1001,13,5,0.55,0.2,1000,diverse,aggregation,0.6448371411422178,,,0.5928473530867282
580,1001,13,5,0.55,0.2,1000,diverse,aggregation,0.6448371411422178,,,0.5954528423274257
581,1001,13,5,0.55,0.2,1000,diverse,aggregation,0.6448371411422178,,,0.5910856059989394
582,1001,13,5,0.55,0.2,1000,diverse,aggregation,0.6448371411422178,,,0.5923920345087014
583,1001,13,5,0.55,0.2,1000,diverse,aggregation,0.6448371411422178,,,0.5930332554405473
584,1001,13,5,0.55,0.2,1000,diverse,aggregation,0.6448371411422178,,,0.5928430202051036
585,1001,13,5,0.55,0.2,1000,diverse,aggregation,0.6448371411422178,,,0.5934079929792431
586,1001,13,5,0.55,0.2,1000,diverse,aggregation,0.6448371411422178,,,0.5937012158828827
587,1001,13,5,0.55,0.2,1000,diverse,aggregation,0.6448371411422178,,,0.5955154791967293
588,1001,13,5,0.55,0.2,1000,diverse,aggregation,0.6448371411422178,,,0.5921143312320397
589,1001,13,5,0.55,0.2,1000,diverse,aggregation,0.6448371411422178,,,0.5918516267682936
590,1001,13,5,0.55,0.2,1000,diverse,aggregation,0.6448371411422178,,,0.5941379536898288
591,1001,13,5,0.55,0.2,1000,diverse,aggregation,0.6448371411422178,,,0.5920996417856835
592,1001,13,5,0.55,0.2,1000,diverse,aggregation,0.6448371411422178,,,0.5964459865597368
593,1001,13,5,0.55,0.2,1000,diverse,aggregation,0.6448371411422178,,,0.5936908855033857
594,1001,13,5,0.55,0.2,1000,diverse,aggregation,0.6448371411422178,,,0.5929183922867257
595,1001,13,5,0.55,0.2,1000,diverse,aggregation,0.6448371411422178,,,0.5936029949757035
596,1001,13,5,0.55,0.2,1000,diverse,aggregation,0.6448371411422178,,,0.5948840414755
597,1001,13,5,0.55,0.2,1000,diverse,aggregation,0.6448371411422178,,,0.5925010012364181
598,1001,13,5,0.55,0.2,1000,diverse,aggregation,0.6448371411422178,,,0.5944576811151813
599,1001,13,5,0.55,0.2,1000,diverse,aggregation,0.6448371411422178,,,0.5947782372103206
600,1001,13,5,0.55,0.2,1000,diverse,aggregation,0.6448371411422178,,,0.5925279436458604
601,1001,13,5,0.55,0.2,1000,diverse,aggregation,0.6448371411422178,,,0.5953753128815631
602,1001,13,5,0.55,0.2,1000,diverse,aggregation,0.6448371411422178,,,0.5942424344020178
603,1001,13,5,0.55,0.2,1000,diverse,aggregation,0.6448371411422178,,,0.5926098033062617
604,1001,13,5,0.55,0.2,1000,diverse,aggregation,0.6448371411422178,,,0.5920126084101085
605,1001,13,5,0.55,0.2,1000,diverse,aggregation,0.6448371411422178,,,0.5908562049139133
606,1001,13,5,0.55,0.2,1000,diverse,aggregation,0.6448371411422178,,,0.5944503694762029
607,1001,13,5,0.55,0.2,1000,diverse,aggregation,0.6448371411422178,,,0.594031040587499
608,1001,13,5,0.55,0.2,1000,diverse,aggregation,0.6448371411422178,,,0.5959328738776657
609,1001,13,5,0.55,0.2,1000,diverse,aggregation,0.6448371411422178,,,0.5948620533941368
610,1001,13,5,0.55,0.2,1000,diverse,aggregation,0.6448371411422178,,,0.5929586420986421
611,1001,13,5,0.55,0.2,1000,diverse,aggregation,0.6448371411422178,,,0.5909283231274899
612,1001,13,5,0.55,0.2,1000,diverse,aggregation,0.6448371411422178,,,0.5958649057655309
613,1001,13,5,0.55,0.2,1000,diverse,aggregation,0.6448371411422178,,,0.5935275075079243
614,1001,13,5,0.55,0.2,1000,diverse,aggregation,0.6448371411422178,,,0.5923477110929196
615,1001,13,5,0.55,0.2,1000,diverse,aggregation,0.6448371411422178,,,0.5949130560180562
616,1001,13,5,0.55,0.2,1000,diverse,aggregation,0.6448371411422178,,,0.5927394587125838
617,1001,13,5,0.55,0.2,1000,diverse,aggregation,0.6448371411422178,,,0.5914980541757626
618,1001,13,5,0.55,0.2,1000,diverse,aggregation,0.6448371411422178,,,0.5930578106076023
619,1001,13,5,0.55,0.2,1000,diverse,aggregation,0.6448371411422178,,,0.5923045359655776
620,1001,13,5,0.55,0.2,1000,diverse,aggregation,0.6448371411422178,,,0.5931981222712474
621,1001,13,5,0.55,0.2,1000,diverse,aggregation,0.6448371411422178,,,0.5931818889520973
622,1001,13,5,0.55,0.2,1000,diverse,aggregation,0.6448371411422178,,,0.5938438315927901
623,1001,13,5,0.55,0.2,1000,diverse,aggregation,0.6448371411422178,,,0.59337083158354
624,1001,13,5,0.55,0.2,1000,diverse,aggregation,0.6448371411422178,,,0.5940689164539165
625,1001,13,5,0.55,0.2,1000,diverse,aggregation,0.6448371411422178,,,0.5937486026396442
626,1001,13,5,0.55,0.2,1000,diverse,aggregation,0.6448371411422178,,,0.593978580863581
627,1001,13,5,0.55,0.2,1000,diverse,aggregation,0.6448371411422178,,,0.5919758527891863
628,1001,13,5,0.55,0.2,1000,diverse,aggregation,0.6448371411422178,,,0.5934198303933721
629,1001,13,5,0.55,0.2,1000,diverse,aggregation,0.6448371411422178,,,0.5928125105604274
630,1001,13,5,0.55,0.2,1000,diverse,aggregation,0.6448371411422178,,,0.5920142331973582
631,1001,13,5,0.55,0.2,1000,diverse,aggregation,0.6448371411422178,,,0.593356412599746
632,1001,13,5,0.55,0.2,1000,diverse,aggregation,0.6448371411422178,,,0.5934904045722798
633,1001,13,5,0.55,0.2,1000,diverse,aggregation,0.6448371411422178,,,0.5939814719231388
634,1001,13,5,0.55,0.2,1000,diverse,aggregation,0.6448371411422178,,,0.5915185370185371
635,1001,13,5,0.55,0.2,1000,diverse,aggregation,0.6448371411422178,,,0.5927924698372616
636,1001,13,5,0.55,0.2,1000,diverse,aggregation,0.6448371411422178,,,0.5935007777947363
637,1001,13,5,0.55,0.2,1000,diverse,aggregation,0.6448371411422178,,,0.591943655996781
638,1001,13,5,0.55,0.2,1000,diverse,aggregation,0.6448371411422178,,,0.5933397357041108
639,1001,13,5,0.55,0.2,1000,diverse,aggregation,0.6448371411422178,,,0.5940376474682726
640,1001,13,5,0.55,0.2,1000,diverse,aggregation,0.6448371411422178,,,0.5948791485751904
641,1001,13,5,0.55,0.2,1000,diverse,aggregation,0.6448371411422178,,,0.5944869340921426
642,1001,13,5,0.55,0.2,1000,diverse,aggregation,0.6448371411422178,,,0.5926581097374849
643,1001,13,5,0.55,0.2,1000,diverse,aggregation,0.6448371411422178,,,0.594853923468507
644,1001,13,5,0.55,0.2,1000,diverse,aggregation,0.6448371411422178,,,0.5936282586318004
645,1001,13,5,0.55,0.2,1000,diverse,aggregation,0.6448371411422178,,,0.5947654068924904
646,1001,13,5,0.55,0.2,1000,diverse,aggregation,0.6448371411422178,,,0.5921670382703718
647,1001,13,5,0.55,0.2,1000,diverse,aggregation,0.6448371411422178,,,0.592905657590866
648,1001,13,5,0.55,0.2,1000,diverse,aggregation,0.6448371411422178,,,0.5910347221297223
649,1001,13,5,0.55,0.2,1000,diverse,aggregation,0.6448371411422178,,,0.5930988001890086
650,1001,13,5,0.55,0.2,1000,diverse,aggregation,0.6448371411422178,,,0.5950934152961238
651,1001,13,5,0.55,0.2,1000,diverse,aggregation,0.6448371411422178,,,0.5922771658588326
652,1001,13,5,0.55,0.2,1000,diverse,aggregation,0.6448371411422178,,,0.5935634683140935
653,1001,13,5,0.55,0.2,1000,diverse,aggregation,0.6448371411422178,,,0.595552625576584
654,1001,13,5,0.55,0.2,1000,diverse,aggregation,0.6448371411422178,,,0.5936250513915099
655,1001,13,5,0.55,0.2,1000,diverse,aggregation,0.6448371411422178,,,0.5930728902347654
656,1001,13,5,0.55,0.2,1000,diverse,aggregation,0.6448371411422178,,,0.5928937576235493
657,1001,13,5,0.55,0.2,1000,diverse,aggregation,0.6448371411422178,,,0.5947835111647612
658,1001,13,5,0.55,0.2,1000,diverse,aggregation,0.6448371411422178,,,0.5917072118930454
659,1001,13,5,0.55,0.2,1000,diverse,aggregation,0.6448371411422178,,,0.593085684146101
660,1001,13,5,0.55,0.2,1000,diverse,aggregation,0.6448371411422178,,,0.5934311518188603
661,1001,13,5,0.55,0.2,1000,diverse,aggregation,0.6448371411422178,,,0.5924370100963852
662,1001,13,5,0.55,0.2,1000,diverse,aggregation,0.6448371411422178,,,0.5910809042886128
663,1001,13,5,0.55,0.2,1000,diverse,aggregation,0.6448371411422178,,,0.593777095527929
664,1001,13,5,0.55,0.2,1000,diverse,aggregation,0.6448371411422178,,,0.5951214138870391
665,1001,13,5,0.55,0.2,1000,diverse,aggregation,0.6448371411422178,,,0.5923291857216858
666,1001,13,5,0.55,0.2,1000,diverse,aggregation,0.6448371411422178,,,0.5930630682743184
667,1001,13,5,0.55,0.2,1000,diverse,aggregation,0.6448371411422178,,,0.5944502843529927
668,1001,13,5,0.55,0.2,1000,diverse,aggregation,0.6448371411422178,,,0.5966207576065911
669,1001,13,5,0.55,0.2,1000,diverse,aggregation,0.6448371411422178,,,0.5948928833126752
670,1001,13,5,0.55,0.2,1000,diverse,aggregation,0.6448371411422178,,,0.591418014400723
671,1001,13,5,0.55,0.2,1000,diverse,aggregation,0.6448371411422178,,,0.5920368506956009
672,1001,13,5,0.55,0.2,1000,diverse,aggregation,0.6448371411422178,,,0.595842218368052
673,1001,13,5,0.55,0.2,1000,diverse,aggregation,0.6448371411422178,,,0.5938120907410491
674,1001,13,5,0.55,0.2,1000,diverse,aggregation,0.6448371411422178,,,0.5954556576371162
675,1001,13,5,0.55,0.2,1000,diverse,aggregation,0.6448371411422178,,,0.5948398508744343
676,1001,13,5,0.55,0.2,1000,diverse,aggregation,0.6448371411422178,,,0.5928481197120781
677,1001,13,5,0.55,0.2,1000,diverse,aggregation,0.6448371411422178,,,0.5923434947305782
678,1001,13,5,0.55,0.2,1000,diverse,aggregation,0.6448371411422178,,,0.5934430921547589
679,1001,13,5,0.55,0.2,1000,diverse,aggregation,0.6448371411422178,,,0.5943023711319546
680,1001,13,5,0.55,0.2,1000,diverse,aggregation,0.6448371411422178,,,0.5903548052025136
681,1001,13,5,0.55,0.2,1000,diverse,aggregation,0.6448371411422178,,,0.5928022950197952
682,1001,13,5,0.55,0.2,1000,diverse,aggregation,0.6448371411422178,,,0.5928967505102923
683,1001,13,5,0.55,0.2,1000,diverse,aggregation,0.6448371411422178,,,0.5946176096588598
684,1001,13,5,0.55,0.2,1000,diverse,aggregation,0.6448371411422178,,,0.5942964809573145
685,1001,13,5,0.55,0.2,1000,diverse,aggregation,0.6448371411422178,,,0.594410882165674
686,1001,13,5,0.55,0.2,1000,diverse,aggregation,0.6448371411422178,,,0.5937015063408815
687,1001,13,5,0.55,0.2,1000,diverse,aggregation,0.6448371411422178,,,0.5924778105151023
688,1001,13,5,0.55,0.2,1000,diverse,aggregation,0.6448371411422178,,,0.5937713916870168
689,1001,13,5,0.55,0.2,1000,diverse,aggregation,0.6448371411422178,,,0.593154354202896
690,1001,13,5,0.55,0.2,1000,diverse,aggregation,0.6448371411422178,,,0.5926497666993502
691,1001,13,5,0.55,0.2,1000,diverse,aggregation,0.6448371411422178,,,0.5929550249364833
692,1001,13,5,0.55,0.2,1000,diverse,aggregation,0.6448371411422178,,,0.594127629577213
693,1001,13,5,0.55,0.2,1000,diverse,aggregation,0.6448371411422178,,,0.5932733676971179
694,1001,13,5,0.55,0.2,1000,diverse,aggregation,0.6448371411422178,,,0.5944794778215612
695,1001,13,5,0.55,0.2,1000,diverse,aggregation,0.6448371411422178,,,0.594136528301945
696,1001,13,5,0.55,0.2,1000,diverse,aggregation,0.6448371411422178,,,0.5921818010461762
697,1001,13,5,0.55,0.2,1000,diverse,aggregation,0.6448371411422178,,,0.593442686241228
698,1001,13,5,0.55,0.2,1000,diverse,aggregation,0.6448371411422178,,,0.5921290715919884
699,1001,13,5,0.55,0.2,1000,diverse,aggregation,0.6448371411422178,,,0.59123540824145
700,1001,13,5,0.55,0.2,1000,diverse,aggregation,0.6448371411422178,,,0.5944445733664486
701,1001,13,5,0.55,0.2,1000,diverse,aggregation,0.6448371411422178,,,0.5923754196575032
702,1001,13,5,0.55,0.2,1000,diverse,aggregation,0.6448371411422178,,,0.5923988410894664
703,1001,13,5,0.55,0.2,1000,diverse,aggregation,0.6448371411422178,,,0.5937765761013678
704,1001,13,5,0.55,0.2,1000,diverse,aggregation,0.6448371411422178,,,0.5944577431519099
705,1001,13,5,0.55,0.2,1000,diverse,aggregation,0.6448371411422178,,,0.5939664380681049
706,1001,13,5,0.55,0.2,1000,diverse,aggregation,0.6448371411422178,,,0.5937838428007179
707,1001,13,5,0.55,0.2,1000,diverse,aggregation,0.6448371411422178,,,0.5942689747212664
708,1001,13,5,0.55,0.2,1000,diverse,aggregation,0.6448371411422178,,,0.5936516889283557
709,1001,13,5,0.55,0.2,1000,diverse,aggregation,0.6448371411422178,,,0.5913282619386788
710,1001,13,5,0.55,0.2,1000,diverse,aggregation,0.6448371411422178,,,0.5930468340687091
711,1001,13,5,0.55,0.2,1000,diverse,aggregation,0.6448371411422178,,,0.5899630950145535
712,1001,13,5,0.55,0.2,1000,diverse,aggregation,0.6448371411422178,,,0.5945753984056069
713,1001,13,5,0.55,0.2,1000,diverse,aggregation,0.6448371411422178,,,0.5927270937473021
714,1001,13,5,0.55,0.2,1000,diverse,aggregation,0.6448371411422178,,,0.5943740488523823
715,1001,13,5,0.55,0.2,1000,diverse,aggregation,0.6448371411422178,,,0.5930638917641002
716,1001,13,5,0.55,0.2,1000,diverse,aggregation,0.6448371411422178,,,0.5945315383613301
717,1001,13,5,0.55,0.2,1000,diverse,aggregation,0.6448371411422178,,,0.5924600978805147
718,1001,13,5,0.55,0.2,1000,diverse,aggregation,0.6448371411422178,,,0.5938797461412046
719,1001,13,5,0.55,0.2,1000,diverse,aggregation,0.6448371411422178,,,0.5926002132512551
720,1001,13,5,0.55,0.2,1000,diverse,aggregation,0.6448371411422178,,,0.5939998039229291
721,1001,13,5,0.55,0.2,1000,diverse,aggregation,0.6448371411422178,,,0.5914372763964432
722,1001,13,5,0.55,0.2,1000,diverse,aggregation,0.6448371411422178,,,0.5928948960221879
723,1001,13,5,0.55,0.2,1000,diverse,aggregation,0.6448371411422178,,,0.5969475584754752
724,1001,13,5,0.55,0.2,1000,diverse,aggregation,0.6448371411422178,,,0.5935719888136556
725,1001,13,5,0.55,0.2,1000,diverse,aggregation,0.6448371411422178,,,0.5964717659346827
726,1001,13,5,0.55,0.2,1000,diverse,aggregation,0.6448371411422178,,,0.5904259053138221
727,1001,13,5,0.55,0.2,1000,diverse,aggregation,0.6448371411422178,,,0.5935678557168143
728,1001,13,5,0.55,0.2,1000,diverse,aggregation,0.6448371411422178,,,0.5972157781955699
729,1001,13,5,0.55,0.2,1000,diverse,aggregation,0.6448371411422178,,,0.5936154932721601
730,1001,13,5,0.55,0.2,1000,diverse,aggregation,0.6448371411422178,,,0.5947049829799831
731,1001,13,5,0.55,0.2,1000,diverse,aggregation,0.6448371411422178,,,0.5922065446975865
732,1001,13,5,0.55,0.2,1000,diverse,aggregation,0.6448371411422178,,,0.5950190438419606
733,1001,13,5,0.55,0.2,1000,diverse,aggregation,0.6448371411422178,,,0.592438870897621
734,1001,13,5,0.55,0.2,1000,diverse,aggregation,0.6448371411422178,,,0.5947632497209582
735,1001,13,5,0.55,0.2,1000,diverse,aggregation,0.6448371411422178,,,0.5921438241465327
736,1001,13,5,0.55,0.2,1000,diverse,aggregation,0.6448371411422178,,,0.593037382825508
737,1001,13,5,0.55,0.2,1000,diverse,aggregation,0.6448371411422178,,,0.5937093394491312
738,1001,13,5,0.55,0.2,1000,diverse,aggregation,0.6448371411422178,,,0.5939999091726176
739,1001,13,5,0.55,0.2,1000,diverse,aggregation,0.6448371411422178,,,0.5934426818628903
740,1001,13,5,0.55,0.2,1000,diverse,aggregation,0.6448371411422178,,,0.5941409932891183
741,1001,13,5,0.55,0.2,1000,diverse,aggregation,0.6448371411422178,,,0.5931179965327883
742,1001,13,5,0.55,0.2,1000,diverse,aggregation,0.6448371411422178,,,0.5897265577169746
743,1001,13,5,0.55,0.2,1000,diverse,aggregation,0.6448371411422178,,,0.592349638656097
744,1001,13,5,0.55,0.2,1000,diverse,aggregation,0.6448371411422178,,,0.5928779872519457
745,1001,13,5,0.55,0.2,1000,diverse,aggregation,0.6448371411422178,,,0.5914853829580914
746,1001,13,5,0.55,0.2,1000,diverse,aggregation,0.6448371411422178,,,0.5940884807399393
747,1001,13,5,0.55,0.2,1000,diverse,aggregation,0.6448371411422178,,,0.5948543711458295
748,1001,13,5,0.55,0.2,1000,diverse,aggregation,0.6448371411422178,,,0.5933595129561797
749,1001,13,5,0.55,0.2,1000,diverse,aggregation,0.6448371411422178,,,0.5935981675962927
750,1001,13,5,0.55,0.2,1000,diverse,aggregation,0.6448371411422178,,,0.5940044806582306
751,1001,13,5,0.55,0.2,1000,diverse,aggregation,0.6448371411422178,,,0.5929327739004824
752,1001,13,5,0.55,0.2,1000,diverse,aggregation,0.6448371411422178,,,0.5945391854287689
753,1001,13,5,0.55,0.2,1000,diverse,aggregation,0.6448371411422178,,,0.5945866361493446
754,1001,13,5,0.55,0.2,1000,diverse,aggregation,0.6448371411422178,,,0.5942567654875989
755,1001,13,5,0.55,0.2,1000,diverse,aggregation,0.6448371411422178,,,0.5940337259422678
756,1001,13,5,0.55,0.2,1000,diverse,aggregation,0.6448371411422178,,,0.592895702954453
757,1001,13,5,0.55,0.2,1000,diverse,aggregation,0.6448371411422178,,,0.5927600320127404
758,1001,13,5,0.55,0.2,1000,diverse,aggregation,0.6448371411422178,,,0.5937949797193549
759,1001,13,5,0.55,0.2,1000,diverse,aggregation,0.6448371411422178,,,0.5941042336213171
760,1001,13,5,0.55,0.2,1000,diverse,aggregation,0.6448371411422178,,,0.5925453409013828
761,1001,13,5,0.55,0.2,1000,diverse,aggregation,0.6448371411422178,,,0.5942900329454497
762,1001,13,5,0.55,0.2,1000,diverse,aggregation,0.6448371411422178,,,0.5928811144334063
763,1001,13,5,0.55,0.2,1000,diverse,aggregation,0.6448371411422178,,,0.5921678281903283
764,1001,13,5,0.55,0.2,1000,diverse,aggregation,0.6448371411422178,,,0.5940563908853493
765,1001,13,5,0.55,0.2,1000,diverse,aggregation,0.6448371411422178,,,0.5927317683936435
766,1001,13,5,0.55,0.2,1000,diverse,aggregation,0.6448371411422178,,,0.5955534169996671
767,1001,13,5,0.55,0.2,1000,diverse,aggregation,0.6448371411422178,,,0.5943436136702804
768,1001,13,5,0.55,0.2,1000,diverse,aggregation,0.6448371411422178,,,0.5935274103211605
769,1001,13,5,0.55,0.2,1000,diverse,aggregation,0.6448371411422178,,,0.5960904535048286
770,1001,13,5,0.55,0.2,1000,diverse,aggregation,0.6448371411422178,,,0.5914321686800856
771,1001,13,5,0.55,0.2,1000,diverse,aggregation,0.6448371411422178,,,0.5932407540992959
772,1001,13,5,0.55,0.2,1000,diverse,aggregation,0.6448371411422178,,,0.59467212493525
773,1001,13,5,0.55,0.2,1000,diverse,aggregation,0.6448371411422178,,,0.5940423108450192
774,1001,13,5,0.55,0.2,1000,diverse,aggregation,0.6448371411422178,,,0.5919720989273073
775,1001,13,5,0.55,0.2,1000,diverse,aggregation,0.6448371411422178,,,0.5912830704943207
776,1001,13,5,0.55,0.2,1000,diverse,aggregation,0.6448371411422178,,,0.5953127392206561
777,1001,13,5,0.55,0.2,1000,diverse,aggregation,0.6448371411422178,,,0.594628508582467
778,1001,13,5,0.55,0.2,1000,diverse,aggregation,0.6448371411422178,,,0.5938144440667359
779,1001,13,5,0.55,0.2,1000,diverse,aggregation,0.6448371411422178,,,0.5933462651468904
780,1001,13,5,0.55,0.2,1000,diverse,aggregation,0.6448371411422178,,,0.5940934270821773
781,1001,13,5,0.55,0.2,1000,diverse,aggregation,0.6448371411422178,,,0.5938717309773561
782,1001,13,5,0.55,0.2,1000,diverse,aggregation,0.6448371411422178,,,0.5921918835716754
783,1001,13,5,0.55,0.2,1000,diverse,aggregation,0.6448371411422178,,,0.5938064307066392
784,1001,13,5,0.55,0.2,1000,diverse,aggregation,0.6448371411422178,,,0.5935419420856922
785,1001,13,5,0.55,0.2,1000,diverse,aggregation,0.6448371411422178,,,0.5941742872867875
786,1001,13,5,0.55,0.2,1000,diverse,aggregation,0.6448371411422178,,,0.5948590256117341
787,1001,13,5,0.55,0.2,1000,diverse,aggregation,0.6448371411422178,,,0.5932789381760216
788,1001,13,5,0.55,0.2,1000,diverse,aggregation,0.6448371411422178,,,0.5923083749660835
789,1001,13,5,0.55,0.2,1000,diverse,aggregation,0.6448371411422178,,,0.5940391266680852
790,1001,13,5,0.55,0.2,1000,diverse,aggregation,0.6448371411422178,,,0.5930136636049137
791,1001,13,5,0.55,0.2,1000,diverse,aggregation,0.6448371411422178,,,0.594899184889185
792,1001,13,5,0.55,0.2,1000,diverse,aggregation,0.6448371411422178,,,0.5930729924473676
793,1001,13,5,0.55,0.2,1000,diverse,aggregation,0.6448371411422178,,,0.5944662605681357
794,1001,13,5,0.55,0.2,1000,diverse,aggregation,0.6448371411422178,,,0.5933475263702349
795,1001,13,5,0.55,0.2,1000,diverse,aggregation,0.6448371411422178,,,0.5931583436393855
796,1001,13,5,0.55,0.2,1000,diverse,aggregation,0.6448371411422178,,,0.5953356727146312
797,1001,13,5,0.55,0.2,1000,diverse,aggregation,0.6448371411422178,,,0.5930467195304696
798,1001,13,5,0.55,0.2,1000,diverse,aggregation,0.6448371411422178,,,0.5939496515752767
799,1001,13,5,0.55,0.2,1000,diverse,aggregation,0.6448371411422178,,,0.5939854880613215
800,1001,13,5,0.55,0.2,1000,diverse,aggregation,0.6448371411422178,,,0.5925914916487834
801,1001,13,5,0.55,0.2,1000,diverse,aggregation,0.6448371411422178,,,0.5930927439458691
802,1001,13,5,0.55,0.2,1000,diverse,aggregation,0.6448371411422178,,,0.5900134727232644
803,1001,13,5,0.55,0.2,1000,diverse,aggregation,0.6448371411422178,,,0.5944556815098484
804,1001,13,5,0.55,0.2,1000,diverse,aggregation,0.6448371411422178,,,0.596211075143992
805,1001,13,5,0.55,0.2,1000,diverse,aggregation,0.6448371411422178,,,0.594169850889851
806,1001,13,5,0.55,0.2,1000,diverse,aggregation,0.6448371411422178,,,0.5943220698591534
807,1001,13,5,0.55,0.2,1000,diverse,aggregation,0.6448371411422178,,,0.5942858972277723
808,1001,13,5,0.55,0.2,1000,diverse,aggregation,0.6448371411422178,,,0.5948671984728235
809,1001,13,5,0.55,0.2,1000,diverse,aggregation,0.6448371411422178,,,0.5943597518839187
810,1001,13,5,0.55,0.2,1000,diverse,aggregation,0.6448371411422178,,,0.5915939246941331
811,1001,13,5,0.55,0.2,1000,diverse,aggregation,0.6448371411422178,,,0.5925252200191784
812,1001,13,5,0.55,0.2,1000,diverse,aggregation,0.6448371411422178,,,0.5943849384797303
813,1001,13,5,0.55,0.2,1000,diverse,aggregation,0.6448371411422178,,,0.5944096235323321
814,1001,13,5,0.55,0.2,1000,diverse,aggregation,0.6448371411422178,,,0.5914768315172483
815,1001,13,5,0.55,0.2,1000,diverse,aggregation,0.6448371411422178,,,0.593919258411342
816,1001,13,5,0.55,0.2,1000,diverse,aggregation,0.6448371411422178,,,0.5936002199035533
817,1001,13,5,0.55,0.2,1000,diverse,aggregation,0.6448371411422178,,,0.5921498494715163
818,1001,13,5,0.55,0.2,1000,diverse,aggregation,0.6448371411422178,,,0.5918550471519223
819,1001,13,5,0.55,0.2,1000,diverse,aggregation,0.6448371411422178,,,0.5950697949350034
820,1001,13,5,0.55,0.2,1000,diverse,aggregation,0.6448371411422178,,,0.591095490581949
821,1001,13,5,0.55,0.2,1000,diverse,aggregation,0.6448371411422178,,,0.5913510945998447
822,1001,13,5,0.55,0.2,1000,diverse,aggregation,0.6448371411422178,,,0.5936834339888508
823,1001,13,5,0.55,0.2,1000,diverse,aggregation,0.6448371411422178,,,0.5944724486547405
824,1001,13,5,0.55,0.2,1000,diverse,aggregation,0.6448371411422178,,,0.5917619501100753
825,1001,13,5,0.55,0.2,1000,diverse,aggregation,0.6448371411422178,,,0.5944690974380559
826,1001,13,5,0.55,0.2,1000,diverse,aggregation,0.6448371411422178,,,0.5935976489097323
827,1001,13,5,0.55,0.2,1000,diverse,aggregation,0.6448371411422178,,,0.5952204618144203
828,1001,13,5,0.55,0.2,1000,diverse,aggregation,0.6448371411422178,,,0.5920557850174518
829,1001,13,5,0.55,0.2,1000,diverse,aggregation,0.6448371411422178,,,0.59749152990528
830,1001,13,5,0.55,0.2,1000,diverse,aggregation,0.6448371411422178,,,0.5955968751618752
831,1001,13,5,0.55,0.2,1000,diverse,aggregation,0.6448371411422178,,,0.5918018626281127
832,1001,13,5,0.55,0.2,1000,diverse,aggregation,0.6448371411422178,,,0.594533226796352
833,1001,13,5,0.55,0.2,1000,diverse,aggregation,0.6448371411422178,,,0.5921943345312096
834,1001,13,5,0.55,0.2,1000,diverse,aggregation,0.6448371411422178,,,0.5933719833638585
835,1001,13,5,0.55,0.2,1000,diverse,aggregation,0.6448371411422178,,,0.5944523232862817
836,1001,13,5,0.55,0.2,1000,diverse,aggregation,0.6448371411422178,,,0.5921249633545468
837,1001,13,5,0.55,0.2,1000,diverse,aggregation,0.6448371411422178,,,0.5924350559008893
838,1001,13,5,0.55,0.2,1000,diverse,aggregation,0.6448371411422178,,,0.5934637412047828
839,1001,13,5,0.55,0.2,1000,diverse,aggregation,0.6448371411422178,,,0.5938419128402462
840,1001,13,5,0.55,0.2,1000,diverse,aggregation,0.6448371411422178,,,0.5940674646341314
841,1001,13,5,0.55,0.2,1000,diverse,aggregation,0.6448371411422178,,,0.592826244527078
842,1001,13,5,0.55,0.2,1000,diverse,aggregation,0.6448371411422178,,,0.5912146737907156
843,1001,13,5,0.55,0.2,1000,diverse,aggregation,0.6448371411422178,,,0.5941605383813718
844,1001,13,5,0.55,0.2,1000,diverse,aggregation,0.6448371411422178,,,0.5930047378007797
845,1001,13,5,0.55,0.2,1000,diverse,aggregation,0.6448371411422178,,,0.5906919834640668
846,1001,13,5,0.55,0.2,1000,diverse,aggregation,0.6448371411422178,,,0.5930212124989209
847,1001,13,5,0.55,0.2,1000,diverse,aggregation,0.6448371411422178,,,0.5949182982835066
848,1001,13,5,0.55,0.2,1000,diverse,aggregation,0.6448371411422178,,,0.5933804170366672
849,1001,13,5,0.55,0.2,1000,diverse,aggregation,0.6448371411422178,,,0.5927658397389649
850,1001,13,5,0.55,0.2,1000,diverse,aggregation,0.6448371411422178,,,0.5961389626808378
851,1001,13,5,0.55,0.2,1000,diverse,aggregation,0.6448371411422178,,,0.5930916087153588
852,1001,13,5,0.55,0.2,1000,diverse,aggregation,0.6448371411422178,,,0.5920315367811202
853,1001,13,5,0.55,0.2,1000,diverse,aggregation,0.6448371411422178,,,0.5956682399621984
854,1001,13,5,0.55,0.2,1000,diverse,aggregation,0.6448371411422178,,,0.5928520187528522
855,1001,13,5,0.55,0.2,1000,diverse,aggregation,0.6448371411422178,,,0.59406618323035
856,1001,13,5,0.55,0.2,1000,diverse,aggregation,0.6448371411422178,,,0.5932747371686956
857,1001,13,5,0.55,0.2,1000,diverse,aggregation,0.6448371411422178,,,0.5902867723865641
858,1001,13,5,0.55,0.2,1000,diverse,aggregation,0.6448371411422178,,,0.5955617707755209
859,1001,13,5,0.55,0.2,1000,diverse,aggregation,0.6448371411422178,,,0.5927192711532296
860,1001,13,5,0.55,0.2,1000,diverse,aggregation,0.6448371411422178,,,0.5941167518823771
861,1001,13,5,0.55,0.2,1000,diverse,aggregation,0.6448371411422178,,,0.5950609378198962
862,1001,13,5,0.55,0.2,1000,diverse,aggregation,0.6448371411422178,,,0.5936439040974459
863,1001,13,5,0.55,0.2,1000,diverse,aggregation,0.6448371411422178,,,0.5931354919232004
864,1001,13,5,0.55,0.2,1000,diverse,aggregation,0.6448371411422178,,,0.5935478946824781
865,1001,13,5,0.55,0.2,1000,diverse,aggregation,0.6448371411422178,,,0.5941097606483025
866,1001,13,5,0.55,0.2,1000,diverse,aggregation,0.6448371411422178,,,0.5944914690016774
867,1001,13,5,0.55,0.2,1000,diverse,aggregation,0.6448371411422178,,,0.5931586662719998
868,1001,13,5,0.55,0.2,1000,diverse,aggregation,0.6448371411422178,,,0.5925216354555939
869,1001,13,5,0.55,0.2,1000,diverse,aggregation,0.6448371411422178,,,0.5942142312317313
870,1001,13,5,0.55,0.2,1000,diverse,aggregation,0.6448371411422178,,,0.5930157123432124
871,1001,13,5,0.55,0.2,1000,diverse,aggregation,0.6448371411422178,,,0.5926368547964382
872,1001,13,5,0.55,0.2,1000,diverse,aggregation,0.6448371411422178,,,0.5937208937513104
873,1001,13,5,0.55,0.2,1000,diverse,aggregation,0.6448371411422178,,,0.5932188603988606
874,1001,13,5,0.55,0.2,1000,diverse,aggregation,0.6448371411422178,,,0.5951133388756306
875,1001,13,5,0.55,0.2,1000,diverse,aggregation,0.6448371411422178,,,0.5933408733396235
876,1001,13,5,0.55,0.2,1000,diverse,aggregation,0.6448371411422178,,,0.591642502867503
877,1001,13,5,0.55,0.2,1000,diverse,aggregation,0.6448371411422178,,,0.5939709089367424
878,1001,13,5,0.55,0.2,1000,diverse,aggregation,0.6448371411422178,,,0.5964142210644294
879,1001,13,5,0.55,0.2,1000,diverse,aggregation,0.6448371411422178,,,0.5944777521706689
880,1001,13,5,0.55,0.2,1000,diverse,aggregation,0.6448371411422178,,,0.593478315873941
881,1001,13,5,0.55,0.2,1000,diverse,aggregation,0.6448371411422178,,,0.5954002360216945
882,1001,13,5,0.55,0.2,1000,diverse,aggregation,0.6448371411422178,,,0.5926615120913039
883,1001,13,5,0.55,0.2,1000,diverse,aggregation,0.6448371411422178,,,0.5919089413903997
884,1001,13,5,0.55,0.2,1000,diverse,aggregation,0.6448371411422178,,,0.5939179700931786
885,1001,13,5,0.55,0.2,1000,diverse,aggregation,0.6448371411422178,,,0.5943529205054208
886,1001,13,5,0.55,0.2,1000,diverse,aggregation,0.6448371411422178,,,0.5916930817716236
887,1001,13,5,0.55,0.2,1000,diverse,aggregation,0.6448371411422178,,,0.5932461798155549
888,1001,13,5,0.55,0.2,1000,diverse,aggregation,0.6448371411422178,,,0.5936947901789569
889,1001,13,5,0.55,0.2,1000,diverse,aggregation,0.6448371411422178,,,0.5932915903463821
890,1001,13,5,0.55,0.2,1000,diverse,aggregation,0.6448371411422178,,,0.5938085174547676
891,1001,13,5,0.55,0.2,1000,diverse,aggregation,0.6448371411422178,,,0.5916988584409419
892,1001,13,5,0.55,0.2,1000,diverse,aggregation,0.6448371411422178,,,0.5926207625476377
893,1001,13,5,0.55,0.2,1000,diverse,aggregation,0.6448371411422178,,,0.5934761920024422
894,1001,13,5,0.55,0.2,1000,diverse,aggregation,0.6448371411422178,,,0.5938251714874634
895,1001,13,5,0.55,0.2,1000,diverse,aggregation,0.6448371411422178,,,0.5939760339197842
896,1001,13,5,0.55,0.2,1000,diverse,aggregation,0.6448371411422178,,,0.5944813116744367
897,1001,13,5,0.55,0.2,1000,diverse,aggregation,0.6448371411422178,,,0.59284007648216
898,1001,13,5,0.55,0.2,1000,diverse,aggregation,0.6448371411422178,,,0.595115452495036
899,1001,13,5,0.55,0.2,1000,diverse,aggregation,0.6448371411422178,,,0.5940270628060212
900,1001,13,5,0.55,0.2,1000,diverse,aggregation,0.6448371411422178,,,0.5943431036787289
901,1001,13,5,0.55,0.2,1000,diverse,aggregation,0.6448371411422178,,,0.5927057011275763
902,1001,13,5,0.55,0.2,1000,diverse,aggregation,0.6448371411422178,,,0.5928240262977764
903,1001,13,5,0.55,0.2,1000,diverse,aggregation,0.6448371411422178,,,0.5931388047138049
904,1001,13,5,0.55,0.2,1000,diverse,aggregation,0.6448371411422178,,,0.5921875832809167
905,1001,13,5,0.55,0.2,1000,diverse,aggregation,0.6448371411422178,,,0.5936683573525241
906,1001,13,5,0.55,0.2,1000,diverse,aggregation,0.6448371411422178,,,0.5935610262191514
907,1001,13,5,0.55,0.2,1000,diverse,aggregation,0.6448371411422178,,,0.5914888389388391
908,1001,13,5,0.55,0.2,1000,diverse,aggregation,0.6448371411422178,,,0.591643192848818
909,1001,13,5,0.55,0.2,1000,diverse,aggregation,0.6448371411422178,,,0.5932316158301577
910,1001,13,5,0.55,0.2,1000,diverse,aggregation,0.6448371411422178,,,0.5929120454005872
911,1001,13,5,0.55,0.2,1000,diverse,aggregation,0.6448371411422178,,,0.5942757893726646
912,1001,13,5,0.55,0.2,1000,diverse,aggregation,0.6448371411422178,,,0.5927742735890653
913,1001,13,5,0.55,0.2,1000,diverse,aggregation,0.6448371411422178,,,0.593979217865468
914,1001,13,5,0.55,0.2,1000,diverse,aggregation,0.6448371411422178,,,0.5932376573734909
915,1001,13,5,0.55,0.2,1000,diverse,aggregation,0.6448371411422178,,,0.590792627881378
916,1001,13,5,0.55,0.2,1000,diverse,aggregation,0.6448371411422178,,,0.5957356213462465
917,1001,13,5,0.55,0.2,1000,diverse,aggregation,0.6448371411422178,,,0.594284039216956
918,1001,13,5,0.55,0.2,1000,diverse,aggregation,0.6448371411422178,,,0.592915635013135
919,1001,13,5,0.55,0.2,1000,diverse,aggregation,0.6448371411422178,,,0.5944322109217944
920,1001,13,5,0.55,0.2,1000,diverse,aggregation,0.6448371411422178,,,0.5942190325415327
921,1001,13,5,0.55,0.2,1000,diverse,aggregation,0.6448371411422178,,,0.5940388915636834
922,1001,13,5,0.55,0.2,1000,diverse,aggregation,0.6448371411422178,,,0.5926587040043292
923,1001,13,5,0.55,0.2,1000,diverse,aggregation,0.6448371411422178,,,0.5925535287320706
924,1001,13,5,0.55,0.2,1000,diverse,aggregation,0.6448371411422178,,,0.5931798441527609
925,1001,13,5,0.55,0.2,1000,diverse,aggregation,0.6448371411422178,,,0.5911382122121707
926,1001,13,5,0.55,0.2,1000,diverse,aggregation,0.6448371411422178,,,0.5933876420107671
927,1001,13,5,0.55,0.2,1000,diverse,aggregation,0.6448371411422178,,,0.5945647582278833
928,1001,13,5,0.55,0.2,1000,diverse,aggregation,0.6448371411422178,,,0.5914771663907081
929,1001,13,5,0.55,0.2,1000,diverse,aggregation,0.6448371411422178,,,0.5924313903149322
930,1001,13,5,0.55,0.2,1000,diverse,aggregation,0.6448371411422178,,,0.5925814937839938
931,1001,13,5,0.55,0.2,1000,diverse,aggregation,0.6448371411422178,,,0.5917744000212751
932,1001,13,5,0.55,0.2,1000,diverse,aggregation,0.6448371411422178,,,0.5946330108240527
933,1001,13,5,0.55,0.2,1000,diverse,aggregation,0.6448371411422178,,,0.5937167214035965
934,1001,13,5,0.55,0.2,1000,diverse,aggregation,0.6448371411422178,,,0.5917844182823351
935,1001,13,5,0.55,0.2,1000,diverse,aggregation,0.6448371411422178,,,0.5937396919053171
936,1001,13,5,0.55,0.2,1000,diverse,aggregation,0.6448371411422178,,,0.5923570068820069
937,1001,13,5,0.55,0.2,1000,diverse,aggregation,0.6448371411422178,,,0.5945834904601571
938,1001,13,5,0.55,0.2,1000,diverse,aggregation,0.6448371411422178,,,0.5947426787872623
939,1001,13,5,0.55,0.2,1000,diverse,aggregation,0.6448371411422178,,,0.591021952908203
940,1001,13,5,0.55,0.2,1000,diverse,aggregation,0.6448371411422178,,,0.592797920266462
941,1001,13,5,0.55,0.2,1000,diverse,aggregation,0.6448371411422178,,,0.5929465335282003
942,1001,13,5,0.55,0.2,1000,diverse,aggregation,0.6448371411422178,,,0.5933377607192192
943,1001,13,5,0.55,0.2,1000,diverse,aggregation,0.6448371411422178,,,0.5962607917468334
944,1001,13,5,0.55,0.2,1000,diverse,aggregation,0.6448371411422178,,,0.5934724865566533
945,1001,13,5,0.55,0.2,1000,diverse,aggregation,0.6448371411422178,,,0.5935758296333298
946,1001,13,5,0.55,0.2,1000,diverse,aggregation,0.6448371411422178,,,0.5914115947324282
947,1001,13,5,0.55,0.2,1000,diverse,aggregation,0.6448371411422178,,,0.5915530476545062
948,1001,13,5,0.55,0.2,1000,diverse,aggregation,0.6448371411422178,,,0.5935567451761203
949,1001,13,5,0.55,0.2,1000,diverse,aggregation,0.6448371411422178,,,0.5911093335368336
950,1001,13,5,0.55,0.2,1000,diverse,aggregation,0.6448371411422178,,,0.5944612957104625
951,1001,13,5,0.55,0.2,1000,diverse,aggregation,0.6448371411422178,,,0.5921943180353598
952,1001,13,5,0.55,0.2,1000,diverse,aggregation,0.6448371411422178,,,0.5905553691987027
953,1001,13,5,0.55,0.2,1000,diverse,aggregation,0.6448371411422178,,,0.5930569809280227
954,1001,13,5,0.55,0.2,1000,diverse,aggregation,0.6448371411422178,,,0.5922732386749054
955,1001,13,5,0.55,0.2,1000,diverse,aggregation,0.6448371411422178,,,0.5948231744644246
956,1001,13,5,0.55,0.2,1000,diverse,aggregation,0.6448371411422178,,,0.5923995884825054
957,1001,13,5,0.55,0.2,1000,diverse,aggregation,0.6448371411422178,,,0.5934857121813374
958,1001,13,5,0.55,0.2,1000,diverse,aggregation,0.6448371411422178,,,0.5924055949451784
959,1001,13,5,0.55,0.2,1000,diverse,aggregation,0.6448371411422178,,,0.5923600372929542
960,1001,13,5,0.55,0.2,1000,diverse,aggregation,0.6448371411422178,,,0.5929150501504669
961,1001,13,5,0.55,0.2,1000,diverse,aggregation,0.6448371411422178,,,0.5948294218821303
962,1001,13,5,0.55,0.2,1000,diverse,aggregation,0.6448371411422178,,,0.5928068192764028
963,1001,13,5,0.55,0.2,1000,diverse,aggregation,0.6448371411422178,,,0.5929988566063567
964,1001,13,5,0.55,0.2,1000,diverse,aggregation,0.6448371411422178,,,0.592297145909646
965,1001,13,5,0.55,0.2,1000,diverse,aggregation,0.6448371411422178,,,0.5926342884430386
966,1001,13,5,0.55,0.2,1000,diverse,aggregation,0.6448371411422178,,,0.5932359787357705
967,1001,13,5,0.55,0.2,1000,diverse,aggregation,0.6448371411422178,,,0.5936782821345323
968,1001,13,5,0.55,0.2,1000,diverse,aggregation,0.6448371411422178,,,0.5931376083099001
969,1001,13,5,0.55,0.2,1000,diverse,aggregation,0.6448371411422178,,,0.5935945635768555
970,1001,13,5,0.55,0.2,1000,diverse,aggregation,0.6448371411422178,,,0.5953311121825706
971,1001,13,5,0.55,0.2,1000,diverse,aggregation,0.6448371411422178,,,0.592744667176959
972,1001,13,5,0.55,0.2,1000,diverse,aggregation,0.6448371411422178,,,0.5906155231419816
973,1001,13,5,0.55,0.2,1000,diverse,aggregation,0.6448371411422178,,,0.5936761962497381
974,1001,13,5,0.55,0.2,1000,diverse,aggregation,0.6448371411422178,,,0.5921400342250344
975,1001,13,5,0.55,0.2,1000,diverse,aggregation,0.6448371411422178,,,0.5943525149002234
976,1001,13,5,0.55,0.2,1000,diverse,aggregation,0.6448371411422178,,,0.5948281026997694
977,1001,13,5,0.55,0.2,1000,diverse,aggregation,0.6448371411422178,,,0.5926777575896327
978,1001,13,5,0.55,0.2,1000,diverse,aggregation,0.6448371411422178,,,0.592551222874348
979,1001,13,5,0.55,0.2,1000,diverse,aggregation,0.6448371411422178,,,0.5926186292334211
980,1001,13,5,0.55,0.2,1000,diverse,aggregation,0.6448371411422178,,,0.5919314396868565
981,1001,13,5,0.55,0.2,1000,diverse,aggregation,0.6448371411422178,,,0.5897593324114159
982,1001,13,5,0.55,0.2,1000,diverse,aggregation,0.6448371411422178,,,0.5937116498779
983,1001,13,5,0.55,0.2,1000,diverse,aggregation,0.6448371411422178,,,0.5930905210684378
984,1001,13,5,0.55,0.2,1000,diverse,aggregation,0.6448371411422178,,,0.5949568174803592
985,1001,13,5,0.55,0.2,1000,diverse,aggregation,0.6448371411422178,,,0.5935117097871268
986,1001,13,5,0.55,0.2,1000,diverse,aggregation,0.6448371411422178,,,0.593090664844415
987,1001,13,5,0.55,0.2,1000,diverse,aggregation,0.6448371411422178,,,0.5921615153442238
988,1001,13,5,0.55,0.2,1000,diverse,aggregation,0.6448371411422178,,,0.5919020353180771
989,1001,13,5,0.55,0.2,1000,diverse,aggregation,0.6448371411422178,,,0.59416714315006
990,1001,13,5,0.55,0.2,1000,diverse,aggregation,0.6448371411422178,,,0.5931032074638325
991,1001,13,5,0.55,0.2,1000,diverse,aggregation,0.6448371411422178,,,0.5949171167798253
992,1001,13,5,0.55,0.2,1000,diverse,aggregation,0.6448371411422178,,,0.5927725945736364
993,1001,13,5,0.55,0.2,1000,diverse,aggregation,0.6448371411422178,,,0.5912818277093278
994,1001,13,5,0.55,0.2,1000,diverse,aggregation,0.6448371411422178,,,0.5929160260881096
995,1001,13,5,0.55,0.2,1000,diverse,aggregation,0.6448371411422178,,,0.59216525816005
996,1001,13,5,0.55,0.2,1000,diverse,aggregation,0.6448371411422178,,,0.5910820041301292
997,1001,13,5,0.55,0.2,1000,diverse,aggregation,0.6448371411422178,,,0.5922749370305621
998,1001,13,5,0.55,0.2,1000,diverse,aggregation,0.6448371411422178,,,0.5948332924791259
999,1001,13,5,0.55,0.2,1000,diverse,aggregation,0.6448371411422178,,,0.5957974844368595
1000,1001,13,5,0.55,0.2,1000,restricted_10,aggregation,0.6448371411422178,,,0.600580284630493
1001,1001,13,5,0.55,0.2,1000,restricted_10,aggregation,0.6448371411422178,,,0.6002680598336849
1002,1001,13,5,0.55,0.2,1000,restricted_10,aggregation,0.6448371411422178,,,0.6019761633736634
1003,1001,13,5,0.55,0.2,1000,restricted_10,aggregation,0.6448371411422178,,,0.6009050803363305
1004,1001,13,5,0.55,0.2,1000,restricted_10,aggregation,0.6448371411422178,,,0.6021623155316906
1005,1001,13,5,0.55,0.2,1000,restricted_10,aggregation,0.6448371411422178,,,0.602740803556012
1006,1001,13,5,0.55,0.2,1000,restricted_10,aggregation,0.6450135256683905,,,0.6026226783247618
1007,1001,13,5,0.55,0.2,1000,restricted_10,aggregation,0.6448371411422178,,,0.5986579834440252
1008,1001,13,5,0.55,0.2,1000,restricted_10,aggregation,0.6448371411422178,,,0.6033035666571084
1009,1001,13,5,0.55,0.2,1000,restricted_10,aggregation,0.6448371411422178,,,0.6013498370842123
1010,1001,13,5,0.55,0.2,1000,restricted_10,aggregation,0.6448371411422178,,,0.5992221174350342
1011,1001,13,5,0.55,0.2,1000,restricted_10,aggregation,0.6448371411422178,,,0.6019255036475871
1012,1001,13,5,0.55,0.2,1000,restricted_10,aggregation,0.6448371411422178,,,0.6028969842271926
1013,1001,13,5,0.55,0.2,1000,restricted_10,aggregation,0.6448371411422178,,,0.6005244388636056
1014,1001,13,5,0.55,0.2,1000,restricted_10,aggregation,0.6448371411422178,,,0.6009731879617297
1015,1001,13,5,0.55,0.2,1000,restricted_10,aggregation,0.6448371411422178,,,0.6011676661070412
1016,1001,13,5,0.55,0.2,1000,restricted_10,aggregation,0.6448371411422178,,,0.601876680341264
1017,1001,13,5,0.55,0.2,1000,restricted_10,aggregation,0.6448371411422178,,,0.6027461105098606
1018,1001,13,5,0.55,0.2,1000,restricted_10,aggregation,0.6448371411422178,,,0.601250070199862
1019,1001,13,5,0.55,0.2,1000,restricted_10,aggregation,0.6448371411422178,,,0.6009985420058339
1020,1001,13,5,0.55,0.2,1000,restricted_10,aggregation,0.6448371411422178,,,0.6005915197919365
1021,1001,13,5,0.55,0.2,1000,restricted_10,aggregation,0.6448371411422178,,,0.6000858905600575
1022,1001,13,5,0.55,0.2,1000,restricted_10,aggregation,0.6448371411422178,,,0.6017683828285912
1023,1001,13,5,0.55,0.2,1000,restricted_10,aggregation,0.6448371411422178,,,0.5998412943615029
1024,1001,13,5,0.55,0.2,1000,restricted_10,aggregation,0.6448371411422178,,,0.6006069093175345
1025,1001,13,5,0.55,0.2,1000,restricted_10,aggregation,0.6448371411422178,,,0.601186417163084
1026,1001,13,5,0.55,0.2,1000,restricted_10,aggregation,0.6448371411422178,,,0.6020247154003405
1027,1001,13,5,0.55,0.2,1000,restricted_10,aggregation,0.6448371411422178,,,0.6024875853082103
1028,1001,13,5,0.55,0.2,1000,restricted_10,aggregation,0.6448371411422178,,,0.5985441523368609
1029,1001,13,5,0.55,0.2,1000,restricted_10,aggregation,0.6448371411422178,,,0.6022289859137776
1030,1001,13,5,0.55,0.2,1000,restricted_10,aggregation,0.6448371411422178,,,0.6013024951514536
1031,1001,13,5,0.55,0.2,1000,restricted_10,aggregation,0.6448371411422178,,,0.601310893219435
1032,1001,13,5,0.55,0.2,1000,restricted_10,aggregation,0.6448371411422178,,,0.6030275517460936
1033,1001,13,5,0.55,0.2,1000,restricted_10,aggregation,0.6448371411422178,,,0.6015972784160285
1034,1001,13,5,0.55,0.2,1000,restricted_10,aggregation,0.6450754955633924,,,0.602297807817183
1035,1001,13,5,0.55,0.2,1000,restricted_10,aggregation,0.6448371411422178,,,0.6001465412982081
1036,1001,13,5,0.55,0.2,1000,restricted_10,aggregation,0.6448371411422178,,,0.6017245881433383
1037,1001,13,5,0.55,0.2,1000,restricted_10,aggregation,0.6455109400864346,,,0.6039151189088691
1038,1001,13,5,0.55,0.2,1000,restricted_10,aggregation,0.6448371411422178,,,0.5995584549401217
1039,1001,13,5,0.55,0.2,1000,restricted_10,aggregation,0.6448371411422178,,,0.6024732086817505
1040,1001,13,5,0.55,0.2,1000,restricted_10,aggregation,0.6448371411422178,,,0.601376978176145
1041,1001,13,5,0.55,0.2,1000,restricted_10,aggregation,0.6448371411422178,,,0.6003381774013025
1042,1001,13,5,0.55,0.2,1000,restricted_10,aggregation,0.6448371411422178,,,0.6014107131140466
1043,1001,13,5,0.55,0.2,1000,restricted_10,aggregation,0.6448371411422178,,,0.6003163259888261
1044,1001,13,5,0.55,0.2,1000,restricted_10,aggregation,0.6448371411422178,,,0.6031422716635217
1045,1001,13,5,0.55,0.2,1000,restricted_10,aggregation,0.6448371411422178,,,0.6011047622824707
1046,1001,13,5,0.55,0.2,1000,restricted_10,aggregation,0.6448371411422178,,,0.6021479431525266
1047,1001,13,5,0.55,0.2,1000,restricted_10,aggregation,0.6448371411422178,,,0.6019621547434049
1048,1001,13,5,0.55,0.2,1000,restricted_10,aggregation,0.6448371411422178,,,0.5995085658014826
1049,1001,13,5,0.55,0.2,1000,restricted_10,aggregation,0.6448371411422178,,,0.6021902556394224
1050,1001,13,5,0.55,0.2,1000,restricted_10,aggregation,0.6448371411422178,,,0.6013786166148667
1051,1001,13,5,0.55,0.2,1000,restricted_10,aggregation,0.6448371411422178,,,0.6025339595050013
1052,1001,13,5,0.55,0.2,1000,restricted_10,aggregation,0.6448371411422178,,,0.601372033892034
1053,1001,13,5,0.55,0.2,1000,restricted_10,aggregation,0.6448371411422178,,,0.6007737655862657
1054,1001,13,5,0.55,0.2,1000,restricted_10,aggregation,0.6448371411422178,,,0.6019831097297765
1055,1001,13,5,0.55,0.2,1000,restricted_10,aggregation,0.6448371411422178,,,0.6013768336678754
1056,1001,13,5,0.55,0.2,1000,restricted_10,aggregation,0.6450159893324348,,,0.6039811147340316
1057,1001,13,5,0.55,0.2,1000,restricted_10,aggregation,0.6448371411422178,,,0.6014555790197458
1058,1001,13,5,0.55,0.2,1000,restricted_10,aggregation,0.6448371411422178,,,0.6016710212241464
1059,1001,13,5,0.55,0.2,1000,restricted_10,aggregation,0.6448371411422178,,,0.6008803243284494
1060,1001,13,5,0.55,0.2,1000,restricted_10,aggregation,0.6448371411422178,,,0.6016665061635897
1061,1001,13,5,0.55,0.2,1000,restricted_10,aggregation,0.6450759734571853,,,0.6030743473655975
1062,1001,13,5,0.55,0.2,1000,restricted_10,aggregation,0.6448371411422178,,,0.6030524811299812
1063,1001,13,5,0.55,0.2,1000,restricted_10,aggregation,0.6448371411422178,,,0.6020575443615028
1064,1001,13,5,0.55,0.2,1000,restricted_10,aggregation,0.6448371411422178,,,0.6013399281197199
1065,1001,13,5,0.55,0.2,1000,restricted_10,aggregation,0.6448371411422178,,,0.6031406878923548
1066,1001,13,5,0.55,0.2,1000,restricted_10,aggregation,0.6448371411422178,,,0.6013551055426056
1067,1001,13,5,0.55,0.2,1000,restricted_10,aggregation,0.6463974550785964,,,0.6048205987530989
1068,1001,13,5,0.55,0.2,1000,restricted_10,aggregation,0.6448371411422178,,,0.6017550849998768
1069,1001,13,5,0.55,0.2,1000,restricted_10,aggregation,0.6448371411422178,,,0.6008475007477093
1070,1001,13,5,0.55,0.2,1000,restricted_10,aggregation,0.6448371411422178,,,0.601521485512944
1071,1001,13,5,0.55,0.2,1000,restricted_10,aggregation,0.6456406464876774,,,0.6013984724380558
1072,1001,13,5,0.55,0.2,1000,restricted_10,aggregation,0.6448371411422178,,,0.6019695209574377
1073,1001,13,5,0.55,0.2,1000,restricted_10,aggregation,0.6448371411422178,,,0.6006604874061124
1074,1001,13,5,0.55,0.2,1000,restricted_10,aggregation,0.6448371411422178,,,0.6013356531508616
1075,1001,13,5,0.55,0.2,1000,restricted_10,aggregation,0.6448371411422178,,,0.6021796415698499
1076,1001,13,5,0.55,0.2,1000,restricted_10,aggregation,0.6448371411422178,,,0.6025895509583011
1077,1001,13,5,0.55,0.2,1000,restricted_10,aggregation,0.6448371411422178,,,0.6010257235896821
1078,1001,13,5,0.55,0.2,1000,restricted_10,aggregation,0.6448371411422178,,,0.6023635385139554
1079,1001,13,5,0.55,0.2,1000,restricted_10,aggregation,0.6448371411422178,,,0.6014901932789433
1080,1001,13,5,0.55,0.2,1000,restricted_10,aggregation,0.6448371411422178,,,0.6027837045747464
1081,1001,13,5,0.55,0.2,1000,restricted_10,aggregation,0.6448371411422178,,,0.600028061914937
1082,1001,13,5,0.55,0.2,1000,restricted_10,aggregation,0.6448371411422178,,,0.6026473797267549
1083,1001,13,5,0.55,0.2,1000,restricted_10,aggregation,0.6448371411422178,,,0.6018981252312505
1084,1001,13,5,0.55,0.2,1000,restricted_10,aggregation,0.6448371411422178,,,0.6016903961008129
1085,1001,13,5,0.55,0.2,1000,restricted_10,aggregation,0.6448371411422178,,,0.5994335893812978
1086,1001,13,5,0.55,0.2,1000,restricted_10,aggregation,0.6448371411422178,,,0.6019629600954602
1087,1001,13,5,0.55,0.2,1000,restricted_10,aggregation,0.6448371411422178,,,0.6007572389184891
1088,1001,13,5,0.55,0.2,1000,restricted_10,aggregation,0.6448371411422178,,,0.6000693679006179
1089,1001,13,5,0.55,0.2,1000,restricted_10,aggregation,0.6448371411422178,,,0.6011113206931958
1090,1001,13,5,0.55,0.2,1000,restricted_10,aggregation,0.6448371411422178,,,0.5994221896853149
1091,1001,13,5,0.55,0.2,1000,restricted_10,aggregation,0.6448371411422178,,,0.601975135250552
1092,1001,13,5,0.55,0.2,1000,restricted_10,aggregation,0.6448371411422178,,,0.6027868805731307
1093,1001,13,5,0.55,0.2,1000,restricted_10,aggregation,0.6448371411422178,,,0.6019731991234076
1094,1001,13,5,0.55,0.2,1000,restricted_10,aggregation,0.6448371411422178,,,0.600838084338501
1095,1001,13,5,0.55,0.2,1000,restricted_10,aggregation,0.6451698494876836,,,0.6040622299305634
1096,1001,13,5,0.55,0.2,1000,restricted_10,aggregation,0.6450324350427826,,,0.6016762600362603
1097,1001,13,5,0.55,0.2,1000,restricted_10,aggregation,0.6448371411422178,,,0.5990455247761499
1098,1001,13,5,0.55,0.2,1000,restricted_10,aggregation,0.6457337091050589,,,0.6039560090912176
1099,1001,13,5,0.55,0.2,1000,restricted_10,aggregation,0.6448371411422178,,,0.6003694951499119
1100,1001,13,5,0.55,0.2,1000,restricted_10,aggregation,0.6448371411422178,,,0.602192570562154
1101,1001,13,5,0.55,0.2,1000,restricted_10,aggregation,0.6448371411422178,,,0.601181488472947
1102,1001,13,5,0.55,0.2,1000,restricted_10,aggregation,0.6449779607684849,,,0.6006871856846858
1103,1001,13,5,0.55,0.2,1000,restricted_10,aggregation,0.6448371411422178,,,0.6003489522052023
1104,1001,13,5,0.55,0.2,1000,restricted_10,aggregation,0.6451970714245207,,,0.6029424561241228
1105,1001,13,5,0.55,0.2,1000,restricted_10,aggregation,0.6450165766409696,,,0.6003373208350292
1106,1001,13,5,0.55,0.2,1000,restricted_10,aggregation,0.6448371411422178,,,0.6007912983852568
1107,1001,13,5,0.55,0.2,1000,restricted_10,aggregation,0.6448371411422178,,,0.601797734564818
1108,1001,13,5,0.55,0.2,1000,restricted_10,aggregation,0.6448371411422178,,,0.5985158772015023
1109,1001,13,5,0.55,0.2,1000,restricted_10,aggregation,0.6449973400607975,,,0.6026420536022621
1110,1001,13,5,0.55,0.2,1000,restricted_10,aggregation,0.6448371411422178,,,0.601784485637819
1111,1001,13,5,0.55,0.2,1000,restricted_10,aggregation,0.6448371411422178,,,0.6008498288748289
1112,1001,13,5,0.55,0.2,1000,restricted_10,aggregation,0.6450963275231606,,,0.6016022736060238
1113,1001,13,5,0.55,0.2,1000,restricted_10,aggregation,0.6448371411422178,,,0.6004751815699734
1114,1001,13,5,0.55,0.2,1000,restricted_10,aggregation,0.6448371411422178,,,0.601353485457444
1115,1001,13,5,0.55,0.2,1000,restricted_10,aggregation,0.6449637393503951,,,0.6014902736229821
1116,1001,13,5,0.55,0.2,1000,restricted_10,aggregation,0.6448371411422178,,,0.6007103429518015
1117,1001,13,5,0.55,0.2,1000,restricted_10,aggregation,0.6448371411422178,,,0.6011143443285112
1118,1001,13,5,0.55,0.2,1000,restricted_10,aggregation,0.6448371411422178,,,0.5995164955646207
1119,1001,13,5,0.55,0.2,1000,restricted_10,aggregation,0.6448371411422178,,,0.6029728220544889
1120,1001,13,5,0.55,0.2,1000,restricted_10,aggregation,0.6448371411422178,,,0.5999258747039998
1121,1001,13,5,0.55,0.2,1000,restricted_10,aggregation,0.6448371411422178,,,0.6034908435545937
1122,1001,13,5,0.55,0.2,1000,restricted_10,aggregation,0.6448371411422178,,,0.6020644598071683
1123,1001,13,5,0.55,0.2,1000,restricted_10,aggregation,0.6448371411422178,,,0.6017519123006625
1124,1001,13,5,0.55,0.2,1000,restricted_10,aggregation,0.6448371411422178,,,0.5993955002867505
1125,1001,13,5,0.55,0.2,1000,restricted_10,aggregation,0.6448371411422178,,,0.6027339765558517
1126,1001,13,5,0.55,0.2,1000,restricted_10,aggregation,0.6449779607684849,,,0.6014287159985078
1127,1001,13,5,0.55,0.2,1000,restricted_10,aggregation,0.6448371411422178,,,0.6018602838211173
1128,1001,13,5,0.55,0.2,1000,restricted_10,aggregation,0.6450533457436564,,,0.602965696101738
1129,1001,13,5,0.55,0.2,1000,restricted_10,aggregation,0.6448371411422178,,,0.6016563327336244
1130,1001,13,5,0.55,0.2,1000,restricted_10,aggregation,0.6448371411422178,,,0.6007350328991996
1131,1001,13,5,0.55,0.2,1000,restricted_10,aggregation,0.6448371411422178,,,0.6005930704480705
1132,1001,13,5,0.55,0.2,1000,restricted_10,aggregation,0.6448371411422178,,,0.6018247053949137
1133,1001,13,5,0.55,0.2,1000,restricted_10,aggregation,0.6448371411422178,,,0.6027957594643012
1134,1001,13,5,0.55,0.2,1000,restricted_10,aggregation,0.6448371411422178,,,0.6012302310112729
1135,1001,13,5,0.55,0.2,1000,restricted_10,aggregation,0.6448371411422178,,,0.6012848700296619
1136,1001,13,5,0.55,0.2,1000,restricted_10,aggregation,0.6448371411422178,,,0.6011887429931181
1137,1001,13,5,0.55,0.2,1000,restricted_10,aggregation,0.6452662049430624,,,0.6024008262956181
1138,1001,13,5,0.55,0.2,1000,restricted_10,aggregation,0.6448371411422178,,,0.6012160306591559
1139,1001,13,5,0.55,0.2,1000,restricted_10,aggregation,0.6448371411422178,,,0.6015577207668875
1140,1001,13,5,0.55,0.2,1000,restricted_10,aggregation,0.6448371411422178,,,0.6018732516634602
1141,1001,13,5,0.55,0.2,1000,restricted_10,aggregation,0.6448371411422178,,,0.6008565829926248
1142,1001,13,5,0.55,0.2,1000,restricted_10,aggregation,0.6448371411422178,,,0.6013364669898006
1143,1001,13,5,0.55,0.2,1000,restricted_10,aggregation,0.6448371411422178,,,0.6021901446932699
1144,1001,13,5,0.55,0.2,1000,restricted_10,aggregation,0.6448371411422178,,,0.6022545926835512
1145,1001,13,5,0.55,0.2,1000,restricted_10,aggregation,0.6448371411422178,,,0.6013221194392029
1146,1001,13,5,0.55,0.2,1000,restricted_10,aggregation,0.6448371411422178,,,0.6015990863457532
1147,1001,13,5,0.55,0.2,1000,restricted_10,aggregation,0.6448371411422178,,,0.6019639712833463
1148,1001,13,5,0.55,0.2,1000,restricted_10,aggregation,0.6448371411422178,,,0.6009296658279992
1149,1001,13,5,0.55,0.2,1000,restricted_10,aggregation,0.6448371411422178,,,0.6004282107475859
1150,1001,13,5,0.55,0.2,1000,restricted_10,aggregation,0.6448371411422178,,,0.6010263227821563
1151,1001,13,5,0.55,0.2,1000,restricted_10,aggregation,0.64505207033758,,,0.6022538027558864
1152,1001,13,5,0.55,0.2,1000,restricted_10,aggregation,0.6448371411422178,,,0.600867516835017
1153,1001,13,5,0.55,0.2,1000,restricted_10,aggregation,0.6448371411422178,,,0.6001752503823339
1154,1001,13,5,0.55,0.2,1000,restricted_10,aggregation,0.6448371411422178,,,0.600890704896955
1155,1001,13,5,0.55,0.2,1000,restricted_10,aggregation,0.6448371411422178,,,0.6004397832722834
1156,1001,13,5,0.55,0.2,1000,restricted_10,aggregation,0.6448371411422178,,,0.6005423136277304
1157,1001,13,5,0.55,0.2,1000,restricted_10,aggregation,0.6448371411422178,,,0.602822652586611
1158,1001,13,5,0.55,0.2,1000,restricted_10,aggregation,0.6448371411422178,,,0.6004507136536306
1159,1001,13,5,0.55,0.2,1000,restricted_10,aggregation,0.6448371411422178,,,0.6001888066254732
1160,1001,13,5,0.55,0.2,1000,restricted_10,aggregation,0.6448371411422178,,,0.5994846491548577
1161,1001,13,5,0.55,0.2,1000,restricted_10,aggregation,0.6448371411422178,,,0.6015592995815914
1162,1001,13,5,0.55,0.2,1000,restricted_10,aggregation,0.6448371411422178,,,0.6011181320685488
1163,1001,13,5,0.55,0.2,1000,restricted_10,aggregation,0.6448371411422178,,,0.600992277298319
1164,1001,13,5,0.55,0.2,1000,restricted_10,aggregation,0.6450963275231606,,,0.6023364747675166
1165,1001,13,5,0.55,0.2,1000,restricted_10,aggregation,0.6448371411422178,,,0.6017657481484566
1166,1001,13,5,0.55,0.2,1000,restricted_10,aggregation,0.6448371411422178,,,0.6023461162217413
1167,1001,13,5,0.55,0.2,1000,restricted_10,aggregation,0.6448371411422178,,,0.6018234469465721
1168,1001,13,5,0.55,0.2,1000,restricted_10,aggregation,0.6448371411422178,,,0.6013456471460639
1169,1001,13,5,0.55,0.2,1000,restricted_10,aggregation,0.6448371411422178,,,0.5990290128698463
1170,1001,13,5,0.55,0.2,1000,restricted_10,aggregation,0.6448371411422178,,,0.6012540423927926
1171,1001,13,5,0.55,0.2,1000,restricted_10,aggregation,0.6448371411422178,,,0.6008733300495801
1172,1001,13,5,0.55,0.2,1000,restricted_10,aggregation,0.645623319036362,,,0.6021708004187173
1173,1001,13,5,0.55,0.2,1000,restricted_10,aggregation,0.6448371411422178,,,0.5997066573164491
1174,1001,13,5,0.55,0.2,1000,restricted_10,aggregation,0.6448371411422178,,,0.6002395281570283
1175,1001,13,5,0.55,0.2,1000,restricted_10,aggregation,0.6448371411422178,,,0.6027238106877691
1176,1001,13,5,0.55,0.2,1000,restricted_10,aggregation,0.6448371411422178,,,0.6015134977676646
1177,1001,13,5,0.55,0.2,1000,restricted_10,aggregation,0.6448371411422178,,,0.6016890626965627
1178,1001,13,5,0.55,0.2,1000,restricted_10,aggregation,0.6448371411422178,,,0.6003020675004009
1179,1001,13,5,0.55,0.2,1000,restricted_10,aggregation,0.645332484988143,,,0.602776447225614
1180,1001,13,5,0.55,0.2,1000,restricted_10,aggregation,0.6448371411422178,,,0.6010497868643703
1181,1001,13,5,0.55,0.2,1000,restricted_10,aggregation,0.6448371411422178,,,0.6025579719508888
1182,1001,13,5,0.55,0.2,1000,restricted_10,aggregation,0.6448371411422178,,,0.6023386658865827
1183,1001,13,5,0.55,0.2,1000,restricted_10,aggregation,0.6455757469913638,,,0.6026089769566855
1184,1001,13,5,0.55,0.2,1000,restricted_10,aggregation,0.6448371411422178,,,0.6009132302728138
1185,1001,13,5,0.55,0.2,1000,restricted_10,aggregation,0.6448371411422178,,,0.6003132978287147
1186,1001,13,5,0.55,0.2,1000,restricted_10,aggregation,0.6448371411422178,,,0.6001518963752298
1187,1001,13,5,0.55,0.2,1000,restricted_10,aggregation,0.6448371411422178,,,0.6028532637115972
1188,1001,13,5,0.55,0.2,1000,restricted_10,aggregation,0.6448371411422178,,,0.60169190483128
1189,1001,13,5,0.55,0.2,1000,restricted_10,aggregation,0.6448371411422178,,,0.601407516226058
1190,1001,13,5,0.55,0.2,1000,restricted_10,aggregation,0.6448371411422178,,,0.6021323082781417
1191,1001,13,5,0.55,0.2,1000,restricted_10,aggregation,0.6448371411422178,,,0.6016753646739065
1192,1001,13,5,0.55,0.2,1000,restricted_10,aggregation,0.6448371411422178,,,0.6011801862181032
1193,1001,13,5,0.55,0.2,1000,restricted_10,aggregation,0.6448371411422178,,,0.6005472390572393
1194,1001,13,5,0.55,0.2,1000,restricted_10,aggregation,0.6450153450236976,,,0.6034990797011631
1195,1001,13,5,0.55,0.2,1000,restricted_10,aggregation,0.6448371411422178,,,0.5999974037613622
1196,1001,13,5,0.55,0.2,1000,restricted_10,aggregation,0.6448371411422178,,,0.6007454400460652
1197,1001,13,5,0.55,0.2,1000,restricted_10,aggregation,0.6448371411422178,,,0.5997733364320865
1198,1001,13,5,0.55,0.2,1000,restricted_10,aggregation,0.6448371411422178,,,0.6014840319788238
1199,1001,13,5,0.55,0.2,1000,restricted_10,aggregation,0.6452933655322384,,,0.6039745864320865
1200,1001,13,5,0.55,0.2,1000,restricted_10,aggregation,0.6448371411422178,,,0.6020865953259704
1201,1001,13,5,0.55,0.2,1000,restricted_10,aggregation,0.6448371411422178,,,0.6013151197876199
1202,1001,13,5,0.55,0.2,1000,restricted_10,aggregation,0.6448371411422178,,,0.6012914439572774
1203,1001,13,5,0.55,0.2,1000,restricted_10,aggregation,0.6448371411422178,,,0.6012571332371335
1204,1001,13,5,0.55,0.2,1000,restricted_10,aggregation,0.6448371411422178,,,0.6010461628572046
1205,1001,13,5,0.55,0.2,1000,restricted_10,aggregation,0.6448371411422178,,,0.6001022126253378
1206,1001,13,5,0.55,0.2,1000,restricted_10,aggregation,0.6448371411422178,,,0.6028774040311541
1207,1001,13,5,0.55,0.2,1000,restricted_10,aggregation,0.6450963275231606,,,0.6030184153886238
1208,1001,13,5,0.55,0.2,1000,restricted_10,aggregation,0.6448371411422178,,,0.6010830679351514
1209,1001,13,5,0.55,0.2,1000,restricted_10,aggregation,0.6448371411422178,,,0.6023933269122854
1210,1001,13,5,0.55,0.2,1000,restricted_10,aggregation,0.6448371411422178,,,0.6012582150257151
1211,1001,13,5,0.55,0.2,1000,restricted_10,aggregation,0.6448371411422178,,,0.6024332253471838
1212,1001,13,5,0.55,0.2,1000,restricted_10,aggregation,0.6448371411422178,,,0.5998839654172988
1213,1001,13,5,0.55,0.2,1000,restricted_10,aggregation,0.6448371411422178,,,0.5996575561938063
1214,1001,13,5,0.55,0.2,1000,restricted_10,aggregation,0.6448371411422178,,,0.6016866656106241
1215,1001,13,5,0.55,0.2,1000,restricted_10,aggregation,0.6448371411422178,,,0.6006564503397839
1216,1001,13,5,0.55,0.2,1000,restricted_10,aggregation,0.6448371411422178,,,0.6017563774805442
1217,1001,13,5,0.55,0.2,1000,restricted_10,aggregation,0.6448371411422178,,,0.6024799017880269
1218,1001,13,5,0.55,0.2,1000,restricted_10,aggregation,0.6448371411422178,,,0.6004963170471505
1219,1001,13,5,0.55,0.2,1000,restricted_10,aggregation,0.6448371411422178,,,0.6018041648552066
1220,1001,13,5,0.55,0.2,1000,restricted_10,aggregation,0.6448371411422178,,,0.59842233662942
1221,1001,13,5,0.55,0.2,1000,restricted_10,aggregation,0.6448371411422178,,,0.5989597019415771
1222,1001,13,5,0.55,0.2,1000,restricted_10,aggregation,0.6448371411422178,,,0.5991943667520752
1223,1001,13,5,0.55,0.2,1000,restricted_10,aggregation,0.6448371411422178,,,0.6001779424279425
1224,1001,13,5,0.55,0.2,1000,restricted_10,aggregation,0.6448371411422178,,,0.6000024249284668
1225,1001,13,5,0.55,0.2,1000,restricted_10,aggregation,0.6448371411422178,,,0.6019763787832538
1226,1001,13,5,0.55,0.2,1000,restricted_10,aggregation,0.6448371411422178,,,0.6010542424011175
1227,1001,13,5,0.55,0.2,1000,restricted_10,aggregation,0.6448371411422178,,,0.6009103211449047
1228,1001,13,5,0.55,0.2,1000,restricted_10,aggregation,0.6448371411422178,,,0.6028565233917318
1229,1001,13,5,0.55,0.2,1000,restricted_10,aggregation,0.6457965664447073,,,0.6023842807578226
1230,1001,13,5,0.55,0.2,1000,restricted_10,aggregation,0.6448371411422178,,,0.6020231456737709
1231,1001,13,5,0.55,0.2,1000,restricted_10,aggregation,0.6448371411422178,,,0.601071032339574
1232,1001,13,5,0.55,0.2,1000,restricted_10,aggregation,0.6448371411422178,,,0.5999634885947387
1233,1001,13,5,0.55,0.2,1000,restricted_10,aggregation,0.6448371411422178,,,0.6004160936825521
1234,1001,13,5,0.55,0.2,1000,restricted_10,aggregation,0.6448371411422178,,,0.6000165529686364
1235,1001,13,5,0.55,0.2,1000,restricted_10,aggregation,0.6448371411422178,,,0.6001766909402327
1236,1001,13,5,0.55,0.2,1000,restricted_10,aggregation,0.6448371411422178,,,0.602165491869242
1237,1001,13,5,0.55,0.2,1000,restricted_10,aggregation,0.6448371411422178,,,0.6023963066640152
1238,1001,13,5,0.55,0.2,1000,restricted_10,aggregation,0.6448371411422178,,,0.6020101385959721
1239,1001,13,5,0.55,0.2,1000,restricted_10,aggregation,0.6448371411422178,,,0.6017303526103528
1240,1001,13,5,0.55,0.2,1000,restricted_10,aggregation,0.6448371411422178,,,0.6013759714282633
1241,1001,13,5,0.55,0.2,1000,restricted_10,aggregation,0.6448371411422178,,,0.6022914961196212
1242,1001,13,5,0.55,0.2,1000,restricted_10,aggregation,0.6450436156421167,,,0.6014671854071856
1243,1001,13,5,0.55,0.2,1000,restricted_10,aggregation,0.6448371411422178,,,0.6023629880998633
1244,1001,13,5,0.55,0.2,1000,restricted_10,aggregation,0.6448371411422178,,,0.6021374076078244
1245,1001,13,5,0.55,0.2,1000,restricted_10,aggregation,0.6451001995305093,,,0.6026985468312553
1246,1001,13,5,0.55,0.2,1000,restricted_10,aggregation,0.6448371411422178,,,0.5984401681112099
1247,1001,13,5,0.55,0.2,1000,restricted_10,aggregation,0.6448371411422178,,,0.6022339218805886
1248,1001,13,5,0.55,0.2,1000,restricted_10,aggregation,0.6448371411422178,,,0.5996207404169905
1249,1001,13,5,0.55,0.2,1000,restricted_10,aggregation,0.645362050217431,,,0.6035182102619604
1250,1001,13,5,0.55,0.2,1000,restricted_10,aggregation,0.6448371411422178,,,0.60222834482647
1251,1001,13,5,0.55,0.2,1000,restricted_10,aggregation,0.6448371411422178,,,0.6007150163648082
1252,1001,13,5,0.55,0.2,1000,restricted_10,aggregation,0.6448371411422178,,,0.6003601121486539
1253,1001,13,5,0.55,0.2,1000,restricted_10,aggregation,0.6448371411422178,,,0.6007313421146756
1254,1001,13,5,0.55,0.2,1000,restricted_10,aggregation,0.6448371411422178,,,0.6034271822621823
1255,1001,13,5,0.55,0.2,1000,restricted_10,aggregation,0.6448371411422178,,,0.6011486950780701
1256,1001,13,5,0.55,0.2,1000,restricted_10,aggregation,0.6448371411422178,,,0.601908174880675
1257,1001,13,5,0.55,0.2,1000,restricted_10,aggregation,0.6448371411422178,,,0.6021691511420679
1258,1001,13,5,0.55,0.2,1000,restricted_10,aggregation,0.6448371411422178,,,0.6012749014642765
1259,1001,13,5,0.55,0.2,1000,restricted_10,aggregation,0.6450310467593607,,,0.6020285730241981
1260,1001,13,5,0.55,0.2,1000,restricted_10,aggregation,0.645553029806974,,,0.6025572403753655
1261,1001,13,5,0.55,0.2,1000,restricted_10,aggregation,0.6448371411422178,,,0.5988415750376168
1262,1001,13,5,0.55,0.2,1000,restricted_10,aggregation,0.6448371411422178,,,0.6001840553890555
1263,1001,13,5,0.55,0.2,1000,restricted_10,aggregation,0.6448371411422178,,,0.6018577330000249
1264,1001,13,5,0.55,0.2,1000,restricted_10,aggregation,0.6450546068107744,,,0.6025497162636747
1265,1001,13,5,0.55,0.2,1000,restricted_10,aggregation,0.6448371411422178,,,0.6019331163281164
1266,1001,13,5,0.55,0.2,1000,restricted_10,aggregation,0.6448371411422178,,,0.6022696487308988
1267,1001,13,5,0.55,0.2,1000,restricted_10,aggregation,0.6448371411422178,,,0.6035496481450651
1268,1001,13,5,0.55,0.2,1000,restricted_10,aggregation,0.6449332575403192,,,0.6011682910376662
1269,1001,13,5,0.55,0.2,1000,restricted_10,aggregation,0.6448371411422178,,,0.6004619312015146
1270,1001,13,5,0.55,0.2,1000,restricted_10,aggregation,0.6448371411422178,,,0.6009904466444052
1271,1001,13,5,0.55,0.2,1000,restricted_10,aggregation,0.6451538382850948,,,0.603406704553163
1272,1001,13,5,0.55,0.2,1000,restricted_10,aggregation,0.6456673355034819,,,0.6033311500767751
1273,1001,13,5,0.55,0.2,1000,restricted_10,aggregation,0.6448371411422178,,,0.6005084772480608
1274,1001,13,5,0.55,0.2,1000,restricted_10,aggregation,0.6450754955633924,,,0.6030452130508382
1275,1001,13,5,0.55,0.2,1000,restricted_10,aggregation,0.6448371411422178,,,0.6015403817401735
1276,1001,13,5,0.55,0.2,1000,restricted_10,aggregation,0.6448371411422178,,,0.6025226845608098
1277,1001,13,5,0.55,0.2,1000,restricted_10,aggregation,0.6448371411422178,,,0.6006930499438834
1278,1001,13,5,0.55,0.2,1000,restricted_10,aggregation,0.6448371411422178,,,0.6011193814056315
1279,1001,13,5,0.55,0.2,1000,restricted_10,aggregation,0.6452368000199574,,,0.6005754901734068
1280,1001,13,5,0.55,0.2,1000,restricted_10,aggregation,0.6448371411422178,,,0.6012889254649673
1281,1001,13,5,0.55,0.2,1000,restricted_10,aggregation,0.6448371411422178,,,0.599460057272974
1282,1001,13,5,0.55,0.2,1000,restricted_10,aggregation,0.6452109078345567,,,0.601290497519456
1283,1001,13,5,0.55,0.2,1000,restricted_10,aggregation,0.6448371411422178,,,0.6000957428759514
1284,1001,13,5,0.55,0.2,1000,restricted_10,aggregation,0.6448371411422178,,,0.6002619888367806
1285,1001,13,5,0.55,0.2,1000,restricted_10,aggregation,0.6448371411422178,,,0.6007675662917331
1286,1001,13,5,0.55,0.2,1000,restricted_10,aggregation,0.6448371411422178,,,0.6012391792852211
1287,1001,13,5,0.55,0.2,1000,restricted_10,aggregation,0.6448371411422178,,,0.5997319371138122
1288,1001,13,5,0.55,0.2,1000,restricted_10,aggregation,0.6448371411422178,,,0.6012447303622305
1289,1001,13,5,0.55,0.2,1000,restricted_10,aggregation,0.6448371411422178,,,0.5996261455365623
1290,1001,13,5,0.55,0.2,1000,restricted_10,aggregation,0.6448371411422178,,,0.5994481450879369
1291,1001,13,5,0.55,0.2,1000,restricted_10,aggregation,0.6448371411422178,,,0.6023659116577867
1292,1001,13,5,0.55,0.2,1000,restricted_10,aggregation,0.6448371411422178,,,0.5985976453253538
1293,1001,13,5,0.55,0.2,1000,restricted_10,aggregation,0.6448371411422178,,,0.602840080459664
1294,1001,13,5,0.55,0.2,1000,restricted_10,aggregation,0.6448371411422178,,,0.6014954167437502
1295,1001,13,5,0.55,0.2,1000,restricted_10,aggregation,0.6449597529249871,,,0.6034559125057042
1296,1001,13,5,0.55,0.2,1000,restricted_10,aggregation,0.6448371411422178,,,0.6017481486337738
1297,1001,13,5,0.55,0.2,1000,restricted_10,aggregation,0.6448371411422178,,,0.6022596177279511
1298,1001,13,5,0.55,0.2,1000,restricted_10,aggregation,0.6448371411422178,,,0.5995172715093549
1299,1001,13,5,0.55,0.2,1000,restricted_10,aggregation,0.6448371411422178,,,0.6010820007230425
1300,1001,13,5,0.55,0.2,1000,restricted_10,aggregation,0.6448371411422178,,,0.6010359054525722
1301,1001,13,5,0.55,0.2,1000,restricted_10,aggregation,0.6450759734571853,,,0.6033273878821797
1302,1001,13,5,0.55,0.2,1000,restricted_10,aggregation,0.6448371411422178,,,0.600553968832094
1303,1001,13,5,0.55,0.2,1000,restricted_10,aggregation,0.6450752116733351,,,0.6015478320367905
1304,1001,13,5,0.55,0.2,1000,restricted_10,aggregation,0.6448371411422178,,,0.6022310220335222
1305,1001,13,5,0.55,0.2,1000,restricted_10,aggregation,0.6448371411422178,,,0.6011770957668875
1306,1001,13,5,0.55,0.2,1000,restricted_10,aggregation,0.6448371411422178,,,0.5990409653078405
1307,1001,13,5,0.55,0.2,1000,restricted_10,aggregation,0.6448371411422178,,,0.6016914690402192
1308,1001,13,5,0.55,0.2,1000,restricted_10,aggregation,0.6448371411422178,,,0.6023358920786006
1309,1001,13,5,0.55,0.2,1000,restricted_10,aggregation,0.6448371411422178,,,0.6014720678010262
1310,1001,13,5,0.55,0.2,1000,restricted_10,aggregation,0.6448371411422178,,,0.6021823084246002
1311,1001,13,5,0.55,0.2,1000,restricted_10,aggregation,0.6448371411422178,,,0.6017494350325602
1312,1001,13,5,0.55,0.2,1000,restricted_10,aggregation,0.6448371411422178,,,0.6018037750906502
1313,1001,13,5,0.55,0.2,1000,restricted_10,aggregation,0.6448371411422178,,,0.6006255296246964
1314,1001,13,5,0.55,0.2,1000,restricted_10,aggregation,0.6448371411422178,,,0.6008834289244707
1315,1001,13,5,0.55,0.2,1000,restricted_10,aggregation,0.6453348614577298,,,0.6028274939104107
1316,1001,13,5,0.55,0.2,1000,restricted_10,aggregation,0.6448371411422178,,,0.6014385383289551
1317,1001,13,5,0.55,0.2,1000,restricted_10,aggregation,0.6448371411422178,,,0.600695066106733
1318,1001,13,5,0.55,0.2,1000,restricted_10,aggregation,0.6448371411422178,,,0.6010290949174283
1319,1001,13,5,0.55,0.2,1000,restricted_10,aggregation,0.6448371411422178,,,0.5998408023766358
1320,1001,13,5,0.55,0.2,1000,restricted_10,aggregation,0.6448371411422178,,,0.601027141230683
1321,1001,13,5,0.55,0.2,1000,restricted_10,aggregation,0.6453513033595584,,,0.6020025160256411
1322,1001,13,5,0.55,0.2,1000,restricted_10,aggregation,0.6449297216722407,,,0.6014522545278796
1323,1001,13,5,0.55,0.2,1000,restricted_10,aggregation,0.6448371411422178,,,0.6022477690750608
1324,1001,13,5,0.55,0.2,1000,restricted_10,aggregation,0.6448371411422178,,,0.6012067761174011
1325,1001,13,5,0.55,0.2,1000,restricted_10,aggregation,0.6448371411422178,,,0.6021237687929357
1326,1001,13,5,0.55,0.2,1000,restricted_10,aggregation,0.6448371411422178,,,0.6011927502667087
1327,1001,13,5,0.55,0.2,1000,restricted_10,aggregation,0.6448371411422178,,,0.6019273339237924
1328,1001,13,5,0.55,0.2,1000,restricted_10,aggregation,0.6448371411422178,,,0.6009761328332163
1329,1001,13,5,0.55,0.2,1000,restricted_10,aggregation,0.6448371411422178,,,0.6007807803461972
1330,1001,13,5,0.55,0.2,1000,restricted_10,aggregation,0.6448371411422178,,,0.6008926690207941
1331,1001,13,5,0.55,0.2,1000,restricted_10,aggregation,0.6448371411422178,,,0.6002029346810598
1332,1001,13,5,0.55,0.2,1000,restricted_10,aggregation,0.6448371411422178,,,0.6006941766798017
1333,1001,13,5,0.55,0.2,1000,restricted_10,aggregation,0.6448371411422178,,,0.6024892990188825
1334,1001,13,5,0.55,0.2,1000,restricted_10,aggregation,0.6448371411422178,,,0.5996291608545776
1335,1001,13,5,0.55,0.2,1000,restricted_10,aggregation,0.6448371411422178,,,0.6019760034255869
1336,1001,13,5,0.55,0.2,1000,restricted_10,aggregation,0.6448371411422178,,,0.6006309369026037
1337,1001,13,5,0.55,0.2,1000,restricted_10,aggregation,0.6448371411422178,,,0.602479273581357
1338,1001,13,5,0.55,0.2,1000,restricted_10,aggregation,0.6448371411422178,,,0.5999877009024928
1339,1001,13,5,0.55,0.2,1000,restricted_10,aggregation,0.6448371411422178,,,0.6022499628535046
1340,1001,13,5,0.55,0.2,1000,restricted_10,aggregation,0.6448371411422178,,,0.6011681490808576
1341,1001,13,5,0.55,0.2,1000,restricted_10,aggregation,0.6449611094288702,,,0.602223425494259
1342,1001,13,5,0.55,0.2,1000,restricted_10,aggregation,0.6448371411422178,,,0.6025660318924903
1343,1001,13,5,0.55,0.2,1000,restricted_10,aggregation,0.6448371411422178,,,0.6006007520411688
1344,1001,13,5,0.55,0.2,1000,restricted_10,aggregation,0.644977735959292,,,0.603144650519234
1345,1001,13,5,0.55,0.2,1000,restricted_10,aggregation,0.6448371411422178,,,0.6007631322766742
1346,1001,13,5,0.55,0.2,1000,restricted_10,aggregation,0.6448371411422178,,,0.5990611668886671
1347,1001,13,5,0.55,0.2,1000,restricted_10,aggregation,0.6448371411422178,,,0.5999375383258717
1348,1001,13,5,0.55,0.2,1000,restricted_10,aggregation,0.6448371411422178,,,0.6016552771996523
1349,1001,13,5,0.55,0.2,1000,restricted_10,aggregation,0.6448371411422178,,,0.6003411587872005
1350,1001,13,5,0.55,0.2,1000,restricted_10,aggregation,0.6448371411422178,,,0.6004566568693653
1351,1001,13,5,0.55,0.2,1000,restricted_10,aggregation,0.6448371411422178,,,0.5994395053480471
1352,1001,13,5,0.55,0.2,1000,restricted_10,aggregation,0.645510301317413,,,0.6021491796783465
1353,1001,13,5,0.55,0.2,1000,restricted_10,aggregation,0.6448371411422178,,,0.6031646686723771
1354,1001,13,5,0.55,0.2,1000,restricted_10,aggregation,0.6448371411422178,,,0.6003196172962841
1355,1001,13,5,0.55,0.2,1000,restricted_10,aggregation,0.6448371411422178,,,0.6023307601349269
1356,1001,13,5,0.55,0.2,1000,restricted_10,aggregation,0.6448371411422178,,,0.5994247778301945
1357,1001,13,5,0.55,0.2,1000,restricted_10,aggregation,0.6448371411422178,,,0.6032789325643493
1358,1001,13,5,0.55,0.2,1000,restricted_10,aggregation,0.6448371411422178,,,0.6002458604666939
1359,1001,13,5,0.55,0.2,1000,restricted_10,aggregation,0.6448371411422178,,,0.6016890804797056
1360,1001,13,5,0.55,0.2,1000,restricted_10,aggregation,0.6448371411422178,,,0.6018364178028763
1361,1001,13,5,0.55,0.2,1000,restricted_10,aggregation,0.6448371411422178,,,0.6016155734543237
1362,1001,13,5,0.55,0.2,1000,restricted_10,aggregation,0.6448371411422178,,,0.6010049855776941
1363,1001,13,5,0.55,0.2,1000,restricted_10,aggregation,0.6448371411422178,,,0.6011757379965715
1364,1001,13,5,0.55,0.2,1000,restricted_10,aggregation,0.6448371411422178,,,0.6000185312604065
1365,1001,13,5,0.55,0.2,1000,restricted_10,aggregation,0.6448371411422178,,,0.6026135311293646
1366,1001,13,5,0.55,0.2,1000,restricted_10,aggregation,0.6452374708823585,,,0.6031787558660476
1367,1001,13,5,0.55,0.2,1000,restricted_10,aggregation,0.6448371411422178,,,0.601396048542507
1368,1001,13,5,0.55,0.2,1000,restricted_10,aggregation,0.6448371411422178,,,0.6010871555990307
1369,1001,13,5,0.55,0.2,1000,restricted_10,aggregation,0.6448371411422178,,,0.6012148300464969
1370,1001,13,5,0.55,0.2,1000,restricted_10,aggregation,0.6448371411422178,,,0.6024343433880935
1371,1001,13,5,0.55,0.2,1000,restricted_10,aggregation,0.6448371411422178,,,0.6012787714291882
1372,1001,13,5,0.55,0.2,1000,restricted_10,aggregation,0.6450167005972016,,,0.6025444663130082
1373,1001,13,5,0.55,0.2,1000,restricted_10,aggregation,0.6448371411422178,,,0.6009907322846907
1374,1001,13,5,0.55,0.2,1000,restricted_10,aggregation,0.6448371411422178,,,0.6014346510588179
1375,1001,13,5,0.55,0.2,1000,restricted_10,aggregation,0.6448371411422178,,,0.6015328926397677
1376,1001,13,5,0.55,0.2,1000,restricted_10,aggregation,0.6448371411422178,,,0.6014595765191599
1377,1001,13,5,0.55,0.2,1000,restricted_10,aggregation,0.6448371411422178,,,0.6023581716585885
1378,1001,13,5,0.55,0.2,1000,restricted_10,aggregation,0.6448371411422178,,,0.6000855954616373
1379,1001,13,5,0.55,0.2,1000,restricted_10,aggregation,0.6448371411422178,,,0.6007233092910178
1380,1001,13,5,0.55,0.2,1000,restricted_10,aggregation,0.6448371411422178,,,0.6009728457036791
1381,1001,13,5,0.55,0.2,1000,restricted_10,aggregation,0.6448371411422178,,,0.6005338318779987
1382,1001,13,5,0.55,0.2,1000,restricted_10,aggregation,0.6448371411422178,,,0.6025419105123272
1383,1001,13,5,0.55,0.2,1000,restricted_10,aggregation,0.6448371411422178,,,0.5997270652110236
1384,1001,13,5,0.55,0.2,1000,restricted_10,aggregation,0.6448371411422178,,,0.6019014393785228
1385,1001,13,5,0.55,0.2,1000,restricted_10,aggregation,0.6448371411422178,,,0.60262677663386
1386,1001,13,5,0.55,0.2,1000,restricted_10,aggregation,0.6449972232763308,,,0.6016925468127553
1387,1001,13,5,0.55,0.2,1000,restricted_10,aggregation,0.6450159893324348,,,0.6026186923801509
1388,1001,13,5,0.55,0.2,1000,restricted_10,aggregation,0.6448371411422178,,,0.6010627394133645
1389,1001,13,5,0.55,0.2,1000,restricted_10,aggregation,0.6448371411422178,,,0.5999305474386726
1390,1001,13,5,0.55,0.2,1000,restricted_10,aggregation,0.6448371411422178,,,0.6009442052700388
1391,1001,13,5,0.55,0.2,1000,restricted_10,aggregation,0.6448371411422178,,,0.6002614724550143
1392,1001,13,5,0.55,0.2,1000,restricted_10,aggregation,0.6448371411422178,,,0.6019122960758378
1393,1001,13,5,0.55,0.2,1000,restricted_10,aggregation,0.6448371411422178,,,0.6019571756561342
1394,1001,13,5,0.55,0.2,1000,restricted_10,aggregation,0.6448371411422178,,,0.6021844228071314
1395,1001,13,5,0.55,0.2,1000,restricted_10,aggregation,0.6448371411422178,,,0.6012933941983943
1396,1001,13,5,0.55,0.2,1000,restricted_10,aggregation,0.6448371411422178,,,0.5997477486787905
1397,1001,13,5,0.55,0.2,1000,restricted_10,aggregation,0.6450550111110638,,,0.6032481676271261
1398,1001,13,5,0.55,0.2,1000,restricted_10,aggregation,0.6448371411422178,,,0.5994114708285543
1399,1001,13,5,0.55,0.2,1000,restricted_10,aggregation,0.6448371411422178,,,0.6012158072945575
1400,1001,13,5,0.55,0.2,1000,restricted_10,aggregation,0.6450550111110638,,,0.6016584268894686
1401,1001,13,5,0.55,0.2,1000,restricted_10,aggregation,0.6448371411422178,,,0.6005046149375317
1402,1001,13,5,0.55,0.2,1000,restricted_10,aggregation,0.6448371411422178,,,0.6000580878689213
1403,1001,13,5,0.55,0.2,1000,restricted_10,aggregation,0.6448371411422178,,,0.5997216478660229
1404,1001,13,5,0.55,0.2,1000,restricted_10,aggregation,0.6448371411422178,,,0.6001506859729778
1405,1001,13,5,0.55,0.2,1000,restricted_10,aggregation,0.6458174553473258,,,0.6040383205374874
1406,1001,13,5,0.55,0.2,1000,restricted_10,aggregation,0.6448371411422178,,,0.6018130192801028
1407,1001,13,5,0.55,0.2,1000,restricted_10,aggregation,0.6448371411422178,,,0.6002890816359568
1408,1001,13,5,0.55,0.2,1000,restricted_10,aggregation,0.6448371411422178,,,0.6025574395434814
1409,1001,13,5,0.55,0.2,1000,restricted_10,aggregation,0.6448371411422178,,,0.6016510841473343
1410,1001,13,5,0.55,0.2,1000,restricted_10,aggregation,0.6448371411422178,,,0.6012871575106993
1411,1001,13,5,0.55,0.2,1000,restricted_10,aggregation,0.6449980758474597,,,0.6025485928115096
1412,1001,13,5,0.55,0.2,1000,restricted_10,aggregation,0.6450345815629862,,,0.6030410494597997
1413,1001,13,5,0.55,0.2,1000,restricted_10,aggregation,0.6448371411422178,,,0.6007149751174753
1414,1001,13,5,0.55,0.2,1000,restricted_10,aggregation,0.6448371411422178,,,0.6006508741335826
1415,1001,13,5,0.55,0.2,1000,restricted_10,aggregation,0.6448371411422178,,,0.6021771508584011
1416,1001,13,5,0.55,0.2,1000,restricted_10,aggregation,0.6448371411422178,,,0.6005704458041959
1417,1001,13,5,0.55,0.2,1000,restricted_10,aggregation,0.6448371411422178,,,0.6006626913133165
1418,1001,13,5,0.55,0.2,1000,restricted_10,aggregation,0.6448371411422178,,,0.599831196881822
1419,1001,13,5,0.55,0.2,1000,restricted_10,aggregation,0.6448371411422178,,,0.6020357633107635
1420,1001,13,5,0.55,0.2,1000,restricted_10,aggregation,0.6448371411422178,,,0.6014458964800633
1421,1001,13,5,0.55,0.2,1000,restricted_10,aggregation,0.6448371411422178,,,0.6045746168569086
1422,1001,13,5,0.55,0.2,1000,restricted_10,aggregation,0.6448371411422178,,,0.6024510628954379
1423,1001,13,5,0.55,0.2,1000,restricted_10,aggregation,0.6448371411422178,,,0.600800801228093
1424,1001,13,5,0.55,0.2,1000,restricted_10,aggregation,0.6448371411422178,,,0.6014089817358568
1425,1001,13,5,0.55,0.2,1000,restricted_10,aggregation,0.6448371411422178,,,0.6016810371341623
1426,1001,13,5,0.55,0.2,1000,restricted_10,aggregation,0.6448371411422178,,,0.5992213025631776
1427,1001,13,5,0.55,0.2,1000,restricted_10,aggregation,0.6448371411422178,,,0.6018756301800052
1428,1001,13,5,0.55,0.2,1000,restricted_10,aggregation,0.6448371411422178,,,0.598714844607553
1429,1001,13,5,0.55,0.2,1000,restricted_10,aggregation,0.6448371411422178,,,0.6004648263002431
1430,1001,13,5,0.55,0.2,1000,restricted_10,aggregation,0.6448371411422178,,,0.6004783915698502
1431,1001,13,5,0.55,0.2,1000,restricted_10,aggregation,0.6448371411422178,,,0.6020378625541127
1432,1001,13,5,0.55,0.2,1000,restricted_10,aggregation,0.6448371411422178,,,0.6011044643473812
1433,1001,13,5,0.55,0.2,1000,restricted_10,aggregation,0.6448371411422178,,,0.6020443277016195
1434,1001,13,5,0.55,0.2,1000,restricted_10,aggregation,0.6448371411422178,,,0.6026251259465844
1435,1001,13,5,0.55,0.2,1000,restricted_10,aggregation,0.6448371411422178,,,0.6005686731092982
1436,1001,13,5,0.55,0.2,1000,restricted_10,aggregation,0.6448371411422178,,,0.6015406400698068
1437,1001,13,5,0.55,0.2,1000,restricted_10,aggregation,0.6448371411422178,,,0.602075084506543
1438,1001,13,5,0.55,0.2,1000,restricted_10,aggregation,0.6448371411422178,,,0.6003767186517188
1439,1001,13,5,0.55,0.2,1000,restricted_10,aggregation,0.6448371411422178,,,0.6019472845441597
1440,1001,13,5,0.55,0.2,1000,restricted_10,aggregation,0.6448371411422178,,,0.6011981936504854
1441,1001,13,5,0.55,0.2,1000,restricted_10,aggregation,0.6448371411422178,,,0.6019395775443693
1442,1001,13,5,0.55,0.2,1000,restricted_10,aggregation,0.6454144857565473,,,0.6021858573910659
1443,1001,13,5,0.55,0.2,1000,restricted_10,aggregation,0.6448371411422178,,,0.5987676287138788
1444,1001,13,5,0.55,0.2,1000,restricted_10,aggregation,0.6448371411422178,,,0.6011476212444964
1445,1001,13,5,0.55,0.2,1000,restricted_10,aggregation,0.6448371411422178,,,0.6015797515216267
1446,1001,13,5,0.55,0.2,1000,restricted_10,aggregation,0.6448371411422178,,,0.6017202134979219
1447,1001,13,5,0.55,0.2,1000,restricted_10,aggregation,0.6448371411422178,,,0.5994926191786609
1448,1001,13,5,0.55,0.2,1000,restricted_10,aggregation,0.6448371411422178,,,0.6005118271234939
1449,1001,13,5,0.55,0.2,1000,restricted_10,aggregation,0.6448371411422178,,,0.6017947700139368
1450,1001,13,5,0.55,0.2,1000,restricted_10,aggregation,0.6448371411422178,,,0.6023765935145102
1451,1001,13,5,0.55,0.2,1000,restricted_10,aggregation,0.6448371411422178,,,0.6022338039969292
1452,1001,13,5,0.55,0.2,1000,restricted_10,aggregation,0.6448371411422178,,,0.6037610527589695
1453,1001,13,5,0.55,0.2,1000,restricted_10,aggregation,0.6448371411422178,,,0.5994874003851088
1454,1001,13,5,0.55,0.2,1000,restricted_10,aggregation,0.6448371411422178,,,0.6008195758716594
1455,1001,13,5,0.55,0.2,1000,restricted_10,aggregation,0.6448371411422178,,,0.6002622227155561
1456,1001,13,5,0.55,0.2,1000,restricted_10,aggregation,0.6448371411422178,,,0.6010683432848017
1457,1001,13,5,0.55,0.2,1000,restricted_10,aggregation,0.6450504797733775,,,0.6021316817287651
1458,1001,13,5,0.55,0.2,1000,restricted_10,aggregation,0.6448371411422178,,,0.5994853446168031
1459,1001,13,5,0.55,0.2,1000,restricted_10,aggregation,0.6448371411422178,,,0.6026971280956699
1460,1001,13,5,0.55,0.2,1000,restricted_10,aggregation,0.6448371411422178,,,0.6004821473742308
1461,1001,13,5,0.55,0.2,1000,restricted_10,aggregation,0.6448371411422178,,,0.6012061476717728
1462,1001,13,5,0.55,0.2,1000,restricted_10,aggregation,0.6448371411422178,,,0.6002071574644493
1463,1001,13,5,0.55,0.2,1000,restricted_10,aggregation,0.6448371411422178,,,0.6038737240151825
1464,1001,13,5,0.55,0.2,1000,restricted_10,aggregation,0.6450533457436564,,,0.6033092398265316
1465,1001,13,5,0.55,0.2,1000,restricted_10,aggregation,0.6448371411422178,,,0.6015316692412528
1466,1001,13,5,0.55,0.2,1000,restricted_10,aggregation,0.6448371411422178,,,0.6005479615754618
1467,1001,13,5,0.55,0.2,1000,restricted_10,aggregation,0.6448371411422178,,,0.6013284324163493
1468,1001,13,5,0.55,0.2,1000,restricted_10,aggregation,0.6448371411422178,,,0.6006746451311036
1469,1001,13,5,0.55,0.2,1000,restricted_10,aggregation,0.6448371411422178,,,0.6018764809650227
1470,1001,13,5,0.55,0.2,1000,restricted_10,aggregation,0.6448371411422178,,,0.599573894269311
1471,1001,13,5,0.55,0.2,1000,restricted_10,aggregation,0.645231182373458,,,0.6032153854324689
1472,1001,13,5,0.55,0.2,1000,restricted_10,aggregation,0.6448371411422178,,,0.6001339928127429
1473,1001,13,5,0.55,0.2,1000,restricted_10,aggregation,0.6448371411422178,,,0.6016844652107153
1474,1001,13,5,0.55,0.2,1000,restricted_10,aggregation,0.6448371411422178,,,0.6014578868199703
1475,1001,13,5,0.55,0.2,1000,restricted_10,aggregation,0.6448371411422178,,,0.5998399190778358
1476,1001,13,5,0.55,0.2,1000,restricted_10,aggregation,0.6448702052138038,,,0.6009816692566695
1477,1001,13,5,0.55,0.2,1000,restricted_10,aggregation,0.6448371411422178,,,0.5997900534342202
1478,1001,13,5,0.55,0.2,1000,restricted_10,aggregation,0.6448371411422178,,,0.6031322357657776
1479,1001,13,5,0.55,0.2,1000,restricted_10,aggregation,0.6450737924366412,,,0.6029038851580519
1480,1001,13,5,0.55,0.2,1000,restricted_10,aggregation,0.6448371411422178,,,0.60181614489677
1481,1001,13,5,0.55,0.2,1000,restricted_10,aggregation,0.6448371411422178,,,0.6019920912266746
1482,1001,13,5,0.55,0.2,1000,restricted_10,aggregation,0.6463768193048537,,,0.6041180814941233
1483,1001,13,5,0.55,0.2,1000,restricted_10,aggregation,0.6448371411422178,,,0.6018385382981217
1484,1001,13,5,0.55,0.2,1000,restricted_10,aggregation,0.6448371411422178,,,0.5994962784437786
1485,1001,13,5,0.55,0.2,1000,restricted_10,aggregation,0.6450326487813621,,,0.6003370108749277
1486,1001,13,5,0.55,0.2,1000,restricted_10,aggregation,0.6448371411422178,,,0.6019364640914643
1487,1001,13,5,0.55,0.2,1000,restricted_10,aggregation,0.6448371411422178,,,0.6015997815610318
1488,1001,13,5,0.55,0.2,1000,restricted_10,aggregation,0.6448371411422178,,,0.600939569604778
1489,1001,13,5,0.55,0.2,1000,restricted_10,aggregation,0.6448371411422178,,,0.5992788470557221
1490,1001,13,5,0.55,0.2,1000,restricted_10,aggregation,0.6448371411422178,,,0.6018642057402476
1491,1001,13,5,0.55,0.2,1000,restricted_10,aggregation,0.6448371411422178,,,0.6022556536210705
1492,1001,13,5,0.55,0.2,1000,restricted_10,aggregation,0.6448371411422178,,,0.6017584687611772
1493,1001,13,5,0.55,0.2,1000,restricted_10,aggregation,0.6448371411422178,,,0.6011456631177465
1494,1001,13,5,0.55,0.2,1000,restricted_10,aggregation,0.6449782310745358,,,0.602556275445234
1495,1001,13,5,0.55,0.2,1000,restricted_10,aggregation,0.6448371411422178,,,0.6024261286398788
1496,1001,13,5,0.55,0.2,1000,restricted_10,aggregation,0.6448371411422178,,,0.6024171144827396
1497,1001,13,5,0.55,0.2,1000,restricted_10,aggregation,0.6448371411422178,,,0.6004688146267314
1498,1001,13,5,0.55,0.2,1000,restricted_10,aggregation,0.6448371411422178,,,0.6024420093872178
1499,1001,13,5,0.55,0.2,1000,restricted_10,aggregation,0.6448371411422178,,,0.6023132942828778
1500,1001,13,5,0.55,0.2,1000,restricted_10,aggregation,0.6448371411422178,,,0.6034700687892356
1501,1001,13,5,0.55,0.2,1000,restricted_10,aggregation,0.6448371411422178,,,0.6017412873392042
1502,1001,13,5,0.55,0.2,1000,restricted_10,aggregation,0.6448371411422178,,,0.600048103593937
1503,1001,13,5,0.55,0.2,1000,restricted_10,aggregation,0.6448371411422178,,,0.6033913530836448
1504,1001,13,5,0.55,0.2,1000,restricted_10,aggregation,0.6448371411422178,,,0.6014657719055636
1505,1001,13,5,0.55,0.2,1000,restricted_10,aggregation,0.6448371411422178,,,0.6003550742390327
1506,1001,13,5,0.55,0.2,1000,restricted_10,aggregation,0.6448371411422178,,,0.6004905491422159
1507,1001,13,5,0.55,0.2,1000,restricted_10,aggregation,0.6454281039387565,,,0.6034130657459825
1508,1001,13,5,0.55,0.2,1000,restricted_10,aggregation,0.6448371411422178,,,0.6021231366858452
1509,1001,13,5,0.55,0.2,1000,restricted_10,aggregation,0.6448371411422178,,,0.603880524598858
1510,1001,13,5,0.55,0.2,1000,restricted_10,aggregation,0.6448371411422178,,,0.6017150219841888
1511,1001,13,5,0.55,0.2,1000,restricted_10,aggregation,0.6448371411422178,,,0.6006908564506482
1512,1001,13,5,0.55,0.2,1000,restricted_10,aggregation,0.6451016477010197,,,0.6035814898912817
1513,1001,13,5,0.55,0.2,1000,restricted_10,aggregation,0.6450141413383614,,,0.6037156867129785
1514,1001,13,5,0.55,0.2,1000,restricted_10,aggregation,0.6448371411422178,,,0.6009977854861189
1515,1001,13,5,0.55,0.2,1000,restricted_10,aggregation,0.6448371411422178,,,0.6020315058860892
1516,1001,13,5,0.55,0.2,1000,restricted_10,aggregation,0.6448371411422178,,,0.6020422921908339
1517,1001,13,5,0.55,0.2,1000,restricted_10,aggregation,0.6448371411422178,,,0.6026170412997498
1518,1001,13,5,0.55,0.2,1000,restricted_10,aggregation,0.6448371411422178,,,0.6009995765268684
1519,1001,13,5,0.55,0.2,1000,restricted_10,aggregation,0.6448371411422178,,,0.601356509000259
1520,1001,13,5,0.55,0.2,1000,restricted_10,aggregation,0.6448371411422178,,,0.6023724138284557
1521,1001,13,5,0.55,0.2,1000,restricted_10,aggregation,0.6450540522826177,,,0.6026444301763053
1522,1001,13,5,0.55,0.2,1000,restricted_10,aggregation,0.6448371411422178,,,0.5993317131865049
1523,1001,13,5,0.55,0.2,1000,restricted_10,aggregation,0.6448371411422178,,,0.5977132151952986
1524,1001,13,5,0.55,0.2,1000,restricted_10,aggregation,0.6448371411422178,,,0.6021445479751731
1525,1001,13,5,0.55,0.2,1000,restricted_10,aggregation,0.6449801810482024,,,0.6023216616716618
1526,1001,13,5,0.55,0.2,1000,restricted_10,aggregation,0.6448371411422178,,,0.6021117571934239
1527,1001,13,5,0.55,0.2,1000,restricted_10,aggregation,0.6448371411422178,,,0.6007424835581087
1528,1001,13,5,0.55,0.2,1000,restricted_10,aggregation,0.6448371411422178,,,0.6023394769582271
1529,1001,13,5,0.55,0.2,1000,restricted_10,aggregation,0.6448371411422178,,,0.6015157351444853
1530,1001,13,5,0.55,0.2,1000,restricted_10,aggregation,0.6448371411422178,,,0.602517467971843
1531,1001,13,5,0.55,0.2,1000,restricted_10,aggregation,0.6448371411422178,,,0.6009633172614424
1532,1001,13,5,0.55,0.2,1000,restricted_10,aggregation,0.6448371411422178,,,0.6028015062329647
1533,1001,13,5,0.55,0.2,1000,restricted_10,aggregation,0.6448371411422178,,,0.6016050260619012
1534,1001,13,5,0.55,0.2,1000,restricted_10,aggregation,0.6448371411422178,,,0.6013058129833131
1535,1001,13,5,0.55,0.2,1000,restricted_10,aggregation,0.6448371411422178,,,0.6008463214640299
1536,1001,13,5,0.55,0.2,1000,restricted_10,aggregation,0.6448371411422178,,,0.6008877317512736
1537,1001,13,5,0.55,0.2,1000,restricted_10,aggregation,0.6448371411422178,,,0.6008634316994735
1538,1001,13,5,0.55,0.2,1000,restricted_10,aggregation,0.6448371411422178,,,0.6014462912704581
1539,1001,13,5,0.55,0.2,1000,restricted_10,aggregation,0.6448371411422178,,,0.6004008346745847
1540,1001,13,5,0.55,0.2,1000,restricted_10,aggregation,0.6448371411422178,,,0.6014139065949484
1541,1001,13,5,0.55,0.2,1000,restricted_10,aggregation,0.6448371411422178,,,0.60159795145441
1542,1001,13,5,0.55,0.2,1000,restricted_10,aggregation,0.6448371411422178,,,0.6026316528687362
1543,1001,13,5,0.55,0.2,1000,restricted_10,aggregation,0.6448371411422178,,,0.599050502514461
1544,1001,13,5,0.55,0.2,1000,restricted_10,aggregation,0.6448371411422178,,,0.5971233331406249
1545,1001,13,5,0.55,0.2,1000,restricted_10,aggregation,0.6448371411422178,,,0.6006033311133313
1546,1001,13,5,0.55,0.2,1000,restricted_10,aggregation,0.6448371411422178,,,0.5996028817787153
1547,1001,13,5,0.55,0.2,1000,restricted_10,aggregation,0.6469820852853542,,,0.6037620842506262
1548,1001,13,5,0.55,0.2,1000,restricted_10,aggregation,0.6448371411422178,,,0.6018054531348282
1549,1001,13,5,0.55,0.2,1000,restricted_10,aggregation,0.6448371411422178,,,0.5988008131066466
1550,1001,13,5,0.55,0.2,1000,restricted_10,aggregation,0.6448371411422178,,,0.5999561675592927
1551,1001,13,5,0.55,0.2,1000,restricted_10,aggregation,0.6448371411422178,,,0.6002585435552105
1552,1001,13,5,0.55,0.2,1000,restricted_10,aggregation,0.6448371411422178,,,0.6028606465448133
1553,1001,13,5,0.55,0.2,1000,restricted_10,aggregation,0.6448371411422178,,,0.6005121535563204
1554,1001,13,5,0.55,0.2,1000,restricted_10,aggregation,0.6448371411422178,,,0.6003193370595455
1555,1001,13,5,0.55,0.2,1000,restricted_10,aggregation,0.6448371411422178,,,0.6025074060969896
1556,1001,13,5,0.55,0.2,1000,restricted_10,aggregation,0.6448371411422178,,,0.6025238630196964
1557,1001,13,5,0.55,0.2,1000,restricted_10,aggregation,0.6448371411422178,,,0.6013697457172459
1558,1001,13,5,0.55,0.2,1000,restricted_10,aggregation,0.6448371411422178,,,0.6021803536972289
1559,1001,13,5,0.55,0.2,1000,restricted_10,aggregation,0.6450531209873085,,,0.6021790244477746
1560,1001,13,5,0.55,0.2,1000,restricted_10,aggregation,0.6448371411422178,,,0.6001629298633467
1561,1001,13,5,0.55,0.2,1000,restricted_10,aggregation,0.6448371411422178,,,0.6012565035890038
1562,1001,13,5,0.55,0.2,1000,restricted_10,aggregation,0.6448371411422178,,,0.6024705298790717
1563,1001,13,5,0.55,0.2,1000,restricted_10,aggregation,0.6448371411422178,,,0.6005619446525698
1564,1001,13,5,0.55,0.2,1000,restricted_10,aggregation,0.6448371411422178,,,0.6015094423092341
1565,1001,13,5,0.55,0.2,1000,restricted_10,aggregation,0.6448371411422178,,,0.600358306199973
1566,1001,13,5,0.55,0.2,1000,restricted_10,aggregation,0.6448371411422178,,,0.6010619371369372
1567,1001,13,5,0.55,0.2,1000,restricted_10,aggregation,0.6448371411422178,,,0.6010500539892208
1568,1001,13,5,0.55,0.2,1000,restricted_10,aggregation,0.6448371411422178,,,0.6010342128087963
1569,1001,13,5,0.55,0.2,1000,restricted_10,aggregation,0.6452168556537917,,,0.6011369719632221
1570,1001,13,5,0.55,0.2,1000,restricted_10,aggregation,0.6448371411422178,,,0.6018482115261284
1571,1001,13,5,0.55,0.2,1000,restricted_10,aggregation,0.645880756552966,,,0.6046212810337811
1572,1001,13,5,0.55,0.2,1000,restricted_10,aggregation,0.6448371411422178,,,0.6021220784847869
1573,1001,13,5,0.55,0.2,1000,restricted_10,aggregation,0.6448371411422178,,,0.6022404216539635
1574,1001,13,5,0.55,0.2,1000,restricted_10,aggregation,0.6448371411422178,,,0.6035544767501019
1575,1001,13,5,0.55,0.2,1000,restricted_10,aggregation,0.6448371411422178,,,0.601035882258174
1576,1001,13,5,0.55,0.2,1000,restricted_10,aggregation,0.6448371411422178,,,0.6015434738872241
1577,1001,13,5,0.55,0.2,1000,restricted_10,aggregation,0.6448371411422178,,,0.6004606147864482
1578,1001,13,5,0.55,0.2,1000,restricted_10,aggregation,0.6451082588372247,,,0.6011235164295582
1579,1001,13,5,0.55,0.2,1000,restricted_10,aggregation,0.6448371411422178,,,0.6016196696898782
1580,1001,13,5,0.55,0.2,1000,restricted_10,aggregation,0.6448371411422178,,,0.6003156316754235
1581,1001,13,5,0.55,0.2,1000,restricted_10,aggregation,0.6448371411422178,,,0.6028277609967195
1582,1001,13,5,0.55,0.2,1000,restricted_10,aggregation,0.6452905146620731,,,0.6039908715898301
1583,1001,13,5,0.55,0.2,1000,restricted_10,aggregation,0.6448371411422178,,,0.602018466903467
1584,1001,13,5,0.55,0.2,1000,restricted_10,aggregation,0.6448371411422178,,,0.6014584553640805
1585,1001,13,5,0.55,0.2,1000,restricted_10,aggregation,0.6448371411422178,,,0.6024897578887164
1586,1001,13,5,0.55,0.2,1000,restricted_10,aggregation,0.6448371411422178,,,0.6003204364616866
1587,1001,13,5,0.55,0.2,1000,restricted_10,aggregation,0.6448371411422178,,,0.6033221921828174
1588,1001,13,5,0.55,0.2,1000,restricted_10,aggregation,0.6448371411422178,,,0.6021918901545987
1589,1001,13,5,0.55,0.2,1000,restricted_10,aggregation,0.6448371411422178,,,0.6002866839796007
1590,1001,13,5,0.55,0.2,1000,restricted_10,aggregation,0.6448371411422178,,,0.6015016389783057
1591,1001,13,5,0.55,0.2,1000,restricted_10,aggregation,0.6448371411422178,,,0.59977798974174
1592,1001,13,5,0.55,0.2,1000,restricted_10,aggregation,0.6448371411422178,,,0.6007403182003183
1593,1001,13,5,0.55,0.2,1000,restricted_10,aggregation,0.6448371411422178,,,0.6010883782035865
1594,1001,13,5,0.55,0.2,1000,restricted_10,aggregation,0.6448371411422178,,,0.6021440659186493
1595,1001,13,5,0.55,0.2,1000,restricted_10,aggregation,0.6448371411422178,,,0.6015451659374578
1596,1001,13,5,0.55,0.2,1000,restricted_10,aggregation,0.6448371411422178,,,0.6006193974775227
1597,1001,13,5,0.55,0.2,1000,restricted_10,aggregation,0.6448371411422178,,,0.5999902748486083
1598,1001,13,5,0.55,0.2,1000,restricted_10,aggregation,0.6448371411422178,,,0.6020837542472961
1599,1001,13,5,0.55,0.2,1000,restricted_10,aggregation,0.6448371411422178,,,0.6027676032301034
1600,1001,13,5,0.55,0.2,1000,restricted_10,aggregation,0.6448371411422178,,,0.6010836807482642
1601,1001,13,5,0.55,0.2,1000,restricted_10,aggregation,0.6448371411422178,,,0.6015205001094585
1602,1001,13,5,0.55,0.2,1000,restricted_10,aggregation,0.6448371411422178,,,0.5996908908529743
1603,1001,13,5,0.55,0.2,1000,restricted_10,aggregation,0.6448371411422178,,,0.601162921962297
1604,1001,13,5,0.55,0.2,1000,restricted_10,aggregation,0.6448371411422178,,,0.6027046908569826
1605,1001,13,5,0.55,0.2,1000,restricted_10,aggregation,0.6454074605752094,,,0.6028870120080537
1606,1001,13,5,0.55,0.2,1000,restricted_10,aggregation,0.6450540522826177,,,0.6029258837613004
1607,1001,13,5,0.55,0.2,1000,restricted_10,aggregation,0.6448371411422178,,,0.6016081323075074
1608,1001,13,5,0.55,0.2,1000,restricted_10,aggregation,0.6448371411422178,,,0.6020623232631568
1609,1001,13,5,0.55,0.2,1000,restricted_10,aggregation,0.6448371411422178,,,0.6018800562323481
1610,1001,13,5,0.55,0.2,1000,restricted_10,aggregation,0.6448371411422178,,,0.6021284954166205
1611,1001,13,5,0.55,0.2,1000,restricted_10,aggregation,0.6448371411422178,,,0.6025387950629619
1612,1001,13,5,0.55,0.2,1000,restricted_10,aggregation,0.6448371411422178,,,0.6008271855382272
1613,1001,13,5,0.55,0.2,1000,restricted_10,aggregation,0.6448371411422178,,,0.6013807836762005
1614,1001,13,5,0.55,0.2,1000,restricted_10,aggregation,0.6448371411422178,,,0.6016459967270386
1615,1001,13,5,0.55,0.2,1000,restricted_10,aggregation,0.6448371411422178,,,0.6022131963175715
1616,1001,13,5,0.55,0.2,1000,restricted_10,aggregation,0.6448371411422178,,,0.6007668917964754
1617,1001,13,5,0.55,0.2,1000,restricted_10,aggregation,0.6451698494876836,,,0.6039363684232436
1618,1001,13,5,0.55,0.2,1000,restricted_10,aggregation,0.6448371411422178,,,0.6013984202911288
1619,1001,13,5,0.55,0.2,1000,restricted_10,aggregation,0.6448371411422178,,,0.6005655719203639
1620,1001,13,5,0.55,0.2,1000,restricted_10,aggregation,0.6448371411422178,,,0.600573750562709
1621,1001,13,5,0.55,0.2,1000,restricted_10,aggregation,0.6448371411422178,,,0.5999637553418804
1622,1001,13,5,0.55,0.2,1000,restricted_10,aggregation,0.6448371411422178,,,0.6014897086555422
1623,1001,13,5,0.55,0.2,1000,restricted_10,aggregation,0.6448371411422178,,,0.6010064975764978
1624,1001,13,5,0.55,0.2,1000,restricted_10,aggregation,0.6448371411422178,,,0.6002476018580186
1625,1001,13,5,0.55,0.2,1000,restricted_10,aggregation,0.6449277741103288,,,0.6016439814275232
1626,1001,13,5,0.55,0.2,1000,restricted_10,aggregation,0.6448371411422178,,,0.6006140242011077
1627,1001,13,5,0.55,0.2,1000,restricted_10,aggregation,0.6448371411422178,,,0.602818145928146
1628,1001,13,5,0.55,0.2,1000,restricted_10,aggregation,0.6448371411422178,,,0.6024786747357581
1629,1001,13,5,0.55,0.2,1000,restricted_10,aggregation,0.6448371411422178,,,0.6017305171526006
1630,1001,13,5,0.55,0.2,1000,restricted_10,aggregation,0.6451583958135717,,,0.6011313286173704
1631,1001,13,5,0.55,0.2,1000,restricted_10,aggregation,0.6448371411422178,,,0.60025779324071
1632,1001,13,5,0.55,0.2,1000,restricted_10,aggregation,0.6448371411422178,,,0.6005757826278662
1633,1001,13,5,0.55,0.2,1000,restricted_10,aggregation,0.6448371411422178,,,0.6007332821499489
1634,1001,13,5,0.55,0.2,1000,restricted_10,aggregation,0.6448371411422178,,,0.6020378024367609
1635,1001,13,5,0.55,0.2,1000,restricted_10,aggregation,0.6448371411422178,,,0.6007841464862299
1636,1001,13,5,0.55,0.2,1000,restricted_10,aggregation,0.6448371411422178,,,0.6012348113691866
1637,1001,13,5,0.55,0.2,1000,restricted_10,aggregation,0.6448371411422178,,,0.6011276368693037
1638,1001,13,5,0.55,0.2,1000,restricted_10,aggregation,0.6448371411422178,,,0.6019145760720761
1639,1001,13,5,0.55,0.2,1000,restricted_10,aggregation,0.6448371411422178,,,0.5988621037141871
1640,1001,13,5,0.55,0.2,1000,restricted_10,aggregation,0.6448371411422178,,,0.6035704108854111
1641,1001,13,5,0.55,0.2,1000,restricted_10,aggregation,0.6448371411422178,,,0.6012324063667814
1642,1001,13,5,0.55,0.2,1000,restricted_10,aggregation,0.6448371411422178,,,0.6032297247043081
1643,1001,13,5,0.55,0.2,1000,restricted_10,aggregation,0.6448371411422178,,,0.601212203591162
1644,1001,13,5,0.55,0.2,1000,restricted_10,aggregation,0.6448371411422178,,,0.6016551589305758
1645,1001,13,5,0.55,0.2,1000,restricted_10,aggregation,0.6452358672509128,,,0.6030870866247952
1646,1001,13,5,0.55,0.2,1000,restricted_10,aggregation,0.6448371411422178,,,0.6006646611336195
1647,1001,13,5,0.55,0.2,1000,restricted_10,aggregation,0.6448371411422178,,,0.600704707183249
1648,1001,13,5,0.55,0.2,1000,restricted_10,aggregation,0.6448371411422178,,,0.6020236839934757
1649,1001,13,5,0.55,0.2,1000,restricted_10,aggregation,0.6448371411422178,,,0.6006128923622676
1650,1001,13,5,0.55,0.2,1000,restricted_10,aggregation,0.6448371411422178,,,0.6001671132648217
1651,1001,13,5,0.55,0.2,1000,restricted_10,aggregation,0.6448371411422178,,,0.6006702414406582
1652,1001,13,5,0.55,0.2,1000,restricted_10,aggregation,0.6448371411422178,,,0.6029092193685944
1653,1001,13,5,0.55,0.2,1000,restricted_10,aggregation,0.6450153450236976,,,0.600175895840271
1654,1001,13,5,0.55,0.2,1000,restricted_10,aggregation,0.6448371411422178,,,0.6026419937624106
1655,1001,13,5,0.55,0.2,1000,restricted_10,aggregation,0.6448371411422178,,,0.6011373295839963
1656,1001,13,5,0.55,0.2,1000,restricted_10,aggregation,0.6448371411422178,,,0.6016002873052874
1657,1001,13,5,0.55,0.2,1000,restricted_10,aggregation,0.6448371411422178,,,0.5997076458880627
1658,1001,13,5,0.55,0.2,1000,restricted_10,aggregation,0.6448371411422178,,,0.6029657744338995
1659,1001,13,5,0.55,0.2,1000,restricted_10,aggregation,0.6448371411422178,,,0.6001156025224776
1660,1001,13,5,0.55,0.2,1000,restricted_10,aggregation,0.6448371411422178,,,0.6003666942162776
1661,1001,13,5,0.55,0.2,1000,restricted_10,aggregation,0.6451820323486857,,,0.6010645636308137
1662,1001,13,5,0.55,0.2,1000,restricted_10,aggregation,0.6448371411422178,,,0.6005855404009571
1663,1001,13,5,0.55,0.2,1000,restricted_10,aggregation,0.6448371411422178,,,0.6015745709999878
1664,1001,13,5,0.55,0.2,1000,restricted_10,aggregation,0.6448371411422178,,,0.6014898065977234
1665,1001,13,5,0.55,0.2,1000,restricted_10,aggregation,0.6448371411422178,,,0.6032190095552598
1666,1001,13,5,0.55,0.2,1000,restricted_10,aggregation,0.6448371411422178,,,0.6021338019233854
1667,1001,13,5,0.55,0.2,1000,restricted_10,aggregation,0.6448371411422178,,,0.6008809567284569
1668,1001,13,5,0.55,0.2,1000,restricted_10,aggregation,0.6448371411422178,,,0.6015283948690199
1669,1001,13,5,0.55,0.2,1000,restricted_10,aggregation,0.6448371411422178,,,0.6013699449470284
1670,1001,13,5,0.55,0.2,1000,restricted_10,aggregation,0.6448371411422178,,,0.6024962263662266
1671,1001,13,5,0.55,0.2,1000,restricted_10,aggregation,0.6448371411422178,,,0.5998451982354067
1672,1001,13,5,0.55,0.2,1000,restricted_10,aggregation,0.6448371411422178,,,0.6004624250440919
1673,1001,13,5,0.55,0.2,1000,restricted_10,aggregation,0.6450540522826177,,,0.6017310618548121
1674,1001,13,5,0.55,0.2,1000,restricted_10,aggregation,0.6448371411422178,,,0.5996586783972202
1675,1001,13,5,0.55,0.2,1000,restricted_10,aggregation,0.6448371411422178,,,0.6022509866830701
1676,1001,13,5,0.55,0.2,1000,restricted_10,aggregation,0.6448371411422178,,,0.6013350910046745
1677,1001,13,5,0.55,0.2,1000,restricted_10,aggregation,0.6448371411422178,,,0.6013816782754283
1678,1001,13,5,0.55,0.2,1000,restricted_10,aggregation,0.6448371411422178,,,0.6030380505065923
1679,1001,13,5,0.55,0.2,1000,restricted_10,aggregation,0.6450547409285559,,,0.6028312370268621
1680,1001,13,5,0.55,0.2,1000,restricted_10,aggregation,0.6448371411422178,,,0.601954972512056
1681,1001,13,5,0.55,0.2,1000,restricted_10,aggregation,0.6448371411422178,,,0.6014541623114541
1682,1001,13,5,0.55,0.2,1000,restricted_10,aggregation,0.6448371411422178,,,0.6005992101648352
1683,1001,13,5,0.55,0.2,1000,restricted_10,aggregation,0.6448371411422178,,,0.6005820433578768
1684,1001,13,5,0.55,0.2,1000,restricted_10,aggregation,0.6448371411422178,,,0.6009287359554029
1685,1001,13,5,0.55,0.2,1000,restricted_10,aggregation,0.6448371411422178,,,0.6007226471368139
1686,1001,13,5,0.55,0.2,1000,restricted_10,aggregation,0.6448371411422178,,,0.6031209275369693
1687,1001,13,5,0.55,0.2,1000,restricted_10,aggregation,0.6448371411422178,,,0.601196918189835
1688,1001,13,5,0.55,0.2,1000,restricted_10,aggregation,0.6448371411422178,,,0.6009952683427685
1689,1001,13,5,0.55,0.2,1000,restricted_10,aggregation,0.6448371411422178,,,0.6013993950956452
1690,1001,13,5,0.55,0.2,1000,restricted_10,aggregation,0.6448371411422178,,,0.6008400875050877
1691,1001,13,5,0.55,0.2,1000,restricted_10,aggregation,0.6449791846878379,,,0.6015905686905688
1692,1001,13,5,0.55,0.2,1000,restricted_10,aggregation,0.6448371411422178,,,0.6012222805589473
1693,1001,13,5,0.55,0.2,1000,restricted_10,aggregation,0.6448371411422178,,,0.6000026887926888
1694,1001,13,5,0.55,0.2,1000,restricted_10,aggregation,0.6448371411422178,,,0.6027161031406865
1695,1001,13,5,0.55,0.2,1000,restricted_10,aggregation,0.6448371411422178,,,0.6013169217665052
1696,1001,13,5,0.55,0.2,1000,restricted_10,aggregation,0.6448371411422178,,,0.6012547697749783
1697,1001,13,5,0.55,0.2,1000,restricted_10,aggregation,0.6448371411422178,,,0.600918075566409
1698,1001,13,5,0.55,0.2,1000,restricted_10,aggregation,0.6448371411422178,,,0.6018757818570319
1699,1001,13,5,0.55,0.2,1000,restricted_10,aggregation,0.6448371411422178,,,0.6002153389742976
1700,1001,13,5,0.55,0.2,1000,restricted_10,aggregation,0.6448371411422178,,,0.5998844739365574
1701,1001,13,5,0.55,0.2,1000,restricted_10,aggregation,0.6448371411422178,,,0.6021698186612772
1702,1001,13,5,0.55,0.2,1000,restricted_10,aggregation,0.6448371411422178,,,0.5988760411116661
1703,1001,13,5,0.55,0.2,1000,restricted_10,aggregation,0.6449806949464636,,,0.6007291043678545
1704,1001,13,5,0.55,0.2,1000,restricted_10,aggregation,0.6448371411422178,,,0.6029317620959288
1705,1001,13,5,0.55,0.2,1000,restricted_10,aggregation,0.6448371411422178,,,0.6020282573676325
1706,1001,13,5,0.55,0.2,1000,restricted_10,aggregation,0.6448371411422178,,,0.6024204977507063
1707,1001,13,5,0.55,0.2,1000,restricted_10,aggregation,0.6448371411422178,,,0.600967210821586
1708,1001,13,5,0.55,0.2,1000,restricted_10,aggregation,0.6448371411422178,,,0.5985444448992366
1709,1001,13,5,0.55,0.2,1000,restricted_10,aggregation,0.6448371411422178,,,0.602187144799645
1710,1001,13,5,0.55,0.2,1000,restricted_10,aggregation,0.6448371411422178,,,0.6024892001594087
1711,1001,13,5,0.55,0.2,1000,restricted_10,aggregation,0.6448371411422178,,,0.6009673696442448
1712,1001,13,5,0.55,0.2,1000,restricted_10,aggregation,0.6448371411422178,,,0.6019572393809896
1713,1001,13,5,0.55,0.2,1000,restricted_10,aggregation,0.6448371411422178,,,0.6008924376934796
1714,1001,13,5,0.55,0.2,1000,restricted_10,aggregation,0.6448371411422178,,,0.6026463564830232
1715,1001,13,5,0.55,0.2,1000,restricted_10,aggregation,0.6448371411422178,,,0.6016421028971031
1716,1001,13,5,0.55,0.2,1000,restricted_10,aggregation,0.6448371411422178,,,0.6022446603550772
1717,1001,13,5,0.55,0.2,1000,restricted_10,aggregation,0.6448371411422178,,,0.6020257904980822
1718,1001,13,5,0.55,0.2,1000,restricted_10,aggregation,0.6448371411422178,,,0.5990298568021486
1719,1001,13,5,0.55,0.2,1000,restricted_10,aggregation,0.6448371411422178,,,0.6019388047138048
1720,1001,13,5,0.55,0.2,1000,restricted_10,aggregation,0.6448371411422178,,,0.6006939682539684
1721,1001,13,5,0.55,0.2,1000,restricted_10,aggregation,0.6448371411422178,,,0.6026198382635884
1722,1001,13,5,0.55,0.2,1000,restricted_10,aggregation,0.6448371411422178,,,0.6019743422858007
1723,1001,13,5,0.55,0.2,1000,restricted_10,aggregation,0.6448371411422178,,,0.6015341125309877
1724,1001,13,5,0.55,0.2,1000,restricted_10,aggregation,0.6449943257303746,,,0.6025808277293694
1725,1001,13,5,0.55,0.2,1000,restricted_10,aggregation,0.6448371411422178,,,0.6005870260911929
1726,1001,13,5,0.55,0.2,1000,restricted_10,aggregation,0.6448371411422178,,,0.6018283615766951
1727,1001,13,5,0.55,0.2,1000,restricted_10,aggregation,0.6448371411422178,,,0.601106180131597
1728,1001,13,5,0.55,0.2,1000,restricted_10,aggregation,0.6449795753617461,,,0.5993757644130562
1729,1001,13,5,0.55,0.2,1000,restricted_10,aggregation,0.6448371411422178,,,0.6001595962448047
1730,1001,13,5,0.55,0.2,1000,restricted_10,aggregation,0.6448371411422178,,,0.6008709396082315
1731,1001,13,5,0.55,0.2,1000,restricted_10,aggregation,0.6448371411422178,,,0.6022505489572157
1732,1001,13,5,0.55,0.2,1000,restricted_10,aggregation,0.6449623411005644,,,0.6020679597485848
1733,1001,13,5,0.55,0.2,1000,restricted_10,aggregation,0.6450324350427826,,,0.6013278700080784
1734,1001,13,5,0.55,0.2,1000,restricted_10,aggregation,0.6448371411422178,,,0.6021490256656925
1735,1001,13,5,0.55,0.2,1000,restricted_10,aggregation,0.6450344538538126,,,0.6024998979338565
1736,1001,13,5,0.55,0.2,1000,restricted_10,aggregation,0.6448371411422178,,,0.6032243439662192
1737,1001,13,5,0.55,0.2,1000,restricted_10,aggregation,0.6448371411422178,,,0.601374330808081
1738,1001,13,5,0.55,0.2,1000,restricted_10,aggregation,0.6448371411422178,,,0.6019028176530261
1739,1001,13,5,0.55,0.2,1000,restricted_10,aggregation,0.6456021930732424,,,0.6039675998307249
1740,1001,13,5,0.55,0.2,1000,restricted_10,aggregation,0.6448371411422178,,,0.601708863212405
1741,1001,13,5,0.55,0.2,1000,restricted_10,aggregation,0.6448371411422178,,,0.601774451142993
1742,1001,13,5,0.55,0.2,1000,restricted_10,aggregation,0.6448371411422178,,,0.601735380167672
1743,1001,13,5,0.55,0.2,1000,restricted_10,aggregation,0.6448371411422178,,,0.6002000165343917
1744,1001,13,5,0.55,0.2,1000,restricted_10,aggregation,0.6452799689766222,,,0.6020658323929159
1745,1001,13,5,0.55,0.2,1000,restricted_10,aggregation,0.6448371411422178,,,0.6030741702202119
1746,1001,13,5,0.55,0.2,1000,restricted_10,aggregation,0.6448371411422178,,,0.6011221692119609
1747,1001,13,5,0.55,0.2,1000,restricted_10,aggregation,0.6448371411422178,,,0.6012381028462281
1748,1001,13,5,0.55,0.2,1000,restricted_10,aggregation,0.6448371411422178,,,0.6029042029806615
1749,1001,13,5,0.55,0.2,1000,restricted_10,aggregation,0.6450125690522298,,,0.6023848534952703
1750,1001,13,5,0.55,0.2,1000,restricted_10,aggregation,0.6448371411422178,,,0.6024710268049853
1751,1001,13,5,0.55,0.2,1000,restricted_10,aggregation,0.6448371411422178,,,0.6011210078887163
1752,1001,13,5,0.55,0.2,1000,restricted_10,aggregation,0.6449957925484724,,,0.6007609261263429
1753,1001,13,5,0.55,0.2,1000,restricted_10,aggregation,0.6448371411422178,,,0.6006461867068119
1754,1001,13,5,0.55,0.2,1000,restricted_10,aggregation,0.6448371411422178,,,0.6007642387396557
1755,1001,13,5,0.55,0.2,1000,restricted_10,aggregation,0.6448371411422178,,,0.6005356338645923
1756,1001,13,5,0.55,0.2,1000,restricted_10,aggregation,0.6448371411422178,,,0.5996753438768023
1757,1001,13,5,0.55,0.2,1000,restricted_10,aggregation,0.6448371411422178,,,0.600398279552238
1758,1001,13,5,0.55,0.2,1000,restricted_10,aggregation,0.6448371411422178,,,0.6034612630579299
1759,1001,13,5,0.55,0.2,1000,restricted_10,aggregation,0.6448371411422178,,,0.6029179431371099
1760,1001,13,5,0.55,0.2,1000,restricted_10,aggregation,0.6448371411422178,,,0.6020491085611921
1761,1001,13,5,0.55,0.2,1000,restricted_10,aggregation,0.6448371411422178,,,0.6031675324289908
1762,1001,13,5,0.55,0.2,1000,restricted_10,aggregation,0.6448371411422178,,,0.6034223772909192
1763,1001,13,5,0.55,0.2,1000,restricted_10,aggregation,0.6448371411422178,,,0.6014622519841272
1764,1001,13,5,0.55,0.2,1000,restricted_10,aggregation,0.6448371411422178,,,0.6011556122118624
1765,1001,13,5,0.55,0.2,1000,restricted_10,aggregation,0.6448371411422178,,,0.6009539102024519
1766,1001,13,5,0.55,0.2,1000,restricted_10,aggregation,0.6448371411422178,,,0.6005044631063382
1767,1001,13,5,0.55,0.2,1000,restricted_10,aggregation,0.6448371411422178,,,0.6009502885694553
1768,1001,13,5,0.55,0.2,1000,restricted_10,aggregation,0.6448371411422178,,,0.5994204304183472
1769,1001,13,5,0.55,0.2,1000,restricted_10,aggregation,0.6451698494876836,,,0.6038590787144955
1770,1001,13,5,0.55,0.2,1000,restricted_10,aggregation,0.6449977967197953,,,0.6038993876339711
1771,1001,13,5,0.55,0.2,1000,restricted_10,aggregation,0.6456697590152228,,,0.6041103578443162
1772,1001,13,5,0.55,0.2,1000,restricted_10,aggregation,0.6448371411422178,,,0.6022899866183201
1773,1001,13,5,0.55,0.2,1000,restricted_10,aggregation,0.6448371411422178,,,0.6023634420055255
1774,1001,13,5,0.55,0.2,1000,restricted_10,aggregation,0.6448371411422178,,,0.6018977729986064
1775,1001,13,5,0.55,0.2,1000,restricted_10,aggregation,0.6450155760195899,,,0.6031155685518187
1776,1001,13,5,0.55,0.2,1000,restricted_10,aggregation,0.6448371411422178,,,0.6028320871258371
1777,1001,13,5,0.55,0.2,1000,restricted_10,aggregation,0.6448371411422178,,,0.6009526458032708
1778,1001,13,5,0.55,0.2,1000,restricted_10,aggregation,0.6448371411422178,,,0.6018145838343757
1779,1001,13,5,0.55,0.2,1000,restricted_10,aggregation,0.6453615207975848,,,0.6034803593705679
1780,1001,13,5,0.55,0.2,1000,restricted_10,aggregation,0.6448371411422178,,,0.5998939400260235
1781,1001,13,5,0.55,0.2,1000,restricted_10,aggregation,0.6448371411422178,,,0.6001758564660649
1782,1001,13,5,0.55,0.2,1000,restricted_10,aggregation,0.6448371411422178,,,0.6017492832630335
1783,1001,13,5,0.55,0.2,1000,restricted_10,aggregation,0.6448371411422178,,,0.5991705356140774
1784,1001,13,5,0.55,0.2,1000,restricted_10,aggregation,0.6448371411422178,,,0.6001073550138134
1785,1001,13,5,0.55,0.2,1000,restricted_10,aggregation,0.6448371411422178,,,0.599095943554902
1786,1001,13,5,0.55,0.2,1000,restricted_10,aggregation,0.6448371411422178,,,0.6017240059015061
1787,1001,13,5,0.55,0.2,1000,restricted_10,aggregation,0.6448371411422178,,,0.6013832710961878
1788,1001,13,5,0.55,0.2,1000,restricted_10,aggregation,0.6448371411422178,,,0.5995690924584677
1789,1001,13,5,0.55,0.2,1000,restricted_10,aggregation,0.6451202724919589,,,0.604022186524895
1790,1001,13,5,0.55,0.2,1000,restricted_10,aggregation,0.6448371411422178,,,0.6022361558194893
1791,1001,13,5,0.55,0.2,1000,restricted_10,aggregation,0.6448371411422178,,,0.6015526781628865
1792,1001,13,5,0.55,0.2,1000,restricted_10,aggregation,0.6448371411422178,,,0.6009014119059953
1793,1001,13,5,0.55,0.2,1000,restricted_10,aggregation,0.6448371411422178,,,0.6024715989334741
1794,1001,13,5,0.55,0.2,1000,restricted_10,aggregation,0.6452352991299259,,,0.602318170494629
1795,1001,13,5,0.55,0.2,1000,restricted_10,aggregation,0.6448371411422178,,,0.6024857360617779
1796,1001,13,5,0.55,0.2,1000,restricted_10,aggregation,0.6448371411422178,,,0.6011431580148248
1797,1001,13,5,0.55,0.2,1000,restricted_10,aggregation,0.6448371411422178,,,0.602212201710327
1798,1001,13,5,0.55,0.2,1000,restricted_10,aggregation,0.6448371411422178,,,0.6018355950608035
1799,1001,13,5,0.55,0.2,1000,restricted_10,aggregation,0.6448371411422178,,,0.6012128367774202
1800,1001,13,5,0.55,0.2,1000,restricted_10,aggregation,0.6448371411422178,,,0.6001747544970463
1801,1001,13,5,0.55,0.2,1000,restricted_10,aggregation,0.6448371411422178,,,0.6027167737817738
1802,1001,13,5,0.55,0.2,1000,restricted_10,aggregation,0.6448371411422178,,,0.6002176728903813
1803,1001,13,5,0.55,0.2,1000,restricted_10,aggregation,0.6448371411422178,,,0.6000934452661537
1804,1001,13,5,0.55,0.2,1000,restricted_10,aggregation,0.6448371411422178,,,0.6022466775585527
1805,1001,13,5,0.55,0.2,1000,restricted_10,aggregation,0.6448371411422178,,,0.6012272636930971
1806,1001,13,5,0.55,0.2,1000,restricted_10,aggregation,0.6448371411422178,,,0.6016108432077183
1807,1001,13,5,0.55,0.2,1000,restricted_10,aggregation,0.6448371411422178,,,0.6022417991267992
1808,1001,13,5,0.55,0.2,1000,restricted_10,aggregation,0.6448371411422178,,,0.6008991787610538
1809,1001,13,5,0.55,0.2,1000,restricted_10,aggregation,0.6448371411422178,,,0.6022359445569864
1810,1001,13,5,0.55,0.2,1000,restricted_10,aggregation,0.6448371411422178,,,0.6007551507443176
1811,1001,13,5,0.55,0.2,1000,restricted_10,aggregation,0.6448371411422178,,,0.602255968915344
1812,1001,13,5,0.55,0.2,1000,restricted_10,aggregation,0.6448371411422178,,,0.6009713266440352
1813,1001,13,5,0.55,0.2,1000,restricted_10,aggregation,0.6448371411422178,,,0.6027534014596516
1814,1001,13,5,0.55,0.2,1000,restricted_10,aggregation,0.6449964214379466,,,0.6036240730642815
1815,1001,13,5,0.55,0.2,1000,restricted_10,aggregation,0.6448371411422178,,,0.6015810739183658
1816,1001,13,5,0.55,0.2,1000,restricted_10,aggregation,0.6448371411422178,,,0.6014400638173556
1817,1001,13,5,0.55,0.2,1000,restricted_10,aggregation,0.6450141025267024,,,0.6031426370157621
1818,1001,13,5,0.55,0.2,1000,restricted_10,aggregation,0.6448371411422178,,,0.5997316221972473
1819,1001,13,5,0.55,0.2,1000,restricted_10,aggregation,0.6448371411422178,,,0.6023420372991207
1820,1001,13,5,0.55,0.2,1000,restricted_10,aggregation,0.6448371411422178,,,0.6029686564361566
1821,1001,13,5,0.55,0.2,1000,restricted_10,aggregation,0.6448371411422178,,,0.6002697887606222
1822,1001,13,5,0.55,0.2,1000,restricted_10,aggregation,0.6448371411422178,,,0.6034739588343756
1823,1001,13,5,0.55,0.2,1000,restricted_10,aggregation,0.6448371411422178,,,0.6009892395104897
1824,1001,13,5,0.55,0.2,1000,restricted_10,aggregation,0.6448371411422178,,,0.602282341940467
1825,1001,13,5,0.55,0.2,1000,restricted_10,aggregation,0.6453363759735964,,,0.6045214368270618
1826,1001,13,5,0.55,0.2,1000,restricted_10,aggregation,0.6448371411422178,,,0.6006585979606814
1827,1001,13,5,0.55,0.2,1000,restricted_10,aggregation,0.6448371411422178,,,0.6008981742640077
1828,1001,13,5,0.55,0.2,1000,restricted_10,aggregation,0.6448371411422178,,,0.6008373623829875
1829,1001,13,5,0.55,0.2,1000,restricted_10,aggregation,0.6448371411422178,,,0.6006183584394001
1830,1001,13,5,0.55,0.2,1000,restricted_10,aggregation,0.6448371411422178,,,0.6003183043576794
1831,1001,13,5,0.55,0.2,1000,restricted_10,aggregation,0.6448371411422178,,,0.6013511573534491
1832,1001,13,5,0.55,0.2,1000,restricted_10,aggregation,0.6448371411422178,,,0.6010430232807318
1833,1001,13,5,0.55,0.2,1000,restricted_10,aggregation,0.6448371411422178,,,0.6018506194885362
1834,1001,13,5,0.55,0.2,1000,restricted_10,aggregation,0.6448371411422178,,,0.6033810090449675
1835,1001,13,5,0.55,0.2,1000,restricted_10,aggregation,0.6448371411422178,,,0.6006932108323776
1836,1001,13,5,0.55,0.2,1000,restricted_10,aggregation,0.6448371411422178,,,0.6022503882922635
1837,1001,13,5,0.55,0.2,1000,restricted_10,aggregation,0.6448371411422178,,,0.6023713510332261
1838,1001,13,5,0.55,0.2,1000,restricted_10,aggregation,0.6448371411422178,,,0.6023873115464784
1839,1001,13,5,0.55,0.2,1000,restricted_10,aggregation,0.6448371411422178,,,0.6027283033864285
1840,1001,13,5,0.55,0.2,1000,restricted_10,aggregation,0.6448371411422178,,,0.6012798644179896
1841,1001,13,5,0.55,0.2,1000,restricted_10,aggregation,0.6448371411422178,,,0.6022247046549131
1842,1001,13,5,0.55,0.2,1000,restricted_10,aggregation,0.6448371411422178,,,0.600462289161456
1843,1001,13,5,0.55,0.2,1000,restricted_10,aggregation,0.6452550550183762,,,0.6043724687889273
1844,1001,13,5,0.55,0.2,1000,restricted_10,aggregation,0.6448371411422178,,,0.5995240347615348
1845,1001,13,5,0.55,0.2,1000,restricted_10,aggregation,0.6448371411422178,,,0.601797076449785
1846,1001,13,5,0.55,0.2,1000,restricted_10,aggregation,0.6448371411422178,,,0.6027507109711278
1847,1001,13,5,0.55,0.2,1000,restricted_10,aggregation,0.6448371411422178,,,0.6019259988468323
1848,1001,13,5,0.55,0.2,1000,restricted_10,aggregation,0.6459754277083969,,,0.6045093613793615
1849,1001,13,5,0.55,0.2,1000,restricted_10,aggregation,0.6448371411422178,,,0.6010966069886904
1850,1001,13,5,0.55,0.2,1000,restricted_10,aggregation,0.6448371411422178,,,0.6005906347587598
1851,1001,13,5,0.55,0.2,1000,restricted_10,aggregation,0.6450153450236976,,,0.6024039882108633
1852,1001,13,5,0.55,0.2,1000,restricted_10,aggregation,0.6448371411422178,,,0.6014044469727804
1853,1001,13,5,0.55,0.2,1000,restricted_10,aggregation,0.6448371411422178,,,0.60078097985348
1854,1001,13,5,0.55,0.2,1000,restricted_10,aggregation,0.6448371411422178,,,0.5998012902992071
1855,1001,13,5,0.55,0.2,1000,restricted_10,aggregation,0.6449650505606628,,,0.6007316722166723
1856,1001,13,5,0.55,0.2,1000,restricted_10,aggregation,0.6448371411422178,,,0.6014775523010941
1857,1001,13,5,0.55,0.2,1000,restricted_10,aggregation,0.6448371411422178,,,0.6003201267559602
1858,1001,13,5,0.55,0.2,1000,restricted_10,aggregation,0.6448371411422178,,,0.6015862067330818
1859,1001,13,5,0.55,0.2,1000,restricted_10,aggregation,0.6448371411422178,,,0.6032210836540005
1860,1001,13,5,0.55,0.2,1000,restricted_10,aggregation,0.6451744907405375,,,0.603604836652545
1861,1001,13,5,0.55,0.2,1000,restricted_10,aggregation,0.6448371411422178,,,0.6016224197253366
1862,1001,13,5,0.55,0.2,1000,restricted_10,aggregation,0.6448371411422178,,,0.6014924277728445
1863,1001,13,5,0.55,0.2,1000,restricted_10,aggregation,0.6448371411422178,,,0.6018678789574625
1864,1001,13,5,0.55,0.2,1000,restricted_10,aggregation,0.6448371411422178,,,0.599747279487488
1865,1001,13,5,0.55,0.2,1000,restricted_10,aggregation,0.6448371411422178,,,0.6014986662797082
1866,1001,13,5,0.55,0.2,1000,restricted_10,aggregation,0.6448371411422178,,,0.6024079838063172
1867,1001,13,5,0.55,0.2,1000,restricted_10,aggregation,0.6448371411422178,,,0.6016855256009424
1868,1001,13,5,0.55,0.2,1000,restricted_10,aggregation,0.6448371411422178,,,0.602563975792726
1869,1001,13,5,0.55,0.2,1000,restricted_10,aggregation,0.6449943257303746,,,0.6010211802009721
1870,1001,13,5,0.55,0.2,1000,restricted_10,aggregation,0.6448371411422178,,,0.6015919067814903
1871,1001,13,5,0.55,0.2,1000,restricted_10,aggregation,0.6448371411422178,,,0.6000038653861571
1872,1001,13,5,0.55,0.2,1000,restricted_10,aggregation,0.6448371411422178,,,0.6015563595663598
1873,1001,13,5,0.55,0.2,1000,restricted_10,aggregation,0.6451951422149358,,,0.6025569270467188
1874,1001,13,5,0.55,0.2,1000,restricted_10,aggregation,0.6448371411422178,,,0.6001006091362342
1875,1001,13,5,0.55,0.2,1000,restricted_10,aggregation,0.6448371411422178,,,0.6009392458621626
1876,1001,13,5,0.55,0.2,1000,restricted_10,aggregation,0.6450967909266123,,,0.6032696634692468
1877,1001,13,5,0.55,0.2,1000,restricted_10,aggregation,0.6448371411422178,,,0.599549426961927
1878,1001,13,5,0.55,0.2,1000,restricted_10,aggregation,0.6448371411422178,,,0.6010196613957032
1879,1001,13,5,0.55,0.2,1000,restricted_10,aggregation,0.6448371411422178,,,0.5991899648807983
1880,1001,13,5,0.55,0.2,1000,restricted_10,aggregation,0.6448371411422178,,,0.603593171265463
1881,1001,13,5,0.55,0.2,1000,restricted_10,aggregation,0.6448371411422178,,,0.6016220411609996
1882,1001,13,5,0.55,0.2,1000,restricted_10,aggregation,0.6448371411422178,,,0.6005402416102418
1883,1001,13,5,0.55,0.2,1000,restricted_10,aggregation,0.6448371411422178,,,0.6012931363312615
1884,1001,13,5,0.55,0.2,1000,restricted_10,aggregation,0.6448371411422178,,,0.5998977677646429
1885,1001,13,5,0.55,0.2,1000,restricted_10,aggregation,0.6448371411422178,,,0.6036720427335013
1886,1001,13,5,0.55,0.2,1000,restricted_10,aggregation,0.6448371411422178,,,0.602181812523896
1887,1001,13,5,0.55,0.2,1000,restricted_10,aggregation,0.6450531209873085,,,0.601038357822733
1888,1001,13,5,0.55,0.2,1000,restricted_10,aggregation,0.6448371411422178,,,0.600148876771377
1889,1001,13,5,0.55,0.2,1000,restricted_10,aggregation,0.6448371411422178,,,0.6006821996136581
1890,1001,13,5,0.55,0.2,1000,restricted_10,aggregation,0.6448371411422178,,,0.600803272136814
1891,1001,13,5,0.55,0.2,1000,restricted_10,aggregation,0.6448371411422178,,,0.6007544067429486
1892,1001,13,5,0.55,0.2,1000,restricted_10,aggregation,0.6448371411422178,,,0.6008507358459443
1893,1001,13,5,0.55,0.2,1000,restricted_10,aggregation,0.6448371411422178,,,0.6012163234373653
1894,1001,13,5,0.55,0.2,1000,restricted_10,aggregation,0.6448371411422178,,,0.5997275689125691
1895,1001,13,5,0.55,0.2,1000,restricted_10,aggregation,0.6448371411422178,,,0.6006067697348948
1896,1001,13,5,0.55,0.2,1000,restricted_10,aggregation,0.6448371411422178,,,0.6002529443319028
1897,1001,13,5,0.55,0.2,1000,restricted_10,aggregation,0.6448371411422178,,,0.6038054648129649
1898,1001,13,5,0.55,0.2,1000,restricted_10,aggregation,0.6448371411422178,,,0.6005577430825348
1899,1001,13,5,0.55,0.2,1000,restricted_10,aggregation,0.6448371411422178,,,0.6001696109446111
1900,1001,13,5,0.55,0.2,1000,restricted_10,aggregation,0.6448371411422178,,,0.5995994871409455
1901,1001,13,5,0.55,0.2,1000,restricted_10,aggregation,0.6448371411422178,,,0.6029143550122718
1902,1001,13,5,0.55,0.2,1000,restricted_10,aggregation,0.6448371411422178,,,0.6004470772668691
1903,1001,13,5,0.55,0.2,1000,restricted_10,aggregation,0.6450745348169823,,,0.6037357230732232
1904,1001,13,5,0.55,0.2,1000,restricted_10,aggregation,0.6450150996037136,,,0.6033923915590583
1905,1001,13,5,0.55,0.2,1000,restricted_10,aggregation,0.6448371411422178,,,0.6015692575017576
1906,1001,13,5,0.55,0.2,1000,restricted_10,aggregation,0.6448371411422178,,,0.601388188578397
1907,1001,13,5,0.55,0.2,1000,restricted_10,aggregation,0.6448371411422178,,,0.6001346262379598
1908,1001,13,5,0.55,0.2,1000,restricted_10,aggregation,0.6448371411422178,,,0.6013428072621824
1909,1001,13,5,0.55,0.2,1000,restricted_10,aggregation,0.6448371411422178,,,0.6025896735594652
1910,1001,13,5,0.55,0.2,1000,restricted_10,aggregation,0.6448371411422178,,,0.6012980995162247
1911,1001,13,5,0.55,0.2,1000,restricted_10,aggregation,0.6450725460253722,,,0.6021573239106573
1912,1001,13,5,0.55,0.2,1000,restricted_10,aggregation,0.6448371411422178,,,0.6035717177344261
1913,1001,13,5,0.55,0.2,1000,restricted_10,aggregation,0.6448371411422178,,,0.6018258696087864
1914,1001,13,5,0.55,0.2,1000,restricted_10,aggregation,0.6448371411422178,,,0.60158908989159
1915,1001,13,5,0.55,0.2,1000,restricted_10,aggregation,0.6449430149423525,,,0.6010000230864815
1916,1001,13,5,0.55,0.2,1000,restricted_10,aggregation,0.6448371411422178,,,0.6011493770272939
1917,1001,13,5,0.55,0.2,1000,restricted_10,aggregation,0.6448371411422178,,,0.6013605369553288
1918,1001,13,5,0.55,0.2,1000,restricted_10,aggregation,0.6450352383697001,,,0.6026124462420297
1919,1001,13,5,0.55,0.2,1000,restricted_10,aggregation,0.6448371411422178,,,0.6017772721491473
1920,1001,13,5,0.55,0.2,1000,restricted_10,aggregation,0.6448371411422178,,,0.6002679074397826
1921,1001,13,5,0.55,0.2,1000,restricted_10,aggregation,0.6448371411422178,,,0.5995143059640976
1922,1001,13,5,0.55,0.2,1000,restricted_10,aggregation,0.6448371411422178,,,0.6000881761988013
1923,1001,13,5,0.55,0.2,1000,restricted_10,aggregation,0.6448371411422178,,,0.6018705951764287
1924,1001,13,5,0.55,0.2,1000,restricted_10,aggregation,0.6448371411422178,,,0.6005843271157856
1925,1001,13,5,0.55,0.2,1000,restricted_10,aggregation,0.6448371411422178,,,0.6024406664400415
1926,1001,13,5,0.55,0.2,1000,restricted_10,aggregation,0.6448371411422178,,,0.5992831264954183
1927,1001,13,5,0.55,0.2,1000,restricted_10,aggregation,0.6448371411422178,,,0.6014313745282497
1928,1001,13,5,0.55,0.2,1000,restricted_10,aggregation,0.6448371411422178,,,0.6009251443926444
1929,1001,13,5,0.55,0.2,1000,restricted_10,aggregation,0.6448371411422178,,,0.6017067626740544
1930,1001,13,5,0.55,0.2,1000,restricted_10,aggregation,0.6448371411422178,,,0.6010429055435307
1931,1001,13,5,0.55,0.2,1000,restricted_10,aggregation,0.6449957925484724,,,0.6012910665337751
1932,1001,13,5,0.55,0.2,1000,restricted_10,aggregation,0.6448371411422178,,,0.6013109102548687
1933,1001,13,5,0.55,0.2,1000,restricted_10,aggregation,0.6448371411422178,,,0.6023646268854603
1934,1001,13,5,0.55,0.2,1000,restricted_10,aggregation,0.6448371411422178,,,0.5999058900898485
1935,1001,13,5,0.55,0.2,1000,restricted_10,aggregation,0.6448371411422178,,,0.5993798924917676
1936,1001,13,5,0.55,0.2,1000,restricted_10,aggregation,0.6448371411422178,,,0.600603404635488
1937,1001,13,5,0.55,0.2,1000,restricted_10,aggregation,0.6453548441965045,,,0.6041958227189478
1938,1001,13,5,0.55,0.2,1000,restricted_10,aggregation,0.6448371411422178,,,0.6001007630409715
1939,1001,13,5,0.55,0.2,1000,restricted_10,aggregation,0.6448371411422178,,,0.6010638575005244
1940,1001,13,5,0.55,0.2,1000,restricted_10,aggregation,0.6448371411422178,,,0.6011623377085877
1941,1001,13,5,0.55,0.2,1000,restricted_10,aggregation,0.6448371411422178,,,0.599574538570997
1942,1001,13,5,0.55,0.2,1000,restricted_10,aggregation,0.6448371411422178,,,0.6024051991989493
1943,1001,13,5,0.55,0.2,1000,restricted_10,aggregation,0.6448371411422178,,,0.600965667920043
1944,1001,13,5,0.55,0.2,1000,restricted_10,aggregation,0.6448371411422178,,,0.6013376027136446
1945,1001,13,5,0.55,0.2,1000,restricted_10,aggregation,0.6448371411422178,,,0.601870181084348
1946,1001,13,5,0.55,0.2,1000,restricted_10,aggregation,0.6448371411422178,,,0.6008112033953702
1947,1001,13,5,0.55,0.2,1000,restricted_10,aggregation,0.6448371411422178,,,0.6018412048599551
1948,1001,13,5,0.55,0.2,1000,restricted_10,aggregation,0.6448371411422178,,,0.602029846010471
1949,1001,13,5,0.55,0.2,1000,restricted_10,aggregation,0.6448371411422178,,,0.6031415610932279
1950,1001,13,5,0.55,0.2,1000,restricted_10,aggregation,0.6448371411422178,,,0.6029687327024829
1951,1001,13,5,0.55,0.2,1000,restricted_10,aggregation,0.6448371411422178,,,0.6022886659405411
1952,1001,13,5,0.55,0.2,1000,restricted_10,aggregation,0.6448371411422178,,,0.6002849865566533
1953,1001,13,5,0.55,0.2,1000,restricted_10,aggregation,0.6448371411422178,,,0.6002305301026136
1954,1001,13,5,0.55,0.2,1000,restricted_10,aggregation,0.6455884662089204,,,0.6037201429203515
1955,1001,13,5,0.55,0.2,1000,restricted_10,aggregation,0.644977735959292,,,0.6031952717806885
1956,1001,13,5,0.55,0.2,1000,restricted_10,aggregation,0.6448371411422178,,,0.6009041095864013
1957,1001,13,5,0.55,0.2,1000,restricted_10,aggregation,0.6448371411422178,,,0.600079392806268
1958,1001,13,5,0.55,0.2,1000,restricted_10,aggregation,0.6448371411422178,,,0.6010629247141749
1959,1001,13,5,0.55,0.2,1000,restricted_10,aggregation,0.6448371411422178,,,0.6026179995929998
1960,1001,13,5,0.55,0.2,1000,restricted_10,aggregation,0.6448371411422178,,,0.5998212567602152
1961,1001,13,5,0.55,0.2,1000,restricted_10,aggregation,0.6448371411422178,,,0.602039230137147
1962,1001,13,5,0.55,0.2,1000,restricted_10,aggregation,0.6448371411422178,,,0.6009760851725435
1963,1001,13,5,0.55,0.2,1000,restricted_10,aggregation,0.6448371411422178,,,0.6024488369809204
1964,1001,13,5,0.55,0.2,1000,restricted_10,aggregation,0.6448371411422178,,,0.6025257268811437
1965,1001,13,5,0.55,0.2,1000,restricted_10,aggregation,0.6448371411422178,,,0.6007576817703902
1966,1001,13,5,0.55,0.2,1000,restricted_10,aggregation,0.6448371411422178,,,0.6010703826189244
1967,1001,13,5,0.55,0.2,1000,restricted_10,aggregation,0.6448371411422178,,,0.5998697787706122
1968,1001,13,5,0.55,0.2,1000,restricted_10,aggregation,0.6448697322361897,,,0.599858148841899
1969,1001,13,5,0.55,0.2,1000,restricted_10,aggregation,0.6448371411422178,,,0.6026411944614029
1970,1001,13,5,0.55,0.2,1000,restricted_10,aggregation,0.6450747715204568,,,0.6019070580730999
1971,1001,13,5,0.55,0.2,1000,restricted_10,aggregation,0.6448371411422178,,,0.6000640590813509
1972,1001,13,5,0.55,0.2,1000,restricted_10,aggregation,0.6448371411422178,,,0.6026135373037458
1973,1001,13,5,0.55,0.2,1000,restricted_10,aggregation,0.6448371411422178,,,0.6006338977843146
1974,1001,13,5,0.55,0.2,1000,restricted_10,aggregation,0.6448371411422178,,,0.6010661130536132
1975,1001,13,5,0.55,0.2,1000,restricted_10,aggregation,0.6448371411422178,,,0.6031260956713042
1976,1001,13,5,0.55,0.2,1000,restricted_10,aggregation,0.6449451948683413,,,0.6022280548078467
1977,1001,13,5,0.55,0.2,1000,restricted_10,aggregation,0.6448371411422178,,,0.6018133264189515
1978,1001,13,5,0.55,0.2,1000,restricted_10,aggregation,0.6448371411422178,,,0.6003615267140268
1979,1001,13,5,0.55,0.2,1000,restricted_10,aggregation,0.645033261859187,,,0.6020789010141095
1980,1001,13,5,0.55,0.2,1000,restricted_10,aggregation,0.6448371411422178,,,0.6015960999494334
1981,1001,13,5,0.55,0.2,1000,restricted_10,aggregation,0.6448371411422178,,,0.6014122146526314
1982,1001,13,5,0.55,0.2,1000,restricted_10,aggregation,0.6450354535683008,,,0.6034412485508321
1983,1001,13,5,0.55,0.2,1000,restricted_10,aggregation,0.6448371411422178,,,0.6008804965327884
1984,1001,13,5,0.55,0.2,1000,restricted_10,aggregation,0.6448371411422178,,,0.6029386522736525
1985,1001,13,5,0.55,0.2,1000,restricted_10,aggregation,0.6448371411422178,,,0.6017136371961374
1986,1001,13,5,0.55,0.2,1000,restricted_10,aggregation,0.6448371411422178,,,0.6012223867644703
1987,1001,13,5,0.55,0.2,1000,restricted_10,aggregation,0.6448371411422178,,,0.6005949431664015
1988,1001,13,5,0.55,0.2,1000,restricted_10,aggregation,0.6448371411422178,,,0.5997578123419791
1989,1001,13,5,0.55,0.2,1000,restricted_10,aggregation,0.6448371411422178,,,0.5998858089903925
1990,1001,13,5,0.55,0.2,1000,restricted_10,aggregation,0.6448371411422178,,,0.6000047584205919
1991,1001,13,5,0.55,0.2,1000,restricted_10,aggregation,0.6448371411422178,,,0.6009007591713843
1992,1001,13,5,0.55,0.2,1000,restricted_10,aggregation,0.6448371411422178,,,0.6017413729017898
1993,1001,13,5,0.55,0.2,1000,restricted_10,aggregation,0.6448371411422178,,,0.6007196472508973
1994,1001,13,5,0.55,0.2,1000,restricted_10,aggregation,0.6448371411422178,,,0.6002759896970314
1995,1001,13,5,0.55,0.2,1000,restricted_10,aggregation,0.6448371411422178,,,0.6002217413142414
1996,1001,13,5,0.55,0.2,1000,restricted_10,aggregation,0.6448371411422178,,,0.6024201483084817
1997,1001,13,5,0.55,0.2,1000,restricted_10,aggregation,0.6448371411422178,,,0.6013667300986053
1998,1001,13,5,0.55,0.2,1000,restricted_10,aggregation,0.6448371411422178,,,0.6023752806992392
1999,1001,13,5,0.55,0.2,1000,restricted_10,aggregation,0.6448371411422178,,,0.6012645477593395
2000,1001,13,5,0.55,0.2,1000,restricted_20,aggregation,0.6515456841882439,,,0.6081531051664386
2001,1001,13,5,0.55,0.2,1000,restricted_20,aggregation,0.6549525310355646,,,0.6093255410022079
2002,1001,13,5,0.55,0.2,1000,restricted_20,aggregation,0.6575919101787964,,,0.6098678380801299
2003,1001,13,5,0.55,0.2,1000,restricted_20,aggregation,0.6508406159565902,,,0.607197616079908
2004,1001,13,5,0.55,0.2,1000,restricted_20,aggregation,0.6475165556961581,,,0.6057639568147902
2005,1001,13,5,0.55,0.2,1000,restricted_20,aggregation,0.6526188469770619,,,0.6087440225206893
2006,1001,13,5,0.55,0.2,1000,restricted_20,aggregation,0.652638027647053,,,0.6080857890951642
2007,1001,13,5,0.55,0.2,1000,restricted_20,aggregation,0.651172470911359,,,0.6078949329836831
2008,1001,13,5,0.55,0.2,1000,restricted_20,aggregation,0.6512529517326894,,,0.6082472908187493
2009,1001,13,5,0.55,0.2,1000,restricted_20,aggregation,0.6513977862818556,,,0.6076628284755369
2010,1001,13,5,0.55,0.2,1000,restricted_20,aggregation,0.6556475846557033,,,0.6091692022406607
2011,1001,13,5,0.55,0.2,1000,restricted_20,aggregation,0.6526522895156974,,,0.6088378946978948
2012,1001,13,5,0.55,0.2,1000,restricted_20,aggregation,0.6529560643514857,,,0.6085396824625993
2013,1001,13,5,0.55,0.2,1000,restricted_20,aggregation,0.6524921733893001,,,0.6083264008599426
2014,1001,13,5,0.55,0.2,1000,restricted_20,aggregation,0.6573930532872496,,,0.60992779825884
2015,1001,13,5,0.55,0.2,1000,restricted_20,aggregation,0.6571272364471382,,,0.6102759964572465
2016,1001,13,5,0.55,0.2,1000,restricted_20,aggregation,0.6499374499483235,,,0.6071872720643555
2017,1001,13,5,0.55,0.2,1000,restricted_20,aggregation,0.6520114601535956,,,0.6080488098013098
2018,1001,13,5,0.55,0.2,1000,restricted_20,aggregation,0.6585370495298607,,,0.6099699871887374
2019,1001,13,5,0.55,0.2,1000,restricted_20,aggregation,0.6524120691851877,,,0.6084501006323924
2020,1001,13,5,0.55,0.2,1000,restricted_20,aggregation,0.6521403972994979,,,0.6081449251982587
2021,1001,13,5,0.55,0.2,1000,restricted_20,aggregation,0.6512564623398487,,,0.6079794193923361
2022,1001,13,5,0.55,0.2,1000,restricted_20,aggregation,0.6572932400348778,,,0.6097381923323592
2023,1001,13,5,0.55,0.2,1000,restricted_20,aggregation,0.6521531493829632,,,0.6079369856917775
2024,1001,13,5,0.55,0.2,1000,restricted_20,aggregation,0.6513429559307946,,,0.607686061854812
2025,1001,13,5,0.55,0.2,1000,restricted_20,aggregation,0.6510094176054418,,,0.6078622918979172
2026,1001,13,5,0.55,0.2,1000,restricted_20,aggregation,0.6504784919561878,,,0.6073367167169252
2027,1001,13,5,0.55,0.2,1000,restricted_20,aggregation,0.6515132360296705,,,0.607771440172482
2028,1001,13,5,0.55,0.2,1000,restricted_20,aggregation,0.6521386017383858,,,0.6076437081205832
2029,1001,13,5,0.55,0.2,1000,restricted_20,aggregation,0.6599598364142429,,,0.6106717986180488
2030,1001,13,5,0.55,0.2,1000,restricted_20,aggregation,0.6506857817889125,,,0.6080458950694368
2031,1001,13,5,0.55,0.2,1000,restricted_20,aggregation,0.6496724419367528,,,0.6066291270766273
2032,1001,13,5,0.55,0.2,1000,restricted_20,aggregation,0.649741012573081,,,0.6076277092197926
2033,1001,13,5,0.55,0.2,1000,restricted_20,aggregation,0.6526884500857586,,,0.6081523048248049
2034,1001,13,5,0.55,0.2,1000,restricted_20,aggregation,0.6534063382901627,,,0.6086914334353919
2035,1001,13,5,0.55,0.2,1000,restricted_20,aggregation,0.6602909791207698,,,0.6110219644167562
2036,1001,13,5,0.55,0.2,1000,restricted_20,aggregation,0.6514595427352123,,,0.6080277818786153
2037,1001,13,5,0.55,0.2,1000,restricted_20,aggregation,0.6527946410195573,,,0.6084495569168487
2038,1001,13,5,0.55,0.2,1000,restricted_20,aggregation,0.6514202256978618,,,0.6080140120296371
2039,1001,13,5,0.55,0.2,1000,restricted_20,aggregation,0.6480309193559601,,,0.6064989634054219
2040,1001,13,5,0.55,0.2,1000,restricted_20,aggregation,0.6572239481496802,,,0.6094010438250024
2041,1001,13,5,0.55,0.2,1000,restricted_20,aggregation,0.6527712894537563,,,0.6080396189304524
2042,1001,13,5,0.55,0.2,1000,restricted_20,aggregation,0.6549379888571373,,,0.609149385575844
2043,1001,13,5,0.55,0.2,1000,restricted_20,aggregation,0.6520150052310546,,,0.6083562794921129
2044,1001,13,5,0.55,0.2,1000,restricted_20,aggregation,0.6472061121197266,,,0.6067059492513661
2045,1001,13,5,0.55,0.2,1000,restricted_20,aggregation,0.6597985046663181,,,0.6109182126438377
2046,1001,13,5,0.55,0.2,1000,restricted_20,aggregation,0.6508611323315443,,,0.6079959920326589
2047,1001,13,5,0.55,0.2,1000,restricted_20,aggregation,0.6536412482919858,,,0.6083919470884056
2048,1001,13,5,0.55,0.2,1000,restricted_20,aggregation,0.6537019568112807,,,0.6087090674526093
2049,1001,13,5,0.55,0.2,1000,restricted_20,aggregation,0.6547822225713119,,,0.6086678264328266
2050,1001,13,5,0.55,0.2,1000,restricted_20,aggregation,0.6527033761137577,,,0.6085114671670923
2051,1001,13,5,0.55,0.2,1000,restricted_20,aggregation,0.653293753399411,,,0.6083501853393521
2052,1001,13,5,0.55,0.2,1000,restricted_20,aggregation,0.6486793780759037,,,0.6063930186557271
2053,1001,13,5,0.55,0.2,1000,restricted_20,aggregation,0.6526008826593767,,,0.6079812888731639
2054,1001,13,5,0.55,0.2,1000,restricted_20,aggregation,0.651786779537295,,,0.6078502183927185
2055,1001,13,5,0.55,0.2,1000,restricted_20,aggregation,0.654466396944872,,,0.6090321471815223
2056,1001,13,5,0.55,0.2,1000,restricted_20,aggregation,0.652214849970396,,,0.6078001388580556
2057,1001,13,5,0.55,0.2,1000,restricted_20,aggregation,0.6552858828772493,,,0.6094210132074717
2058,1001,13,5,0.55,0.2,1000,restricted_20,aggregation,0.6530305338911184,,,0.6087171905101072
2059,1001,13,5,0.55,0.2,1000,restricted_20,aggregation,0.6526349003842394,,,0.608046139177181
2060,1001,13,5,0.55,0.2,1000,restricted_20,aggregation,0.6560289238999617,,,0.6097113168390252
2061,1001,13,5,0.55,0.2,1000,restricted_20,aggregation,0.6523958414476168,,,0.6082144104429522
2062,1001,13,5,0.55,0.2,1000,restricted_20,aggregation,0.6486503161801018,,,0.606971061176478
2063,1001,13,5,0.55,0.2,1000,restricted_20,aggregation,0.6516753453748859,,,0.6080968719089554
2064,1001,13,5,0.55,0.2,1000,restricted_20,aggregation,0.6481668739998209,,,0.6066947887914557
2065,1001,13,5,0.55,0.2,1000,restricted_20,aggregation,0.6506038502160132,,,0.607576621218288
2066,1001,13,5,0.55,0.2,1000,restricted_20,aggregation,0.6565119442264095,,,0.6098321442908944
2067,1001,13,5,0.55,0.2,1000,restricted_20,aggregation,0.6543935558792932,,,0.6086468589897758
2068,1001,13,5,0.55,0.2,1000,restricted_20,aggregation,0.6553135441865404,,,0.6090898407379658
2069,1001,13,5,0.55,0.2,1000,restricted_20,aggregation,0.6493989338894316,,,0.6071188851965937
2070,1001,13,5,0.55,0.2,1000,restricted_20,aggregation,0.6537909817631892,,,0.6081867706830207
2071,1001,13,5,0.55,0.2,1000,restricted_20,aggregation,0.65149482929802,,,0.6081436893430645
2072,1001,13,5,0.55,0.2,1000,restricted_20,aggregation,0.6561076920463382,,,0.6100648784780036
2073,1001,13,5,0.55,0.2,1000,restricted_20,aggregation,0.6517729214800414,,,0.6079777324912743
2074,1001,13,5,0.55,0.2,1000,restricted_20,aggregation,0.65386546421365,,,0.6086830729841147
2075,1001,13,5,0.55,0.2,1000,restricted_20,aggregation,0.6524829727531074,,,0.6077377547067132
2076,1001,13,5,0.55,0.2,1000,restricted_20,aggregation,0.6534226317974504,,,0.6082294475431976
2077,1001,13,5,0.55,0.2,1000,restricted_20,aggregation,0.6503787185265151,,,0.6081185822048324
2078,1001,13,5,0.55,0.2,1000,restricted_20,aggregation,0.6483837002171576,,,0.6070272324203576
2079,1001,13,5,0.55,0.2,1000,restricted_20,aggregation,0.6575972945116881,,,0.6098004103843688
2080,1001,13,5,0.55,0.2,1000,restricted_20,aggregation,0.6528699396548802,,,0.6085871273633774
2081,1001,13,5,0.55,0.2,1000,restricted_20,aggregation,0.6521908723116024,,,0.6083109494826164
2082,1001,13,5,0.55,0.2,1000,restricted_20,aggregation,0.6518055026628331,,,0.6081684120894538
2083,1001,13,5,0.55,0.2,1000,restricted_20,aggregation,0.6531683025423537,,,0.6080884823586908
2084,1001,13,5,0.55,0.2,1000,restricted_20,aggregation,0.6529532310665491,,,0.6089527375016961
2085,1001,13,5,0.55,0.2,1000,restricted_20,aggregation,0.6549597930934894,,,0.6090725314114899
2086,1001,13,5,0.55,0.2,1000,restricted_20,aggregation,0.6545413253551721,,,0.6088025129577215
2087,1001,13,5,0.55,0.2,1000,restricted_20,aggregation,0.6556325076303848,,,0.6095851049490634
2088,1001,13,5,0.55,0.2,1000,restricted_20,aggregation,0.6531997703190251,,,0.6086653264559515
2089,1001,13,5,0.55,0.2,1000,restricted_20,aggregation,0.6580941999798634,,,0.6100203486405571
2090,1001,13,5,0.55,0.2,1000,restricted_20,aggregation,0.6538195290101914,,,0.6087553687207855
2091,1001,13,5,0.55,0.2,1000,restricted_20,aggregation,0.6493200827053637,,,0.6064588387384222
2092,1001,13,5,0.55,0.2,1000,restricted_20,aggregation,0.6508515284565181,,,0.6077796286275453
2093,1001,13,5,0.55,0.2,1000,restricted_20,aggregation,0.65324208699761,,,0.6086790588038506
2094,1001,13,5,0.55,0.2,1000,restricted_20,aggregation,0.6532415284397677,,,0.6082816216037052
2095,1001,13,5,0.55,0.2,1000,restricted_20,aggregation,0.654335580877906,,,0.6089294046771131
2096,1001,13,5,0.55,0.2,1000,restricted_20,aggregation,0.6620036138445448,,,0.6119790527450946
2097,1001,13,5,0.55,0.2,1000,restricted_20,aggregation,0.6591431760991683,,,0.6097298574727742
2098,1001,13,5,0.55,0.2,1000,restricted_20,aggregation,0.6467457828245867,,,0.6061291281172533
2099,1001,13,5,0.55,0.2,1000,restricted_20,aggregation,0.6553366710956298,,,0.6091016060791062
2100,1001,13,5,0.55,0.2,1000,restricted_20,aggregation,0.654374885999412,,,0.6089733844010928
2101,1001,13,5,0.55,0.2,1000,restricted_20,aggregation,0.65243052301833,,,0.607991174257841
2102,1001,13,5,0.55,0.2,1000,restricted_20,aggregation,0.6482645122936171,,,0.6067529786108954
2103,1001,13,5,0.55,0.2,1000,restricted_20,aggregation,0.6557209906706789,,,0.609798298152465
2104,1001,13,5,0.55,0.2,1000,restricted_20,aggregation,0.6528781121031585,,,0.6084052132512551
2105,1001,13,5,0.55,0.2,1000,restricted_20,aggregation,0.6569872745087623,,,0.6100216572779074
2106,1001,13,5,0.55,0.2,1000,restricted_20,aggregation,0.6485026894132474,,,0.6069521579423665
2107,1001,13,5,0.55,0.2,1000,restricted_20,aggregation,0.6485845810439883,,,0.6066747565320484
2108,1001,13,5,0.55,0.2,1000,restricted_20,aggregation,0.6544352604573628,,,0.6087990132475551
2109,1001,13,5,0.55,0.2,1000,restricted_20,aggregation,0.6474168041917998,,,0.6065708914542248
2110,1001,13,5,0.55,0.2,1000,restricted_20,aggregation,0.6532322821051788,,,0.6086219139425391
2111,1001,13,5,0.55,0.2,1000,restricted_20,aggregation,0.6513663434714635,,,0.6077286288325873
2112,1001,13,5,0.55,0.2,1000,restricted_20,aggregation,0.6532365543583802,,,0.608402547121089
2113,1001,13,5,0.55,0.2,1000,restricted_20,aggregation,0.6513244291277928,,,0.6081423849144685
2114,1001,13,5,0.55,0.2,1000,restricted_20,aggregation,0.6554174947211499,,,0.6089785164141415
2115,1001,13,5,0.55,0.2,1000,restricted_20,aggregation,0.6499010018599086,,,0.606740352841603
2116,1001,13,5,0.55,0.2,1000,restricted_20,aggregation,0.651525092410313,,,0.607482613960114
2117,1001,13,5,0.55,0.2,1000,restricted_20,aggregation,0.653227247201478,,,0.6084294250348418
2118,1001,13,5,0.55,0.2,1000,restricted_20,aggregation,0.651079220720926,,,0.6074849378168129
2119,1001,13,5,0.55,0.2,1000,restricted_20,aggregation,0.6533230566586155,,,0.608616122473206
2120,1001,13,5,0.55,0.2,1000,restricted_20,aggregation,0.6531661696617166,,,0.6085877144537563
2121,1001,13,5,0.55,0.2,1000,restricted_20,aggregation,0.6552058239354174,,,0.6089086095848597
2122,1001,13,5,0.55,0.2,1000,restricted_20,aggregation,0.6554345233884853,,,0.6094472153617988
2123,1001,13,5,0.55,0.2,1000,restricted_20,aggregation,0.6530970610258523,,,0.6079879821413157
2124,1001,13,5,0.55,0.2,1000,restricted_20,aggregation,0.6532776319430047,,,0.6084346971546972
2125,1001,13,5,0.55,0.2,1000,restricted_20,aggregation,0.6533585844948193,,,0.60847123160019
2126,1001,13,5,0.55,0.2,1000,restricted_20,aggregation,0.650943848929515,,,0.6074551330613831
2127,1001,13,5,0.55,0.2,1000,restricted_20,aggregation,0.653456483836668,,,0.6087537326408161
2128,1001,13,5,0.55,0.2,1000,restricted_20,aggregation,0.6547548145593692,,,0.6093513006206758
2129,1001,13,5,0.55,0.2,1000,restricted_20,aggregation,0.653204373638725,,,0.6087048917826002
2130,1001,13,5,0.55,0.2,1000,restricted_20,aggregation,0.6588936676829783,,,0.6103933029162197
2131,1001,13,5,0.55,0.2,1000,restricted_20,aggregation,0.654408744068669,,,0.608590987222654
2132,1001,13,5,0.55,0.2,1000,restricted_20,aggregation,0.6549226699780211,,,0.6091616587039504
2133,1001,13,5,0.55,0.2,1000,restricted_20,aggregation,0.6502280792945131,,,0.6073680329932415
2134,1001,13,5,0.55,0.2,1000,restricted_20,aggregation,0.6510472229845814,,,0.6076445920052171
2135,1001,13,5,0.55,0.2,1000,restricted_20,aggregation,0.6530149503462248,,,0.6085347146988815
2136,1001,13,5,0.55,0.2,1000,restricted_20,aggregation,0.6583131613883769,,,0.6101933961640214
2137,1001,13,5,0.55,0.2,1000,restricted_20,aggregation,0.6492565345559275,,,0.6069888956876458
2138,1001,13,5,0.55,0.2,1000,restricted_20,aggregation,0.6483309165242128,,,0.6069665807417891
2139,1001,13,5,0.55,0.2,1000,restricted_20,aggregation,0.6530225056904461,,,0.608620099607183
2140,1001,13,5,0.55,0.2,1000,restricted_20,aggregation,0.6515163940099982,,,0.6077539586647921
2141,1001,13,5,0.55,0.2,1000,restricted_20,aggregation,0.6528027517514955,,,0.6082340236306905
2142,1001,13,5,0.55,0.2,1000,restricted_20,aggregation,0.6514588457832909,,,0.6081258700558703
2143,1001,13,5,0.55,0.2,1000,restricted_20,aggregation,0.652325207621269,,,0.6082664507329092
2144,1001,13,5,0.55,0.2,1000,restricted_20,aggregation,0.6478904717698066,,,0.6058383475320978
2145,1001,13,5,0.55,0.2,1000,restricted_20,aggregation,0.6555178193123972,,,0.6095770924908426
2146,1001,13,5,0.55,0.2,1000,restricted_20,aggregation,0.6512336358370311,,,0.607354331871832
2147,1001,13,5,0.55,0.2,1000,restricted_20,aggregation,0.6518547017591607,,,0.608132045284962
2148,1001,13,5,0.55,0.2,1000,restricted_20,aggregation,0.6477181923315012,,,0.6062319709688462
2149,1001,13,5,0.55,0.2,1000,restricted_20,aggregation,0.652659876695194,,,0.6083100390196224
2150,1001,13,5,0.55,0.2,1000,restricted_20,aggregation,0.6555952607218032,,,0.6097033811867146
2151,1001,13,5,0.55,0.2,1000,restricted_20,aggregation,0.6513008094815306,,,0.607665542859918
2152,1001,13,5,0.55,0.2,1000,restricted_20,aggregation,0.6542956390198025,,,0.6087234583317918
2153,1001,13,5,0.55,0.2,1000,restricted_20,aggregation,0.6461127219119519,,,0.606254097553681
2154,1001,13,5,0.55,0.2,1000,restricted_20,aggregation,0.652319838315103,,,0.6076398610494446
2155,1001,13,5,0.55,0.2,1000,restricted_20,aggregation,0.6502028471025632,,,0.6078554372248124
2156,1001,13,5,0.55,0.2,1000,restricted_20,aggregation,0.6527417054188874,,,0.6086166830314748
2157,1001,13,5,0.55,0.2,1000,restricted_20,aggregation,0.652393270898513,,,0.6085445586743504
2158,1001,13,5,0.55,0.2,1000,restricted_20,aggregation,0.6527954920104694,,,0.607848731237898
2159,1001,13,5,0.55,0.2,1000,restricted_20,aggregation,0.6551235344583919,,,0.6092807374724042
2160,1001,13,5,0.55,0.2,1000,restricted_20,aggregation,0.6528780598094158,,,0.6079282935737103
2161,1001,13,5,0.55,0.2,1000,restricted_20,aggregation,0.6502435374644352,,,0.6073194143587894
2162,1001,13,5,0.55,0.2,1000,restricted_20,aggregation,0.6486126451126991,,,0.6066485304510305
2163,1001,13,5,0.55,0.2,1000,restricted_20,aggregation,0.6503871527961523,,,0.6076824463268216
2164,1001,13,5,0.55,0.2,1000,restricted_20,aggregation,0.6491648960127804,,,0.6067737102789188
2165,1001,13,5,0.55,0.2,1000,restricted_20,aggregation,0.6480733806160562,,,0.6067581244372912
2166,1001,13,5,0.55,0.2,1000,restricted_20,aggregation,0.6517267231617335,,,0.608054460254252
2167,1001,13,5,0.55,0.2,1000,restricted_20,aggregation,0.6508995463275871,,,0.6077832763455681
2168,1001,13,5,0.55,0.2,1000,restricted_20,aggregation,0.6536433813392786,,,0.6085461513178181
2169,1001,13,5,0.55,0.2,1000,restricted_20,aggregation,0.6552768322590843,,,0.6091299995452081
2170,1001,13,5,0.55,0.2,1000,restricted_20,aggregation,0.6502565772098442,,,0.6071626044326045
2171,1001,13,5,0.55,0.2,1000,restricted_20,aggregation,0.653407191077012,,,0.6081541129164048
2172,1001,13,5,0.55,0.2,1000,restricted_20,aggregation,0.656534455255386,,,0.6094675766363268
2173,1001,13,5,0.55,0.2,1000,restricted_20,aggregation,0.6541722296191788,,,0.6088406788890124
2174,1001,13,5,0.55,0.2,1000,restricted_20,aggregation,0.6514660218810242,,,0.6075168281101616
2175,1001,13,5,0.55,0.2,1000,restricted_20,aggregation,0.6573293539852155,,,0.6095817463015382
2176,1001,13,5,0.55,0.2,1000,restricted_20,aggregation,0.6506510020199515,,,0.6074217381152799
2177,1001,13,5,0.55,0.2,1000,restricted_20,aggregation,0.6532795688036683,,,0.608687755785881
2178,1001,13,5,0.55,0.2,1000,restricted_20,aggregation,0.6495457537467897,,,0.6067678939193524
2179,1001,13,5,0.55,0.2,1000,restricted_20,aggregation,0.6566781820608952,,,0.6089484496367831
2180,1001,13,5,0.55,0.2,1000,restricted_20,aggregation,0.653842338140274,,,0.6084474795883131
2181,1001,13,5,0.55,0.2,1000,restricted_20,aggregation,0.6511354101511214,,,0.6079068059332644
2182,1001,13,5,0.55,0.2,1000,restricted_20,aggregation,0.6484590395571485,,,0.607086425572884
2183,1001,13,5,0.55,0.2,1000,restricted_20,aggregation,0.6529703957695134,,,0.6083466260128763
2184,1001,13,5,0.55,0.2,1000,restricted_20,aggregation,0.6579000228842605,,,0.6097623620284038
2185,1001,13,5,0.55,0.2,1000,restricted_20,aggregation,0.6536469645479935,,,0.6079475869038371
2186,1001,13,5,0.55,0.2,1000,restricted_20,aggregation,0.6528681579723729,,,0.6084486423298925
2187,1001,13,5,0.55,0.2,1000,restricted_20,aggregation,0.6535249718929583,,,0.6082465315856984
2188,1001,13,5,0.55,0.2,1000,restricted_20,aggregation,0.6570189020560856,,,0.6099569650642569
2189,1001,13,5,0.55,0.2,1000,restricted_20,aggregation,0.6460672266503842,,,0.6057808785658787
2190,1001,13,5,0.55,0.2,1000,restricted_20,aggregation,0.6528114307207963,,,0.6080702935105019
2191,1001,13,5,0.55,0.2,1000,restricted_20,aggregation,0.6536680836664723,,,0.6089438630274049
2192,1001,13,5,0.55,0.2,1000,restricted_20,aggregation,0.6518123913402727,,,0.608360370902246
2193,1001,13,5,0.55,0.2,1000,restricted_20,aggregation,0.6516708696833146,,,0.6078234070636155
2194,1001,13,5,0.55,0.2,1000,restricted_20,aggregation,0.6562570672469012,,,0.6093940473030057
2195,1001,13,5,0.55,0.2,1000,restricted_20,aggregation,0.6541331217962334,,,0.6086799126644962
2196,1001,13,5,0.55,0.2,1000,restricted_20,aggregation,0.6526856821784328,,,0.6084408807010891
2197,1001,13,5,0.55,0.2,1000,restricted_20,aggregation,0.6492580738393826,,,0.6065257733701485
2198,1001,13,5,0.55,0.2,1000,restricted_20,aggregation,0.6564794227068244,,,0.6094820295830713
2199,1001,13,5,0.55,0.2,1000,restricted_20,aggregation,0.6505187496121047,,,0.6071965094396345
2200,1001,13,5,0.55,0.2,1000,restricted_20,aggregation,0.6558883688956397,,,0.609654991204783
2201,1001,13,5,0.55,0.2,1000,restricted_20,aggregation,0.6574466194544516,,,0.6096341952954454
2202,1001,13,5,0.55,0.2,1000,restricted_20,aggregation,0.649745894365501,,,0.6072493704443706
2203,1001,13,5,0.55,0.2,1000,restricted_20,aggregation,0.6548000727909804,,,0.6090877168510503
2204,1001,13,5,0.55,0.2,1000,restricted_20,aggregation,0.6529601979073238,,,0.6083831516400267
2205,1001,13,5,0.55,0.2,1000,restricted_20,aggregation,0.6556716178886927,,,0.6089281887248555
2206,1001,13,5,0.55,0.2,1000,restricted_20,aggregation,0.6531807587661149,,,0.6085257330478164
2207,1001,13,5,0.55,0.2,1000,restricted_20,aggregation,0.6550562609259625,,,0.6088659972280808
2208,1001,13,5,0.55,0.2,1000,restricted_20,aggregation,0.6563046964033187,,,0.6093605322455323
2209,1001,13,5,0.55,0.2,1000,restricted_20,aggregation,0.6586185165412949,,,0.6103685384214553
2210,1001,13,5,0.55,0.2,1000,restricted_20,aggregation,0.6483691245643994,,,0.6063499211899213
2211,1001,13,5,0.55,0.2,1000,restricted_20,aggregation,0.6542323468257689,,,0.6087500814077899
2212,1001,13,5,0.55,0.2,1000,restricted_20,aggregation,0.6528395231242252,,,0.6083752670708923
2213,1001,13,5,0.55,0.2,1000,restricted_20,aggregation,0.6531225118022909,,,0.6088369183902518
2214,1001,13,5,0.55,0.2,1000,restricted_20,aggregation,0.6495614060059024,,,0.6072423926382262
2215,1001,13,5,0.55,0.2,1000,restricted_20,aggregation,0.6539053200628686,,,0.6087576319128404
2216,1001,13,5,0.55,0.2,1000,restricted_20,aggregation,0.6483116050720683,,,0.6068382715124383
2217,1001,13,5,0.55,0.2,1000,restricted_20,aggregation,0.6544818159797425,,,0.6087469276942196
2218,1001,13,5,0.55,0.2,1000,restricted_20,aggregation,0.6545888770239953,,,0.6088689083987002
2219,1001,13,5,0.55,0.2,1000,restricted_20,aggregation,0.6549539574238966,,,0.6091106841306843
2220,1001,13,5,0.55,0.2,1000,restricted_20,aggregation,0.6556433810637684,,,0.6094263531684366
2221,1001,13,5,0.55,0.2,1000,restricted_20,aggregation,0.6509654441243803,,,0.6078216380995549
2222,1001,13,5,0.55,0.2,1000,restricted_20,aggregation,0.6539656528127389,,,0.6086908845475514
2223,1001,13,5,0.55,0.2,1000,restricted_20,aggregation,0.6514787494354365,,,0.6078425773840358
2224,1001,13,5,0.55,0.2,1000,restricted_20,aggregation,0.6512027003132578,,,0.6075625316966984
2225,1001,13,5,0.55,0.2,1000,restricted_20,aggregation,0.6583679551777306,,,0.6103625307023225
2226,1001,13,5,0.55,0.2,1000,restricted_20,aggregation,0.6525575873975692,,,0.6082944074289909
2227,1001,13,5,0.55,0.2,1000,restricted_20,aggregation,0.6508179011635666,,,0.6079313814580483
2228,1001,13,5,0.55,0.2,1000,restricted_20,aggregation,0.657380201946396,,,0.6098771009391845
2229,1001,13,5,0.55,0.2,1000,restricted_20,aggregation,0.6551725967190059,,,0.6090219502950753
2230,1001,13,5,0.55,0.2,1000,restricted_20,aggregation,0.6512176634613065,,,0.607781805879306
2231,1001,13,5,0.55,0.2,1000,restricted_20,aggregation,0.6528329660000719,,,0.6081881895188147
2232,1001,13,5,0.55,0.2,1000,restricted_20,aggregation,0.6533106413064376,,,0.608213668152835
2233,1001,13,5,0.55,0.2,1000,restricted_20,aggregation,0.6567258391133372,,,0.6092031947604865
2234,1001,13,5,0.55,0.2,1000,restricted_20,aggregation,0.6508184705787127,,,0.6073107632028467
2235,1001,13,5,0.55,0.2,1000,restricted_20,aggregation,0.6483859061003346,,,0.6072698434127601
2236,1001,13,5,0.55,0.2,1000,restricted_20,aggregation,0.6540960735190898,,,0.6091372054642888
2237,1001,13,5,0.55,0.2,1000,restricted_20,aggregation,0.6534887403705805,,,0.6089276929551931
2238,1001,13,5,0.55,0.2,1000,restricted_20,aggregation,0.6519689482919674,,,0.6079377856942442
2239,1001,13,5,0.55,0.2,1000,restricted_20,aggregation,0.6526128245158386,,,0.6085361639594974
2240,1001,13,5,0.55,0.2,1000,restricted_20,aggregation,0.6520428990510444,,,0.6082276571807822
2241,1001,13,5,0.55,0.2,1000,restricted_20,aggregation,0.6479254727521611,,,0.6060901897639398
2242,1001,13,5,0.55,0.2,1000,restricted_20,aggregation,0.6527000148660368,,,0.6081265164002665
2243,1001,13,5,0.55,0.2,1000,restricted_20,aggregation,0.6524265027660103,,,0.6080915317475735
2244,1001,13,5,0.55,0.2,1000,restricted_20,aggregation,0.648564234993983,,,0.6067506547541965
2245,1001,13,5,0.55,0.2,1000,restricted_20,aggregation,0.653808987797344,,,0.6088436922182756
2246,1001,13,5,0.55,0.2,1000,restricted_20,aggregation,0.6504590716368744,,,0.6074294487688238
2247,1001,13,5,0.55,0.2,1000,restricted_20,aggregation,0.6527945968893303,,,0.6077497192853444
2248,1001,13,5,0.55,0.2,1000,restricted_20,aggregation,0.6468085096567983,,,0.6063135230741482
2249,1001,13,5,0.55,0.2,1000,restricted_20,aggregation,0.6551497639874163,,,0.6090833183945685
2250,1001,13,5,0.55,0.2,1000,restricted_20,aggregation,0.6582874800715273,,,0.6095652797202799
2251,1001,13,5,0.55,0.2,1000,restricted_20,aggregation,0.6521078689468813,,,0.6080585179249763
2252,1001,13,5,0.55,0.2,1000,restricted_20,aggregation,0.6540646843750456,,,0.6089692398959067
2253,1001,13,5,0.55,0.2,1000,restricted_20,aggregation,0.6588633349028179,,,0.6102087707277292
2254,1001,13,5,0.55,0.2,1000,restricted_20,aggregation,0.6541843458588307,,,0.6090223830182165
2255,1001,13,5,0.55,0.2,1000,restricted_20,aggregation,0.6553795548271295,,,0.609203943903319
2256,1001,13,5,0.55,0.2,1000,restricted_20,aggregation,0.6535251599796402,,,0.6084836226273728
2257,1001,13,5,0.55,0.2,1000,restricted_20,aggregation,0.6531967094446647,,,0.6086418044686797
2258,1001,13,5,0.55,0.2,1000,restricted_20,aggregation,0.6529623351010089,,,0.608259444906945
2259,1001,13,5,0.55,0.2,1000,restricted_20,aggregation,0.6529412900410302,,,0.6080177743013161
2260,1001,13,5,0.55,0.2,1000,restricted_20,aggregation,0.6503216444876213,,,0.6078599171430421
2261,1001,13,5,0.55,0.2,1000,restricted_20,aggregation,0.6511951777324182,,,0.60800897981648
2262,1001,13,5,0.55,0.2,1000,restricted_20,aggregation,0.6473777849321785,,,0.606623872863248
2263,1001,13,5,0.55,0.2,1000,restricted_20,aggregation,0.6568484056975872,,,0.609512574925075
2264,1001,13,5,0.55,0.2,1000,restricted_20,aggregation,0.6536714318281815,,,0.6083220644787313
2265,1001,13,5,0.55,0.2,1000,restricted_20,aggregation,0.65917403191962,,,0.6108206303033388
2266,1001,13,5,0.55,0.2,1000,restricted_20,aggregation,0.6537752815909506,,,0.6091931739479657
2267,1001,13,5,0.55,0.2,1000,restricted_20,aggregation,0.6537744762404276,,,0.6089264506095757
2268,1001,13,5,0.55,0.2,1000,restricted_20,aggregation,0.6480401753720603,,,0.6067244099496184
2269,1001,13,5,0.55,0.2,1000,restricted_20,aggregation,0.6575181395037468,,,0.609931100774226
2270,1001,13,5,0.55,0.2,1000,restricted_20,aggregation,0.6524563911529415,,,0.6082089063482814
2271,1001,13,5,0.55,0.2,1000,restricted_20,aggregation,0.6555820297482258,,,0.6091119394031895
2272,1001,13,5,0.55,0.2,1000,restricted_20,aggregation,0.6508311276141076,,,0.6074028493882662
2273,1001,13,5,0.55,0.2,1000,restricted_20,aggregation,0.6501601821413037,,,0.607711361177403
2274,1001,13,5,0.55,0.2,1000,restricted_20,aggregation,0.6512988709582715,,,0.6077811601824104
2275,1001,13,5,0.55,0.2,1000,restricted_20,aggregation,0.6501197827593305,,,0.6079015957113875
2276,1001,13,5,0.55,0.2,1000,restricted_20,aggregation,0.6477905934778022,,,0.6062921621742458
2277,1001,13,5,0.55,0.2,1000,restricted_20,aggregation,0.6528823580454403,,,0.6081910291174876
2278,1001,13,5,0.55,0.2,1000,restricted_20,aggregation,0.6549902854142451,,,0.6091676903266487
2279,1001,13,5,0.55,0.2,1000,restricted_20,aggregation,0.6481752522522044,,,0.6059821990740742
2280,1001,13,5,0.55,0.2,1000,restricted_20,aggregation,0.6542379308885228,,,0.6092380334017836
2281,1001,13,5,0.55,0.2,1000,restricted_20,aggregation,0.6526033477938408,,,0.6079307348746934
2282,1001,13,5,0.55,0.2,1000,restricted_20,aggregation,0.6543120292541593,,,0.6088312322708157
2283,1001,13,5,0.55,0.2,1000,restricted_20,aggregation,0.6539142021133851,,,0.6087838579398996
2284,1001,13,5,0.55,0.2,1000,restricted_20,aggregation,0.6522545186977448,,,0.6087542910484578
2285,1001,13,5,0.55,0.2,1000,restricted_20,aggregation,0.6544143082227649,,,0.6083621656584158
2286,1001,13,5,0.55,0.2,1000,restricted_20,aggregation,0.6530131873449405,,,0.6083709977599563
2287,1001,13,5,0.55,0.2,1000,restricted_20,aggregation,0.6503643455359436,,,0.6070701521009855
2288,1001,13,5,0.55,0.2,1000,restricted_20,aggregation,0.6488115635873574,,,0.6068179529112864
2289,1001,13,5,0.55,0.2,1000,restricted_20,aggregation,0.6514761016043431,,,0.6073735679521097
2290,1001,13,5,0.55,0.2,1000,restricted_20,aggregation,0.6482842644252091,,,0.6063483079728914
2291,1001,13,5,0.55,0.2,1000,restricted_20,aggregation,0.6482577029718567,,,0.6070076336626338
2292,1001,13,5,0.55,0.2,1000,restricted_20,aggregation,0.6517706456548856,,,0.6080260800696218
2293,1001,13,5,0.55,0.2,1000,restricted_20,aggregation,0.655282211069006,,,0.6096596483377734
2294,1001,13,5,0.55,0.2,1000,restricted_20,aggregation,0.652844883392699,,,0.6079046361354695
2295,1001,13,5,0.55,0.2,1000,restricted_20,aggregation,0.6541625810194167,,,0.6087571418781836
2296,1001,13,5,0.55,0.2,1000,restricted_20,aggregation,0.6511504001574983,,,0.6073811761618013
2297,1001,13,5,0.55,0.2,1000,restricted_20,aggregation,0.6495823011539423,,,0.6066440217421469
2298,1001,13,5,0.55,0.2,1000,restricted_20,aggregation,0.6499444763624412,,,0.6071346390029725
2299,1001,13,5,0.55,0.2,1000,restricted_20,aggregation,0.6543108840608951,,,0.608767125567334
2300,1001,13,5,0.55,0.2,1000,restricted_20,aggregation,0.6505351570676896,,,0.6077631281681284
2301,1001,13,5,0.55,0.2,1000,restricted_20,aggregation,0.6531632409822296,,,0.608360893782144
2302,1001,13,5,0.55,0.2,1000,restricted_20,aggregation,0.6474885786742415,,,0.6067997636930972
2303,1001,13,5,0.55,0.2,1000,restricted_20,aggregation,0.6550599534160395,,,0.6091735180868515
2304,1001,13,5,0.55,0.2,1000,restricted_20,aggregation,0.6528044077652203,,,0.6078652941271692
2305,1001,13,5,0.55,0.2,1000,restricted_20,aggregation,0.6484272552296902,,,0.6069001697376698
2306,1001,13,5,0.55,0.2,1000,restricted_20,aggregation,0.6508970005529401,,,0.6074466992498243
2307,1001,13,5,0.55,0.2,1000,restricted_20,aggregation,0.6508822550097826,,,0.6079296982261567
2308,1001,13,5,0.55,0.2,1000,restricted_20,aggregation,0.6533857380517977,,,0.6085585792833711
2309,1001,13,5,0.55,0.2,1000,restricted_20,aggregation,0.6532607536752759,,,0.6086317286108954
2310,1001,13,5,0.55,0.2,1000,restricted_20,aggregation,0.651939534180578,,,0.6078969782069783
2311,1001,13,5,0.55,0.2,1000,restricted_20,aggregation,0.6471409837339203,,,0.6062439636058388
2312,1001,13,5,0.55,0.2,1000,restricted_20,aggregation,0.6515871050525597,,,0.6075579981207065
2313,1001,13,5,0.55,0.2,1000,restricted_20,aggregation,0.6550547148715415,,,0.6093863278311196
2314,1001,13,5,0.55,0.2,1000,restricted_20,aggregation,0.6522043095643434,,,0.6078438655480324
2315,1001,13,5,0.55,0.2,1000,restricted_20,aggregation,0.656376154582125,,,0.6096020971158473
2316,1001,13,5,0.55,0.2,1000,restricted_20,aggregation,0.649059562887471,,,0.6074301065138566
2317,1001,13,5,0.55,0.2,1000,restricted_20,aggregation,0.6503361048200023,,,0.6076514736035571
2318,1001,13,5,0.55,0.2,1000,restricted_20,aggregation,0.6536389203158253,,,0.6086953976270645
2319,1001,13,5,0.55,0.2,1000,restricted_20,aggregation,0.6552683194875515,,,0.6096435302506137
2320,1001,13,5,0.55,0.2,1000,restricted_20,aggregation,0.6563390244566192,,,0.6094717504871673
2321,1001,13,5,0.55,0.2,1000,restricted_20,aggregation,0.64595994718071,,,0.6057430729378647
2322,1001,13,5,0.55,0.2,1000,restricted_20,aggregation,0.6550245018230009,,,0.6091502059206226
2323,1001,13,5,0.55,0.2,1000,restricted_20,aggregation,0.6509200825308288,,,0.607628929527263
2324,1001,13,5,0.55,0.2,1000,restricted_20,aggregation,0.6538738497284465,,,0.6086680018669604
2325,1001,13,5,0.55,0.2,1000,restricted_20,aggregation,0.6545724392509717,,,0.6087271886292721
2326,1001,13,5,0.55,0.2,1000,restricted_20,aggregation,0.6511838521786691,,,0.6079367658344742
2327,1001,13,5,0.55,0.2,1000,restricted_20,aggregation,0.6543486559943322,,,0.6089732820805739
2328,1001,13,5,0.55,0.2,1000,restricted_20,aggregation,0.6496793094702009,,,0.6074951137596972
2329,1001,13,5,0.55,0.2,1000,restricted_20,aggregation,0.648596081052686,,,0.6068539563599982
2330,1001,13,5,0.55,0.2,1000,restricted_20,aggregation,0.6487483400163496,,,0.6073629542833711
2331,1001,13,5,0.55,0.2,1000,restricted_20,aggregation,0.6504213500791786,,,0.6075362351460268
2332,1001,13,5,0.55,0.2,1000,restricted_20,aggregation,0.6574498127482784,,,0.6099228782714201
2333,1001,13,5,0.55,0.2,1000,restricted_20,aggregation,0.64958751830499,,,0.6071364997271249
2334,1001,13,5,0.55,0.2,1000,restricted_20,aggregation,0.6536066424327315,,,0.6081386862982698
2335,1001,13,5,0.55,0.2,1000,restricted_20,aggregation,0.6514320507181284,,,0.6076425736840321
2336,1001,13,5,0.55,0.2,1000,restricted_20,aggregation,0.6566223449028954,,,0.6096756454502289
2337,1001,13,5,0.55,0.2,1000,restricted_20,aggregation,0.6502075656116317,,,0.6073806711035878
2338,1001,13,5,0.55,0.2,1000,restricted_20,aggregation,0.6519696125474498,,,0.6082000945428031
2339,1001,13,5,0.55,0.2,1000,restricted_20,aggregation,0.6523111411491371,,,0.6082600223618975
2340,1001,13,5,0.55,0.2,1000,restricted_20,aggregation,0.6539121481561707,,,0.6085484534601203
2341,1001,13,5,0.55,0.2,1000,restricted_20,aggregation,0.6542378806298802,,,0.6094334308592644
2342,1001,13,5,0.55,0.2,1000,restricted_20,aggregation,0.6495952536495376,,,0.6075852143612561
2343,1001,13,5,0.55,0.2,1000,restricted_20,aggregation,0.6577657959999854,,,0.6102343740595826
2344,1001,13,5,0.55,0.2,1000,restricted_20,aggregation,0.6545804014120815,,,0.6091466123845293
2345,1001,13,5,0.55,0.2,1000,restricted_20,aggregation,0.6515492394686423,,,0.6080066572779074
2346,1001,13,5,0.55,0.2,1000,restricted_20,aggregation,0.6485978677238909,,,0.6068582719363971
2347,1001,13,5,0.55,0.2,1000,restricted_20,aggregation,0.6474120458087717,,,0.6058265368736203
2348,1001,13,5,0.55,0.2,1000,restricted_20,aggregation,0.654683917800208,,,0.6084800627844378
2349,1001,13,5,0.55,0.2,1000,restricted_20,aggregation,0.6475787448061645,,,0.6060895350174519
2350,1001,13,5,0.55,0.2,1000,restricted_20,aggregation,0.6500952204263165,,,0.6074088331344584
2351,1001,13,5,0.55,0.2,1000,restricted_20,aggregation,0.6522906208395215,,,0.6082511363867615
2352,1001,13,5,0.55,0.2,1000,restricted_20,aggregation,0.6557078121574814,,,0.6094791743210494
2353,1001,13,5,0.55,0.2,1000,restricted_20,aggregation,0.6520798270387733,,,0.6073114212947547
2354,1001,13,5,0.55,0.2,1000,restricted_20,aggregation,0.6510904436354767,,,0.6076308625171126
2355,1001,13,5,0.55,0.2,1000,restricted_20,aggregation,0.6533109655416175,,,0.6080333022764275
2356,1001,13,5,0.55,0.2,1000,restricted_20,aggregation,0.6530704624250505,,,0.6084762790527375
2357,1001,13,5,0.55,0.2,1000,restricted_20,aggregation,0.6554550865869965,,,0.6095325150004318
2358,1001,13,5,0.55,0.2,1000,restricted_20,aggregation,0.6504706189676446,,,0.6073516186591188
2359,1001,13,5,0.55,0.2,1000,restricted_20,aggregation,0.6583376676832303,,,0.6107346313871316
2360,1001,13,5,0.55,0.2,1000,restricted_20,aggregation,0.649935590972447,,,0.6072060591106425
2361,1001,13,5,0.55,0.2,1000,restricted_20,aggregation,0.6494932872116148,,,0.60716777312194
2362,1001,13,5,0.55,0.2,1000,restricted_20,aggregation,0.6551213079532484,,,0.6090437271756023
2363,1001,13,5,0.55,0.2,1000,restricted_20,aggregation,0.6495745379670588,,,0.6073474288443039
2364,1001,13,5,0.55,0.2,1000,restricted_20,aggregation,0.6494200040230208,,,0.6067132322615657
2365,1001,13,5,0.55,0.2,1000,restricted_20,aggregation,0.6530019746441358,,,0.60828925986051
2366,1001,13,5,0.55,0.2,1000,restricted_20,aggregation,0.6516237977209032,,,0.6077525238110656
2367,1001,13,5,0.55,0.2,1000,restricted_20,aggregation,0.6518452564356646,,,0.6079559494903246
2368,1001,13,5,0.55,0.2,1000,restricted_20,aggregation,0.6495065474464765,,,0.6063441933837768
2369,1001,13,5,0.55,0.2,1000,restricted_20,aggregation,0.6549235749695961,,,0.609667057263724
2370,1001,13,5,0.55,0.2,1000,restricted_20,aggregation,0.6514768109973417,,,0.6079351807760142
2371,1001,13,5,0.55,0.2,1000,restricted_20,aggregation,0.6523551162127944,,,0.6082353731607899
2372,1001,13,5,0.55,0.2,1000,restricted_20,aggregation,0.6522539979677927,,,0.6083169969999138
2373,1001,13,5,0.55,0.2,1000,restricted_20,aggregation,0.6530770882069609,,,0.6085846625827876
2374,1001,13,5,0.55,0.2,1000,restricted_20,aggregation,0.6541573777507249,,,0.6087352087650005
2375,1001,13,5,0.55,0.2,1000,restricted_20,aggregation,0.6527711920338188,,,0.6076871998140749
2376,1001,13,5,0.55,0.2,1000,restricted_20,aggregation,0.6495576404726946,,,0.6073544434577769
2377,1001,13,5,0.55,0.2,1000,restricted_20,aggregation,0.6537842507050174,,,0.6084773267319102
2378,1001,13,5,0.55,0.2,1000,restricted_20,aggregation,0.6496976550465763,,,0.6075581852946437
2379,1001,13,5,0.55,0.2,1000,restricted_20,aggregation,0.6535456904901525,,,0.6087465527836362
2380,1001,13,5,0.55,0.2,1000,restricted_20,aggregation,0.6514892330787688,,,0.6076047685416437
2381,1001,13,5,0.55,0.2,1000,restricted_20,aggregation,0.6515620053901491,,,0.6076505052200888
2382,1001,13,5,0.55,0.2,1000,restricted_20,aggregation,0.6487930704231916,,,0.6070504896800731
2383,1001,13,5,0.55,0.2,1000,restricted_20,aggregation,0.6515393188780357,,,0.607584508577842
2384,1001,13,5,0.55,0.2,1000,restricted_20,aggregation,0.6553315125528574,,,0.6095636901293153
2385,1001,13,5,0.55,0.2,1000,restricted_20,aggregation,0.6514176144002514,,,0.608370345518679
2386,1001,13,5,0.55,0.2,1000,restricted_20,aggregation,0.6531909309573722,,,0.6077213438259272
2387,1001,13,5,0.55,0.2,1000,restricted_20,aggregation,0.6503555371920997,,,0.6073584707422209
2388,1001,13,5,0.55,0.2,1000,restricted_20,aggregation,0.647946213615,,,0.6065966684087518
2389,1001,13,5,0.55,0.2,1000,restricted_20,aggregation,0.6541578328957743,,,0.6089368059872227
2390,1001,13,5,0.55,0.2,1000,restricted_20,aggregation,0.6529004986656761,,,0.6087796068823154
2391,1001,13,5,0.55,0.2,1000,restricted_20,aggregation,0.6473448026996208,,,0.606635461059003
2392,1001,13,5,0.55,0.2,1000,restricted_20,aggregation,0.6516775596002199,,,0.6072825475604644
2393,1001,13,5,0.55,0.2,1000,restricted_20,aggregation,0.6536203406004736,,,0.6088518111363947
2394,1001,13,5,0.55,0.2,1000,restricted_20,aggregation,0.6522945772253167,,,0.6081286536919871
2395,1001,13,5,0.55,0.2,1000,restricted_20,aggregation,0.6511952085168129,,,0.6076555493426328
2396,1001,13,5,0.55,0.2,1000,restricted_20,aggregation,0.6537544282603033,,,0.6088068394568397
2397,1001,13,5,0.55,0.2,1000,restricted_20,aggregation,0.6553157776891292,,,0.6094091273849609
2398,1001,13,5,0.55,0.2,1000,restricted_20,aggregation,0.6555581316940271,,,0.6092453258469925
2399,1001,13,5,0.55,0.2,1000,restricted_20,aggregation,0.6498521786503919,,,0.6069780734157819
2400,1001,13,5,0.55,0.2,1000,restricted_20,aggregation,0.6542331539254141,,,0.6087258446568865
2401,1001,13,5,0.55,0.2,1000,restricted_20,aggregation,0.6477936684551403,,,0.606102668566002
2402,1001,13,5,0.55,0.2,1000,restricted_20,aggregation,0.6526276927538495,,,0.6088197571949657
2403,1001,13,5,0.55,0.2,1000,restricted_20,aggregation,0.6534159404247144,,,0.6084717839490758
2404,1001,13,5,0.55,0.2,1000,restricted_20,aggregation,0.6522227033913574,,,0.6081922528012113
2405,1001,13,5,0.55,0.2,1000,restricted_20,aggregation,0.6505552420032731,,,0.6079955559024309
2406,1001,13,5,0.55,0.2,1000,restricted_20,aggregation,0.6523238350265894,,,0.6083403565338983
2407,1001,13,5,0.55,0.2,1000,restricted_20,aggregation,0.6532400676878863,,,0.609083980833981
2408,1001,13,5,0.55,0.2,1000,restricted_20,aggregation,0.6483407610132563,,,0.6067865443584195
2409,1001,13,5,0.55,0.2,1000,restricted_20,aggregation,0.6512533617739757,,,0.6077374536420371
2410,1001,13,5,0.55,0.2,1000,restricted_20,aggregation,0.6523845529937665,,,0.608663516830392
2411,1001,13,5,0.55,0.2,1000,restricted_20,aggregation,0.6499768417189701,,,0.6075002866500784
2412,1001,13,5,0.55,0.2,1000,restricted_20,aggregation,0.6517225757537547,,,0.6080598697984116
2413,1001,13,5,0.55,0.2,1000,restricted_20,aggregation,0.6496762973182598,,,0.6076111414896833
2414,1001,13,5,0.55,0.2,1000,restricted_20,aggregation,0.6568634006147939,,,0.6097019433575686
2415,1001,13,5,0.55,0.2,1000,restricted_20,aggregation,0.6537553361029088,,,0.6087101414172249
2416,1001,13,5,0.55,0.2,1000,restricted_20,aggregation,0.652380209538585,,,0.6078537524589609
2417,1001,13,5,0.55,0.2,1000,restricted_20,aggregation,0.657748915421923,,,0.6100182538603374
2418,1001,13,5,0.55,0.2,1000,restricted_20,aggregation,0.658531660915089,,,0.6104976016421853
2419,1001,13,5,0.55,0.2,1000,restricted_20,aggregation,0.6524992509557794,,,0.6079963666117835
2420,1001,13,5,0.55,0.2,1000,restricted_20,aggregation,0.6508375058271276,,,0.6075991408668494
2421,1001,13,5,0.55,0.2,1000,restricted_20,aggregation,0.6551121178247398,,,0.6093121476517311
2422,1001,13,5,0.55,0.2,1000,restricted_20,aggregation,0.655237733137886,,,0.6091974484466152
2423,1001,13,5,0.55,0.2,1000,restricted_20,aggregation,0.6581408500561056,,,0.6100553508913927
2424,1001,13,5,0.55,0.2,1000,restricted_20,aggregation,0.6549091028692463,,,0.6090325349496185
2425,1001,13,5,0.55,0.2,1000,restricted_20,aggregation,0.654257285188139,,,0.6084803567420235
2426,1001,13,5,0.55,0.2,1000,restricted_20,aggregation,0.6546005504720952,,,0.6083113357321692
2427,1001,13,5,0.55,0.2,1000,restricted_20,aggregation,0.6551043757564009,,,0.6095998449390116
2428,1001,13,5,0.55,0.2,1000,restricted_20,aggregation,0.6501089994445719,,,0.6073708154962322
2429,1001,13,5,0.55,0.2,1000,restricted_20,aggregation,0.6526847566379258,,,0.608066354286146
2430,1001,13,5,0.55,0.2,1000,restricted_20,aggregation,0.6502857559844715,,,0.6077317233538069
2431,1001,13,5,0.55,0.2,1000,restricted_20,aggregation,0.6572136644423973,,,0.6101578788726706
2432,1001,13,5,0.55,0.2,1000,restricted_20,aggregation,0.6524302177106236,,,0.6080344031431533
2433,1001,13,5,0.55,0.2,1000,restricted_20,aggregation,0.6526383769375765,,,0.6080813758001259
2434,1001,13,5,0.55,0.2,1000,restricted_20,aggregation,0.6504783173521462,,,0.6073990350852853
2435,1001,13,5,0.55,0.2,1000,restricted_20,aggregation,0.654673678603293,,,0.6082443084538919
2436,1001,13,5,0.55,0.2,1000,restricted_20,aggregation,0.6490102460594669,,,0.607066944683403
2437,1001,13,5,0.55,0.2,1000,restricted_20,aggregation,0.649849394434676,,,0.6073695370293288
2438,1001,13,5,0.55,0.2,1000,restricted_20,aggregation,0.6515816308547694,,,0.6079335837696256
2439,1001,13,5,0.55,0.2,1000,restricted_20,aggregation,0.6524144368974629,,,0.6079714016076517
2440,1001,13,5,0.55,0.2,1000,restricted_20,aggregation,0.6504717687799609,,,0.6078130363155364
2441,1001,13,5,0.55,0.2,1000,restricted_20,aggregation,0.6495162884821821,,,0.6073390316396567
2442,1001,13,5,0.55,0.2,1000,restricted_20,aggregation,0.6519797765215823,,,0.6083074740305993
2443,1001,13,5,0.55,0.2,1000,restricted_20,aggregation,0.6534505374396901,,,0.6087535260110262
2444,1001,13,5,0.55,0.2,1000,restricted_20,aggregation,0.652440820499464,,,0.6074293045226379
2445,1001,13,5,0.55,0.2,1000,restricted_20,aggregation,0.6570588960828476,,,0.609001289258581
2446,1001,13,5,0.55,0.2,1000,restricted_20,aggregation,0.6494847031827615,,,0.60680860321777
2447,1001,13,5,0.55,0.2,1000,restricted_20,aggregation,0.6516748773013396,,,0.607571866929367
2448,1001,13,5,0.55,0.2,1000,restricted_20,aggregation,0.653993457221187,,,0.6091712737879406
2449,1001,13,5,0.55,0.2,1000,restricted_20,aggregation,0.6523586797774648,,,0.6079412181028849
2450,1001,13,5,0.55,0.2,1000,restricted_20,aggregation,0.6524757297015619,,,0.6083518853214688
2451,1001,13,5,0.55,0.2,1000,restricted_20,aggregation,0.6523644437468481,,,0.6084756813556814
2452,1001,13,5,0.55,0.2,1000,restricted_20,aggregation,0.6535122664339934,,,0.6085629537977456
2453,1001,13,5,0.55,0.2,1000,restricted_20,aggregation,0.6548596192612383,,,0.6090490522671773
2454,1001,13,5,0.55,0.2,1000,restricted_20,aggregation,0.6528727466284109,,,0.6081402210983461
2455,1001,13,5,0.55,0.2,1000,restricted_20,aggregation,0.648774212730241,,,0.6072619664903
2456,1001,13,5,0.55,0.2,1000,restricted_20,aggregation,0.6531520541978899,,,0.6083256251387502
2457,1001,13,5,0.55,0.2,1000,restricted_20,aggregation,0.6512236622298665,,,0.6068509423524008
2458,1001,13,5,0.55,0.2,1000,restricted_20,aggregation,0.653689721741043,,,0.608676535917786
2459,1001,13,5,0.55,0.2,1000,restricted_20,aggregation,0.6536265301510357,,,0.6086850073614659
2460,1001,13,5,0.55,0.2,1000,restricted_20,aggregation,0.6501744674981796,,,0.6072345873262541
2461,1001,13,5,0.55,0.2,1000,restricted_20,aggregation,0.6482657516721856,,,0.6068174712093464
2462,1001,13,5,0.55,0.2,1000,restricted_20,aggregation,0.6582118886212969,,,0.609828783693159
2463,1001,13,5,0.55,0.2,1000,restricted_20,aggregation,0.6531021519385223,,,0.6084227327379411
2464,1001,13,5,0.55,0.2,1000,restricted_20,aggregation,0.6556373368211353,,,0.6092062252176838
2465,1001,13,5,0.55,0.2,1000,restricted_20,aggregation,0.6508984084720911,,,0.6078738544634379
2466,1001,13,5,0.55,0.2,1000,restricted_20,aggregation,0.650804435341513,,,0.607575192299984
2467,1001,13,5,0.55,0.2,1000,restricted_20,aggregation,0.651733381488578,,,0.6084107005571591
2468,1001,13,5,0.55,0.2,1000,restricted_20,aggregation,0.6512060471889886,,,0.6072726801978888
2469,1001,13,5,0.55,0.2,1000,restricted_20,aggregation,0.6584871982302298,,,0.610151410294952
2470,1001,13,5,0.55,0.2,1000,restricted_20,aggregation,0.6496693489594189,,,0.6068921656892491
2471,1001,13,5,0.55,0.2,1000,restricted_20,aggregation,0.6499893559162195,,,0.6076364886116971
2472,1001,13,5,0.55,0.2,1000,restricted_20,aggregation,0.653105661486428,,,0.6080953640109891
2473,1001,13,5,0.55,0.2,1000,restricted_20,aggregation,0.656530176762004,,,0.6095794791628126
2474,1001,13,5,0.55,0.2,1000,restricted_20,aggregation,0.6469544948971664,,,0.6064117719394805
2475,1001,13,5,0.55,0.2,1000,restricted_20,aggregation,0.6481369204158883,,,0.6072471216052467
2476,1001,13,5,0.55,0.2,1000,restricted_20,aggregation,0.648600003121203,,,0.6066796557531975
2477,1001,13,5,0.55,0.2,1000,restricted_20,aggregation,0.6506695265817695,,,0.6077760486735488
2478,1001,13,5,0.55,0.2,1000,restricted_20,aggregation,0.6558869263219551,,,0.6089491749993834
2479,1001,13,5,0.55,0.2,1000,restricted_20,aggregation,0.6464192386752831,,,0.6060976888928974
2480,1001,13,5,0.55,0.2,1000,restricted_20,aggregation,0.6518901424973379,,,0.6084631932727768
2481,1001,13,5,0.55,0.2,1000,restricted_20,aggregation,0.6562905393794463,,,0.6093356352752187
2482,1001,13,5,0.55,0.2,1000,restricted_20,aggregation,0.6541844010092012,,,0.6093793850439685
2483,1001,13,5,0.55,0.2,1000,restricted_20,aggregation,0.6534412084650166,,,0.6087619391565225
2484,1001,13,5,0.55,0.2,1000,restricted_20,aggregation,0.6495119370643463,,,0.6070181063689399
2485,1001,13,5,0.55,0.2,1000,restricted_20,aggregation,0.6506083513002077,,,0.6073822494018329
2486,1001,13,5,0.55,0.2,1000,restricted_20,aggregation,0.6500899263263519,,,0.6073339743281411
2487,1001,13,5,0.55,0.2,1000,restricted_20,aggregation,0.6503426481316106,,,0.6075663104950606
2488,1001,13,5,0.55,0.2,1000,restricted_20,aggregation,0.6525802857710772,,,0.6076114174637093
2489,1001,13,5,0.55,0.2,1000,restricted_20,aggregation,0.6501553775927913,,,0.607790018939394
2490,1001,13,5,0.55,0.2,1000,restricted_20,aggregation,0.657323564226389,,,0.6096378546993131
2491,1001,13,5,0.55,0.2,1000,restricted_20,aggregation,0.6513921314015332,,,0.607935812937063
2492,1001,13,5,0.55,0.2,1000,restricted_20,aggregation,0.655816461646793,,,0.6092937095774597
2493,1001,13,5,0.55,0.2,1000,restricted_20,aggregation,0.6522956560259952,,,0.6078095234009818
2494,1001,13,5,0.55,0.2,1000,restricted_20,aggregation,0.649776390902677,,,0.6068362816273234
2495,1001,13,5,0.55,0.2,1000,restricted_20,aggregation,0.6503377935881473,,,0.6074328834360087
2496,1001,13,5,0.55,0.2,1000,restricted_20,aggregation,0.6548385264666124,,,0.6092258325470827
2497,1001,13,5,0.55,0.2,1000,restricted_20,aggregation,0.651574689559687,,,0.607985664482123
2498,1001,13,5,0.55,0.2,1000,restricted_20,aggregation,0.6541437199468065,,,0.6085391129934881
2499,1001,13,5,0.55,0.2,1000,restricted_20,aggregation,0.6503608025961358,,,0.6073066900152317
2500,1001,13,5,0.55,0.2,1000,restricted_20,aggregation,0.6577181846351399,,,0.6099607706568124
2501,1001,13,5,0.55,0.2,1000,restricted_20,aggregation,0.652464568802948,,,0.607780912814038
2502,1001,13,5,0.55,0.2,1000,restricted_20,aggregation,0.6532044690814794,,,0.6080985292562378
2503,1001,13,5,0.55,0.2,1000,restricted_20,aggregation,0.6512067140428287,,,0.6075501188472023
2504,1001,13,5,0.55,0.2,1000,restricted_20,aggregation,0.6546951068427725,,,0.6089121433581852
2505,1001,13,5,0.55,0.2,1000,restricted_20,aggregation,0.6511786374390239,,,0.6082917973692974
2506,1001,13,5,0.55,0.2,1000,restricted_20,aggregation,0.6473448270161658,,,0.6063759230584231
2507,1001,13,5,0.55,0.2,1000,restricted_20,aggregation,0.6552736300358515,,,0.6088839636135471
2508,1001,13,5,0.55,0.2,1000,restricted_20,aggregation,0.6560933792417979,,,0.6096504988838324
2509,1001,13,5,0.55,0.2,1000,restricted_20,aggregation,0.651066932357119,,,0.6074594393492312
2510,1001,13,5,0.55,0.2,1000,restricted_20,aggregation,0.6541833814540587,,,0.6089205018052937
2511,1001,13,5,0.55,0.2,1000,restricted_20,aggregation,0.6555052759923237,,,0.6092929823340241
2512,1001,13,5,0.55,0.2,1000,restricted_20,aggregation,0.6514052198579421,,,0.6081825931090515
2513,1001,13,5,0.55,0.2,1000,restricted_20,aggregation,0.6558698326671836,,,0.6096130201280203
2514,1001,13,5,0.55,0.2,1000,restricted_20,aggregation,0.6562933093207807,,,0.6094007571672156
2515,1001,13,5,0.55,0.2,1000,restricted_20,aggregation,0.6513240031201613,,,0.6075381189027024
2516,1001,13,5,0.55,0.2,1000,restricted_20,aggregation,0.6582753207779755,,,0.6107369485529904
2517,1001,13,5,0.55,0.2,1000,restricted_20,aggregation,0.6505193297625723,,,0.6069758329093747
2518,1001,13,5,0.55,0.2,1000,restricted_20,aggregation,0.6506039914803101,,,0.6073745228228563
2519,1001,13,5,0.55,0.2,1000,restricted_20,aggregation,0.6536334931082544,,,0.6082929404314822
2520,1001,13,5,0.55,0.2,1000,restricted_20,aggregation,0.6513334481062764,,,0.6081084232588401
2521,1001,13,5,0.55,0.2,1000,restricted_20,aggregation,0.6543753211938914,,,0.6086136351842603
2522,1001,13,5,0.55,0.2,1000,restricted_20,aggregation,0.6527414624096403,,,0.6083105027611279
2523,1001,13,5,0.55,0.2,1000,restricted_20,aggregation,0.6468698017378451,,,0.6060564216262134
2524,1001,13,5,0.55,0.2,1000,restricted_20,aggregation,0.6505972717895545,,,0.6079063885188887
2525,1001,13,5,0.55,0.2,1000,restricted_20,aggregation,0.6500695680763038,,,0.6078977904502907
2526,1001,13,5,0.55,0.2,1000,restricted_20,aggregation,0.6583921946607787,,,0.6100583297489549
2527,1001,13,5,0.55,0.2,1000,restricted_20,aggregation,0.6533308994073165,,,0.6085102924005009
2528,1001,13,5,0.55,0.2,1000,restricted_20,aggregation,0.6511987495304131,,,0.6075290911711746
2529,1001,13,5,0.55,0.2,1000,restricted_20,aggregation,0.6489474146948616,,,0.6074039515499934
2530,1001,13,5,0.55,0.2,1000,restricted_20,aggregation,0.6528987284553507,,,0.6091226921535255
2531,1001,13,5,0.55,0.2,1000,restricted_20,aggregation,0.65461773326623,,,0.6089945683714435
2532,1001,13,5,0.55,0.2,1000,restricted_20,aggregation,0.6548398920241458,,,0.6086732779257781
2533,1001,13,5,0.55,0.2,1000,restricted_20,aggregation,0.6502512741763502,,,0.6074302671865174
2534,1001,13,5,0.55,0.2,1000,restricted_20,aggregation,0.6541831284271279,,,0.6087646816994736
2535,1001,13,5,0.55,0.2,1000,restricted_20,aggregation,0.6519827576411625,,,0.6081181314441733
2536,1001,13,5,0.55,0.2,1000,restricted_20,aggregation,0.6474797784149856,,,0.6060507890566225
2537,1001,13,5,0.55,0.2,1000,restricted_20,aggregation,0.6509109254282012,,,0.6070065300979884
2538,1001,13,5,0.55,0.2,1000,restricted_20,aggregation,0.6539332912500125,,,0.6088656309508395
2539,1001,13,5,0.55,0.2,1000,restricted_20,aggregation,0.6529886738180893,,,0.6084007301109385
2540,1001,13,5,0.55,0.2,1000,restricted_20,aggregation,0.6545679264788977,,,0.6088815788532457
2541,1001,13,5,0.55,0.2,1000,restricted_20,aggregation,0.6555886606439378,,,0.6096453510378511
2542,1001,13,5,0.55,0.2,1000,restricted_20,aggregation,0.6581988598371012,,,0.6094048606871525
2543,1001,13,5,0.55,0.2,1000,restricted_20,aggregation,0.6604473522567003,,,0.6106654077018661
2544,1001,13,5,0.55,0.2,1000,restricted_20,aggregation,0.6564075549512781,,,0.6098733862510947
2545,1001,13,5,0.55,0.2,1000,restricted_20,aggregation,0.6526777805425866,,,0.6081341628202046
2546,1001,13,5,0.55,0.2,1000,restricted_20,aggregation,0.6487026121583226,,,0.6065536005044339
2547,1001,13,5,0.55,0.2,1000,restricted_20,aggregation,0.6568588761633908,,,0.609972461643295
2548,1001,13,5,0.55,0.2,1000,restricted_20,aggregation,0.6489316154744792,,,0.6061763594892763
2549,1001,13,5,0.55,0.2,1000,restricted_20,aggregation,0.6528637164563474,,,0.6085545603316438
2550,1001,13,5,0.55,0.2,1000,restricted_20,aggregation,0.6538984674972009,,,0.6079284637122139
2551,1001,13,5,0.55,0.2,1000,restricted_20,aggregation,0.6515059072049406,,,0.6074634399088568
2552,1001,13,5,0.55,0.2,1000,restricted_20,aggregation,0.6535875145893608,,,0.607729401778777
2553,1001,13,5,0.55,0.2,1000,restricted_20,aggregation,0.6559055545623892,,,0.6091825016804184
2554,1001,13,5,0.55,0.2,1000,restricted_20,aggregation,0.6541918778121584,,,0.6089838308373726
2555,1001,13,5,0.55,0.2,1000,restricted_20,aggregation,0.6533563447498572,,,0.6085201732295482
2556,1001,13,5,0.55,0.2,1000,restricted_20,aggregation,0.64895567835433,,,0.6070177823179908
2557,1001,13,5,0.55,0.2,1000,restricted_20,aggregation,0.6508712292336958,,,0.6075847420943256
2558,1001,13,5,0.55,0.2,1000,restricted_20,aggregation,0.6510103307857857,,,0.607679334538918
2559,1001,13,5,0.55,0.2,1000,restricted_20,aggregation,0.6473401368117045,,,0.6070666917650251
2560,1001,13,5,0.55,0.2,1000,restricted_20,aggregation,0.652940078820477,,,0.6085117809119894
2561,1001,13,5,0.55,0.2,1000,restricted_20,aggregation,0.6485290979462129,,,0.606960243583577
2562,1001,13,5,0.55,0.2,1000,restricted_20,aggregation,0.6549190684890197,,,0.6088385609375194
2563,1001,13,5,0.55,0.2,1000,restricted_20,aggregation,0.6505603648810802,,,0.6078603383807551
2564,1001,13,5,0.55,0.2,1000,restricted_20,aggregation,0.6472265728651246,,,0.6063119520448689
2565,1001,13,5,0.55,0.2,1000,restricted_20,aggregation,0.6481477054045763,,,0.6057788846724266
2566,1001,13,5,0.55,0.2,1000,restricted_20,aggregation,0.6553375842540989,,,0.6092246967384468
2567,1001,13,5,0.55,0.2,1000,restricted_20,aggregation,0.6526727606743663,,,0.6084334541461627
2568,1001,13,5,0.55,0.2,1000,restricted_20,aggregation,0.6530450643462355,,,0.6084268363812115
2569,1001,13,5,0.55,0.2,1000,restricted_20,aggregation,0.656364535834586,,,0.6088937895900398
2570,1001,13,5,0.55,0.2,1000,restricted_20,aggregation,0.6569552098673395,,,0.6098601024284359
2571,1001,13,5,0.55,0.2,1000,restricted_20,aggregation,0.654014697384205,,,0.6089232577838828
2572,1001,13,5,0.55,0.2,1000,restricted_20,aggregation,0.6526801491650837,,,0.6085990636138555
2573,1001,13,5,0.55,0.2,1000,restricted_20,aggregation,0.6519878808800099,,,0.6080541956423208
2574,1001,13,5,0.55,0.2,1000,restricted_20,aggregation,0.646095453380647,,,0.6059072006157423
2575,1001,13,5,0.55,0.2,1000,restricted_20,aggregation,0.6523767312506912,,,0.607897263847264
2576,1001,13,5,0.55,0.2,1000,restricted_20,aggregation,0.6480734893111888,,,0.606758358817109
2577,1001,13,5,0.55,0.2,1000,restricted_20,aggregation,0.6489702233358072,,,0.6066926531107782
2578,1001,13,5,0.55,0.2,1000,restricted_20,aggregation,0.6516437772442163,,,0.6078233266810351
2579,1001,13,5,0.55,0.2,1000,restricted_20,aggregation,0.6497579520854508,,,0.6073756170527005
2580,1001,13,5,0.55,0.2,1000,restricted_20,aggregation,0.6547376290564757,,,0.6093075140600142
2581,1001,13,5,0.55,0.2,1000,restricted_20,aggregation,0.65465298121408,,,0.6087505140538475
2582,1001,13,5,0.55,0.2,1000,restricted_20,aggregation,0.6544052034905475,,,0.6088101717110053
2583,1001,13,5,0.55,0.2,1000,restricted_20,aggregation,0.6550590181137955,,,0.6087617495544579
2584,1001,13,5,0.55,0.2,1000,restricted_20,aggregation,0.6552401928789735,,,0.6091178695147447
2585,1001,13,5,0.55,0.2,1000,restricted_20,aggregation,0.648106930325742,,,0.6069119212808798
2586,1001,13,5,0.55,0.2,1000,restricted_20,aggregation,0.6536173088612599,,,0.6090318162932747
2587,1001,13,5,0.55,0.2,1000,restricted_20,aggregation,0.6531373120791453,,,0.6085970450382951
2588,1001,13,5,0.55,0.2,1000,restricted_20,aggregation,0.6575272379879413,,,0.6103166242399578
2589,1001,13,5,0.55,0.2,1000,restricted_20,aggregation,0.6540750322904612,,,0.608932657897658
2590,1001,13,5,0.55,0.2,1000,restricted_20,aggregation,0.649904126592673,,,0.607439835766086
2591,1001,13,5,0.55,0.2,1000,restricted_20,aggregation,0.6548700641351917,,,0.6088367429946598
2592,1001,13,5,0.55,0.2,1000,restricted_20,aggregation,0.650932810785688,,,0.6075463663882416
2593,1001,13,5,0.55,0.2,1000,restricted_20,aggregation,0.6574419540950742,,,0.6101778948212283
2594,1001,13,5,0.55,0.2,1000,restricted_20,aggregation,0.6520532019729384,,,0.6077284929268264
2595,1001,13,5,0.55,0.2,1000,restricted_20,aggregation,0.653242838293799,,,0.6088296227769145
2596,1001,13,5,0.55,0.2,1000,restricted_20,aggregation,0.6480072779342458,,,0.6066525463040048
2597,1001,13,5,0.55,0.2,1000,restricted_20,aggregation,0.6495498152076622,,,0.6065795717708219
2598,1001,13,5,0.55,0.2,1000,restricted_20,aggregation,0.6551622350653159,,,0.6095925151700153
2599,1001,13,5,0.55,0.2,1000,restricted_20,aggregation,0.6493898380966704,,,0.6065734011821513
2600,1001,13,5,0.55,0.2,1000,restricted_20,aggregation,0.6502634557850101,,,0.6075039206703792
2601,1001,13,5,0.55,0.2,1000,restricted_20,aggregation,0.6520419794403404,,,0.6080559863747365
2602,1001,13,5,0.55,0.2,1000,restricted_20,aggregation,0.6491167844596009,,,0.6068454637723388
2603,1001,13,5,0.55,0.2,1000,restricted_20,aggregation,0.6548526852426333,,,0.6091695651108153
2604,1001,13,5,0.55,0.2,1000,restricted_20,aggregation,0.6523839795161562,,,0.6082519877730295
2605,1001,13,5,0.55,0.2,1000,restricted_20,aggregation,0.6509613438310237,,,0.6072868434960103
2606,1001,13,5,0.55,0.2,1000,restricted_20,aggregation,0.6557658720073559,,,0.6097252073929159
2607,1001,13,5,0.55,0.2,1000,restricted_20,aggregation,0.6570017717244143,,,0.6097396673234174
2608,1001,13,5,0.55,0.2,1000,restricted_20,aggregation,0.6563098738219615,,,0.6099149051796969
2609,1001,13,5,0.55,0.2,1000,restricted_20,aggregation,0.6568913274416647,,,0.6095918158384827
2610,1001,13,5,0.55,0.2,1000,restricted_20,aggregation,0.6569700460207822,,,0.6100400529254697
2611,1001,13,5,0.55,0.2,1000,restricted_20,aggregation,0.6526509595225984,,,0.6084848168806503
2612,1001,13,5,0.55,0.2,1000,restricted_20,aggregation,0.6536017411081354,,,0.6085521042768961
2613,1001,13,5,0.55,0.2,1000,restricted_20,aggregation,0.6530376780582641,,,0.6086490411517497
2614,1001,13,5,0.55,0.2,1000,restricted_20,aggregation,0.6585366996793549,,,0.6099956243833329
2615,1001,13,5,0.55,0.2,1000,restricted_20,aggregation,0.6522446863380993,,,0.6077586790832626
2616,1001,13,5,0.55,0.2,1000,restricted_20,aggregation,0.6496874476731425,,,0.6075728010184263
2617,1001,13,5,0.55,0.2,1000,restricted_20,aggregation,0.6521626453690734,,,0.6082168815675066
2618,1001,13,5,0.55,0.2,1000,restricted_20,aggregation,0.6513159348747332,,,0.6078165270686106
2619,1001,13,5,0.55,0.2,1000,restricted_20,aggregation,0.6522127384135635,,,0.6078006939202775
2620,1001,13,5,0.55,0.2,1000,restricted_20,aggregation,0.6504052331498836,,,0.6078168395955897
2621,1001,13,5,0.55,0.2,1000,restricted_20,aggregation,0.656803781784398,,,0.6098420198243116
2622,1001,13,5,0.55,0.2,1000,restricted_20,aggregation,0.6488289794300787,,,0.6076879775317277
2623,1001,13,5,0.55,0.2,1000,restricted_20,aggregation,0.6560475929822569,,,0.6097181016976851
2624,1001,13,5,0.55,0.2,1000,restricted_20,aggregation,0.6533694359647951,,,0.6089518314941234
2625,1001,13,5,0.55,0.2,1000,restricted_20,aggregation,0.6503492073940743,,,0.6070589529837448
2626,1001,13,5,0.55,0.2,1000,restricted_20,aggregation,0.652895764723206,,,0.6084743853368855
2627,1001,13,5,0.55,0.2,1000,restricted_20,aggregation,0.6507491117273208,,,0.6074523711319546
2628,1001,13,5,0.55,0.2,1000,restricted_20,aggregation,0.6546525600659936,,,0.6086411786515955
2629,1001,13,5,0.55,0.2,1000,restricted_20,aggregation,0.6522826305363062,,,0.608155406137073
2630,1001,13,5,0.55,0.2,1000,restricted_20,aggregation,0.6525308375143684,,,0.6082865707517792
2631,1001,13,5,0.55,0.2,1000,restricted_20,aggregation,0.6501786593560464,,,0.6078676181919933
2632,1001,13,5,0.55,0.2,1000,restricted_20,aggregation,0.6518521677448291,,,0.6079610546629298
2633,1001,13,5,0.55,0.2,1000,restricted_20,aggregation,0.654804251786666,,,0.6088413765786683
2634,1001,13,5,0.55,0.2,1000,restricted_20,aggregation,0.6529926246779422,,,0.6084887460147879
2635,1001,13,5,0.55,0.2,1000,restricted_20,aggregation,0.6501679624483565,,,0.6069201078242746
2636,1001,13,5,0.55,0.2,1000,restricted_20,aggregation,0.6541834157129756,,,0.6087643912568913
2637,1001,13,5,0.55,0.2,1000,restricted_20,aggregation,0.6507254383762415,,,0.6073084614151281
2638,1001,13,5,0.55,0.2,1000,restricted_20,aggregation,0.6534791238288485,,,0.608399442486526
2639,1001,13,5,0.55,0.2,1000,restricted_20,aggregation,0.6483360687857573,,,0.6070937844794095
2640,1001,13,5,0.55,0.2,1000,restricted_20,aggregation,0.6548776690787859,,,0.6088611984080736
2641,1001,13,5,0.55,0.2,1000,restricted_20,aggregation,0.6525819157651495,,,0.6084151525249442
2642,1001,13,5,0.55,0.2,1000,restricted_20,aggregation,0.6526769041191276,,,0.6083164984244153
2643,1001,13,5,0.55,0.2,1000,restricted_20,aggregation,0.6555169210190694,,,0.608710026192943
2644,1001,13,5,0.55,0.2,1000,restricted_20,aggregation,0.6551515899352776,,,0.6093108925796427
2645,1001,13,5,0.55,0.2,1000,restricted_20,aggregation,0.6513489694264801,,,0.6078162053070388
2646,1001,13,5,0.55,0.2,1000,restricted_20,aggregation,0.6515203098067546,,,0.6081260191043526
2647,1001,13,5,0.55,0.2,1000,restricted_20,aggregation,0.6537301853692579,,,0.6088532323540659
2648,1001,13,5,0.55,0.2,1000,restricted_20,aggregation,0.6512476210811927,,,0.6076471261146262
2649,1001,13,5,0.55,0.2,1000,restricted_20,aggregation,0.6481619442329731,,,0.6067327540823375
2650,1001,13,5,0.55,0.2,1000,restricted_20,aggregation,0.6517775100282306,,,0.6080218472268473
2651,1001,13,5,0.55,0.2,1000,restricted_20,aggregation,0.6545883834665743,,,0.6085134288782206
2652,1001,13,5,0.55,0.2,1000,restricted_20,aggregation,0.6473287053308517,,,0.6062181329858415
2653,1001,13,5,0.55,0.2,1000,restricted_20,aggregation,0.6540855720783486,,,0.6083715571850989
2654,1001,13,5,0.55,0.2,1000,restricted_20,aggregation,0.6572233178645842,,,0.6098037638904307
2655,1001,13,5,0.55,0.2,1000,restricted_20,aggregation,0.6543587911095391,,,0.6091065333432001
2656,1001,13,5,0.55,0.2,1000,restricted_20,aggregation,0.6514177600768515,,,0.6077651134051136
2657,1001,13,5,0.55,0.2,1000,restricted_20,aggregation,0.650036171623757,,,0.6076068581881083
2658,1001,13,5,0.55,0.2,1000,restricted_20,aggregation,0.6540336965076059,,,0.6091713956722291
2659,1001,13,5,0.55,0.2,1000,restricted_20,aggregation,0.6498738699579655,,,0.6070117449140366
2660,1001,13,5,0.55,0.2,1000,restricted_20,aggregation,0.6509893374598598,,,0.6079690949868034
2661,1001,13,5,0.55,0.2,1000,restricted_20,aggregation,0.6510192890245743,,,0.6076653769841271
2662,1001,13,5,0.55,0.2,1000,restricted_20,aggregation,0.6516196156293497,,,0.6081076320284654
2663,1001,13,5,0.55,0.2,1000,restricted_20,aggregation,0.6585685812304584,,,0.6102001355897191
2664,1001,13,5,0.55,0.2,1000,restricted_20,aggregation,0.6573273073426905,,,0.6098219518521603
2665,1001,13,5,0.55,0.2,1000,restricted_20,aggregation,0.6529238933652053,,,0.6082803089965592
2666,1001,13,5,0.55,0.2,1000,restricted_20,aggregation,0.6564659411924381,,,0.6093834279532198
2667,1001,13,5,0.55,0.2,1000,restricted_20,aggregation,0.6486140057072579,,,0.6070669457163208
2668,1001,13,5,0.55,0.2,1000,restricted_20,aggregation,0.6522850733193281,,,0.6082254747567248
2669,1001,13,5,0.55,0.2,1000,restricted_20,aggregation,0.6510522210064269,,,0.608023853900729
2670,1001,13,5,0.55,0.2,1000,restricted_20,aggregation,0.6518971632506682,,,0.6080681728842147
2671,1001,13,5,0.55,0.2,1000,restricted_20,aggregation,0.6540306990160834,,,0.6081378582759834
2672,1001,13,5,0.55,0.2,1000,restricted_20,aggregation,0.6520583332356237,,,0.6075239686856355
2673,1001,13,5,0.55,0.2,1000,restricted_20,aggregation,0.6530081889729402,,,0.6088940733726151
2674,1001,13,5,0.55,0.2,1000,restricted_20,aggregation,0.6500416591571176,,,0.6074477461273295
2675,1001,13,5,0.55,0.2,1000,restricted_20,aggregation,0.6543459820056292,,,0.6090988411357163
2676,1001,13,5,0.55,0.2,1000,restricted_20,aggregation,0.6559469593736876,,,0.6096389068261986
2677,1001,13,5,0.55,0.2,1000,restricted_20,aggregation,0.6479257961766203,,,0.6063209878239046
2678,1001,13,5,0.55,0.2,1000,restricted_20,aggregation,0.6535220292990312,,,0.6086614675062594
2679,1001,13,5,0.55,0.2,1000,restricted_20,aggregation,0.6569563930558624,,,0.6099859807168142
2680,1001,13,5,0.55,0.2,1000,restricted_20,aggregation,0.6503011372380766,,,0.6074953973495641
2681,1001,13,5,0.55,0.2,1000,restricted_20,aggregation,0.6502784670491845,,,0.6076279652523404
2682,1001,13,5,0.55,0.2,1000,restricted_20,aggregation,0.6516721682682909,,,0.6082117812588647
2683,1001,13,5,0.55,0.2,1000,restricted_20,aggregation,0.6535424881127125,,,0.609066715830466
2684,1001,13,5,0.55,0.2,1000,restricted_20,aggregation,0.6523225417587907,,,0.607537775203192
2685,1001,13,5,0.55,0.2,1000,restricted_20,aggregation,0.6539042485709465,,,0.6083876215913717
2686,1001,13,5,0.55,0.2,1000,restricted_20,aggregation,0.6497055244664467,,,0.6076825212981464
2687,1001,13,5,0.55,0.2,1000,restricted_20,aggregation,0.6564911593700123,,,0.609988849175516
2688,1001,13,5,0.55,0.2,1000,restricted_20,aggregation,0.6508752602135689,,,0.6080683981527734
2689,1001,13,5,0.55,0.2,1000,restricted_20,aggregation,0.6467475090241322,,,0.606877120140662
2690,1001,13,5,0.55,0.2,1000,restricted_20,aggregation,0.6524230334882213,,,0.6079584483649068
2691,1001,13,5,0.55,0.2,1000,restricted_20,aggregation,0.6558429032948804,,,0.6094537628420963
2692,1001,13,5,0.55,0.2,1000,restricted_20,aggregation,0.6520865690676623,,,0.6078157436622021
2693,1001,13,5,0.55,0.2,1000,restricted_20,aggregation,0.6507018784305408,,,0.6078885284314451
2694,1001,13,5,0.55,0.2,1000,restricted_20,aggregation,0.653191882034355,,,0.608283180623389
2695,1001,13,5,0.55,0.2,1000,restricted_20,aggregation,0.6562895496195673,,,0.6097181156651992
2696,1001,13,5,0.55,0.2,1000,restricted_20,aggregation,0.6582994346169831,,,0.6105344237706739
2697,1001,13,5,0.55,0.2,1000,restricted_20,aggregation,0.6577923182808801,,,0.6093778307263725
2698,1001,13,5,0.55,0.2,1000,restricted_20,aggregation,0.6493794722829312,,,0.607142940809191
2699,1001,13,5,0.55,0.2,1000,restricted_20,aggregation,0.6552239743349677,,,0.608939067969068
2700,1001,13,5,0.55,0.2,1000,restricted_20,aggregation,0.6557991534308079,,,0.6096642538557123
2701,1001,13,5,0.55,0.2,1000,restricted_20,aggregation,0.6517991611307428,,,0.6076045933156351
2702,1001,13,5,0.55,0.2,1000,restricted_20,aggregation,0.6513900480754143,,,0.6082444374529793
2703,1001,13,5,0.55,0.2,1000,restricted_20,aggregation,0.649146961897152,,,0.6067161909309827
2704,1001,13,5,0.55,0.2,1000,restricted_20,aggregation,0.6549843271029412,,,0.6091362601750103
2705,1001,13,5,0.55,0.2,1000,restricted_20,aggregation,0.6549075918377527,,,0.6084619842503177
2706,1001,13,5,0.55,0.2,1000,restricted_20,aggregation,0.6524497336335022,,,0.6085217811124063
2707,1001,13,5,0.55,0.2,1000,restricted_20,aggregation,0.6502807938996681,,,0.6069867608240527
2708,1001,13,5,0.55,0.2,1000,restricted_20,aggregation,0.6517502508369953,,,0.6079525129808465
2709,1001,13,5,0.55,0.2,1000,restricted_20,aggregation,0.6499019337551499,,,0.6074927910669579
2710,1001,13,5,0.55,0.2,1000,restricted_20,aggregation,0.6513357608600182,,,0.6076131757131759
2711,1001,13,5,0.55,0.2,1000,restricted_20,aggregation,0.6489031796582841,,,0.6071307327934413
2712,1001,13,5,0.55,0.2,1000,restricted_20,aggregation,0.6538657834856668,,,0.6086868714310382
2713,1001,13,5,0.55,0.2,1000,restricted_20,aggregation,0.6508011806858132,,,0.6075842953342955
2714,1001,13,5,0.55,0.2,1000,restricted_20,aggregation,0.651355861005448,,,0.6075925898638399
2715,1001,13,5,0.55,0.2,1000,restricted_20,aggregation,0.6540791738596142,,,0.6088239138330807
2716,1001,13,5,0.55,0.2,1000,restricted_20,aggregation,0.6552842553109878,,,0.6094233657700325
2717,1001,13,5,0.55,0.2,1000,restricted_20,aggregation,0.654172385094465,,,0.6089884189498774
2718,1001,13,5,0.55,0.2,1000,restricted_20,aggregation,0.6513242096743257,,,0.6082499256761758
2719,1001,13,5,0.55,0.2,1000,restricted_20,aggregation,0.6515548996552976,,,0.6084702176141761
2720,1001,13,5,0.55,0.2,1000,restricted_20,aggregation,0.651039920876038,,,0.6076689970292055
2721,1001,13,5,0.55,0.2,1000,restricted_20,aggregation,0.6535858653074563,,,0.6080217016933684
2722,1001,13,5,0.55,0.2,1000,restricted_20,aggregation,0.6483453281929092,,,0.6069821989892824
2723,1001,13,5,0.55,0.2,1000,restricted_20,aggregation,0.6542875209908554,,,0.6088945176813928
2724,1001,13,5,0.55,0.2,1000,restricted_20,aggregation,0.656483290394589,,,0.6096042320333988
2725,1001,13,5,0.55,0.2,1000,restricted_20,aggregation,0.6538059940957447,,,0.6085636740497159
2726,1001,13,5,0.55,0.2,1000,restricted_20,aggregation,0.6550958028977625,,,0.6089175226316894
2727,1001,13,5,0.55,0.2,1000,restricted_20,aggregation,0.6539133807939581,,,0.6087612866069118
2728,1001,13,5,0.55,0.2,1000,restricted_20,aggregation,0.6519438731791913,,,0.6080559722993057
2729,1001,13,5,0.55,0.2,1000,restricted_20,aggregation,0.6550841617336932,,,0.609274865512574
2730,1001,13,5,0.55,0.2,1000,restricted_20,aggregation,0.6514170262218382,,,0.607877300754801
2731,1001,13,5,0.55,0.2,1000,restricted_20,aggregation,0.6506775430398597,,,0.6073157687374356
2732,1001,13,5,0.55,0.2,1000,restricted_20,aggregation,0.657486511592789,,,0.6100913860522195
2733,1001,13,5,0.55,0.2,1000,restricted_20,aggregation,0.6513662993979085,,,0.6077837056462058
2734,1001,13,5,0.55,0.2,1000,restricted_20,aggregation,0.6543132267329737,,,0.6086229469450304
2735,1001,13,5,0.55,0.2,1000,restricted_20,aggregation,0.6513270626314469,,,0.6075875320898239
2736,1001,13,5,0.55,0.2,1000,restricted_20,aggregation,0.6564564617702645,,,0.6099178995464414
2737,1001,13,5,0.55,0.2,1000,restricted_20,aggregation,0.6512669494273226,,,0.6078204605965024
2738,1001,13,5,0.55,0.2,1000,restricted_20,aggregation,0.6514676992013464,,,0.6077557484105401
2739,1001,13,5,0.55,0.2,1000,restricted_20,aggregation,0.6529867722838697,,,0.6087396802271804
2740,1001,13,5,0.55,0.2,1000,restricted_20,aggregation,0.6550118493331911,,,0.6093714565912484
2741,1001,13,5,0.55,0.2,1000,restricted_20,aggregation,0.6512535075225951,,,0.6074017996740915
2742,1001,13,5,0.55,0.2,1000,restricted_20,aggregation,0.6588758956216003,,,0.6102382325313577
2743,1001,13,5,0.55,0.2,1000,restricted_20,aggregation,0.649720854505382,,,0.6069256297714632
2744,1001,13,5,0.55,0.2,1000,restricted_20,aggregation,0.651305100950379,,,0.6071905687445271
2745,1001,13,5,0.55,0.2,1000,restricted_20,aggregation,0.6531125254919589,,,0.6087486410194745
2746,1001,13,5,0.55,0.2,1000,restricted_20,aggregation,0.6539371629892626,,,0.6083909549555384
2747,1001,13,5,0.55,0.2,1000,restricted_20,aggregation,0.6533645617577061,,,0.6087648617123619
2748,1001,13,5,0.55,0.2,1000,restricted_20,aggregation,0.651715662836572,,,0.6078202569652571
2749,1001,13,5,0.55,0.2,1000,restricted_20,aggregation,0.651981413804174,,,0.6080121796490547
2750,1001,13,5,0.55,0.2,1000,restricted_20,aggregation,0.6549059750196928,,,0.609265108194275
2751,1001,13,5,0.55,0.2,1000,restricted_20,aggregation,0.6535683848526858,,,0.6082050527558861
2752,1001,13,5,0.55,0.2,1000,restricted_20,aggregation,0.6535928013230888,,,0.6089104776088111
2753,1001,13,5,0.55,0.2,1000,restricted_20,aggregation,0.6498647203413711,,,0.6071835458908377
2754,1001,13,5,0.55,0.2,1000,restricted_20,aggregation,0.6496560180498923,,,0.6070995252432754
2755,1001,13,5,0.55,0.2,1000,restricted_20,aggregation,0.650822139748723,,,0.6076276380795131
2756,1001,13,5,0.55,0.2,1000,restricted_20,aggregation,0.6536585526574543,,,0.6092188176638177
2757,1001,13,5,0.55,0.2,1000,restricted_20,aggregation,0.6538466959739839,,,0.6084348777302945
2758,1001,13,5,0.55,0.2,1000,restricted_20,aggregation,0.6489071041478154,,,0.6068760452818788
2759,1001,13,5,0.55,0.2,1000,restricted_20,aggregation,0.6463933681400432,,,0.605560237617321
2760,1001,13,5,0.55,0.2,1000,restricted_20,aggregation,0.6518937353206493,,,0.6082387849264935
2761,1001,13,5,0.55,0.2,1000,restricted_20,aggregation,0.6517265787834102,,,0.6082028548457716
2762,1001,13,5,0.55,0.2,1000,restricted_20,aggregation,0.6526093569579503,,,0.6082808497983498
2763,1001,13,5,0.55,0.2,1000,restricted_20,aggregation,0.6509278770770569,,,0.6078912561512562
2764,1001,13,5,0.55,0.2,1000,restricted_20,aggregation,0.6524071351324505,,,0.6078528756197508
2765,1001,13,5,0.55,0.2,1000,restricted_20,aggregation,0.6547430463446038,,,0.6094798312104565
2766,1001,13,5,0.55,0.2,1000,restricted_20,aggregation,0.6548188168812897,,,0.6092176020044772
2767,1001,13,5,0.55,0.2,1000,restricted_20,aggregation,0.6490451404068429,,,0.6074972827481163
2768,1001,13,5,0.55,0.2,1000,restricted_20,aggregation,0.6513776717416341,,,0.6080426594239096
2769,1001,13,5,0.55,0.2,1000,restricted_20,aggregation,0.6526187742090679,,,0.6084234578615829
2770,1001,13,5,0.55,0.2,1000,restricted_20,aggregation,0.6523593381101517,,,0.6083656077024828
2771,1001,13,5,0.55,0.2,1000,restricted_20,aggregation,0.6478404397676735,,,0.6064870453080871
2772,1001,13,5,0.55,0.2,1000,restricted_20,aggregation,0.6485815417402284,,,0.606926475091267
2773,1001,13,5,0.55,0.2,1000,restricted_20,aggregation,0.6544025472173122,,,0.608950549119091
2774,1001,13,5,0.55,0.2,1000,restricted_20,aggregation,0.6498930573755209,,,0.6072753013807183
2775,1001,13,5,0.55,0.2,1000,restricted_20,aggregation,0.6486697623237624,,,0.6073286914859833
2776,1001,13,5,0.55,0.2,1000,restricted_20,aggregation,0.6521496656425566,,,0.6085633228422812
2777,1001,13,5,0.55,0.2,1000,restricted_20,aggregation,0.6481870573489401,,,0.6072831096681098
2778,1001,13,5,0.55,0.2,1000,restricted_20,aggregation,0.6514426939057493,,,0.60818865488678
2779,1001,13,5,0.55,0.2,1000,restricted_20,aggregation,0.6554109023664813,,,0.6088220592601844
2780,1001,13,5,0.55,0.2,1000,restricted_20,aggregation,0.6539495632486735,,,0.6085303175682344
2781,1001,13,5,0.55,0.2,1000,restricted_20,aggregation,0.6485178957244991,,,0.6067401350501351
2782,1001,13,5,0.55,0.2,1000,restricted_20,aggregation,0.6501630357080707,,,0.607611735995486
2783,1001,13,5,0.55,0.2,1000,restricted_20,aggregation,0.6561585833714415,,,0.6091480965099717
2784,1001,13,5,0.55,0.2,1000,restricted_20,aggregation,0.6540324661204279,,,0.608326771954897
2785,1001,13,5,0.55,0.2,1000,restricted_20,aggregation,0.651196325254366,,,0.6078716336287171
2786,1001,13,5,0.55,0.2,1000,restricted_20,aggregation,0.6528523798452014,,,0.6086247297070215
2787,1001,13,5,0.55,0.2,1000,restricted_20,aggregation,0.652900203139833,,,0.6081327882919552
2788,1001,13,5,0.55,0.2,1000,restricted_20,aggregation,0.6536968183164371,,,0.6088150547754715
2789,1001,13,5,0.55,0.2,1000,restricted_20,aggregation,0.6537698172913481,,,0.6089604766298518
2790,1001,13,5,0.55,0.2,1000,restricted_20,aggregation,0.6494968634502641,,,0.6066805239282325
2791,1001,13,5,0.55,0.2,1000,restricted_20,aggregation,0.6525177414422241,,,0.6080167097948349
2792,1001,13,5,0.55,0.2,1000,restricted_20,aggregation,0.6516219885908104,,,0.6081006144087395
2793,1001,13,5,0.55,0.2,1000,restricted_20,aggregation,0.658145340375849,,,0.6102707633724301
2794,1001,13,5,0.55,0.2,1000,restricted_20,aggregation,0.6563817847550371,,,0.6096460366485368
2795,1001,13,5,0.55,0.2,1000,restricted_20,aggregation,0.6574045141616611,,,0.6100401301245052
2796,1001,13,5,0.55,0.2,1000,restricted_20,aggregation,0.6522907350812949,,,0.6079624528557863
2797,1001,13,5,0.55,0.2,1000,restricted_20,aggregation,0.6512580072670029,,,0.60835071314488
2798,1001,13,5,0.55,0.2,1000,restricted_20,aggregation,0.6566948131209581,,,0.6095438895363897
2799,1001,13,5,0.55,0.2,1000,restricted_20,aggregation,0.6458518509065037,,,0.6058233658316994
2800,1001,13,5,0.55,0.2,1000,restricted_20,aggregation,0.6452961616597799,,,0.6050716944783613
2801,1001,13,5,0.55,0.2,1000,restricted_20,aggregation,0.6563047289115482,,,0.6093394994280412
2802,1001,13,5,0.55,0.2,1000,restricted_20,aggregation,0.6546384959505375,,,0.6083956095293596
2803,1001,13,5,0.55,0.2,1000,restricted_20,aggregation,0.6568608167500931,,,0.6101140686551104
2804,1001,13,5,0.55,0.2,1000,restricted_20,aggregation,0.6503595240567112,,,0.6072710298112383
2805,1001,13,5,0.55,0.2,1000,restricted_20,aggregation,0.6507468433871215,,,0.6078097250588919
2806,1001,13,5,0.55,0.2,1000,restricted_20,aggregation,0.6554186389019777,,,0.6096090118292202
2807,1001,13,5,0.55,0.2,1000,restricted_20,aggregation,0.6546653755427057,,,0.6090195643168561
2808,1001,13,5,0.55,0.2,1000,restricted_20,aggregation,0.6518999883968516,,,0.6082741311312146
2809,1001,13,5,0.55,0.2,1000,restricted_20,aggregation,0.6522876546836727,,,0.6076555079334247
2810,1001,13,5,0.55,0.2,1000,restricted_20,aggregation,0.654515689853349,,,0.6088985483575068
2811,1001,13,5,0.55,0.2,1000,restricted_20,aggregation,0.6481653256110163,,,0.6063209127754963
2812,1001,13,5,0.55,0.2,1000,restricted_20,aggregation,0.6504394756860717,,,0.6075497569637154
2813,1001,13,5,0.55,0.2,1000,restricted_20,aggregation,0.6510333029836218,,,0.6079068757785425
2814,1001,13,5,0.55,0.2,1000,restricted_20,aggregation,0.653551023704369,,,0.6087027220002222
2815,1001,13,5,0.55,0.2,1000,restricted_20,aggregation,0.6569668576022224,,,0.6101382888022473
2816,1001,13,5,0.55,0.2,1000,restricted_20,aggregation,0.6492497036606751,,,0.606471111874237
2817,1001,13,5,0.55,0.2,1000,restricted_20,aggregation,0.652737127946723,,,0.6079374265318017
2818,1001,13,5,0.55,0.2,1000,restricted_20,aggregation,0.6478470731629085,,,0.6067091107426525
2819,1001,13,5,0.55,0.2,1000,restricted_20,aggregation,0.6542692933957978,,,0.6087194890757393
2820,1001,13,5,0.55,0.2,1000,restricted_20,aggregation,0.6500568945184756,,,0.6075298644642396
2821,1001,13,5,0.55,0.2,1000,restricted_20,aggregation,0.6546938396626572,,,0.609128518865394
2822,1001,13,5,0.55,0.2,1000,restricted_20,aggregation,0.6501328456130986,,,0.6070384540382459
2823,1001,13,5,0.55,0.2,1000,restricted_20,aggregation,0.6497633420777955,,,0.6075630529578447
2824,1001,13,5,0.55,0.2,1000,restricted_20,aggregation,0.6471764165088769,,,0.6069827741394409
2825,1001,13,5,0.55,0.2,1000,restricted_20,aggregation,0.6559366201214383,,,0.6094053122340624
2826,1001,13,5,0.55,0.2,1000,restricted_20,aggregation,0.6518161693230546,,,0.6080709223184225
2827,1001,13,5,0.55,0.2,1000,restricted_20,aggregation,0.6521629290374177,,,0.6082477641956809
2828,1001,13,5,0.55,0.2,1000,restricted_20,aggregation,0.6523008561268575,,,0.6077973291523293
2829,1001,13,5,0.55,0.2,1000,restricted_20,aggregation,0.6549587435003347,,,0.608670064164231
2830,1001,13,5,0.55,0.2,1000,restricted_20,aggregation,0.6502478870227405,,,0.6078056287385456
2831,1001,13,5,0.55,0.2,1000,restricted_20,aggregation,0.6513923320396386,,,0.607665479551313
2832,1001,13,5,0.55,0.2,1000,restricted_20,aggregation,0.6511047781305709,,,0.6068277608502609
2833,1001,13,5,0.55,0.2,1000,restricted_20,aggregation,0.660015173856383,,,0.6104654185012519
2834,1001,13,5,0.55,0.2,1000,restricted_20,aggregation,0.6552548629958107,,,0.6087573826405078
2835,1001,13,5,0.55,0.2,1000,restricted_20,aggregation,0.6505058291948328,,,0.6082051520547356
2836,1001,13,5,0.55,0.2,1000,restricted_20,aggregation,0.6531054834087572,,,0.6089933734321236
2837,1001,13,5,0.55,0.2,1000,restricted_20,aggregation,0.6539177474687184,,,0.6084921907028158
2838,1001,13,5,0.55,0.2,1000,restricted_20,aggregation,0.6526225818122753,,,0.6078041553276972
2839,1001,13,5,0.55,0.2,1000,restricted_20,aggregation,0.6506542367184325,,,0.6073781724679643
2840,1001,13,5,0.55,0.2,1000,restricted_20,aggregation,0.6477435651707204,,,0.6063700529871364
2841,1001,13,5,0.55,0.2,1000,restricted_20,aggregation,0.6553730261585456,,,0.6088979432681517
2842,1001,13,5,0.55,0.2,1000,restricted_20,aggregation,0.6499839504522592,,,0.607883262578471
2843,1001,13,5,0.55,0.2,1000,restricted_20,aggregation,0.6538702862022775,,,0.6089371955359456
2844,1001,13,5,0.55,0.2,1000,restricted_20,aggregation,0.6522640200225865,,,0.6083386789984708
2845,1001,13,5,0.55,0.2,1000,restricted_20,aggregation,0.6513344693410833,,,0.6076513625880293
2846,1001,13,5,0.55,0.2,1000,restricted_20,aggregation,0.6570499155674917,,,0.609877555530889
2847,1001,13,5,0.55,0.2,1000,restricted_20,aggregation,0.6563662684637108,,,0.609088885204302
2848,1001,13,5,0.55,0.2,1000,restricted_20,aggregation,0.6561236141702617,,,0.609665837480421
2849,1001,13,5,0.55,0.2,1000,restricted_20,aggregation,0.6564807615660514,,,0.6097727717883968
2850,1001,13,5,0.55,0.2,1000,restricted_20,aggregation,0.6576374142564363,,,0.6101593931531433
2851,1001,13,5,0.55,0.2,1000,restricted_20,aggregation,0.6491685269568581,,,0.6066669338146423
2852,1001,13,5,0.55,0.2,1000,restricted_20,aggregation,0.652762161101559,,,0.6084919143433728
2853,1001,13,5,0.55,0.2,1000,restricted_20,aggregation,0.6546956394300908,,,0.6095093048695133
2854,1001,13,5,0.55,0.2,1000,restricted_20,aggregation,0.6534574665854188,,,0.6088056573827408
2855,1001,13,5,0.55,0.2,1000,restricted_20,aggregation,0.6498015081567963,,,0.607647321551905
2856,1001,13,5,0.55,0.2,1000,restricted_20,aggregation,0.6564549747709993,,,0.6098466430637266
2857,1001,13,5,0.55,0.2,1000,restricted_20,aggregation,0.6488484095644647,,,0.6073760289864458
2858,1001,13,5,0.55,0.2,1000,restricted_20,aggregation,0.6513605288163793,,,0.6076305940972608
2859,1001,13,5,0.55,0.2,1000,restricted_20,aggregation,0.659076483326652,,,0.6102402774617358
2860,1001,13,5,0.55,0.2,1000,restricted_20,aggregation,0.6524875477554806,,,0.607695154097446
2861,1001,13,5,0.55,0.2,1000,restricted_20,aggregation,0.6539763074801851,,,0.6089517176881761
2862,1001,13,5,0.55,0.2,1000,restricted_20,aggregation,0.6467188716852227,,,0.6060155059832144
2863,1001,13,5,0.55,0.2,1000,restricted_20,aggregation,0.6520500798799341,,,0.608141783979909
2864,1001,13,5,0.55,0.2,1000,restricted_20,aggregation,0.6532638300151442,,,0.6085490028567113
2865,1001,13,5,0.55,0.2,1000,restricted_20,aggregation,0.653736331437517,,,0.6089713800242968
2866,1001,13,5,0.55,0.2,1000,restricted_20,aggregation,0.6559646273029073,,,0.6090049320432656
2867,1001,13,5,0.55,0.2,1000,restricted_20,aggregation,0.6549304539121416,,,0.60906803151324
2868,1001,13,5,0.55,0.2,1000,restricted_20,aggregation,0.6546552617286795,,,0.6092935108795527
2869,1001,13,5,0.55,0.2,1000,restricted_20,aggregation,0.6535205161233486,,,0.6087419810205228
2870,1001,13,5,0.55,0.2,1000,restricted_20,aggregation,0.6543757914978933,,,0.6090585157280992
2871,1001,13,5,0.55,0.2,1000,restricted_20,aggregation,0.6539984905077583,,,0.6089223712475796
2872,1001,13,5,0.55,0.2,1000,restricted_20,aggregation,0.6495844520676182,,,0.6070674459953628
2873,1001,13,5,0.55,0.2,1000,restricted_20,aggregation,0.6569461684404863,,,0.6099176773303858
2874,1001,13,5,0.55,0.2,1000,restricted_20,aggregation,0.6522083313449891,,,0.6077120427489179
2875,1001,13,5,0.55,0.2,1000,restricted_20,aggregation,0.6541143498623244,,,0.6087075061127146
2876,1001,13,5,0.55,0.2,1000,restricted_20,aggregation,0.6565522740636561,,,0.609919706820957
2877,1001,13,5,0.55,0.2,1000,restricted_20,aggregation,0.6510429332019283,,,0.608030073838199
2878,1001,13,5,0.55,0.2,1000,restricted_20,aggregation,0.6512511688809438,,,0.6081479226406312
2879,1001,13,5,0.55,0.2,1000,restricted_20,aggregation,0.6503342181205127,,,0.6079360983846401
2880,1001,13,5,0.55,0.2,1000,restricted_20,aggregation,0.6456635088219108,,,0.6059148102591854
2881,1001,13,5,0.55,0.2,1000,restricted_20,aggregation,0.651448075723966,,,0.6079534187186272
2882,1001,13,5,0.55,0.2,1000,restricted_20,aggregation,0.6513778475969586,,,0.6077716889977307
2883,1001,13,5,0.55,0.2,1000,restricted_20,aggregation,0.6567907203773905,,,0.6099117225367227
2884,1001,13,5,0.55,0.2,1000,restricted_20,aggregation,0.6527350236081623,,,0.6084621731586317
2885,1001,13,5,0.55,0.2,1000,restricted_20,aggregation,0.6516800065354789,,,0.607914700222617
2886,1001,13,5,0.55,0.2,1000,restricted_20,aggregation,0.6546670318251776,,,0.6093493189372358
2887,1001,13,5,0.55,0.2,1000,restricted_20,aggregation,0.649869815323914,,,0.6074079013810265
2888,1001,13,5,0.55,0.2,1000,restricted_20,aggregation,0.6479615051179319,,,0.6066454032618617
2889,1001,13,5,0.55,0.2,1000,restricted_20,aggregation,0.6544666261814264,,,0.6088253435993021
2890,1001,13,5,0.55,0.2,1000,restricted_20,aggregation,0.656702883852449,,,0.609533432979058
2891,1001,13,5,0.55,0.2,1000,restricted_20,aggregation,0.6590822875202679,,,0.6104044498865334
2892,1001,13,5,0.55,0.2,1000,restricted_20,aggregation,0.6527256705970291,,,0.6087807803539055
2893,1001,13,5,0.55,0.2,1000,restricted_20,aggregation,0.6532109586699263,,,0.6084474057424059
2894,1001,13,5,0.55,0.2,1000,restricted_20,aggregation,0.6566779737058172,,,0.6101243359187111
2895,1001,13,5,0.55,0.2,1000,restricted_20,aggregation,0.6489862001004139,,,0.6068535776877444
2896,1001,13,5,0.55,0.2,1000,restricted_20,aggregation,0.6476857586516,,,0.6066634965266217
2897,1001,13,5,0.55,0.2,1000,restricted_20,aggregation,0.6519598639806651,,,0.6078755530118032
2898,1001,13,5,0.55,0.2,1000,restricted_20,aggregation,0.6465397901907898,,,0.6059130323534492
2899,1001,13,5,0.55,0.2,1000,restricted_20,aggregation,0.6547096556871774,,,0.6088704457656543
2900,1001,13,5,0.55,0.2,1000,restricted_20,aggregation,0.6517057838915722,,,0.6079441137566137
2901,1001,13,5,0.55,0.2,1000,restricted_20,aggregation,0.6533442078957625,,,0.6084205553243054
2902,1001,13,5,0.55,0.2,1000,restricted_20,aggregation,0.6494046591245338,,,0.6071897420634922
2903,1001,13,5,0.55,0.2,1000,restricted_20,aggregation,0.6548427427151005,,,0.6094412839398258
2904,1001,13,5,0.55,0.2,1000,restricted_20,aggregation,0.6558064233045958,,,0.6094206641044143
2905,1001,13,5,0.55,0.2,1000,restricted_20,aggregation,0.6518178745761424,,,0.6081224854312356
2906,1001,13,5,0.55,0.2,1000,restricted_20,aggregation,0.6544832021845376,,,0.6082080853097521
2907,1001,13,5,0.55,0.2,1000,restricted_20,aggregation,0.6497114655425686,,,0.6072766421464338
2908,1001,13,5,0.55,0.2,1000,restricted_20,aggregation,0.6512045566279403,,,0.6078221623823709
2909,1001,13,5,0.55,0.2,1000,restricted_20,aggregation,0.6580039493089038,,,0.6104108005497589
2910,1001,13,5,0.55,0.2,1000,restricted_20,aggregation,0.6482461480458169,,,0.6068041550656136
2911,1001,13,5,0.55,0.2,1000,restricted_20,aggregation,0.6531610175346576,,,0.608347422130339
2912,1001,13,5,0.55,0.2,1000,restricted_20,aggregation,0.6540586294192559,,,0.608727311901062
2913,1001,13,5,0.55,0.2,1000,restricted_20,aggregation,0.6562636444544844,,,0.6093681036787288
2914,1001,13,5,0.55,0.2,1000,restricted_20,aggregation,0.653893773963588,,,0.6083367569159237
2915,1001,13,5,0.55,0.2,1000,restricted_20,aggregation,0.6505151436754928,,,0.6075943244255747
2916,1001,13,5,0.55,0.2,1000,restricted_20,aggregation,0.652924503759839,,,0.6087700756342425
2917,1001,13,5,0.55,0.2,1000,restricted_20,aggregation,0.652305168927323,,,0.6081770117613869
2918,1001,13,5,0.55,0.2,1000,restricted_20,aggregation,0.6524302681218115,,,0.608161313940689
2919,1001,13,5,0.55,0.2,1000,restricted_20,aggregation,0.6534203183756523,,,0.6078639782131451
2920,1001,13,5,0.55,0.2,1000,restricted_20,aggregation,0.6534760742073673,,,0.6083807848016183
2921,1001,13,5,0.55,0.2,1000,restricted_20,aggregation,0.6552777939737169,,,0.6093110777417029
2922,1001,13,5,0.55,0.2,1000,restricted_20,aggregation,0.6520051880433513,,,0.6077635751979502
2923,1001,13,5,0.55,0.2,1000,restricted_20,aggregation,0.6558904315276642,,,0.6089766878877296
2924,1001,13,5,0.55,0.2,1000,restricted_20,aggregation,0.6504326674401286,,,0.6072919216123384
2925,1001,13,5,0.55,0.2,1000,restricted_20,aggregation,0.653028979860926,,,0.6085667673992675
2926,1001,13,5,0.55,0.2,1000,restricted_20,aggregation,0.6481215767775926,,,0.60628694321111
2927,1001,13,5,0.55,0.2,1000,restricted_20,aggregation,0.6576068337645805,,,0.6095294957511626
2928,1001,13,5,0.55,0.2,1000,restricted_20,aggregation,0.6497059509451663,,,0.6070793666210335
2929,1001,13,5,0.55,0.2,1000,restricted_20,aggregation,0.6512089533705798,,,0.6076058751048335
2930,1001,13,5,0.55,0.2,1000,restricted_20,aggregation,0.6531848450319245,,,0.608159383833759
2931,1001,13,5,0.55,0.2,1000,restricted_20,aggregation,0.6514741297389179,,,0.6080639493839495
2932,1001,13,5,0.55,0.2,1000,restricted_20,aggregation,0.6529845968585788,,,0.6085171725188393
2933,1001,13,5,0.55,0.2,1000,restricted_20,aggregation,0.6484762696239694,,,0.6067979561025395
2934,1001,13,5,0.55,0.2,1000,restricted_20,aggregation,0.652823177614776,,,0.6080229230106315
2935,1001,13,5,0.55,0.2,1000,restricted_20,aggregation,0.6477249534924565,,,0.6070172537262122
2936,1001,13,5,0.55,0.2,1000,restricted_20,aggregation,0.6560865260563291,,,0.6095180991693493
2937,1001,13,5,0.55,0.2,1000,restricted_20,aggregation,0.6540266111387497,,,0.608712087888963
2938,1001,13,5,0.55,0.2,1000,restricted_20,aggregation,0.6572367767946712,,,0.6098961778576363
2939,1001,13,5,0.55,0.2,1000,restricted_20,aggregation,0.6547633340183037,,,0.6088658329170831
2940,1001,13,5,0.55,0.2,1000,restricted_20,aggregation,0.6557406966203212,,,0.6093854203512539
2941,1001,13,5,0.55,0.2,1000,restricted_20,aggregation,0.6484825104635209,,,0.6068593246491164
2942,1001,13,5,0.55,0.2,1000,restricted_20,aggregation,0.6518454136562464,,,0.6075872348484849
2943,1001,13,5,0.55,0.2,1000,restricted_20,aggregation,0.6564169129358799,,,0.6092377494110829
2944,1001,13,5,0.55,0.2,1000,restricted_20,aggregation,0.6527281492613333,,,0.6083218272699523
2945,1001,13,5,0.55,0.2,1000,restricted_20,aggregation,0.6527063571826964,,,0.6083514378908129
2946,1001,13,5,0.55,0.2,1000,restricted_20,aggregation,0.654364874401477,,,0.6088066472801891
2947,1001,13,5,0.55,0.2,1000,restricted_20,aggregation,0.6557338626438604,,,0.6092382017982019
2948,1001,13,5,0.55,0.2,1000,restricted_20,aggregation,0.645690151408949,,,0.6060860032328784
2949,1001,13,5,0.55,0.2,1000,restricted_20,aggregation,0.6518659263050821,,,0.6077634642286727
2950,1001,13,5,0.55,0.2,1000,restricted_20,aggregation,0.6504072867477612,,,0.6073455009727928
2951,1001,13,5,0.55,0.2,1000,restricted_20,aggregation,0.6547866086638855,,,0.6087342681855182
2952,1001,13,5,0.55,0.2,1000,restricted_20,aggregation,0.653670653733887,,,0.6081079732844317
2953,1001,13,5,0.55,0.2,1000,restricted_20,aggregation,0.6582340309673784,,,0.6102808146328981
2954,1001,13,5,0.55,0.2,1000,restricted_20,aggregation,0.6503938904170012,,,0.6076256717819218
2955,1001,13,5,0.55,0.2,1000,restricted_20,aggregation,0.6599551172038198,,,0.61076232162128
2956,1001,13,5,0.55,0.2,1000,restricted_20,aggregation,0.655249227347432,,,0.6087935813414982
2957,1001,13,5,0.55,0.2,1000,restricted_20,aggregation,0.6572668136441545,,,0.6097632623626374
2958,1001,13,5,0.55,0.2,1000,restricted_20,aggregation,0.6522779658127448,,,0.6082428549305634
2959,1001,13,5,0.55,0.2,1000,restricted_20,aggregation,0.6525639295230998,,,0.608059265510724
2960,1001,13,5,0.55,0.2,1000,restricted_20,aggregation,0.6541976611738031,,,0.6090307427834512
2961,1001,13,5,0.55,0.2,1000,restricted_20,aggregation,0.6533545540892398,,,0.6080784394694813
2962,1001,13,5,0.55,0.2,1000,restricted_20,aggregation,0.6536399803100825,,,0.60864698149844
2963,1001,13,5,0.55,0.2,1000,restricted_20,aggregation,0.6577845834633578,,,0.6104456079799832
2964,1001,13,5,0.55,0.2,1000,restricted_20,aggregation,0.650929914343599,,,0.6081721393806813
2965,1001,13,5,0.55,0.2,1000,restricted_20,aggregation,0.6497445518243373,,,0.6069369306619308
2966,1001,13,5,0.55,0.2,1000,restricted_20,aggregation,0.6528717788743786,,,0.6084433202522788
2967,1001,13,5,0.55,0.2,1000,restricted_20,aggregation,0.6509892616127169,,,0.6077138860753446
2968,1001,13,5,0.55,0.2,1000,restricted_20,aggregation,0.6571228211370221,,,0.6102528124807293
2969,1001,13,5,0.55,0.2,1000,restricted_20,aggregation,0.648057347440689,,,0.6062857153340487
2970,1001,13,5,0.55,0.2,1000,restricted_20,aggregation,0.6503385976048327,,,0.6065611219336221
2971,1001,13,5,0.55,0.2,1000,restricted_20,aggregation,0.6515743170781152,,,0.6080811806865974
2972,1001,13,5,0.55,0.2,1000,restricted_20,aggregation,0.6526378239942177,,,0.6085670195545198
2973,1001,13,5,0.55,0.2,1000,restricted_20,aggregation,0.6487577920250301,,,0.6072515236152738
2974,1001,13,5,0.55,0.2,1000,restricted_20,aggregation,0.6505946736239336,,,0.6070763594276096
2975,1001,13,5,0.55,0.2,1000,restricted_20,aggregation,0.6513736782489449,,,0.6078728810772562
2976,1001,13,5,0.55,0.2,1000,restricted_20,aggregation,0.6542104987752556,,,0.609040502876753
2977,1001,13,5,0.55,0.2,1000,restricted_20,aggregation,0.650389528388885,,,0.6079519057871142
2978,1001,13,5,0.55,0.2,1000,restricted_20,aggregation,0.6550194655251801,,,0.6092016915029417
2979,1001,13,5,0.55,0.2,1000,restricted_20,aggregation,0.6558863851926511,,,0.6094790601373936
2980,1001,13,5,0.55,0.2,1000,restricted_20,aggregation,0.6493280104173985,,,0.6076565446975866
2981,1001,13,5,0.55,0.2,1000,restricted_20,aggregation,0.6461475092609604,,,0.6061941152134904
2982,1001,13,5,0.55,0.2,1000,restricted_20,aggregation,0.6490128465558771,,,0.6070118333749585
2983,1001,13,5,0.55,0.2,1000,restricted_20,aggregation,0.6521841701311992,,,0.6081098068212653
2984,1001,13,5,0.55,0.2,1000,restricted_20,aggregation,0.655722818364802,,,0.6097759290632208
2985,1001,13,5,0.55,0.2,1000,restricted_20,aggregation,0.6545570961606046,,,0.6094933544002296
2986,1001,13,5,0.55,0.2,1000,restricted_20,aggregation,0.6511850858858304,,,0.6075614032880701
2987,1001,13,5,0.55,0.2,1000,restricted_20,aggregation,0.6498690897561825,,,0.6073523405760908
2988,1001,13,5,0.55,0.2,1000,restricted_20,aggregation,0.65020557906673,,,0.607635953591162
2989,1001,13,5,0.55,0.2,1000,restricted_20,aggregation,0.6528536254876526,,,0.6086857946605865
2990,1001,13,5,0.55,0.2,1000,restricted_20,aggregation,0.6500975545132097,,,0.6074612768250269
2991,1001,13,5,0.55,0.2,1000,restricted_20,aggregation,0.6513523758280624,,,0.6076105262407347
2992,1001,13,5,0.55,0.2,1000,restricted_20,aggregation,0.6503646715333014,,,0.6075439049530716
2993,1001,13,5,0.55,0.2,1000,restricted_20,aggregation,0.6505948565991255,,,0.6075866454610206
2994,1001,13,5,0.55,0.2,1000,restricted_20,aggregation,0.6506583463717642,,,0.6068492585578004
2995,1001,13,5,0.55,0.2,1000,restricted_20,aggregation,0.6533624516369366,,,0.6087811603982438
2996,1001,13,5,0.55,0.2,1000,restricted_20,aggregation,0.654101047649839,,,0.6086146663984165
2997,1001,13,5,0.55,0.2,1000,restricted_20,aggregation,0.6490571786122632,,,0.6071174620210038
2998,1001,13,5,0.55,0.2,1000,restricted_20,aggregation,0.6528402417465327,,,0.608675177515386
2999,1001,13,5,0.55,0.2,1000,restricted_20,aggregation,0.6523239692457737,,,0.6081315621261456
3000,1001,13,5,0.55,0.2,1000,restricted_30,aggregation,0.6632274206768882,,,0.6131341325341326
3001,1001,13,5,0.55,0.2,1000,restricted_30,aggregation,0.6671508550301792,,,0.6146153661307829
3002,1001,13,5,0.55,0.2,1000,restricted_30,aggregation,0.6668203867271774,,,0.6146961605215773
3003,1001,13,5,0.55,0.2,1000,restricted_30,aggregation,0.6689842667611328,,,0.6149994446834032
3004,1001,13,5,0.55,0.2,1000,restricted_30,aggregation,0.6671565845356165,,,0.6141401859020611
3005,1001,13,5,0.55,0.2,1000,restricted_30,aggregation,0.6658180581293112,,,0.6139061825597244
3006,1001,13,5,0.55,0.2,1000,restricted_30,aggregation,0.6668324025441982,,,0.6143413069646404
3007,1001,13,5,0.55,0.2,1000,restricted_30,aggregation,0.6722032752294275,,,0.6168179088658255
3008,1001,13,5,0.55,0.2,1000,restricted_30,aggregation,0.6646302681974618,,,0.613363414509873
3009,1001,13,5,0.55,0.2,1000,restricted_30,aggregation,0.6708842889691775,,,0.6155480276128193
3010,1001,13,5,0.55,0.2,1000,restricted_30,aggregation,0.6675472549816258,,,0.6140998249435751
3011,1001,13,5,0.55,0.2,1000,restricted_30,aggregation,0.6690245702416132,,,0.614667427849928
3012,1001,13,5,0.55,0.2,1000,restricted_30,aggregation,0.6647674921436609,,,0.6135351113007363
3013,1001,13,5,0.55,0.2,1000,restricted_30,aggregation,0.66499395942913,,,0.6139857828745331
3014,1001,13,5,0.55,0.2,1000,restricted_30,aggregation,0.6688205649313501,,,0.6154400974334309
3015,1001,13,5,0.55,0.2,1000,restricted_30,aggregation,0.6642034733915071,,,0.6126269817142734
3016,1001,13,5,0.55,0.2,1000,restricted_30,aggregation,0.6695055110632653,,,0.6156015882111716
3017,1001,13,5,0.55,0.2,1000,restricted_30,aggregation,0.6651526791072123,,,0.6137760369645788
3018,1001,13,5,0.55,0.2,1000,restricted_30,aggregation,0.6671463678091883,,,0.6145748378473379
3019,1001,13,5,0.55,0.2,1000,restricted_30,aggregation,0.6695045204721009,,,0.6154100082248
3020,1001,13,5,0.55,0.2,1000,restricted_30,aggregation,0.6629679595765019,,,0.6126382603815939
3021,1001,13,5,0.55,0.2,1000,restricted_30,aggregation,0.6689606404011729,,,0.6149067700201035
3022,1001,13,5,0.55,0.2,1000,restricted_30,aggregation,0.668076178581358,,,0.6145200602869353
3023,1001,13,5,0.55,0.2,1000,restricted_30,aggregation,0.6679017168709995,,,0.6149407375726127
3024,1001,13,5,0.55,0.2,1000,restricted_30,aggregation,0.66808549830239,,,0.6148814636829222
3025,1001,13,5,0.55,0.2,1000,restricted_30,aggregation,0.6733296194286882,,,0.617035490150282
3026,1001,13,5,0.55,0.2,1000,restricted_30,aggregation,0.6654985844572804,,,0.6136953471759723
3027,1001,13,5,0.55,0.2,1000,restricted_30,aggregation,0.666527077991383,,,0.6136861210857045
3028,1001,13,5,0.55,0.2,1000,restricted_30,aggregation,0.6700702162222582,,,0.6151721902634403
3029,1001,13,5,0.55,0.2,1000,restricted_30,aggregation,0.6632618916715359,,,0.6129201162649082
3030,1001,13,5,0.55,0.2,1000,restricted_30,aggregation,0.6657108709584605,,,0.6134740126385961
3031,1001,13,5,0.55,0.2,1000,restricted_30,aggregation,0.6719463970788148,,,0.6165311595272014
3032,1001,13,5,0.55,0.2,1000,restricted_30,aggregation,0.6679653075656952,,,0.614646372863248
3033,1001,13,5,0.55,0.2,1000,restricted_30,aggregation,0.668730785255263,,,0.6152213287098706
3034,1001,13,5,0.55,0.2,1000,restricted_30,aggregation,0.6642490016127538,,,0.6132216042136877
3035,1001,13,5,0.55,0.2,1000,restricted_30,aggregation,0.669187354922154,,,0.6151626867885203
3036,1001,13,5,0.55,0.2,1000,restricted_30,aggregation,0.6662197862752653,,,0.6142410732323234
3037,1001,13,5,0.55,0.2,1000,restricted_30,aggregation,0.6672364825281019,,,0.6144093474426809
3038,1001,13,5,0.55,0.2,1000,restricted_30,aggregation,0.6654243942925528,,,0.6137985062005896
3039,1001,13,5,0.55,0.2,1000,restricted_30,aggregation,0.6675773482617646,,,0.6139567684861436
3040,1001,13,5,0.55,0.2,1000,restricted_30,aggregation,0.6702425546600509,,,0.6155392973847141
3041,1001,13,5,0.55,0.2,1000,restricted_30,aggregation,0.6690564110759356,,,0.6154654627240045
3042,1001,13,5,0.55,0.2,1000,restricted_30,aggregation,0.6690992540142511,,,0.615508616075283
3043,1001,13,5,0.55,0.2,1000,restricted_30,aggregation,0.6673006064059976,,,0.6140945510430929
3044,1001,13,5,0.55,0.2,1000,restricted_30,aggregation,0.6647352921270044,,,0.6129277182154266
3045,1001,13,5,0.55,0.2,1000,restricted_30,aggregation,0.6643637781077625,,,0.6132257114336283
3046,1001,13,5,0.55,0.2,1000,restricted_30,aggregation,0.6661739128143848,,,0.6138519744838496
3047,1001,13,5,0.55,0.2,1000,restricted_30,aggregation,0.6654017441351517,,,0.6139053297551217
3048,1001,13,5,0.55,0.2,1000,restricted_30,aggregation,0.6686702347673095,,,0.6146712324789408
3049,1001,13,5,0.55,0.2,1000,restricted_30,aggregation,0.6676662981179963,,,0.6142126150469902
3050,1001,13,5,0.55,0.2,1000,restricted_30,aggregation,0.6690104568606716,,,0.6150137902837904
3051,1001,13,5,0.55,0.2,1000,restricted_30,aggregation,0.6627156213414384,,,0.6123044453463204
3052,1001,13,5,0.55,0.2,1000,restricted_30,aggregation,0.6696572856755791,,,0.6155016055472307
3053,1001,13,5,0.55,0.2,1000,restricted_30,aggregation,0.6648438755434836,,,0.6131662749056501
3054,1001,13,5,0.55,0.2,1000,restricted_30,aggregation,0.6681279822007897,,,0.6145977818092403
3055,1001,13,5,0.55,0.2,1000,restricted_30,aggregation,0.6654773754514486,,,0.6137632838920339
3056,1001,13,5,0.55,0.2,1000,restricted_30,aggregation,0.6683888552112204,,,0.6144593335291254
3057,1001,13,5,0.55,0.2,1000,restricted_30,aggregation,0.6696915787707003,,,0.6149753220776139
3058,1001,13,5,0.55,0.2,1000,restricted_30,aggregation,0.6667299438141456,,,0.614196677227094
3059,1001,13,5,0.55,0.2,1000,restricted_30,aggregation,0.6678034147215745,,,0.6149888058777643
3060,1001,13,5,0.55,0.2,1000,restricted_30,aggregation,0.6678340451200412,,,0.6147598180677349
3061,1001,13,5,0.55,0.2,1000,restricted_30,aggregation,0.6670543314095324,,,0.6141562417752002
3062,1001,13,5,0.55,0.2,1000,restricted_30,aggregation,0.6681947527775816,,,0.6150966141805727
3063,1001,13,5,0.55,0.2,1000,restricted_30,aggregation,0.6677428490542073,,,0.6142011843943096
3064,1001,13,5,0.55,0.2,1000,restricted_30,aggregation,0.6677225633948334,,,0.6148203764291266
3065,1001,13,5,0.55,0.2,1000,restricted_30,aggregation,0.6712811412528059,,,0.616774616980242
3066,1001,13,5,0.55,0.2,1000,restricted_30,aggregation,0.666369460861931,,,0.6138454988915407
3067,1001,13,5,0.55,0.2,1000,restricted_30,aggregation,0.667044681508695,,,0.6143358068705986
3068,1001,13,5,0.55,0.2,1000,restricted_30,aggregation,0.6683555207059627,,,0.6148899405070241
3069,1001,13,5,0.55,0.2,1000,restricted_30,aggregation,0.6672660653321127,,,0.6149454573821242
3070,1001,13,5,0.55,0.2,1000,restricted_30,aggregation,0.666412148538411,,,0.6141874153238738
3071,1001,13,5,0.55,0.2,1000,restricted_30,aggregation,0.6693980176518861,,,0.6154475708165293
3072,1001,13,5,0.55,0.2,1000,restricted_30,aggregation,0.6666835690479118,,,0.6145676277580446
3073,1001,13,5,0.55,0.2,1000,restricted_30,aggregation,0.6681007155524903,,,0.6144189911477412
3074,1001,13,5,0.55,0.2,1000,restricted_30,aggregation,0.6692285500252978,,,0.6155085036722538
3075,1001,13,5,0.55,0.2,1000,restricted_30,aggregation,0.6683071449880319,,,0.6149541682931269
3076,1001,13,5,0.55,0.2,1000,restricted_30,aggregation,0.668039878220252,,,0.6148139909858661
3077,1001,13,5,0.55,0.2,1000,restricted_30,aggregation,0.6668062662374042,,,0.6145813012527598
3078,1001,13,5,0.55,0.2,1000,restricted_30,aggregation,0.66742013206946,,,0.6142854274583441
3079,1001,13,5,0.55,0.2,1000,restricted_30,aggregation,0.6690549139609231,,,0.6154374857164442
3080,1001,13,5,0.55,0.2,1000,restricted_30,aggregation,0.6714768365076391,,,0.6159746101198186
3081,1001,13,5,0.55,0.2,1000,restricted_30,aggregation,0.6704745679288737,,,0.6158810144716397
3082,1001,13,5,0.55,0.2,1000,restricted_30,aggregation,0.6645958699176273,,,0.6130583640664892
3083,1001,13,5,0.55,0.2,1000,restricted_30,aggregation,0.6675840760107842,,,0.6147129036164454
3084,1001,13,5,0.55,0.2,1000,restricted_30,aggregation,0.6699840650278305,,,0.6160478391515892
3085,1001,13,5,0.55,0.2,1000,restricted_30,aggregation,0.6672711789824368,,,0.6145724897247815
3086,1001,13,5,0.55,0.2,1000,restricted_30,aggregation,0.6642713025333299,,,0.6131413055848475
3087,1001,13,5,0.55,0.2,1000,restricted_30,aggregation,0.6676648593866334,,,0.6142533741721243
3088,1001,13,5,0.55,0.2,1000,restricted_30,aggregation,0.670644353607771,,,0.6160725092500094
3089,1001,13,5,0.55,0.2,1000,restricted_30,aggregation,0.6687840375294378,,,0.6147471539340291
3090,1001,13,5,0.55,0.2,1000,restricted_30,aggregation,0.6690275947131745,,,0.6149234475246976
3091,1001,13,5,0.55,0.2,1000,restricted_30,aggregation,0.6652162119933014,,,0.613710988895364
3092,1001,13,5,0.55,0.2,1000,restricted_30,aggregation,0.6664196581121267,,,0.6140631703327538
3093,1001,13,5,0.55,0.2,1000,restricted_30,aggregation,0.6706605516926778,,,0.6157999127492879
3094,1001,13,5,0.55,0.2,1000,restricted_30,aggregation,0.666790049279699,,,0.6142117296438131
3095,1001,13,5,0.55,0.2,1000,restricted_30,aggregation,0.6691745689220505,,,0.6153299957758291
3096,1001,13,5,0.55,0.2,1000,restricted_30,aggregation,0.6668134713166238,,,0.6140502508833761
3097,1001,13,5,0.55,0.2,1000,restricted_30,aggregation,0.6664604236059338,,,0.6140398101204353
3098,1001,13,5,0.55,0.2,1000,restricted_30,aggregation,0.6615215641985849,,,0.6123562991483827
3099,1001,13,5,0.55,0.2,1000,restricted_30,aggregation,0.6684549795126496,,,0.614758528153945
3100,1001,13,5,0.55,0.2,1000,restricted_30,aggregation,0.6671448870435535,,,0.6143815670363588
3101,1001,13,5,0.55,0.2,1000,restricted_30,aggregation,0.6699481059693789,,,0.6159296951736537
3102,1001,13,5,0.55,0.2,1000,restricted_30,aggregation,0.6700880139068682,,,0.6151187598204265
3103,1001,13,5,0.55,0.2,1000,restricted_30,aggregation,0.6678361153207402,,,0.6144782365242784
3104,1001,13,5,0.55,0.2,1000,restricted_30,aggregation,0.6686906745228746,,,0.6148648953669787
3105,1001,13,5,0.55,0.2,1000,restricted_30,aggregation,0.6678686734237317,,,0.6146207308971894
3106,1001,13,5,0.55,0.2,1000,restricted_30,aggregation,0.6650705959905536,,,0.6132374920912422
3107,1001,13,5,0.55,0.2,1000,restricted_30,aggregation,0.6647634481627521,,,0.6133551521703606
3108,1001,13,5,0.55,0.2,1000,restricted_30,aggregation,0.6635279504952737,,,0.6131362235218486
3109,1001,13,5,0.55,0.2,1000,restricted_30,aggregation,0.6681729826853081,,,0.6150481229264564
3110,1001,13,5,0.55,0.2,1000,restricted_30,aggregation,0.6696990723999346,,,0.6147049861095695
3111,1001,13,5,0.55,0.2,1000,restricted_30,aggregation,0.6672368699055412,,,0.6146876042707293
3112,1001,13,5,0.55,0.2,1000,restricted_30,aggregation,0.6666394592318269,,,0.6139640578942663
3113,1001,13,5,0.55,0.2,1000,restricted_30,aggregation,0.6711083990949477,,,0.6159407506382508
3114,1001,13,5,0.55,0.2,1000,restricted_30,aggregation,0.6660486036236178,,,0.6140476310495062
3115,1001,13,5,0.55,0.2,1000,restricted_30,aggregation,0.6685471841875671,,,0.6146715927590929
3116,1001,13,5,0.55,0.2,1000,restricted_30,aggregation,0.668876770502006,,,0.615205478603187
3117,1001,13,5,0.55,0.2,1000,restricted_30,aggregation,0.6679090129772031,,,0.6146152801673637
3118,1001,13,5,0.55,0.2,1000,restricted_30,aggregation,0.6646291731721384,,,0.6131564014766099
3119,1001,13,5,0.55,0.2,1000,restricted_30,aggregation,0.6687734727318706,,,0.6151644040219042
3120,1001,13,5,0.55,0.2,1000,restricted_30,aggregation,0.667839752941528,,,0.6148125182764768
3121,1001,13,5,0.55,0.2,1000,restricted_30,aggregation,0.6665437342267188,,,0.6142792350088184
3122,1001,13,5,0.55,0.2,1000,restricted_30,aggregation,0.6696953452286907,,,0.6154276602641188
3123,1001,13,5,0.55,0.2,1000,restricted_30,aggregation,0.6707478435587261,,,0.6157111832843084
3124,1001,13,5,0.55,0.2,1000,restricted_30,aggregation,0.6660455639960539,,,0.6137964120216205
3125,1001,13,5,0.55,0.2,1000,restricted_30,aggregation,0.6672774723181427,,,0.6145763102946438
3126,1001,13,5,0.55,0.2,1000,restricted_30,aggregation,0.6633040323629787,,,0.6128606877381879
3127,1001,13,5,0.55,0.2,1000,restricted_30,aggregation,0.6653887087449253,,,0.6137570078995082
3128,1001,13,5,0.55,0.2,1000,restricted_30,aggregation,0.6684720790702238,,,0.6146755339567841
3129,1001,13,5,0.55,0.2,1000,restricted_30,aggregation,0.6663532112395051,,,0.6142550560858896
3130,1001,13,5,0.55,0.2,1000,restricted_30,aggregation,0.6640526447636627,,,0.6131422310559812
3131,1001,13,5,0.55,0.2,1000,restricted_30,aggregation,0.6685170593675807,,,0.615302142880268
3132,1001,13,5,0.55,0.2,1000,restricted_30,aggregation,0.6663868825439913,,,0.6137526764208016
3133,1001,13,5,0.55,0.2,1000,restricted_30,aggregation,0.6684747067815024,,,0.6151041147201566
3134,1001,13,5,0.55,0.2,1000,restricted_30,aggregation,0.6659501574721143,,,0.6138919330515166
3135,1001,13,5,0.55,0.2,1000,restricted_30,aggregation,0.671355372317141,,,0.6164123823167574
3136,1001,13,5,0.55,0.2,1000,restricted_30,aggregation,0.6658956297478882,,,0.6142078901268486
3137,1001,13,5,0.55,0.2,1000,restricted_30,aggregation,0.6683198790458964,,,0.6153215391861226
3138,1001,13,5,0.55,0.2,1000,restricted_30,aggregation,0.6629377232674564,,,0.6125842059483727
3139,1001,13,5,0.55,0.2,1000,restricted_30,aggregation,0.6669746833775964,,,0.6143192596678013
3140,1001,13,5,0.55,0.2,1000,restricted_30,aggregation,0.6702343721203582,,,0.6150601811922647
3141,1001,13,5,0.55,0.2,1000,restricted_30,aggregation,0.6680217236282725,,,0.6144060029630863
3142,1001,13,5,0.55,0.2,1000,restricted_30,aggregation,0.6662021739753272,,,0.6140979042408211
3143,1001,13,5,0.55,0.2,1000,restricted_30,aggregation,0.6695500090882671,,,0.6152368156611908
3144,1001,13,5,0.55,0.2,1000,restricted_30,aggregation,0.6691595179973586,,,0.6148922846829097
3145,1001,13,5,0.55,0.2,1000,restricted_30,aggregation,0.6660056168491931,,,0.6137431051047719
3146,1001,13,5,0.55,0.2,1000,restricted_30,aggregation,0.668007850892485,,,0.6146064659337577
3147,1001,13,5,0.55,0.2,1000,restricted_30,aggregation,0.6665734150554695,,,0.6141004406087741
3148,1001,13,5,0.55,0.2,1000,restricted_30,aggregation,0.6656433822695588,,,0.6142435440793775
3149,1001,13,5,0.55,0.2,1000,restricted_30,aggregation,0.6705858574086426,,,0.6157150777848694
3150,1001,13,5,0.55,0.2,1000,restricted_30,aggregation,0.6678261019651978,,,0.6149055526726361
3151,1001,13,5,0.55,0.2,1000,restricted_30,aggregation,0.6647944805286307,,,0.6136184371338539
3152,1001,13,5,0.55,0.2,1000,restricted_30,aggregation,0.666981508202545,,,0.6144994294594295
3153,1001,13,5,0.55,0.2,1000,restricted_30,aggregation,0.6689196880522241,,,0.6149783272591607
3154,1001,13,5,0.55,0.2,1000,restricted_30,aggregation,0.6637645706043905,,,0.6129437725854393
3155,1001,13,5,0.55,0.2,1000,restricted_30,aggregation,0.6717568483649,,,0.6160679318983486
3156,1001,13,5,0.55,0.2,1000,restricted_30,aggregation,0.6688177246476142,,,0.6145393835331335
3157,1001,13,5,0.55,0.2,1000,restricted_30,aggregation,0.6696210843910618,,,0.6151886909232744
3158,1001,13,5,0.55,0.2,1000,restricted_30,aggregation,0.6672765356535816,,,0.6142698911428079
3159,1001,13,5,0.55,0.2,1000,restricted_30,aggregation,0.6668055056402101,,,0.6144296883517717
3160,1001,13,5,0.55,0.2,1000,restricted_30,aggregation,0.666588340030001,,,0.6138381569973238
3161,1001,13,5,0.55,0.2,1000,restricted_30,aggregation,0.6681007459252382,,,0.6149813351309186
3162,1001,13,5,0.55,0.2,1000,restricted_30,aggregation,0.6666924992453475,,,0.6140524864256115
3163,1001,13,5,0.55,0.2,1000,restricted_30,aggregation,0.6682836873851983,,,0.6148955095830096
3164,1001,13,5,0.55,0.2,1000,restricted_30,aggregation,0.6652755064414232,,,0.6135191160614077
3165,1001,13,5,0.55,0.2,1000,restricted_30,aggregation,0.6670695240121025,,,0.6143040935453437
3166,1001,13,5,0.55,0.2,1000,restricted_30,aggregation,0.6642607638382585,,,0.6130214420918589
3167,1001,13,5,0.55,0.2,1000,restricted_30,aggregation,0.6692284081072482,,,0.61554349978725
3168,1001,13,5,0.55,0.2,1000,restricted_30,aggregation,0.6696351226007768,,,0.6153620709229045
3169,1001,13,5,0.55,0.2,1000,restricted_30,aggregation,0.669977689890041,,,0.615783232608441
3170,1001,13,5,0.55,0.2,1000,restricted_30,aggregation,0.6682768963209891,,,0.6142995938783441
3171,1001,13,5,0.55,0.2,1000,restricted_30,aggregation,0.6711859936250706,,,0.615802848933474
3172,1001,13,5,0.55,0.2,1000,restricted_30,aggregation,0.6636734456423423,,,0.612807942481901
3173,1001,13,5,0.55,0.2,1000,restricted_30,aggregation,0.6709168711805721,,,0.6162751577126577
3174,1001,13,5,0.55,0.2,1000,restricted_30,aggregation,0.6705930747085561,,,0.6156840998738916
3175,1001,13,5,0.55,0.2,1000,restricted_30,aggregation,0.6669526199556307,,,0.6141875405150407
3176,1001,13,5,0.55,0.2,1000,restricted_30,aggregation,0.6673557679350062,,,0.61465457986458
3177,1001,13,5,0.55,0.2,1000,restricted_30,aggregation,0.6690806263634755,,,0.615283755218547
3178,1001,13,5,0.55,0.2,1000,restricted_30,aggregation,0.6666158272278527,,,0.6141132919935005
3179,1001,13,5,0.55,0.2,1000,restricted_30,aggregation,0.6665028485451971,,,0.6140543888673058
3180,1001,13,5,0.55,0.2,1000,restricted_30,aggregation,0.6651450467509107,,,0.6135499736220571
3181,1001,13,5,0.55,0.2,1000,restricted_30,aggregation,0.6710918947867932,,,0.6166065861376279
3182,1001,13,5,0.55,0.2,1000,restricted_30,aggregation,0.6692677412569478,,,0.6151431936813189
3183,1001,13,5,0.55,0.2,1000,restricted_30,aggregation,0.6710901075143999,,,0.6165579389900224
3184,1001,13,5,0.55,0.2,1000,restricted_30,aggregation,0.6681659059083978,,,0.6151160150805985
3185,1001,13,5,0.55,0.2,1000,restricted_30,aggregation,0.6652079722082814,,,0.6136329291927209
3186,1001,13,5,0.55,0.2,1000,restricted_30,aggregation,0.6669756675011205,,,0.6140330816097485
3187,1001,13,5,0.55,0.2,1000,restricted_30,aggregation,0.6679783437270513,,,0.6143325712944464
3188,1001,13,5,0.55,0.2,1000,restricted_30,aggregation,0.6655537384547843,,,0.613566345198012
3189,1001,13,5,0.55,0.2,1000,restricted_30,aggregation,0.6671970912861166,,,0.6141470134109718
3190,1001,13,5,0.55,0.2,1000,restricted_30,aggregation,0.6646063359607599,,,0.6137289212253798
3191,1001,13,5,0.55,0.2,1000,restricted_30,aggregation,0.6650687414276923,,,0.6138311148265316
3192,1001,13,5,0.55,0.2,1000,restricted_30,aggregation,0.6684911293759086,,,0.6150150290296126
3193,1001,13,5,0.55,0.2,1000,restricted_30,aggregation,0.6652295955903424,,,0.6139147251051419
3194,1001,13,5,0.55,0.2,1000,restricted_30,aggregation,0.6671572180837599,,,0.6142782830441165
3195,1001,13,5,0.55,0.2,1000,restricted_30,aggregation,0.6698428252919096,,,0.6157461210317462
3196,1001,13,5,0.55,0.2,1000,restricted_30,aggregation,0.6625466259595825,,,0.6129654091047843
3197,1001,13,5,0.55,0.2,1000,restricted_30,aggregation,0.6685218917656561,,,0.6148936909155661
3198,1001,13,5,0.55,0.2,1000,restricted_30,aggregation,0.6665010966650167,,,0.6138916453685205
3199,1001,13,5,0.55,0.2,1000,restricted_30,aggregation,0.6676671967742757,,,0.6144622137353388
3200,1001,13,5,0.55,0.2,1000,restricted_30,aggregation,0.6680440180546721,,,0.6153412528135446
3201,1001,13,5,0.55,0.2,1000,restricted_30,aggregation,0.6670462958622365,,,0.6143604623848375
3202,1001,13,5,0.55,0.2,1000,restricted_30,aggregation,0.6664279353187169,,,0.6141491263905848
3203,1001,13,5,0.55,0.2,1000,restricted_30,aggregation,0.6657556262716816,,,0.6136684688151356
3204,1001,13,5,0.55,0.2,1000,restricted_30,aggregation,0.6652419017536172,,,0.6135961301121721
3205,1001,13,5,0.55,0.2,1000,restricted_30,aggregation,0.6669779253427188,,,0.614095035843786
3206,1001,13,5,0.55,0.2,1000,restricted_30,aggregation,0.6729299338166093,,,0.6165901611120362
3207,1001,13,5,0.55,0.2,1000,restricted_30,aggregation,0.6704171103584698,,,0.6155951713795466
3208,1001,13,5,0.55,0.2,1000,restricted_30,aggregation,0.666897008485845,,,0.6138021746000913
3209,1001,13,5,0.55,0.2,1000,restricted_30,aggregation,0.6642069975925644,,,0.6131920195313947
3210,1001,13,5,0.55,0.2,1000,restricted_30,aggregation,0.6684963814868708,,,0.6148523689427857
3211,1001,13,5,0.55,0.2,1000,restricted_30,aggregation,0.666818314149961,,,0.6145924988283322
3212,1001,13,5,0.55,0.2,1000,restricted_30,aggregation,0.6671605279901001,,,0.6144046989738657
3213,1001,13,5,0.55,0.2,1000,restricted_30,aggregation,0.6713874413800736,,,0.6162546570173655
3214,1001,13,5,0.55,0.2,1000,restricted_30,aggregation,0.6701025853444667,,,0.6157244446217364
3215,1001,13,5,0.55,0.2,1000,restricted_30,aggregation,0.6679980567689758,,,0.6141856037866456
3216,1001,13,5,0.55,0.2,1000,restricted_30,aggregation,0.6709757953166429,,,0.6157824191472109
3217,1001,13,5,0.55,0.2,1000,restricted_30,aggregation,0.6693596629706036,,,0.6152951966089467
3218,1001,13,5,0.55,0.2,1000,restricted_30,aggregation,0.66908988373503,,,0.615176147563856
3219,1001,13,5,0.55,0.2,1000,restricted_30,aggregation,0.6667531174861192,,,0.6143049189545025
3220,1001,13,5,0.55,0.2,1000,restricted_30,aggregation,0.6636318751146101,,,0.6132679218697971
3221,1001,13,5,0.55,0.2,1000,restricted_30,aggregation,0.6648733823833718,,,0.6134124761503928
3222,1001,13,5,0.55,0.2,1000,restricted_30,aggregation,0.6693097170377911,,,0.6154100822557074
3223,1001,13,5,0.55,0.2,1000,restricted_30,aggregation,0.668545414774299,,,0.6149438946161865
3224,1001,13,5,0.55,0.2,1000,restricted_30,aggregation,0.6667747088510944,,,0.614085406206448
3225,1001,13,5,0.55,0.2,1000,restricted_30,aggregation,0.6696088328019304,,,0.6149749633930885
3226,1001,13,5,0.55,0.2,1000,restricted_30,aggregation,0.6660005494916545,,,0.6138072802120721
3227,1001,13,5,0.55,0.2,1000,restricted_30,aggregation,0.667003076735104,,,0.6143197153078404
3228,1001,13,5,0.55,0.2,1000,restricted_30,aggregation,0.6651788724447641,,,0.6136569880274048
3229,1001,13,5,0.55,0.2,1000,restricted_30,aggregation,0.6667279319920588,,,0.6144278275351194
3230,1001,13,5,0.55,0.2,1000,restricted_30,aggregation,0.6677271760085167,,,0.6141211921797339
3231,1001,13,5,0.55,0.2,1000,restricted_30,aggregation,0.6672216369658278,,,0.6144135394543729
3232,1001,13,5,0.55,0.2,1000,restricted_30,aggregation,0.6668429128659733,,,0.6143979375793961
3233,1001,13,5,0.55,0.2,1000,restricted_30,aggregation,0.6659127064274465,,,0.6134478727522478
3234,1001,13,5,0.55,0.2,1000,restricted_30,aggregation,0.6661363769990485,,,0.6134973270248272
3235,1001,13,5,0.55,0.2,1000,restricted_30,aggregation,0.6689682973248823,,,0.6147101467128551
3236,1001,13,5,0.55,0.2,1000,restricted_30,aggregation,0.6676912488640013,,,0.6143920048238799
3237,1001,13,5,0.55,0.2,1000,restricted_30,aggregation,0.6673441537695182,,,0.614799558936434
3238,1001,13,5,0.55,0.2,1000,restricted_30,aggregation,0.6688458524466936,,,0.6147014285945538
3239,1001,13,5,0.55,0.2,1000,restricted_30,aggregation,0.6644813406856218,,,0.6131005947139282
3240,1001,13,5,0.55,0.2,1000,restricted_30,aggregation,0.6655349003763906,,,0.6136314285405954
3241,1001,13,5,0.55,0.2,1000,restricted_30,aggregation,0.6680913008923219,,,0.6151177179610513
3242,1001,13,5,0.55,0.2,1000,restricted_30,aggregation,0.6680956925095499,,,0.6148250036614622
3243,1001,13,5,0.55,0.2,1000,restricted_30,aggregation,0.667300188588448,,,0.6144153030225948
3244,1001,13,5,0.55,0.2,1000,restricted_30,aggregation,0.6696885997229881,,,0.6156041220122471
3245,1001,13,5,0.55,0.2,1000,restricted_30,aggregation,0.66659538584201,,,0.614208175242967
3246,1001,13,5,0.55,0.2,1000,restricted_30,aggregation,0.6643793740140396,,,0.613651921897547
3247,1001,13,5,0.55,0.2,1000,restricted_30,aggregation,0.6677952173779593,,,0.6142462988400489
3248,1001,13,5,0.55,0.2,1000,restricted_30,aggregation,0.6652789602123305,,,0.613565918556752
3249,1001,13,5,0.55,0.2,1000,restricted_30,aggregation,0.6672545234222735,,,0.6142221054562722
3250,1001,13,5,0.55,0.2,1000,restricted_30,aggregation,0.663443070081361,,,0.6131555576522244
3251,1001,13,5,0.55,0.2,1000,restricted_30,aggregation,0.6666661890790125,,,0.6147292366275701
3252,1001,13,5,0.55,0.2,1000,restricted_30,aggregation,0.6654408764225868,,,0.6134970640393558
3253,1001,13,5,0.55,0.2,1000,restricted_30,aggregation,0.6697857542117515,,,0.6154410168381004
3254,1001,13,5,0.55,0.2,1000,restricted_30,aggregation,0.6698824326085449,,,0.6155173720954973
3255,1001,13,5,0.55,0.2,1000,restricted_30,aggregation,0.6689913857041293,,,0.6153758055755973
3256,1001,13,5,0.55,0.2,1000,restricted_30,aggregation,0.6699420672373235,,,0.6154957971426723
3257,1001,13,5,0.55,0.2,1000,restricted_30,aggregation,0.6660063278111932,,,0.6137925204579372
3258,1001,13,5,0.55,0.2,1000,restricted_30,aggregation,0.6692999074447606,,,0.6157221000835587
3259,1001,13,5,0.55,0.2,1000,restricted_30,aggregation,0.6689479675606297,,,0.6147389109116194
3260,1001,13,5,0.55,0.2,1000,restricted_30,aggregation,0.6667345269299431,,,0.6137832488036656
3261,1001,13,5,0.55,0.2,1000,restricted_30,aggregation,0.6685377669085508,,,0.6151809399936484
3262,1001,13,5,0.55,0.2,1000,restricted_30,aggregation,0.6658245951879099,,,0.6137467155221323
3263,1001,13,5,0.55,0.2,1000,restricted_30,aggregation,0.6653251392959015,,,0.6135292984638819
3264,1001,13,5,0.55,0.2,1000,restricted_30,aggregation,0.6643374999683307,,,0.6132457624474292
3265,1001,13,5,0.55,0.2,1000,restricted_30,aggregation,0.6678038236124639,,,0.6147393901314736
3266,1001,13,5,0.55,0.2,1000,restricted_30,aggregation,0.6690786272422999,,,0.615571512661721
3267,1001,13,5,0.55,0.2,1000,restricted_30,aggregation,0.6637325081765898,,,0.613100495661746
3268,1001,13,5,0.55,0.2,1000,restricted_30,aggregation,0.6677697943125152,,,0.6141725985588485
3269,1001,13,5,0.55,0.2,1000,restricted_30,aggregation,0.6663405705799587,,,0.6138750132660551
3270,1001,13,5,0.55,0.2,1000,restricted_30,aggregation,0.670263535049963,,,0.6157268467720552
3271,1001,13,5,0.55,0.2,1000,restricted_30,aggregation,0.6692760712256727,,,0.615077540838791
3272,1001,13,5,0.55,0.2,1000,restricted_30,aggregation,0.6677688782085903,,,0.6145919933924101
3273,1001,13,5,0.55,0.2,1000,restricted_30,aggregation,0.6656083788207692,,,0.6138333401783403
3274,1001,13,5,0.55,0.2,1000,restricted_30,aggregation,0.6667802086686067,,,0.6144203241434493
3275,1001,13,5,0.55,0.2,1000,restricted_30,aggregation,0.6653389190472884,,,0.6129464327955997
3276,1001,13,5,0.55,0.2,1000,restricted_30,aggregation,0.6673091555840308,,,0.6140821740913408
3277,1001,13,5,0.55,0.2,1000,restricted_30,aggregation,0.6674285250810608,,,0.6148615425932094
3278,1001,13,5,0.55,0.2,1000,restricted_30,aggregation,0.666766484816689,,,0.6144345723643642
3279,1001,13,5,0.55,0.2,1000,restricted_30,aggregation,0.667822032536119,,,0.6144479129589547
3280,1001,13,5,0.55,0.2,1000,restricted_30,aggregation,0.6710330121875274,,,0.6158710035489204
3281,1001,13,5,0.55,0.2,1000,restricted_30,aggregation,0.6705811514701557,,,0.6160174026821945
3282,1001,13,5,0.55,0.2,1000,restricted_30,aggregation,0.6672410190981467,,,0.6145530483945069
3283,1001,13,5,0.55,0.2,1000,restricted_30,aggregation,0.6679345783565731,,,0.6146933316914568
3284,1001,13,5,0.55,0.2,1000,restricted_30,aggregation,0.6666381377771458,,,0.6140381945369446
3285,1001,13,5,0.55,0.2,1000,restricted_30,aggregation,0.666188033815225,,,0.613853862780738
3286,1001,13,5,0.55,0.2,1000,restricted_30,aggregation,0.663900325555943,,,0.61292602826957
3287,1001,13,5,0.55,0.2,1000,restricted_30,aggregation,0.6652589815528799,,,0.6132702004168672
3288,1001,13,5,0.55,0.2,1000,restricted_30,aggregation,0.665764550603845,,,0.6141957055136222
3289,1001,13,5,0.55,0.2,1000,restricted_30,aggregation,0.6712388122998605,,,0.6164079447173199
3290,1001,13,5,0.55,0.2,1000,restricted_30,aggregation,0.6707243319870845,,,0.616032283511242
3291,1001,13,5,0.55,0.2,1000,restricted_30,aggregation,0.666140488826848,,,0.6139652987830072
3292,1001,13,5,0.55,0.2,1000,restricted_30,aggregation,0.666847067297416,,,0.6139364056930725
3293,1001,13,5,0.55,0.2,1000,restricted_30,aggregation,0.6670801245355344,,,0.6141032188028022
3294,1001,13,5,0.55,0.2,1000,restricted_30,aggregation,0.666309486095732,,,0.6142500824869576
3295,1001,13,5,0.55,0.2,1000,restricted_30,aggregation,0.6664994291658892,,,0.6142437359322777
3296,1001,13,5,0.55,0.2,1000,restricted_30,aggregation,0.6692736100195372,,,0.6152164691712609
3297,1001,13,5,0.55,0.2,1000,restricted_30,aggregation,0.669093083344531,,,0.615467888847264
3298,1001,13,5,0.55,0.2,1000,restricted_30,aggregation,0.6644922286275607,,,0.6133019246956748
3299,1001,13,5,0.55,0.2,1000,restricted_30,aggregation,0.6671966184034349,,,0.614070707494666
3300,1001,13,5,0.55,0.2,1000,restricted_30,aggregation,0.6664938149757902,,,0.6143595765037433
3301,1001,13,5,0.55,0.2,1000,restricted_30,aggregation,0.6670392221610848,,,0.614681679963555
3302,1001,13,5,0.55,0.2,1000,restricted_30,aggregation,0.6666745599136621,,,0.6141339576395828
3303,1001,13,5,0.55,0.2,1000,restricted_30,aggregation,0.6659295477349119,,,0.6139659803159804
3304,1001,13,5,0.55,0.2,1000,restricted_30,aggregation,0.6665220309829908,,,0.614218248857624
3305,1001,13,5,0.55,0.2,1000,restricted_30,aggregation,0.6644913859401956,,,0.613320451161493
3306,1001,13,5,0.55,0.2,1000,restricted_30,aggregation,0.6669654575267592,,,0.6144689767871019
3307,1001,13,5,0.55,0.2,1000,restricted_30,aggregation,0.6706403433255334,,,0.6161167933995019
3308,1001,13,5,0.55,0.2,1000,restricted_30,aggregation,0.6655034110861923,,,0.6134765570617655
3309,1001,13,5,0.55,0.2,1000,restricted_30,aggregation,0.669650399568669,,,0.6152219423092342
3310,1001,13,5,0.55,0.2,1000,restricted_30,aggregation,0.6690256989790901,,,0.6150676743472578
3311,1001,13,5,0.55,0.2,1000,restricted_30,aggregation,0.6676218163655621,,,0.61422759325551
3312,1001,13,5,0.55,0.2,1000,restricted_30,aggregation,0.6677334862924235,,,0.6144435233362319
3313,1001,13,5,0.55,0.2,1000,restricted_30,aggregation,0.6666267534204912,,,0.6136239102564104
3314,1001,13,5,0.55,0.2,1000,restricted_30,aggregation,0.666098513535327,,,0.6141657579765915
3315,1001,13,5,0.55,0.2,1000,restricted_30,aggregation,0.6684171621171261,,,0.6150321337304672
3316,1001,13,5,0.55,0.2,1000,restricted_30,aggregation,0.66851180432493,,,0.6147362279233113
3317,1001,13,5,0.55,0.2,1000,restricted_30,aggregation,0.6696613299600305,,,0.6158925428892097
3318,1001,13,5,0.55,0.2,1000,restricted_30,aggregation,0.6699406607253501,,,0.615573125084792
3319,1001,13,5,0.55,0.2,1000,restricted_30,aggregation,0.6671289721050236,,,0.6141713343523761
3320,1001,13,5,0.55,0.2,1000,restricted_30,aggregation,0.667572380505973,,,0.6150299882524884
3321,1001,13,5,0.55,0.2,1000,restricted_30,aggregation,0.6694175469501265,,,0.615460153126195
3322,1001,13,5,0.55,0.2,1000,restricted_30,aggregation,0.6658222241835761,,,0.6138436468392721
3323,1001,13,5,0.55,0.2,1000,restricted_30,aggregation,0.6702686151837862,,,0.6158486015681851
3324,1001,13,5,0.55,0.2,1000,restricted_30,aggregation,0.6686700922483184,,,0.6152885289401957
3325,1001,13,5,0.55,0.2,1000,restricted_30,aggregation,0.6694852425738491,,,0.6156021827709329
3326,1001,13,5,0.55,0.2,1000,restricted_30,aggregation,0.6693644107360714,,,0.6153104937038272
3327,1001,13,5,0.55,0.2,1000,restricted_30,aggregation,0.6688038423433086,,,0.6151322510899595
3328,1001,13,5,0.55,0.2,1000,restricted_30,aggregation,0.6671405800199218,,,0.6138060375504127
3329,1001,13,5,0.55,0.2,1000,restricted_30,aggregation,0.6699968770812786,,,0.6152036580549082
3330,1001,13,5,0.55,0.2,1000,restricted_30,aggregation,0.6673204060808658,,,0.6145745691268608
3331,1001,13,5,0.55,0.2,1000,restricted_30,aggregation,0.6679607393053213,,,0.614909845625054
3332,1001,13,5,0.55,0.2,1000,restricted_30,aggregation,0.6644672202787666,,,0.613370638805639
3333,1001,13,5,0.55,0.2,1000,restricted_30,aggregation,0.6655278347372977,,,0.6142694601077936
3334,1001,13,5,0.55,0.2,1000,restricted_30,aggregation,0.6678377624331651,,,0.6143067107815026
3335,1001,13,5,0.55,0.2,1000,restricted_30,aggregation,0.6684755215989552,,,0.6146805760366179
3336,1001,13,5,0.55,0.2,1000,restricted_30,aggregation,0.6665866459819219,,,0.6141133433618852
3337,1001,13,5,0.55,0.2,1000,restricted_30,aggregation,0.6671953052013256,,,0.6143060020226688
3338,1001,13,5,0.55,0.2,1000,restricted_30,aggregation,0.6676107894377762,,,0.6145822404293239
3339,1001,13,5,0.55,0.2,1000,restricted_30,aggregation,0.6672112763030283,,,0.6139486150731985
3340,1001,13,5,0.55,0.2,1000,restricted_30,aggregation,0.6710367472207406,,,0.6159588356088357
3341,1001,13,5,0.55,0.2,1000,restricted_30,aggregation,0.6668871234770405,,,0.6145229379108548
3342,1001,13,5,0.55,0.2,1000,restricted_30,aggregation,0.6651342897091451,,,0.6134570560072643
3343,1001,13,5,0.55,0.2,1000,restricted_30,aggregation,0.6645690487321967,,,0.613607293162085
3344,1001,13,5,0.55,0.2,1000,restricted_30,aggregation,0.667537197637552,,,0.61479622147143
3345,1001,13,5,0.55,0.2,1000,restricted_30,aggregation,0.6686051201884525,,,0.6151365602992688
3346,1001,13,5,0.55,0.2,1000,restricted_30,aggregation,0.6661925433879867,,,0.6138177111160447
3347,1001,13,5,0.55,0.2,1000,restricted_30,aggregation,0.6635546660231801,,,0.6128383231043649
3348,1001,13,5,0.55,0.2,1000,restricted_30,aggregation,0.6703680450777354,,,0.6157134724072225
3349,1001,13,5,0.55,0.2,1000,restricted_30,aggregation,0.6680283419507541,,,0.6150320846822931
3350,1001,13,5,0.55,0.2,1000,restricted_30,aggregation,0.6679165956557291,,,0.6150668361807946
3351,1001,13,5,0.55,0.2,1000,restricted_30,aggregation,0.6673069046244859,,,0.6143379903275737
3352,1001,13,5,0.55,0.2,1000,restricted_30,aggregation,0.6731160664921823,,,0.61704189312231
3353,1001,13,5,0.55,0.2,1000,restricted_30,aggregation,0.6676882416229606,,,0.6146077952448786
3354,1001,13,5,0.55,0.2,1000,restricted_30,aggregation,0.6693197938019184,,,0.6150626210826213
3355,1001,13,5,0.55,0.2,1000,restricted_30,aggregation,0.6657696384235,,,0.61411139826994
3356,1001,13,5,0.55,0.2,1000,restricted_30,aggregation,0.6681067013526896,,,0.6149003479622231
3357,1001,13,5,0.55,0.2,1000,restricted_30,aggregation,0.6675348975980615,,,0.614710872830873
3358,1001,13,5,0.55,0.2,1000,restricted_30,aggregation,0.6682783052294913,,,0.6145291774275109
3359,1001,13,5,0.55,0.2,1000,restricted_30,aggregation,0.6669394803875477,,,0.6141156916617334
3360,1001,13,5,0.55,0.2,1000,restricted_30,aggregation,0.6666440292058212,,,0.6137587739883574
3361,1001,13,5,0.55,0.2,1000,restricted_30,aggregation,0.6695375647610932,,,0.6154743592518594
3362,1001,13,5,0.55,0.2,1000,restricted_30,aggregation,0.6701008825426203,,,0.6157035612150196
3363,1001,13,5,0.55,0.2,1000,restricted_30,aggregation,0.6683655718734408,,,0.614672723487932
3364,1001,13,5,0.55,0.2,1000,restricted_30,aggregation,0.6694902528864773,,,0.615778768916269
3365,1001,13,5,0.55,0.2,1000,restricted_30,aggregation,0.6701588473532992,,,0.6157686870768122
3366,1001,13,5,0.55,0.2,1000,restricted_30,aggregation,0.6667074481312749,,,0.6137598642406976
3367,1001,13,5,0.55,0.2,1000,restricted_30,aggregation,0.6702344786340101,,,0.6157841619722871
3368,1001,13,5,0.55,0.2,1000,restricted_30,aggregation,0.6676071764787076,,,0.6143135035797536
3369,1001,13,5,0.55,0.2,1000,restricted_30,aggregation,0.6680372662551235,,,0.6149685478950063
3370,1001,13,5,0.55,0.2,1000,restricted_30,aggregation,0.6661707662380415,,,0.6142612964119215
3371,1001,13,5,0.55,0.2,1000,restricted_30,aggregation,0.6719656362215254,,,0.6164554410635662
3372,1001,13,5,0.55,0.2,1000,restricted_30,aggregation,0.6678605225426246,,,0.6150254316516818
3373,1001,13,5,0.55,0.2,1000,restricted_30,aggregation,0.6672310692361946,,,0.6144457007961176
3374,1001,13,5,0.55,0.2,1000,restricted_30,aggregation,0.667467987508235,,,0.6146656196581198
3375,1001,13,5,0.55,0.2,1000,restricted_30,aggregation,0.666829064196703,,,0.6138780594559763
3376,1001,13,5,0.55,0.2,1000,restricted_30,aggregation,0.6676070642553543,,,0.6145470429878764
3377,1001,13,5,0.55,0.2,1000,restricted_30,aggregation,0.6672206342413781,,,0.6144803299092884
3378,1001,13,5,0.55,0.2,1000,restricted_30,aggregation,0.6675565164216646,,,0.6148089431401933
3379,1001,13,5,0.55,0.2,1000,restricted_30,aggregation,0.6661388521772926,,,0.6136272339543174
3380,1001,13,5,0.55,0.2,1000,restricted_30,aggregation,0.6694616494207918,,,0.6149769217510885
3381,1001,13,5,0.55,0.2,1000,restricted_30,aggregation,0.6686016414969237,,,0.6151009478484479
3382,1001,13,5,0.55,0.2,1000,restricted_30,aggregation,0.6654825653078144,,,0.6144299806751892
3383,1001,13,5,0.55,0.2,1000,restricted_30,aggregation,0.6666818995011823,,,0.6139247104515856
3384,1001,13,5,0.55,0.2,1000,restricted_30,aggregation,0.6670109519142883,,,0.6141508422595925
3385,1001,13,5,0.55,0.2,1000,restricted_30,aggregation,0.6640688735573601,,,0.613104404245446
3386,1001,13,5,0.55,0.2,1000,restricted_30,aggregation,0.6669855542212905,,,0.6142462131232965
3387,1001,13,5,0.55,0.2,1000,restricted_30,aggregation,0.6653275049765857,,,0.6136913446044697
3388,1001,13,5,0.55,0.2,1000,restricted_30,aggregation,0.6679242758803249,,,0.614804276857402
3389,1001,13,5,0.55,0.2,1000,restricted_30,aggregation,0.6681594916770431,,,0.6144866059711895
3390,1001,13,5,0.55,0.2,1000,restricted_30,aggregation,0.6690654900372549,,,0.6154489786525205
3391,1001,13,5,0.55,0.2,1000,restricted_30,aggregation,0.6692517463572382,,,0.6148527639335974
3392,1001,13,5,0.55,0.2,1000,restricted_30,aggregation,0.6658292774163284,,,0.6136681687987938
3393,1001,13,5,0.55,0.2,1000,restricted_30,aggregation,0.6662515207115298,,,0.614183821147988
3394,1001,13,5,0.55,0.2,1000,restricted_30,aggregation,0.6688300913149297,,,0.6149757393532395
3395,1001,13,5,0.55,0.2,1000,restricted_30,aggregation,0.6713851404572755,,,0.6162518857685526
3396,1001,13,5,0.55,0.2,1000,restricted_30,aggregation,0.6675686524177886,,,0.6145032482101234
3397,1001,13,5,0.55,0.2,1000,restricted_30,aggregation,0.6659342929020257,,,0.6142232830672415
3398,1001,13,5,0.55,0.2,1000,restricted_30,aggregation,0.6700641388738906,,,0.6150979480473232
3399,1001,13,5,0.55,0.2,1000,restricted_30,aggregation,0.6664314752781945,,,0.613960391128933
3400,1001,13,5,0.55,0.2,1000,restricted_30,aggregation,0.6654608942107976,,,0.6134319306156808
3401,1001,13,5,0.55,0.2,1000,restricted_30,aggregation,0.6664484496439848,,,0.6140152706861042
3402,1001,13,5,0.55,0.2,1000,restricted_30,aggregation,0.6677252200181581,,,0.6143832097994599
3403,1001,13,5,0.55,0.2,1000,restricted_30,aggregation,0.6663306166455738,,,0.6144764636212554
3404,1001,13,5,0.55,0.2,1000,restricted_30,aggregation,0.6663882458429409,,,0.6146446330521331
3405,1001,13,5,0.55,0.2,1000,restricted_30,aggregation,0.6692123099368325,,,0.6153045801497886
3406,1001,13,5,0.55,0.2,1000,restricted_30,aggregation,0.6697933148213182,,,0.615509364940615
3407,1001,13,5,0.55,0.2,1000,restricted_30,aggregation,0.6669956729296102,,,0.6138792619340537
3408,1001,13,5,0.55,0.2,1000,restricted_30,aggregation,0.6670139641593823,,,0.6143446645021647
3409,1001,13,5,0.55,0.2,1000,restricted_30,aggregation,0.6684849421948179,,,0.6149660840317093
3410,1001,13,5,0.55,0.2,1000,restricted_30,aggregation,0.6680984614212341,,,0.6147737641525143
3411,1001,13,5,0.55,0.2,1000,restricted_30,aggregation,0.6705751652365872,,,0.6157669956817874
3412,1001,13,5,0.55,0.2,1000,restricted_30,aggregation,0.6650590090885895,,,0.6133564552114552
3413,1001,13,5,0.55,0.2,1000,restricted_30,aggregation,0.6663069814151258,,,0.6139981774860943
3414,1001,13,5,0.55,0.2,1000,restricted_30,aggregation,0.6645066231932644,,,0.6131516802487637
3415,1001,13,5,0.55,0.2,1000,restricted_30,aggregation,0.6686711910615862,,,0.6152309049052801
3416,1001,13,5,0.55,0.2,1000,restricted_30,aggregation,0.6665141744059898,,,0.6140457902282904
3417,1001,13,5,0.55,0.2,1000,restricted_30,aggregation,0.664394572890321,,,0.6132978601953604
3418,1001,13,5,0.55,0.2,1000,restricted_30,aggregation,0.6672083426265721,,,0.6146219441129858
3419,1001,13,5,0.55,0.2,1000,restricted_30,aggregation,0.6620318245944101,,,0.6124678410940911
3420,1001,13,5,0.55,0.2,1000,restricted_30,aggregation,0.6681022532368026,,,0.6148637603754272
3421,1001,13,5,0.55,0.2,1000,restricted_30,aggregation,0.664884803299155,,,0.6132510690389859
3422,1001,13,5,0.55,0.2,1000,restricted_30,aggregation,0.6681528467615552,,,0.6147268015472184
3423,1001,13,5,0.55,0.2,1000,restricted_30,aggregation,0.6686303633249429,,,0.6149333974821476
3424,1001,13,5,0.55,0.2,1000,restricted_30,aggregation,0.6686141411180143,,,0.6146300378864964
3425,1001,13,5,0.55,0.2,1000,restricted_30,aggregation,0.6646115197321655,,,0.6133609715284716
3426,1001,13,5,0.55,0.2,1000,restricted_30,aggregation,0.6676942119068343,,,0.6150011469471888
3427,1001,13,5,0.55,0.2,1000,restricted_30,aggregation,0.6667461646978704,,,0.6144944514744516
3428,1001,13,5,0.55,0.2,1000,restricted_30,aggregation,0.6684716316692534,,,0.6146796132339883
3429,1001,13,5,0.55,0.2,1000,restricted_30,aggregation,0.6662695599349157,,,0.613894827610661
3430,1001,13,5,0.55,0.2,1000,restricted_30,aggregation,0.6670848151726302,,,0.6144297211815963
3431,1001,13,5,0.55,0.2,1000,restricted_30,aggregation,0.6663785258826028,,,0.614287377221544
3432,1001,13,5,0.55,0.2,1000,restricted_30,aggregation,0.6702601387139607,,,0.6155814426776929
3433,1001,13,5,0.55,0.2,1000,restricted_30,aggregation,0.6667417020813526,,,0.6145638529140615
3434,1001,13,5,0.55,0.2,1000,restricted_30,aggregation,0.6661787709110495,,,0.6132824794649797
3435,1001,13,5,0.55,0.2,1000,restricted_30,aggregation,0.6680072751851773,,,0.6148246390569309
3436,1001,13,5,0.55,0.2,1000,restricted_30,aggregation,0.666434515119061,,,0.6136768619497788
3437,1001,13,5,0.55,0.2,1000,restricted_30,aggregation,0.6697812035413366,,,0.6153760212626882
3438,1001,13,5,0.55,0.2,1000,restricted_30,aggregation,0.6684354997308322,,,0.6150706278366695
3439,1001,13,5,0.55,0.2,1000,restricted_30,aggregation,0.6680717530686021,,,0.6146985822819158
3440,1001,13,5,0.55,0.2,1000,restricted_30,aggregation,0.6703281499690467,,,0.6155542046071214
3441,1001,13,5,0.55,0.2,1000,restricted_30,aggregation,0.6659468002830556,,,0.6134379875834044
3442,1001,13,5,0.55,0.2,1000,restricted_30,aggregation,0.6653688148283938,,,0.6135626014186432
3443,1001,13,5,0.55,0.2,1000,restricted_30,aggregation,0.6686140468045708,,,0.6150971954588622
3444,1001,13,5,0.55,0.2,1000,restricted_30,aggregation,0.6673202722513626,,,0.6146590687707356
3445,1001,13,5,0.55,0.2,1000,restricted_30,aggregation,0.6705362560553533,,,0.6157313203771538
3446,1001,13,5,0.55,0.2,1000,restricted_30,aggregation,0.6676826932335737,,,0.6149551927470678
3447,1001,13,5,0.55,0.2,1000,restricted_30,aggregation,0.665367464703814,,,0.6136175159408495
3448,1001,13,5,0.55,0.2,1000,restricted_30,aggregation,0.6664995030140378,,,0.6143619406750659
3449,1001,13,5,0.55,0.2,1000,restricted_30,aggregation,0.667405510759014,,,0.6140423578658997
3450,1001,13,5,0.55,0.2,1000,restricted_30,aggregation,0.6659729713781507,,,0.6139425024127109
3451,1001,13,5,0.55,0.2,1000,restricted_30,aggregation,0.6673053184294184,,,0.613912862561821
3452,1001,13,5,0.55,0.2,1000,restricted_30,aggregation,0.672121820422778,,,0.616828706825582
3453,1001,13,5,0.55,0.2,1000,restricted_30,aggregation,0.6678527103453411,,,0.6146469307544309
3454,1001,13,5,0.55,0.2,1000,restricted_30,aggregation,0.6703626158548035,,,0.6157795280336948
3455,1001,13,5,0.55,0.2,1000,restricted_30,aggregation,0.6676952777812266,,,0.6148882474547058
3456,1001,13,5,0.55,0.2,1000,restricted_30,aggregation,0.6708653025015355,,,0.6160683406022991
3457,1001,13,5,0.55,0.2,1000,restricted_30,aggregation,0.6674211154974825,,,0.6143339700268867
3458,1001,13,5,0.55,0.2,1000,restricted_30,aggregation,0.6696838766932399,,,0.6153689029257781
3459,1001,13,5,0.55,0.2,1000,restricted_30,aggregation,0.6679342021372552,,,0.614861330914456
3460,1001,13,5,0.55,0.2,1000,restricted_30,aggregation,0.6718419723402806,,,0.6161715574625991
3461,1001,13,5,0.55,0.2,1000,restricted_30,aggregation,0.6628200581684338,,,0.6127657401240736
3462,1001,13,5,0.55,0.2,1000,restricted_30,aggregation,0.6666678794146922,,,0.614100973139515
3463,1001,13,5,0.55,0.2,1000,restricted_30,aggregation,0.6668620894938105,,,0.6141580615603535
3464,1001,13,5,0.55,0.2,1000,restricted_30,aggregation,0.6677360766886473,,,0.6140713844720097
3465,1001,13,5,0.55,0.2,1000,restricted_30,aggregation,0.669243053134241,,,0.6151334748584749
3466,1001,13,5,0.55,0.2,1000,restricted_30,aggregation,0.6637453591916819,,,0.6129916656877075
3467,1001,13,5,0.55,0.2,1000,restricted_30,aggregation,0.6691959050545112,,,0.6150155886937139
3468,1001,13,5,0.55,0.2,1000,restricted_30,aggregation,0.6650442117849193,,,0.6133720919743838
3469,1001,13,5,0.55,0.2,1000,restricted_30,aggregation,0.6693455681840289,,,0.6152374062511563
3470,1001,13,5,0.55,0.2,1000,restricted_30,aggregation,0.6707840350329405,,,0.6157567710761461
3471,1001,13,5,0.55,0.2,1000,restricted_30,aggregation,0.6709753307399345,,,0.615853264320556
3472,1001,13,5,0.55,0.2,1000,restricted_30,aggregation,0.6687338805230278,,,0.61511639320556
3473,1001,13,5,0.55,0.2,1000,restricted_30,aggregation,0.6696699325735508,,,0.6163072635235137
3474,1001,13,5,0.55,0.2,1000,restricted_30,aggregation,0.668566834065086,,,0.6152990936224271
3475,1001,13,5,0.55,0.2,1000,restricted_30,aggregation,0.6655400616544221,,,0.6138029123268708
3476,1001,13,5,0.55,0.2,1000,restricted_30,aggregation,0.6678888934395422,,,0.6146553332238751
3477,1001,13,5,0.55,0.2,1000,restricted_30,aggregation,0.6684975680519377,,,0.6149415794776212
3478,1001,13,5,0.55,0.2,1000,restricted_30,aggregation,0.6685119807430545,,,0.6155112218028886
3479,1001,13,5,0.55,0.2,1000,restricted_30,aggregation,0.6650882859310633,,,0.6135591790848042
3480,1001,13,5,0.55,0.2,1000,restricted_30,aggregation,0.6677905038312597,,,0.6147018959898127
3481,1001,13,5,0.55,0.2,1000,restricted_30,aggregation,0.6658260715955657,,,0.6136735234749819
3482,1001,13,5,0.55,0.2,1000,restricted_30,aggregation,0.6658226284783779,,,0.6135466960123211
3483,1001,13,5,0.55,0.2,1000,restricted_30,aggregation,0.6707640294570043,,,0.6153403308882476
3484,1001,13,5,0.55,0.2,1000,restricted_30,aggregation,0.6656311005349875,,,0.613390747115539
3485,1001,13,5,0.55,0.2,1000,restricted_30,aggregation,0.6665908062921274,,,0.6136347724266474
3486,1001,13,5,0.55,0.2,1000,restricted_30,aggregation,0.6689273263992878,,,0.6149595143976395
3487,1001,13,5,0.55,0.2,1000,restricted_30,aggregation,0.6689453084123921,,,0.6151047071369989
3488,1001,13,5,0.55,0.2,1000,restricted_30,aggregation,0.6660512747785873,,,0.614081231823732
3489,1001,13,5,0.55,0.2,1000,restricted_30,aggregation,0.6663133658126522,,,0.6143756794131795
3490,1001,13,5,0.55,0.2,1000,restricted_30,aggregation,0.6689517190779216,,,0.6151017491304993
3491,1001,13,5,0.55,0.2,1000,restricted_30,aggregation,0.668649046762585,,,0.6151020729810315
3492,1001,13,5,0.55,0.2,1000,restricted_30,aggregation,0.668345856579743,,,0.6151069174190008
3493,1001,13,5,0.55,0.2,1000,restricted_30,aggregation,0.6693692737697552,,,0.6146716193451612
3494,1001,13,5,0.55,0.2,1000,restricted_30,aggregation,0.6635174382774018,,,0.6127219312015145
3495,1001,13,5,0.55,0.2,1000,restricted_30,aggregation,0.6689531120961378,,,0.6143619242100494
3496,1001,13,5,0.55,0.2,1000,restricted_30,aggregation,0.6700792093579754,,,0.61546622648956
3497,1001,13,5,0.55,0.2,1000,restricted_30,aggregation,0.6663959530574745,,,0.6141935997258916
3498,1001,13,5,0.55,0.2,1000,restricted_30,aggregation,0.6688457570867543,,,0.6154188715682466
3499,1001,13,5,0.55,0.2,1000,restricted_30,aggregation,0.6665704702847247,,,0.6142473207733625
3500,1001,13,5,0.55,0.2,1000,restricted_30,aggregation,0.6651132367767325,,,0.613684479216771
3501,1001,13,5,0.55,0.2,1000,restricted_30,aggregation,0.6679081133935333,,,0.614793897005772
3502,1001,13,5,0.55,0.2,1000,restricted_30,aggregation,0.6683004195755414,,,0.6149169339379758
3503,1001,13,5,0.55,0.2,1000,restricted_30,aggregation,0.6699112338987846,,,0.6156499826870662
3504,1001,13,5,0.55,0.2,1000,restricted_30,aggregation,0.6651550445399828,,,0.6134714827148162
3505,1001,13,5,0.55,0.2,1000,restricted_30,aggregation,0.6660358304445398,,,0.614297005980131
3506,1001,13,5,0.55,0.2,1000,restricted_30,aggregation,0.6713213701605861,,,0.6161644535711203
3507,1001,13,5,0.55,0.2,1000,restricted_30,aggregation,0.6699518517958578,,,0.616009448252365
3508,1001,13,5,0.55,0.2,1000,restricted_30,aggregation,0.6637724335884725,,,0.6131295190688942
3509,1001,13,5,0.55,0.2,1000,restricted_30,aggregation,0.6687318430462436,,,0.6146007157734242
3510,1001,13,5,0.55,0.2,1000,restricted_30,aggregation,0.6642627092861663,,,0.614205593511427
3511,1001,13,5,0.55,0.2,1000,restricted_30,aggregation,0.6681174055259818,,,0.6149906396766815
3512,1001,13,5,0.55,0.2,1000,restricted_30,aggregation,0.666233588619416,,,0.6135848695902865
3513,1001,13,5,0.55,0.2,1000,restricted_30,aggregation,0.6665332223708393,,,0.6141193293820378
3514,1001,13,5,0.55,0.2,1000,restricted_30,aggregation,0.6647854339322049,,,0.6134120259832762
3515,1001,13,5,0.55,0.2,1000,restricted_30,aggregation,0.6684980433217114,,,0.61486295326587
3516,1001,13,5,0.55,0.2,1000,restricted_30,aggregation,0.6656025222010068,,,0.613477014544098
3517,1001,13,5,0.55,0.2,1000,restricted_30,aggregation,0.6652863952644932,,,0.6140418752004171
3518,1001,13,5,0.55,0.2,1000,restricted_30,aggregation,0.6662535510354751,,,0.6145916856291858
3519,1001,13,5,0.55,0.2,1000,restricted_30,aggregation,0.6664314241197788,,,0.6139086896359813
3520,1001,13,5,0.55,0.2,1000,restricted_30,aggregation,0.6664980028417197,,,0.6142524020732355
3521,1001,13,5,0.55,0.2,1000,restricted_30,aggregation,0.6684027555395117,,,0.6143143277709945
3522,1001,13,5,0.55,0.2,1000,restricted_30,aggregation,0.667643863403312,,,0.6145821926453179
3523,1001,13,5,0.55,0.2,1000,restricted_30,aggregation,0.6655713327780499,,,0.6137494077296162
3524,1001,13,5,0.55,0.2,1000,restricted_30,aggregation,0.667808650076777,,,0.6143892874486625
3525,1001,13,5,0.55,0.2,1000,restricted_30,aggregation,0.6664124554075811,,,0.6142384442178195
3526,1001,13,5,0.55,0.2,1000,restricted_30,aggregation,0.6646984969714002,,,0.613351625288292
3527,1001,13,5,0.55,0.2,1000,restricted_30,aggregation,0.6668728720390871,,,0.614359660193202
3528,1001,13,5,0.55,0.2,1000,restricted_30,aggregation,0.668760339881257,,,0.6148807644747231
3529,1001,13,5,0.55,0.2,1000,restricted_30,aggregation,0.6648400746780865,,,0.6134981347279266
3530,1001,13,5,0.55,0.2,1000,restricted_30,aggregation,0.6711725449582393,,,0.6160368818758404
3531,1001,13,5,0.55,0.2,1000,restricted_30,aggregation,0.6700656657778544,,,0.6157451174288675
3532,1001,13,5,0.55,0.2,1000,restricted_30,aggregation,0.6666121044098806,,,0.6147981184787437
3533,1001,13,5,0.55,0.2,1000,restricted_30,aggregation,0.6659555990705043,,,0.6137348288825374
3534,1001,13,5,0.55,0.2,1000,restricted_30,aggregation,0.6658007547355779,,,0.6139559308438476
3535,1001,13,5,0.55,0.2,1000,restricted_30,aggregation,0.6693931041871086,,,0.6154581665094166
3536,1001,13,5,0.55,0.2,1000,restricted_30,aggregation,0.6695292023194387,,,0.6149827306104391
3537,1001,13,5,0.55,0.2,1000,restricted_30,aggregation,0.6700258686357029,,,0.615324399836275
3538,1001,13,5,0.55,0.2,1000,restricted_30,aggregation,0.6711284486904946,,,0.6161162445424946
3539,1001,13,5,0.55,0.2,1000,restricted_30,aggregation,0.668915566740174,,,0.6154703739547491
3540,1001,13,5,0.55,0.2,1000,restricted_30,aggregation,0.6672508841644392,,,0.6142021093027344
3541,1001,13,5,0.55,0.2,1000,restricted_30,aggregation,0.6643029172906123,,,0.6131447239951409
3542,1001,13,5,0.55,0.2,1000,restricted_30,aggregation,0.6665632722394317,,,0.6142574266088852
3543,1001,13,5,0.55,0.2,1000,restricted_30,aggregation,0.6661777127528804,,,0.6140136210317462
3544,1001,13,5,0.55,0.2,1000,restricted_30,aggregation,0.6643073876460929,,,0.613650322193239
3545,1001,13,5,0.55,0.2,1000,restricted_30,aggregation,0.6617227971998567,,,0.6124288180338181
3546,1001,13,5,0.55,0.2,1000,restricted_30,aggregation,0.6698118945389478,,,0.6157009915547418
3547,1001,13,5,0.55,0.2,1000,restricted_30,aggregation,0.6643431363017801,,,0.6127445340616174
3548,1001,13,5,0.55,0.2,1000,restricted_30,aggregation,0.6700715659661987,,,0.6151864205162124
3549,1001,13,5,0.55,0.2,1000,restricted_30,aggregation,0.6671945411540527,,,0.6145093093172261
3550,1001,13,5,0.55,0.2,1000,restricted_30,aggregation,0.67038007216571,,,0.6155584514482433
3551,1001,13,5,0.55,0.2,1000,restricted_30,aggregation,0.6697166989157726,,,0.6152266028416029
3552,1001,13,5,0.55,0.2,1000,restricted_30,aggregation,0.6697373058455526,,,0.6151712438410356
3553,1001,13,5,0.55,0.2,1000,restricted_30,aggregation,0.6693625570724466,,,0.6153199708085126
3554,1001,13,5,0.55,0.2,1000,restricted_30,aggregation,0.66762856941285,,,0.6144945026424194
3555,1001,13,5,0.55,0.2,1000,restricted_30,aggregation,0.6623599450450299,,,0.6127990522517608
3556,1001,13,5,0.55,0.2,1000,restricted_30,aggregation,0.6717599313830136,,,0.6162866653408321
3557,1001,13,5,0.55,0.2,1000,restricted_30,aggregation,0.665607263724204,,,0.6140143737589572
3558,1001,13,5,0.55,0.2,1000,restricted_30,aggregation,0.664114717608083,,,0.6132697241261826
3559,1001,13,5,0.55,0.2,1000,restricted_30,aggregation,0.6699152275877803,,,0.6157001930554015
3560,1001,13,5,0.55,0.2,1000,restricted_30,aggregation,0.6640284267352096,,,0.6133726224624142
3561,1001,13,5,0.55,0.2,1000,restricted_30,aggregation,0.6646906094779023,,,0.6133131684981686
3562,1001,13,5,0.55,0.2,1000,restricted_30,aggregation,0.6694212672750622,,,0.6155038346067514
3563,1001,13,5,0.55,0.2,1000,restricted_30,aggregation,0.6676808754677056,,,0.6141551795658048
3564,1001,13,5,0.55,0.2,1000,restricted_30,aggregation,0.6672089626457307,,,0.6139168819760488
3565,1001,13,5,0.55,0.2,1000,restricted_30,aggregation,0.6684694562208906,,,0.6148568206793207
3566,1001,13,5,0.55,0.2,1000,restricted_30,aggregation,0.6677117797273546,,,0.6149087855123274
3567,1001,13,5,0.55,0.2,1000,restricted_30,aggregation,0.6704828172205084,,,0.6157333419666754
3568,1001,13,5,0.55,0.2,1000,restricted_30,aggregation,0.664177529927396,,,0.6133020641703976
3569,1001,13,5,0.55,0.2,1000,restricted_30,aggregation,0.6682011692681135,,,0.6142693275859944
3570,1001,13,5,0.55,0.2,1000,restricted_30,aggregation,0.6648345283442353,,,0.6135784775563944
3571,1001,13,5,0.55,0.2,1000,restricted_30,aggregation,0.6668289093606405,,,0.614758817848818
3572,1001,13,5,0.55,0.2,1000,restricted_30,aggregation,0.6681494507254763,,,0.6149672816535319
3573,1001,13,5,0.55,0.2,1000,restricted_30,aggregation,0.6692694052606265,,,0.6159424613195448
3574,1001,13,5,0.55,0.2,1000,restricted_30,aggregation,0.669815186878408,,,0.6152405498282583
3575,1001,13,5,0.55,0.2,1000,restricted_30,aggregation,0.6697339472677123,,,0.6159202025674944
3576,1001,13,5,0.55,0.2,1000,restricted_30,aggregation,0.6647039079506672,,,0.6134847711547713
3577,1001,13,5,0.55,0.2,1000,restricted_30,aggregation,0.673119401629523,,,0.6169539810883563
3578,1001,13,5,0.55,0.2,1000,restricted_30,aggregation,0.6685734243503805,,,0.6149453316513734
3579,1001,13,5,0.55,0.2,1000,restricted_30,aggregation,0.6672741403200165,,,0.614610958809709
3580,1001,13,5,0.55,0.2,1000,restricted_30,aggregation,0.6674491542156556,,,0.614128438513647
3581,1001,13,5,0.55,0.2,1000,restricted_30,aggregation,0.6689588108415151,,,0.6148911431161431
3582,1001,13,5,0.55,0.2,1000,restricted_30,aggregation,0.6662321554275952,,,0.6139243499556001
3583,1001,13,5,0.55,0.2,1000,restricted_30,aggregation,0.6664067941400509,,,0.6140427732529817
3584,1001,13,5,0.55,0.2,1000,restricted_30,aggregation,0.6669588696432558,,,0.6143274841901926
3585,1001,13,5,0.55,0.2,1000,restricted_30,aggregation,0.6707981759168924,,,0.6158314542016626
3586,1001,13,5,0.55,0.2,1000,restricted_30,aggregation,0.6664538983914955,,,0.6140781501369003
3587,1001,13,5,0.55,0.2,1000,restricted_30,aggregation,0.6596562769825157,,,0.6120850717338219
3588,1001,13,5,0.55,0.2,1000,restricted_30,aggregation,0.6668120804323069,,,0.6143082500678335
3589,1001,13,5,0.55,0.2,1000,restricted_30,aggregation,0.6706351384448597,,,0.615862790188207
3590,1001,13,5,0.55,0.2,1000,restricted_30,aggregation,0.6658948629970669,,,0.6140574221149222
3591,1001,13,5,0.55,0.2,1000,restricted_30,aggregation,0.6696479969018319,,,0.6158520645172729
3592,1001,13,5,0.55,0.2,1000,restricted_30,aggregation,0.6657971944299167,,,0.6137345805814558
3593,1001,13,5,0.55,0.2,1000,restricted_30,aggregation,0.6682387945594823,,,0.615404197839198
3594,1001,13,5,0.55,0.2,1000,restricted_30,aggregation,0.6661999963308611,,,0.6137691107195274
3595,1001,13,5,0.55,0.2,1000,restricted_30,aggregation,0.6642667290350521,,,0.6130974654820488
3596,1001,13,5,0.55,0.2,1000,restricted_30,aggregation,0.6678990974490289,,,0.6145904071006155
3597,1001,13,5,0.55,0.2,1000,restricted_30,aggregation,0.6666654285588962,,,0.6144632478786647
3598,1001,13,5,0.55,0.2,1000,restricted_30,aggregation,0.6685924294441399,,,0.6147561178482013
3599,1001,13,5,0.55,0.2,1000,restricted_30,aggregation,0.6678075361366945,,,0.6142512043049544
3600,1001,13,5,0.55,0.2,1000,restricted_30,aggregation,0.6653963464068331,,,0.6137941131091132
3601,1001,13,5,0.55,0.2,1000,restricted_30,aggregation,0.6661806457329283,,,0.6140990546259297
3602,1001,13,5,0.55,0.2,1000,restricted_30,aggregation,0.6678902194758299,,,0.6141175463656715
3603,1001,13,5,0.55,0.2,1000,restricted_30,aggregation,0.6667322439340283,,,0.6144797363978615
3604,1001,13,5,0.55,0.2,1000,restricted_30,aggregation,0.6689220284816884,,,0.6154834487426155
3605,1001,13,5,0.55,0.2,1000,restricted_30,aggregation,0.666367228866874,,,0.6141479601956686
3606,1001,13,5,0.55,0.2,1000,restricted_30,aggregation,0.671364792384219,,,0.6163895989735575
3607,1001,13,5,0.55,0.2,1000,restricted_30,aggregation,0.6699112962416244,,,0.615154961866837
3608,1001,13,5,0.55,0.2,1000,restricted_30,aggregation,0.6657833938131797,,,0.6144167248569333
3609,1001,13,5,0.55,0.2,1000,restricted_30,aggregation,0.666158759819487,,,0.6138957597418015
3610,1001,13,5,0.55,0.2,1000,restricted_30,aggregation,0.664738412123585,,,0.6132024399211901
3611,1001,13,5,0.55,0.2,1000,restricted_30,aggregation,0.6666288380206875,,,0.6141924637014222
3612,1001,13,5,0.55,0.2,1000,restricted_30,aggregation,0.6661644259650348,,,0.614078831276748
3613,1001,13,5,0.55,0.2,1000,restricted_30,aggregation,0.6696582607936534,,,0.6152165713607382
3614,1001,13,5,0.55,0.2,1000,restricted_30,aggregation,0.6661349017937599,,,0.6137926983587401
3615,1001,13,5,0.55,0.2,1000,restricted_30,aggregation,0.6696290920013974,,,0.6155903214224049
3616,1001,13,5,0.55,0.2,1000,restricted_30,aggregation,0.6685159237059647,,,0.6142367429792431
3617,1001,13,5,0.55,0.2,1000,restricted_30,aggregation,0.6688655313880936,,,0.6147822641093476
3618,1001,13,5,0.55,0.2,1000,restricted_30,aggregation,0.6722014951059034,,,0.6171244186523354
3619,1001,13,5,0.55,0.2,1000,restricted_30,aggregation,0.6701775587010693,,,0.615373421085088
3620,1001,13,5,0.55,0.2,1000,restricted_30,aggregation,0.6642701446051786,,,0.6132562476874979
3621,1001,13,5,0.55,0.2,1000,restricted_30,aggregation,0.6682494442397826,,,0.6150806093829012
3622,1001,13,5,0.55,0.2,1000,restricted_30,aggregation,0.6687801410893514,,,0.6149865696803198
3623,1001,13,5,0.55,0.2,1000,restricted_30,aggregation,0.6644020721599989,,,0.6134325920838422
3624,1001,13,5,0.55,0.2,1000,restricted_30,aggregation,0.6730656268680387,,,0.6171737285553953
3625,1001,13,5,0.55,0.2,1000,restricted_30,aggregation,0.6652874043083011,,,0.6138126165963667
3626,1001,13,5,0.55,0.2,1000,restricted_30,aggregation,0.6629547766968888,,,0.6125714139101641
3627,1001,13,5,0.55,0.2,1000,restricted_30,aggregation,0.6709522810888142,,,0.6159934957018292
3628,1001,13,5,0.55,0.2,1000,restricted_30,aggregation,0.6658363966081435,,,0.6134719451536119
3629,1001,13,5,0.55,0.2,1000,restricted_30,aggregation,0.6683797194294365,,,0.6151781104158189
3630,1001,13,5,0.55,0.2,1000,restricted_30,aggregation,0.6689470991341917,,,0.6149519770892689
3631,1001,13,5,0.55,0.2,1000,restricted_30,aggregation,0.6662653366261022,,,0.6139761874776459
3632,1001,13,5,0.55,0.2,1000,restricted_30,aggregation,0.668240265734938,,,0.6152011800159718
3633,1001,13,5,0.55,0.2,1000,restricted_30,aggregation,0.6648145170615758,,,0.6136983790977543
3634,1001,13,5,0.55,0.2,1000,restricted_30,aggregation,0.6692593374002924,,,0.6152258216629051
3635,1001,13,5,0.55,0.2,1000,restricted_30,aggregation,0.6633699963837489,,,0.6127716365270534
3636,1001,13,5,0.55,0.2,1000,restricted_30,aggregation,0.6666075460777324,,,0.6143246669842506
3637,1001,13,5,0.55,0.2,1000,restricted_30,aggregation,0.6676256768014237,,,0.6145211323938409
3638,1001,13,5,0.55,0.2,1000,restricted_30,aggregation,0.6636590462221541,,,0.6125634371955208
3639,1001,13,5,0.55,0.2,1000,restricted_30,aggregation,0.6627014861576646,,,0.6122559385213553
3640,1001,13,5,0.55,0.2,1000,restricted_30,aggregation,0.6668871478468069,,,0.6139244062804482
3641,1001,13,5,0.55,0.2,1000,restricted_30,aggregation,0.663587515068348,,,0.6129925630542298
3642,1001,13,5,0.55,0.2,1000,restricted_30,aggregation,0.6706750409095993,,,0.6161715678380264
3643,1001,13,5,0.55,0.2,1000,restricted_30,aggregation,0.6688153179483157,,,0.6148245614956033
3644,1001,13,5,0.55,0.2,1000,restricted_30,aggregation,0.6687618586954296,,,0.6151752232181401
3645,1001,13,5,0.55,0.2,1000,restricted_30,aggregation,0.6667325874064246,,,0.6138925172975175
3646,1001,13,5,0.55,0.2,1000,restricted_30,aggregation,0.6685185270722793,,,0.6147458765000432
3647,1001,13,5,0.55,0.2,1000,restricted_30,aggregation,0.6657753891658245,,,0.6140642371131957
3648,1001,13,5,0.55,0.2,1000,restricted_30,aggregation,0.6673122305316189,,,0.6145642360494445
3649,1001,13,5,0.55,0.2,1000,restricted_30,aggregation,0.6688697648334813,,,0.6154892159615077
3650,1001,13,5,0.55,0.2,1000,restricted_30,aggregation,0.6708938156990202,,,0.6158186363482198
3651,1001,13,5,0.55,0.2,1000,restricted_30,aggregation,0.6719154332037889,,,0.6161889482816568
3652,1001,13,5,0.55,0.2,1000,restricted_30,aggregation,0.6679834000092496,,,0.6145363053227638
3653,1001,13,5,0.55,0.2,1000,restricted_30,aggregation,0.6675954418298669,,,0.6148070255516089
3654,1001,13,5,0.55,0.2,1000,restricted_30,aggregation,0.6668119882947227,,,0.6145611553955306
3655,1001,13,5,0.55,0.2,1000,restricted_30,aggregation,0.6648669944049885,,,0.6133238740272074
3656,1001,13,5,0.55,0.2,1000,restricted_30,aggregation,0.6651028436114754,,,0.6131814416062334
3657,1001,13,5,0.55,0.2,1000,restricted_30,aggregation,0.6658498697122692,,,0.6138733791748376
3658,1001,13,5,0.55,0.2,1000,restricted_30,aggregation,0.6689672190059922,,,0.6152370823389575
3659,1001,13,5,0.55,0.2,1000,restricted_30,aggregation,0.6638828032825069,,,0.6130241560368644
3660,1001,13,5,0.55,0.2,1000,restricted_30,aggregation,0.669224563039819,,,0.6148033258099928
3661,1001,13,5,0.55,0.2,1000,restricted_30,aggregation,0.6708248337861367,,,0.6158414326491412
3662,1001,13,5,0.55,0.2,1000,restricted_30,aggregation,0.665300072620651,,,0.6135499902412405
3663,1001,13,5,0.55,0.2,1000,restricted_30,aggregation,0.6670299651230224,,,0.6144408900513069
3664,1001,13,5,0.55,0.2,1000,restricted_30,aggregation,0.6672027306756074,,,0.6141794001600253
3665,1001,13,5,0.55,0.2,1000,restricted_30,aggregation,0.6666287422305495,,,0.6136878343107511
3666,1001,13,5,0.55,0.2,1000,restricted_30,aggregation,0.6649443440459588,,,0.6137356251310419
3667,1001,13,5,0.55,0.2,1000,restricted_30,aggregation,0.6694795965056354,,,0.6154522606560108
3668,1001,13,5,0.55,0.2,1000,restricted_30,aggregation,0.6659610663994946,,,0.6138348588988174
3669,1001,13,5,0.55,0.2,1000,restricted_30,aggregation,0.6669379905865019,,,0.614406781443865
3670,1001,13,5,0.55,0.2,1000,restricted_30,aggregation,0.6670500971990407,,,0.6144091807035558
3671,1001,13,5,0.55,0.2,1000,restricted_30,aggregation,0.6682738692361044,,,0.6149576964933215
3672,1001,13,5,0.55,0.2,1000,restricted_30,aggregation,0.6717175698699593,,,0.6162241975925311
3673,1001,13,5,0.55,0.2,1000,restricted_30,aggregation,0.6717066134800299,,,0.6165092115446283
3674,1001,13,5,0.55,0.2,1000,restricted_30,aggregation,0.6678338062266562,,,0.6142889710443877
3675,1001,13,5,0.55,0.2,1000,restricted_30,aggregation,0.6681929918509564,,,0.614735800750176
3676,1001,13,5,0.55,0.2,1000,restricted_30,aggregation,0.6700126596663343,,,0.615736677566261
3677,1001,13,5,0.55,0.2,1000,restricted_30,aggregation,0.6662852792281391,,,0.6143873648419484
3678,1001,13,5,0.55,0.2,1000,restricted_30,aggregation,0.6661616411123583,,,0.6140344699744701
3679,1001,13,5,0.55,0.2,1000,restricted_30,aggregation,0.6669209057961959,,,0.6142686692936694
3680,1001,13,5,0.55,0.2,1000,restricted_30,aggregation,0.6657784897938455,,,0.6143956921859006
3681,1001,13,5,0.55,0.2,1000,restricted_30,aggregation,0.6695752925699787,,,0.6146175070685489
3682,1001,13,5,0.55,0.2,1000,restricted_30,aggregation,0.6680991962779779,,,0.6146309739720158
3683,1001,13,5,0.55,0.2,1000,restricted_30,aggregation,0.6676132209520842,,,0.6146567189985941
3684,1001,13,5,0.55,0.2,1000,restricted_30,aggregation,0.6719993276487115,,,0.6163888005898424
3685,1001,13,5,0.55,0.2,1000,restricted_30,aggregation,0.6676078833987891,,,0.6138437033182867
3686,1001,13,5,0.55,0.2,1000,restricted_30,aggregation,0.6679157894704868,,,0.6150584776488944
3687,1001,13,5,0.55,0.2,1000,restricted_30,aggregation,0.6685586833571688,,,0.6149663965201466
3688,1001,13,5,0.55,0.2,1000,restricted_30,aggregation,0.6704695667271842,,,0.615649488551572
3689,1001,13,5,0.55,0.2,1000,restricted_30,aggregation,0.6682564891704652,,,0.614797233830984
3690,1001,13,5,0.55,0.2,1000,restricted_30,aggregation,0.6655288614750884,,,0.6135468310624562
3691,1001,13,5,0.55,0.2,1000,restricted_30,aggregation,0.6696273959042884,,,0.6155893433572601
3692,1001,13,5,0.55,0.2,1000,restricted_30,aggregation,0.6672620574228141,,,0.6140662845025348
3693,1001,13,5,0.55,0.2,1000,restricted_30,aggregation,0.6672134208757882,,,0.6142285462839631
3694,1001,13,5,0.55,0.2,1000,restricted_30,aggregation,0.6670414020753883,,,0.6142496060112729
3695,1001,13,5,0.55,0.2,1000,restricted_30,aggregation,0.6639174617816767,,,0.6129607742488993
3696,1001,13,5,0.55,0.2,1000,restricted_30,aggregation,0.6631455055641428,,,0.6126350649736069
3697,1001,13,5,0.55,0.2,1000,restricted_30,aggregation,0.6675345920324416,,,0.6145537230053898
3698,1001,13,5,0.55,0.2,1000,restricted_30,aggregation,0.6692916107743098,,,0.6150828933181018
3699,1001,13,5,0.55,0.2,1000,restricted_30,aggregation,0.6643997438912576,,,0.6133495911418829
3700,1001,13,5,0.55,0.2,1000,restricted_30,aggregation,0.6617109810146701,,,0.6122024619285037
3701,1001,13,5,0.55,0.2,1000,restricted_30,aggregation,0.6675925289699411,,,0.6145596436356855
3702,1001,13,5,0.55,0.2,1000,restricted_30,aggregation,0.6680684038109077,,,0.6149245632685217
3703,1001,13,5,0.55,0.2,1000,restricted_30,aggregation,0.6686275166980169,,,0.6151630560720144
3704,1001,13,5,0.55,0.2,1000,restricted_30,aggregation,0.6657440803219776,,,0.6139571818998905
3705,1001,13,5,0.55,0.2,1000,restricted_30,aggregation,0.6663119050302849,,,0.6138609266736351
3706,1001,13,5,0.55,0.2,1000,restricted_30,aggregation,0.6722054426244307,,,0.6162788257575759
3707,1001,13,5,0.55,0.2,1000,restricted_30,aggregation,0.672637378041843,,,0.6165083680748266
3708,1001,13,5,0.55,0.2,1000,restricted_30,aggregation,0.6696945421532092,,,0.6148400983584317
3709,1001,13,5,0.55,0.2,1000,restricted_30,aggregation,0.6678923755340613,,,0.6143702061441646
3710,1001,13,5,0.55,0.2,1000,restricted_30,aggregation,0.6696939874697909,,,0.6154161936674438
3711,1001,13,5,0.55,0.2,1000,restricted_30,aggregation,0.6679815376987251,,,0.6146372791097792
3712,1001,13,5,0.55,0.2,1000,restricted_30,aggregation,0.668880003479819,,,0.6150266324878826
3713,1001,13,5,0.55,0.2,1000,restricted_30,aggregation,0.666865311957671,,,0.6145508709114961
3714,1001,13,5,0.55,0.2,1000,restricted_30,aggregation,0.6646562579907963,,,0.6134440226979813
3715,1001,13,5,0.55,0.2,1000,restricted_30,aggregation,0.6672705817310499,,,0.6144003698924534
3716,1001,13,5,0.55,0.2,1000,restricted_30,aggregation,0.6651507847377499,,,0.6139206587779507
3717,1001,13,5,0.55,0.2,1000,restricted_30,aggregation,0.6690308802582213,,,0.6147133514710599
3718,1001,13,5,0.55,0.2,1000,restricted_30,aggregation,0.6670956251765101,,,0.6144054691296359
3719,1001,13,5,0.55,0.2,1000,restricted_30,aggregation,0.6664425613518866,,,0.6141034197207116
3720,1001,13,5,0.55,0.2,1000,restricted_30,aggregation,0.6692483711840727,,,0.6154349767824768
3721,1001,13,5,0.55,0.2,1000,restricted_30,aggregation,0.6652484772101558,,,0.6135875611425613
3722,1001,13,5,0.55,0.2,1000,restricted_30,aggregation,0.669696178732633,,,0.6151930906593408
3723,1001,13,5,0.55,0.2,1000,restricted_30,aggregation,0.6695145302579831,,,0.6151223712707048
3724,1001,13,5,0.55,0.2,1000,restricted_30,aggregation,0.6668002760161232,,,0.6141350659679826
3725,1001,13,5,0.55,0.2,1000,restricted_30,aggregation,0.6720126361285432,,,0.6162194980944983
3726,1001,13,5,0.55,0.2,1000,restricted_30,aggregation,0.6695119034965009,,,0.6154789835704421
3727,1001,13,5,0.55,0.2,1000,restricted_30,aggregation,0.6705578495246257,,,0.6155440537934289
3728,1001,13,5,0.55,0.2,1000,restricted_30,aggregation,0.6649585700732281,,,0.6139009793524378
3729,1001,13,5,0.55,0.2,1000,restricted_30,aggregation,0.6694315085823785,,,0.6152369187602521
3730,1001,13,5,0.55,0.2,1000,restricted_30,aggregation,0.6636669514789192,,,0.6129013257807009
3731,1001,13,5,0.55,0.2,1000,restricted_30,aggregation,0.6690484853271705,,,0.6146635043120461
3732,1001,13,5,0.55,0.2,1000,restricted_30,aggregation,0.669194187563662,,,0.615024577644578
3733,1001,13,5,0.55,0.2,1000,restricted_30,aggregation,0.6658028534094561,,,0.6137002698613117
3734,1001,13,5,0.55,0.2,1000,restricted_30,aggregation,0.664889157975893,,,0.6132989638139639
3735,1001,13,5,0.55,0.2,1000,restricted_30,aggregation,0.6636408243506452,,,0.6128014905233655
3736,1001,13,5,0.55,0.2,1000,restricted_30,aggregation,0.66442013275077,,,0.6132229669790087
3737,1001,13,5,0.55,0.2,1000,restricted_30,aggregation,0.6714829473298076,,,0.6164984416586501
3738,1001,13,5,0.55,0.2,1000,restricted_30,aggregation,0.6707117484824215,,,0.6157229746333914
3739,1001,13,5,0.55,0.2,1000,restricted_30,aggregation,0.6683627785666779,,,0.6147274435903604
3740,1001,13,5,0.55,0.2,1000,restricted_30,aggregation,0.6702699113201007,,,0.6158099881676966
3741,1001,13,5,0.55,0.2,1000,restricted_30,aggregation,0.666177093698307,,,0.6143790620413538
3742,1001,13,5,0.55,0.2,1000,restricted_30,aggregation,0.669614116665826,,,0.6152213218571553
3743,1001,13,5,0.55,0.2,1000,restricted_30,aggregation,0.6700643542512225,,,0.6153380987222655
3744,1001,13,5,0.55,0.2,1000,restricted_30,aggregation,0.6703091945572469,,,0.615690115925741
3745,1001,13,5,0.55,0.2,1000,restricted_30,aggregation,0.6630490486704405,,,0.6127848251594086
3746,1001,13,5,0.55,0.2,1000,restricted_30,aggregation,0.6683738984079763,,,0.6147800864182116
3747,1001,13,5,0.55,0.2,1000,restricted_30,aggregation,0.6693857697704307,,,0.6148613328338329
3748,1001,13,5,0.55,0.2,1000,restricted_30,aggregation,0.6656039879069385,,,0.6134701732835067
3749,1001,13,5,0.55,0.2,1000,restricted_30,aggregation,0.6668717024301695,,,0.6143663484663486
3750,1001,13,5,0.55,0.2,1000,restricted_30,aggregation,0.668722013781944,,,0.6147954975965394
3751,1001,13,5,0.55,0.2,1000,restricted_30,aggregation,0.6637474493505137,,,0.6126295524999693
3752,1001,13,5,0.55,0.2,1000,restricted_30,aggregation,0.6669501586932025,,,0.613997760418594
3753,1001,13,5,0.55,0.2,1000,restricted_30,aggregation,0.6703537985766516,,,0.6158318689412441
3754,1001,13,5,0.55,0.2,1000,restricted_30,aggregation,0.6677480616487194,,,0.614827176380718
3755,1001,13,5,0.55,0.2,1000,restricted_30,aggregation,0.6688209478508794,,,0.6149268874335543
3756,1001,13,5,0.55,0.2,1000,restricted_30,aggregation,0.6663018201766744,,,0.6134901018734353
3757,1001,13,5,0.55,0.2,1000,restricted_30,aggregation,0.6640083319393061,,,0.6132437292568544
3758,1001,13,5,0.55,0.2,1000,restricted_30,aggregation,0.6674143121405437,,,0.6144237406420741
3759,1001,13,5,0.55,0.2,1000,restricted_30,aggregation,0.66860769076823,,,0.614722069219361
3760,1001,13,5,0.55,0.2,1000,restricted_30,aggregation,0.6667375447720404,,,0.6141547255599339
3761,1001,13,5,0.55,0.2,1000,restricted_30,aggregation,0.6675984931887499,,,0.6145847963533383
3762,1001,13,5,0.55,0.2,1000,restricted_30,aggregation,0.6691744941122731,,,0.614740619457703
3763,1001,13,5,0.55,0.2,1000,restricted_30,aggregation,0.6701094731300691,,,0.6157248278573278
3764,1001,13,5,0.55,0.2,1000,restricted_30,aggregation,0.669123559272314,,,0.6154133340270842
3765,1001,13,5,0.55,0.2,1000,restricted_30,aggregation,0.6648421026284334,,,0.6135814054155723
3766,1001,13,5,0.55,0.2,1000,restricted_30,aggregation,0.66218631282214,,,0.6123765057010891
3767,1001,13,5,0.55,0.2,1000,restricted_30,aggregation,0.66743493693597,,,0.6143082310282311
3768,1001,13,5,0.55,0.2,1000,restricted_30,aggregation,0.6688647816967455,,,0.6155950209358544
3769,1001,13,5,0.55,0.2,1000,restricted_30,aggregation,0.6656170075710958,,,0.6141522431272434
3770,1001,13,5,0.55,0.2,1000,restricted_30,aggregation,0.6673125557284116,,,0.6147529791504793
3771,1001,13,5,0.55,0.2,1000,restricted_30,aggregation,0.6715711693832368,,,0.6164029530037863
3772,1001,13,5,0.55,0.2,1000,restricted_30,aggregation,0.6678357925952756,,,0.6147749554303722
3773,1001,13,5,0.55,0.2,1000,restricted_30,aggregation,0.6662937988571368,,,0.6144875329685748
3774,1001,13,5,0.55,0.2,1000,restricted_30,aggregation,0.6684447145357281,,,0.6148544200321284
3775,1001,13,5,0.55,0.2,1000,restricted_30,aggregation,0.6685254415656638,,,0.6144077305333556
3776,1001,13,5,0.55,0.2,1000,restricted_30,aggregation,0.6678865389762114,,,0.6142460603208522
3777,1001,13,5,0.55,0.2,1000,restricted_30,aggregation,0.6657344626718471,,,0.613681000149542
3778,1001,13,5,0.55,0.2,1000,restricted_30,aggregation,0.6640355529843263,,,0.6132238438028021
3779,1001,13,5,0.55,0.2,1000,restricted_30,aggregation,0.6663737026598209,,,0.6143229665396333
3780,1001,13,5,0.55,0.2,1000,restricted_30,aggregation,0.6667586083438393,,,0.614387840184507
3781,1001,13,5,0.55,0.2,1000,restricted_30,aggregation,0.6684800278186674,,,0.6146586745199247
3782,1001,13,5,0.55,0.2,1000,restricted_30,aggregation,0.667284110330753,,,0.6139418241711992
3783,1001,13,5,0.55,0.2,1000,restricted_30,aggregation,0.6655250712347189,,,0.6139700118014703
3784,1001,13,5,0.55,0.2,1000,restricted_30,aggregation,0.6680405803797115,,,0.6147165103800523
3785,1001,13,5,0.55,0.2,1000,restricted_30,aggregation,0.6709023348435963,,,0.6159904562335814
3786,1001,13,5,0.55,0.2,1000,restricted_30,aggregation,0.6664569125402259,,,0.6143408362239613
3787,1001,13,5,0.55,0.2,1000,restricted_30,aggregation,0.6671454317173731,,,0.6145168422780923
3788,1001,13,5,0.55,0.2,1000,restricted_30,aggregation,0.6688674668321561,,,0.6148560876006711
3789,1001,13,5,0.55,0.2,1000,restricted_30,aggregation,0.6693701107908268,,,0.6154177383341969
3790,1001,13,5,0.55,0.2,1000,restricted_30,aggregation,0.6666408721468937,,,0.6143183493204327
3791,1001,13,5,0.55,0.2,1000,restricted_30,aggregation,0.6645399937133288,,,0.6129980724984893
3792,1001,13,5,0.55,0.2,1000,restricted_30,aggregation,0.6673610419247319,,,0.6141120744687413
3793,1001,13,5,0.55,0.2,1000,restricted_30,aggregation,0.6656698246013487,,,0.6143364801710636
3794,1001,13,5,0.55,0.2,1000,restricted_30,aggregation,0.6689646370539883,,,0.6148034257871758
3795,1001,13,5,0.55,0.2,1000,restricted_30,aggregation,0.6707195380335624,,,0.6156531782800534
3796,1001,13,5,0.55,0.2,1000,restricted_30,aggregation,0.6670059648462634,,,0.6144991016622268
3797,1001,13,5,0.55,0.2,1000,restricted_30,aggregation,0.666663125107486,,,0.6139355333940751
3798,1001,13,5,0.55,0.2,1000,restricted_30,aggregation,0.6689929268639901,,,0.6148637001116168
3799,1001,13,5,0.55,0.2,1000,restricted_30,aggregation,0.6654547953322685,,,0.61353686487124
3800,1001,13,5,0.55,0.2,1000,restricted_30,aggregation,0.6684773963394498,,,0.6143855105234274
3801,1001,13,5,0.55,0.2,1000,restricted_30,aggregation,0.6670746842095601,,,0.6143978493265995
3802,1001,13,5,0.55,0.2,1000,restricted_30,aggregation,0.6690935234518706,,,0.6147546373842209
3803,1001,13,5,0.55,0.2,1000,restricted_30,aggregation,0.6663671372376249,,,0.613943554531888
3804,1001,13,5,0.55,0.2,1000,restricted_30,aggregation,0.6661451794822297,,,0.6140718681627017
3805,1001,13,5,0.55,0.2,1000,restricted_30,aggregation,0.6657753951163156,,,0.6139581124893626
3806,1001,13,5,0.55,0.2,1000,restricted_30,aggregation,0.6652949095882729,,,0.6132375893088394
3807,1001,13,5,0.55,0.2,1000,restricted_30,aggregation,0.6691061693136058,,,0.6156493660506162
3808,1001,13,5,0.55,0.2,1000,restricted_30,aggregation,0.6644910119826998,,,0.6133951144688646
3809,1001,13,5,0.55,0.2,1000,restricted_30,aggregation,0.6686034687030595,,,0.6148242460548712
3810,1001,13,5,0.55,0.2,1000,restricted_30,aggregation,0.6623530314081031,,,0.6126312249710167
3811,1001,13,5,0.55,0.2,1000,restricted_30,aggregation,0.6665239036882812,,,0.6133638483815569
3812,1001,13,5,0.55,0.2,1000,restricted_30,aggregation,0.6622566986723074,,,0.6123968583962336
3813,1001,13,5,0.55,0.2,1000,restricted_30,aggregation,0.6668376676619121,,,0.6142634121896624
3814,1001,13,5,0.55,0.2,1000,restricted_30,aggregation,0.6722010513877145,,,0.6167684844476512
3815,1001,13,5,0.55,0.2,1000,restricted_30,aggregation,0.6676757090649228,,,0.6148032255476007
3816,1001,13,5,0.55,0.2,1000,restricted_30,aggregation,0.6656802223596906,,,0.613819275138442
3817,1001,13,5,0.55,0.2,1000,restricted_30,aggregation,0.667842624641387,,,0.6152253828193412
3818,1001,13,5,0.55,0.2,1000,restricted_30,aggregation,0.6704713515480937,,,0.6155063710517878
3819,1001,13,5,0.55,0.2,1000,restricted_30,aggregation,0.6633628030672393,,,0.6125236148419483
3820,1001,13,5,0.55,0.2,1000,restricted_30,aggregation,0.6715962410267893,,,0.6159208636964888
3821,1001,13,5,0.55,0.2,1000,restricted_30,aggregation,0.6672542440467063,,,0.6144652392746145
3822,1001,13,5,0.55,0.2,1000,restricted_30,aggregation,0.6651416697171568,,,0.61345346661055
3823,1001,13,5,0.55,0.2,1000,restricted_30,aggregation,0.6684971698168022,,,0.614927845110137
3824,1001,13,5,0.55,0.2,1000,restricted_30,aggregation,0.6716631117113547,,,0.6160490244246496
3825,1001,13,5,0.55,0.2,1000,restricted_30,aggregation,0.6689170629483174,,,0.6150572781385283
3826,1001,13,5,0.55,0.2,1000,restricted_30,aggregation,0.6676736013379038,,,0.6146176307951309
3827,1001,13,5,0.55,0.2,1000,restricted_30,aggregation,0.6645776755309731,,,0.6136969181667099
3828,1001,13,5,0.55,0.2,1000,restricted_30,aggregation,0.6696671013272752,,,0.6155348743463329
3829,1001,13,5,0.55,0.2,1000,restricted_30,aggregation,0.6684165703199028,,,0.6150348969934387
3830,1001,13,5,0.55,0.2,1000,restricted_30,aggregation,0.667073231269205,,,0.6140739672595924
3831,1001,13,5,0.55,0.2,1000,restricted_30,aggregation,0.6674017425005866,,,0.6146218739054157
3832,1001,13,5,0.55,0.2,1000,restricted_30,aggregation,0.6654901347663512,,,0.6135125720190305
3833,1001,13,5,0.55,0.2,1000,restricted_30,aggregation,0.6693362440244209,,,0.6154930146859314
3834,1001,13,5,0.55,0.2,1000,restricted_30,aggregation,0.6642610346932546,,,0.6129695627058128
3835,1001,13,5,0.55,0.2,1000,restricted_30,aggregation,0.6681616951795148,,,0.6149396563236148
3836,1001,13,5,0.55,0.2,1000,restricted_30,aggregation,0.6679981694264633,,,0.6147085403639573
3837,1001,13,5,0.55,0.2,1000,restricted_30,aggregation,0.6682640251244413,,,0.6151839699498035
3838,1001,13,5,0.55,0.2,1000,restricted_30,aggregation,0.6668033928656127,,,0.614051019790395
3839,1001,13,5,0.55,0.2,1000,restricted_30,aggregation,0.6666519582793936,,,0.6141893461322628
3840,1001,13,5,0.55,0.2,1000,restricted_30,aggregation,0.6660877116332631,,,0.6137964537777039
3841,1001,13,5,0.55,0.2,1000,restricted_30,aggregation,0.6710240205734319,,,0.6155493231536983
3842,1001,13,5,0.55,0.2,1000,restricted_30,aggregation,0.665337843422241,,,0.6135126234644986
3843,1001,13,5,0.55,0.2,1000,restricted_30,aggregation,0.6685883617403172,,,0.6151016840258509
3844,1001,13,5,0.55,0.2,1000,restricted_30,aggregation,0.666876727256267,,,0.614447974170891
3845,1001,13,5,0.55,0.2,1000,restricted_30,aggregation,0.6698708310949499,,,0.6149753850162184
3846,1001,13,5,0.55,0.2,1000,restricted_30,aggregation,0.6669084158110079,,,0.6144844996361664
3847,1001,13,5,0.55,0.2,1000,restricted_30,aggregation,0.6713056529979919,,,0.6161685777262861
3848,1001,13,5,0.55,0.2,1000,restricted_30,aggregation,0.6718991483625786,,,0.6162930405782491
3849,1001,13,5,0.55,0.2,1000,restricted_30,aggregation,0.6679162330618386,,,0.6149591030651449
3850,1001,13,5,0.55,0.2,1000,restricted_30,aggregation,0.6665015754161839,,,0.6140788510640595
3851,1001,13,5,0.55,0.2,1000,restricted_30,aggregation,0.6660410364256499,,,0.6135601253684588
3852,1001,13,5,0.55,0.2,1000,restricted_30,aggregation,0.6676207647755708,,,0.614373053281595
3853,1001,13,5,0.55,0.2,1000,restricted_30,aggregation,0.6653471382616107,,,0.613443976340018
3854,1001,13,5,0.55,0.2,1000,restricted_30,aggregation,0.6696966885370433,,,0.6158657568742987
3855,1001,13,5,0.55,0.2,1000,restricted_30,aggregation,0.6658901624389149,,,0.6140666624039542
3856,1001,13,5,0.55,0.2,1000,restricted_30,aggregation,0.6718108061295194,,,0.6166438437565522
3857,1001,13,5,0.55,0.2,1000,restricted_30,aggregation,0.6697112911548032,,,0.6155507183942601
3858,1001,13,5,0.55,0.2,1000,restricted_30,aggregation,0.6647065657228872,,,0.6135880943593445
3859,1001,13,5,0.55,0.2,1000,restricted_30,aggregation,0.6662537027975062,,,0.6137814389237308
3860,1001,13,5,0.55,0.2,1000,restricted_30,aggregation,0.6657811216567018,,,0.613794127184544
3861,1001,13,5,0.55,0.2,1000,restricted_30,aggregation,0.6661147593903146,,,0.6137879352360603
3862,1001,13,5,0.55,0.2,1000,restricted_30,aggregation,0.6694318603223737,,,0.6156900535960954
3863,1001,13,5,0.55,0.2,1000,restricted_30,aggregation,0.6679723887011613,,,0.6143360403562488
3864,1001,13,5,0.55,0.2,1000,restricted_30,aggregation,0.6711434802997681,,,0.6158361323630075
3865,1001,13,5,0.55,0.2,1000,restricted_30,aggregation,0.668255590500875,,,0.6148607357996941
3866,1001,13,5,0.55,0.2,1000,restricted_30,aggregation,0.672484471090591,,,0.6167106136147804
3867,1001,13,5,0.55,0.2,1000,restricted_30,aggregation,0.6696787111603,,,0.6155045080228416
3868,1001,13,5,0.55,0.2,1000,restricted_30,aggregation,0.6700044875869421,,,0.6156896456475625
3869,1001,13,5,0.55,0.2,1000,restricted_30,aggregation,0.6684975790635939,,,0.6152982925639178
3870,1001,13,5,0.55,0.2,1000,restricted_30,aggregation,0.6641441239911418,,,0.6133171494554829
3871,1001,13,5,0.55,0.2,1000,restricted_30,aggregation,0.6674006751242603,,,0.6151179585769171
3872,1001,13,5,0.55,0.2,1000,restricted_30,aggregation,0.6641829516443172,,,0.6129904797671465
3873,1001,13,5,0.55,0.2,1000,restricted_30,aggregation,0.6649879614383369,,,0.6135176025517693
3874,1001,13,5,0.55,0.2,1000,restricted_30,aggregation,0.668935639076746,,,0.6150063663651165
3875,1001,13,5,0.55,0.2,1000,restricted_30,aggregation,0.6696713395559719,,,0.615445370563079
3876,1001,13,5,0.55,0.2,1000,restricted_30,aggregation,0.6674494136938618,,,0.6144658500989751
3877,1001,13,5,0.55,0.2,1000,restricted_30,aggregation,0.6638180006449351,,,0.61294942318484
3878,1001,13,5,0.55,0.2,1000,restricted_30,aggregation,0.666304482882394,,,0.6139133931731849
3879,1001,13,5,0.55,0.2,1000,restricted_30,aggregation,0.6652074818993123,,,0.6134472062505397
3880,1001,13,5,0.55,0.2,1000,restricted_30,aggregation,0.6674861382745564,,,0.6145151907737325
3881,1001,13,5,0.55,0.2,1000,restricted_30,aggregation,0.6686386420459738,,,0.6153266624810376
3882,1001,13,5,0.55,0.2,1000,restricted_30,aggregation,0.6677076991467356,,,0.6147445707147792
3883,1001,13,5,0.55,0.2,1000,restricted_30,aggregation,0.666371954387502,,,0.6137089674600092
3884,1001,13,5,0.55,0.2,1000,restricted_30,aggregation,0.6705465564290296,,,0.6161318841420926
3885,1001,13,5,0.55,0.2,1000,restricted_30,aggregation,0.669065261469782,,,0.6153484724226392
3886,1001,13,5,0.55,0.2,1000,restricted_30,aggregation,0.6702106369443922,,,0.6156530878689213
3887,1001,13,5,0.55,0.2,1000,restricted_30,aggregation,0.6677178728460577,,,0.6146913684463686
3888,1001,13,5,0.55,0.2,1000,restricted_30,aggregation,0.6695980469025447,,,0.6152114041051542
3889,1001,13,5,0.55,0.2,1000,restricted_30,aggregation,0.6688646908633781,,,0.6154301192326195
3890,1001,13,5,0.55,0.2,1000,restricted_30,aggregation,0.6685104394471856,,,0.6150591483516485
3891,1001,13,5,0.55,0.2,1000,restricted_30,aggregation,0.6695357263149949,,,0.6154768074132659
3892,1001,13,5,0.55,0.2,1000,restricted_30,aggregation,0.6671725418281776,,,0.6146021631377883
3893,1001,13,5,0.55,0.2,1000,restricted_30,aggregation,0.6657657752595156,,,0.6139968385472554
3894,1001,13,5,0.55,0.2,1000,restricted_30,aggregation,0.6644379981259048,,,0.6129972819618653
3895,1001,13,5,0.55,0.2,1000,restricted_30,aggregation,0.6627867047939378,,,0.6127030167594754
3896,1001,13,5,0.55,0.2,1000,restricted_30,aggregation,0.667116043716042,,,0.613855235582319
3897,1001,13,5,0.55,0.2,1000,restricted_30,aggregation,0.6665746190724501,,,0.614135955533664
3898,1001,13,5,0.55,0.2,1000,restricted_30,aggregation,0.6684118529779965,,,0.6152451976804062
3899,1001,13,5,0.55,0.2,1000,restricted_30,aggregation,0.6688204007437423,,,0.6150272623826791
3900,1001,13,5,0.55,0.2,1000,restricted_30,aggregation,0.6687732490038353,,,0.6143282931035016
3901,1001,13,5,0.55,0.2,1000,restricted_30,aggregation,0.6665566437050616,,,0.6143845013474182
3902,1001,13,5,0.55,0.2,1000,restricted_30,aggregation,0.6669177302776254,,,0.6140101682730852
3903,1001,13,5,0.55,0.2,1000,restricted_30,aggregation,0.6657736111157233,,,0.6138175899871734
3904,1001,13,5,0.55,0.2,1000,restricted_30,aggregation,0.6677876816514695,,,0.6149414622106291
3905,1001,13,5,0.55,0.2,1000,restricted_30,aggregation,0.6677130301724208,,,0.6144545296909881
3906,1001,13,5,0.55,0.2,1000,restricted_30,aggregation,0.6669482963799254,,,0.6142805492192992
3907,1001,13,5,0.55,0.2,1000,restricted_30,aggregation,0.6663207224550479,,,0.6142418983254402
3908,1001,13,5,0.55,0.2,1000,restricted_30,aggregation,0.6680403277465348,,,0.6147942049617051
3909,1001,13,5,0.55,0.2,1000,restricted_30,aggregation,0.6653642133258446,,,0.613601110586944
3910,1001,13,5,0.55,0.2,1000,restricted_30,aggregation,0.6638314793947128,,,0.6137943333364168
3911,1001,13,5,0.55,0.2,1000,restricted_30,aggregation,0.6696658735026529,,,0.615077141747142
3912,1001,13,5,0.55,0.2,1000,restricted_30,aggregation,0.6688660921910538,,,0.6151232374030292
3913,1001,13,5,0.55,0.2,1000,restricted_30,aggregation,0.6692468190738619,,,0.6150099550372468
3914,1001,13,5,0.55,0.2,1000,restricted_30,aggregation,0.6661376514908165,,,0.6137685796842048
3915,1001,13,5,0.55,0.2,1000,restricted_30,aggregation,0.6691325162836723,,,0.6150945860389612
3916,1001,13,5,0.55,0.2,1000,restricted_30,aggregation,0.6671332034052231,,,0.6146043466333051
3917,1001,13,5,0.55,0.2,1000,restricted_30,aggregation,0.6686380242518793,,,0.6146814022320274
3918,1001,13,5,0.55,0.2,1000,restricted_30,aggregation,0.665056035180183,,,0.6134293895687648
3919,1001,13,5,0.55,0.2,1000,restricted_30,aggregation,0.668223010057387,,,0.6143569958436627
3920,1001,13,5,0.55,0.2,1000,restricted_30,aggregation,0.668426511042634,,,0.6146441499318585
3921,1001,13,5,0.55,0.2,1000,restricted_30,aggregation,0.6651053519812076,,,0.6136010237293572
3922,1001,13,5,0.55,0.2,1000,restricted_30,aggregation,0.6638061960830149,,,0.6131635845019179
3923,1001,13,5,0.55,0.2,1000,restricted_30,aggregation,0.6690182604549773,,,0.614991010817886
3924,1001,13,5,0.55,0.2,1000,restricted_30,aggregation,0.668810958913469,,,0.6154131989152823
3925,1001,13,5,0.55,0.2,1000,restricted_30,aggregation,0.6668397078714096,,,0.614259787103329
3926,1001,13,5,0.55,0.2,1000,restricted_30,aggregation,0.670884300092759,,,0.6156800516613018
3927,1001,13,5,0.55,0.2,1000,restricted_30,aggregation,0.6702473561743523,,,0.6156929517010769
3928,1001,13,5,0.55,0.2,1000,restricted_30,aggregation,0.6714228889919761,,,0.6162024276957611
3929,1001,13,5,0.55,0.2,1000,restricted_30,aggregation,0.668235710616515,,,0.6146141770420939
3930,1001,13,5,0.55,0.2,1000,restricted_30,aggregation,0.6683953244541586,,,0.6148384290169709
3931,1001,13,5,0.55,0.2,1000,restricted_30,aggregation,0.6646991801205153,,,0.6135340768182437
3932,1001,13,5,0.55,0.2,1000,restricted_30,aggregation,0.6666279360046061,,,0.6143723185764854
3933,1001,13,5,0.55,0.2,1000,restricted_30,aggregation,0.6663792710234104,,,0.6141073363287948
3934,1001,13,5,0.55,0.2,1000,restricted_30,aggregation,0.662559090423314,,,0.6127034491896993
3935,1001,13,5,0.55,0.2,1000,restricted_30,aggregation,0.6622831791408571,,,0.6123940744903247
3936,1001,13,5,0.55,0.2,1000,restricted_30,aggregation,0.669893842893287,,,0.6154604161347913
3937,1001,13,5,0.55,0.2,1000,restricted_30,aggregation,0.669492791556728,,,0.6150974380711882
3938,1001,13,5,0.55,0.2,1000,restricted_30,aggregation,0.6654078089432178,,,0.6137674505664089
3939,1001,13,5,0.55,0.2,1000,restricted_30,aggregation,0.6667069026840232,,,0.6143476242661662
3940,1001,13,5,0.55,0.2,1000,restricted_30,aggregation,0.6684557360120419,,,0.6151602573121324
3941,1001,13,5,0.55,0.2,1000,restricted_30,aggregation,0.6667071770053051,,,0.6141064786833539
3942,1001,13,5,0.55,0.2,1000,restricted_30,aggregation,0.6657328578621874,,,0.6137975421877506
3943,1001,13,5,0.55,0.2,1000,restricted_30,aggregation,0.6684031402029421,,,0.614659769181436
3944,1001,13,5,0.55,0.2,1000,restricted_30,aggregation,0.668612276213547,,,0.6147361767553435
3945,1001,13,5,0.55,0.2,1000,restricted_30,aggregation,0.6672941865205164,,,0.61418192824922
3946,1001,13,5,0.55,0.2,1000,restricted_30,aggregation,0.6700442897504534,,,0.6159680451184619
3947,1001,13,5,0.55,0.2,1000,restricted_30,aggregation,0.6671548050377435,,,0.6143380879768381
3948,1001,13,5,0.55,0.2,1000,restricted_30,aggregation,0.6679190234973649,,,0.6146515250181919
3949,1001,13,5,0.55,0.2,1000,restricted_30,aggregation,0.6645372080543478,,,0.6130006940898608
3950,1001,13,5,0.55,0.2,1000,restricted_30,aggregation,0.6687905054906365,,,0.6151746426644344
3951,1001,13,5,0.55,0.2,1000,restricted_30,aggregation,0.666951139534058,,,0.614189453879454
3952,1001,13,5,0.55,0.2,1000,restricted_30,aggregation,0.6684520729073615,,,0.6148955131828049
3953,1001,13,5,0.55,0.2,1000,restricted_30,aggregation,0.6657132924052088,,,0.6139408154576906
3954,1001,13,5,0.55,0.2,1000,restricted_30,aggregation,0.6653086391240445,,,0.6137973232169067
3955,1001,13,5,0.55,0.2,1000,restricted_30,aggregation,0.6670673290447563,,,0.614580894306311
3956,1001,13,5,0.55,0.2,1000,restricted_30,aggregation,0.6682547576207071,,,0.6147458310131229
3957,1001,13,5,0.55,0.2,1000,restricted_30,aggregation,0.6663441849330848,,,0.6136943094251429
3958,1001,13,5,0.55,0.2,1000,restricted_30,aggregation,0.6709268383662982,,,0.6160011685690854
3959,1001,13,5,0.55,0.2,1000,restricted_30,aggregation,0.6667524829457702,,,0.614298933281225
3960,1001,13,5,0.55,0.2,1000,restricted_30,aggregation,0.6703692719681166,,,0.6158795423403758
3961,1001,13,5,0.55,0.2,1000,restricted_30,aggregation,0.666207847346324,,,0.6135102907123742
3962,1001,13,5,0.55,0.2,1000,restricted_30,aggregation,0.6675906105257823,,,0.614896681929182
3963,1001,13,5,0.55,0.2,1000,restricted_30,aggregation,0.6681216358267092,,,0.6148907242217659
3964,1001,13,5,0.55,0.2,1000,restricted_30,aggregation,0.6680260114824247,,,0.6148630523180525
3965,1001,13,5,0.55,0.2,1000,restricted_30,aggregation,0.6689236788481406,,,0.615320359332026
3966,1001,13,5,0.55,0.2,1000,restricted_30,aggregation,0.6638799311453016,,,0.6132210916938002
3967,1001,13,5,0.55,0.2,1000,restricted_30,aggregation,0.6665551501165902,,,0.6138943166016085
3968,1001,13,5,0.55,0.2,1000,restricted_30,aggregation,0.668982531063127,,,0.615169425196717
3969,1001,13,5,0.55,0.2,1000,restricted_30,aggregation,0.6708944009008967,,,0.6162660085901753
3970,1001,13,5,0.55,0.2,1000,restricted_30,aggregation,0.6694952068819899,,,0.6149611387532222
3971,1001,13,5,0.55,0.2,1000,restricted_30,aggregation,0.6693377545522847,,,0.6150275422340007
3972,1001,13,5,0.55,0.2,1000,restricted_30,aggregation,0.6656576350132176,,,0.6136442903778322
3973,1001,13,5,0.55,0.2,1000,restricted_30,aggregation,0.6673638833769965,,,0.6145259177011261
3974,1001,13,5,0.55,0.2,1000,restricted_30,aggregation,0.6709530547485286,,,0.6155377558244226
3975,1001,13,5,0.55,0.2,1000,restricted_30,aggregation,0.6708492355043544,,,0.6157066311312146
3976,1001,13,5,0.55,0.2,1000,restricted_30,aggregation,0.6667505995067312,,,0.6137510646452314
3977,1001,13,5,0.55,0.2,1000,restricted_30,aggregation,0.6679696237395077,,,0.6145699255528423
3978,1001,13,5,0.55,0.2,1000,restricted_30,aggregation,0.6650917243020525,,,0.6134911829374331
3979,1001,13,5,0.55,0.2,1000,restricted_30,aggregation,0.6681491541030145,,,0.6149042644161395
3980,1001,13,5,0.55,0.2,1000,restricted_30,aggregation,0.6701338197846454,,,0.6154043527537278
3981,1001,13,5,0.55,0.2,1000,restricted_30,aggregation,0.6683793959053722,,,0.6145255504218006
3982,1001,13,5,0.55,0.2,1000,restricted_30,aggregation,0.6657682160444853,,,0.6138184110102861
3983,1001,13,5,0.55,0.2,1000,restricted_30,aggregation,0.667309592830883,,,0.6141498911582246
3984,1001,13,5,0.55,0.2,1000,restricted_30,aggregation,0.6671019645045757,,,0.6139235017451685
3985,1001,13,5,0.55,0.2,1000,restricted_30,aggregation,0.6723287369939267,,,0.6169775735529903
3986,1001,13,5,0.55,0.2,1000,restricted_30,aggregation,0.6671178293750206,,,0.6145907671726423
3987,1001,13,5,0.55,0.2,1000,restricted_30,aggregation,0.6670081783739664,,,0.6147475562477648
3988,1001,13,5,0.55,0.2,1000,restricted_30,aggregation,0.6693174455796813,,,0.6151081073787326
3989,1001,13,5,0.55,0.2,1000,restricted_30,aggregation,0.6706428141167748,,,0.6158661059465227
3990,1001,13,5,0.55,0.2,1000,restricted_30,aggregation,0.6672551957416788,,,0.6144518774666693
3991,1001,13,5,0.55,0.2,1000,restricted_30,aggregation,0.6637633932646979,,,0.61281250985126
3992,1001,13,5,0.55,0.2,1000,restricted_30,aggregation,0.6701039477814384,,,0.6156293303995388
3993,1001,13,5,0.55,0.2,1000,restricted_30,aggregation,0.6695605993059759,,,0.6152704173681258
3994,1001,13,5,0.55,0.2,1000,restricted_30,aggregation,0.6670117625646464,,,0.6142669382777717
3995,1001,13,5,0.55,0.2,1000,restricted_30,aggregation,0.6701097797348654,,,0.6154595444987112
3996,1001,13,5,0.55,0.2,1000,restricted_30,aggregation,0.6664487242430158,,,0.6141410811025394
3997,1001,13,5,0.55,0.2,1000,restricted_30,aggregation,0.668026624267195,,,0.6143933527583529
3998,1001,13,5,0.55,0.2,1000,restricted_30,aggregation,0.6674152943246286,,,0.614782050526634
3999,1001,13,5,0.55,0.2,1000,restricted_30,aggregation,0.6600686558985056,,,0.6112716626891629
4000,1001,13,5,0.55,0.2,1000,restricted_40,aggregation,0.6781072467196879,,,0.6207550985048903
4001,1001,13,5,0.55,0.2,1000,restricted_40,aggregation,0.6763618823405328,,,0.6196542532236283
4002,1001,13,5,0.55,0.2,1000,restricted_40,aggregation,0.6791402188149339,,,0.6212856281218783
4003,1001,13,5,0.55,0.2,1000,restricted_40,aggregation,0.6803777908481117,,,0.622113170926296
4004,1001,13,5,0.55,0.2,1000,restricted_40,aggregation,0.6797833955062226,,,0.6214367125004627
4005,1001,13,5,0.55,0.2,1000,restricted_40,aggregation,0.6800081112567397,,,0.6220434384211468
4006,1001,13,5,0.55,0.2,1000,restricted_40,aggregation,0.6799790503856994,,,0.6220098086558504
4007,1001,13,5,0.55,0.2,1000,restricted_40,aggregation,0.6770925297225131,,,0.6198888034496369
4008,1001,13,5,0.55,0.2,1000,restricted_40,aggregation,0.6761907407192779,,,0.6200849743697662
4009,1001,13,5,0.55,0.2,1000,restricted_40,aggregation,0.6783483823018468,,,0.6205074611268363
4010,1001,13,5,0.55,0.2,1000,restricted_40,aggregation,0.6754498314033749,,,0.6189599536805788
4011,1001,13,5,0.55,0.2,1000,restricted_40,aggregation,0.6785938634943468,,,0.6210950538967207
4012,1001,13,5,0.55,0.2,1000,restricted_40,aggregation,0.6802283908447833,,,0.6217852921152922
4013,1001,13,5,0.55,0.2,1000,restricted_40,aggregation,0.6796962947380827,,,0.6214526522474441
4014,1001,13,5,0.55,0.2,1000,restricted_40,aggregation,0.6775776588687014,,,0.6205172662985164
4015,1001,13,5,0.55,0.2,1000,restricted_40,aggregation,0.679245912294427,,,0.6213092272465192
4016,1001,13,5,0.55,0.2,1000,restricted_40,aggregation,0.6801663260169891,,,0.6216983047585133
4017,1001,13,5,0.55,0.2,1000,restricted_40,aggregation,0.6774496247418216,,,0.6202726163496999
4018,1001,13,5,0.55,0.2,1000,restricted_40,aggregation,0.6775226968228933,,,0.6200192061950397
4019,1001,13,5,0.55,0.2,1000,restricted_40,aggregation,0.6802657612191334,,,0.6220193427020512
4020,1001,13,5,0.55,0.2,1000,restricted_40,aggregation,0.6787784701403303,,,0.6206662199683034
4021,1001,13,5,0.55,0.2,1000,restricted_40,aggregation,0.6776968302467032,,,0.6209954728527647
4022,1001,13,5,0.55,0.2,1000,restricted_40,aggregation,0.6795070251310693,,,0.6214844380927715
4023,1001,13,5,0.55,0.2,1000,restricted_40,aggregation,0.6780053569481597,,,0.620599215922966
4024,1001,13,5,0.55,0.2,1000,restricted_40,aggregation,0.6805851453784384,,,0.6222045903556321
4025,1001,13,5,0.55,0.2,1000,restricted_40,aggregation,0.6791528859243406,,,0.6211638480500982
4026,1001,13,5,0.55,0.2,1000,restricted_40,aggregation,0.6791878595602435,,,0.6213261085904838
4027,1001,13,5,0.55,0.2,1000,restricted_40,aggregation,0.6792191960051166,,,0.6212000760504929
4028,1001,13,5,0.55,0.2,1000,restricted_40,aggregation,0.6789318408839866,,,0.6210738823136741
4029,1001,13,5,0.55,0.2,1000,restricted_40,aggregation,0.6799306832558154,,,0.6217343159541077
4030,1001,13,5,0.55,0.2,1000,restricted_40,aggregation,0.6758149892796395,,,0.6194025800588303
4031,1001,13,5,0.55,0.2,1000,restricted_40,aggregation,0.6766496469260614,,,0.6200393384778802
4032,1001,13,5,0.55,0.2,1000,restricted_40,aggregation,0.679350902717795,,,0.6212504680813016
4033,1001,13,5,0.55,0.2,1000,restricted_40,aggregation,0.6786110843113511,,,0.6205636755528423
4034,1001,13,5,0.55,0.2,1000,restricted_40,aggregation,0.6760684292360424,,,0.6194123107679359
4035,1001,13,5,0.55,0.2,1000,restricted_40,aggregation,0.6778742740705634,,,0.6202807163438415
4036,1001,13,5,0.55,0.2,1000,restricted_40,aggregation,0.6814116927578381,,,0.623077790049457
4037,1001,13,5,0.55,0.2,1000,restricted_40,aggregation,0.6777962027424084,,,0.6207529842611094
4038,1001,13,5,0.55,0.2,1000,restricted_40,aggregation,0.6790024375738055,,,0.6211193191299442
4039,1001,13,5,0.55,0.2,1000,restricted_40,aggregation,0.6789067433901703,,,0.6210104260477178
4040,1001,13,5,0.55,0.2,1000,restricted_40,aggregation,0.6768232043111563,,,0.6197053219774054
4041,1001,13,5,0.55,0.2,1000,restricted_40,aggregation,0.6778344999502346,,,0.6201816274620442
4042,1001,13,5,0.55,0.2,1000,restricted_40,aggregation,0.67696150082752,,,0.6196278803218388
4043,1001,13,5,0.55,0.2,1000,restricted_40,aggregation,0.6780697750641708,,,0.6211013304673723
4044,1001,13,5,0.55,0.2,1000,restricted_40,aggregation,0.6786573787291319,,,0.6202961294030046
4045,1001,13,5,0.55,0.2,1000,restricted_40,aggregation,0.6775413987796458,,,0.620414603914604
4046,1001,13,5,0.55,0.2,1000,restricted_40,aggregation,0.6804809645455545,,,0.6219828157105242
4047,1001,13,5,0.55,0.2,1000,restricted_40,aggregation,0.6794387102074402,,,0.6215650623373541
4048,1001,13,5,0.55,0.2,1000,restricted_40,aggregation,0.6793061871253239,,,0.6215055026223777
4049,1001,13,5,0.55,0.2,1000,restricted_40,aggregation,0.6789448449844421,,,0.6216223997684416
4050,1001,13,5,0.55,0.2,1000,restricted_40,aggregation,0.6795855600560831,,,0.6219952614746366
4051,1001,13,5,0.55,0.2,1000,restricted_40,aggregation,0.6764375215924556,,,0.6197861506009423
4052,1001,13,5,0.55,0.2,1000,restricted_40,aggregation,0.6786485753748818,,,0.621329674661758
4053,1001,13,5,0.55,0.2,1000,restricted_40,aggregation,0.6797322611584975,,,0.6213517109048361
4054,1001,13,5,0.55,0.2,1000,restricted_40,aggregation,0.6786090552044727,,,0.6210767477121645
4055,1001,13,5,0.55,0.2,1000,restricted_40,aggregation,0.6789234177483945,,,0.6214100157481408
4056,1001,13,5,0.55,0.2,1000,restricted_40,aggregation,0.6790015234915301,,,0.6216009494132412
4057,1001,13,5,0.55,0.2,1000,restricted_40,aggregation,0.6775054839898282,,,0.6206889543404129
4058,1001,13,5,0.55,0.2,1000,restricted_40,aggregation,0.6792595541164823,,,0.621116058463142
4059,1001,13,5,0.55,0.2,1000,restricted_40,aggregation,0.6798571497857947,,,0.6216006408098076
4060,1001,13,5,0.55,0.2,1000,restricted_40,aggregation,0.6774527801946986,,,0.6203091922660674
4061,1001,13,5,0.55,0.2,1000,restricted_40,aggregation,0.6758350232046487,,,0.6192894306388058
4062,1001,13,5,0.55,0.2,1000,restricted_40,aggregation,0.6789340813968566,,,0.6211015787607456
4063,1001,13,5,0.55,0.2,1000,restricted_40,aggregation,0.6793778946209803,,,0.6214924352191019
4064,1001,13,5,0.55,0.2,1000,restricted_40,aggregation,0.6787408149091049,,,0.6212124822785242
4065,1001,13,5,0.55,0.2,1000,restricted_40,aggregation,0.6807656349538279,,,0.6225418062955566
4066,1001,13,5,0.55,0.2,1000,restricted_40,aggregation,0.6783050341361843,,,0.6210520080845082
4067,1001,13,5,0.55,0.2,1000,restricted_40,aggregation,0.6793611620357897,,,0.621239755460589
4068,1001,13,5,0.55,0.2,1000,restricted_40,aggregation,0.6783924580761134,,,0.6208097871341622
4069,1001,13,5,0.55,0.2,1000,restricted_40,aggregation,0.6795206192588982,,,0.6216463392625894
4070,1001,13,5,0.55,0.2,1000,restricted_40,aggregation,0.6787386963989553,,,0.6210673240494075
4071,1001,13,5,0.55,0.2,1000,restricted_40,aggregation,0.6783784235204722,,,0.6209965259354844
4072,1001,13,5,0.55,0.2,1000,restricted_40,aggregation,0.6793471468826027,,,0.6211931028385197
4073,1001,13,5,0.55,0.2,1000,restricted_40,aggregation,0.6796895769200232,,,0.621651881259173
4074,1001,13,5,0.55,0.2,1000,restricted_40,aggregation,0.6768054007421637,,,0.6195341852437687
4075,1001,13,5,0.55,0.2,1000,restricted_40,aggregation,0.6773164451450656,,,0.6199117893294978
4076,1001,13,5,0.55,0.2,1000,restricted_40,aggregation,0.6795189561422063,,,0.6214992381692384
4077,1001,13,5,0.55,0.2,1000,restricted_40,aggregation,0.6789140503699991,,,0.6218836265046683
4078,1001,13,5,0.55,0.2,1000,restricted_40,aggregation,0.6762323720404609,,,0.6196214959731627
4079,1001,13,5,0.55,0.2,1000,restricted_40,aggregation,0.6774184907823524,,,0.6203303894947646
4080,1001,13,5,0.55,0.2,1000,restricted_40,aggregation,0.6776202845187006,,,0.6203848429502598
4081,1001,13,5,0.55,0.2,1000,restricted_40,aggregation,0.6788709487365968,,,0.620795296270088
4082,1001,13,5,0.55,0.2,1000,restricted_40,aggregation,0.678275623328832,,,0.6210512765398183
4083,1001,13,5,0.55,0.2,1000,restricted_40,aggregation,0.6779022243877317,,,0.620360162530371
4084,1001,13,5,0.55,0.2,1000,restricted_40,aggregation,0.6797106367527651,,,0.6211689172864174
4085,1001,13,5,0.55,0.2,1000,restricted_40,aggregation,0.6757443612178724,,,0.6198969646094648
4086,1001,13,5,0.55,0.2,1000,restricted_40,aggregation,0.679935751696931,,,0.6221092846813682
4087,1001,13,5,0.55,0.2,1000,restricted_40,aggregation,0.6792716762075816,,,0.6217010237447738
4088,1001,13,5,0.55,0.2,1000,restricted_40,aggregation,0.6762950732416227,,,0.6194903552466053
4089,1001,13,5,0.55,0.2,1000,restricted_40,aggregation,0.678077610788505,,,0.6205128706941209
4090,1001,13,5,0.55,0.2,1000,restricted_40,aggregation,0.6759508305632156,,,0.6194720248964001
4091,1001,13,5,0.55,0.2,1000,restricted_40,aggregation,0.6794731093401272,,,0.6212612101632936
4092,1001,13,5,0.55,0.2,1000,restricted_40,aggregation,0.6824833384321175,,,0.6234519804038556
4093,1001,13,5,0.55,0.2,1000,restricted_40,aggregation,0.6793103825180278,,,0.6217366127159878
4094,1001,13,5,0.55,0.2,1000,restricted_40,aggregation,0.6808677818886689,,,0.6229763854201356
4095,1001,13,5,0.55,0.2,1000,restricted_40,aggregation,0.6789162921290939,,,0.6207197345401513
4096,1001,13,5,0.55,0.2,1000,restricted_40,aggregation,0.6774920003861539,,,0.6201268608551943
4097,1001,13,5,0.55,0.2,1000,restricted_40,aggregation,0.6782189039228257,,,0.6209947313797315
4098,1001,13,5,0.55,0.2,1000,restricted_40,aggregation,0.6792729579379326,,,0.621696170503879
4099,1001,13,5,0.55,0.2,1000,restricted_40,aggregation,0.6772441422297047,,,0.6205961005583923
4100,1001,13,5,0.55,0.2,1000,restricted_40,aggregation,0.6783522404954196,,,0.621135403246445
4101,1001,13,5,0.55,0.2,1000,restricted_40,aggregation,0.676206899718307,,,0.6194750213289799
4102,1001,13,5,0.55,0.2,1000,restricted_40,aggregation,0.6774383593925293,,,0.6209700525400527
4103,1001,13,5,0.55,0.2,1000,restricted_40,aggregation,0.6785500615630886,,,0.6213869426792344
4104,1001,13,5,0.55,0.2,1000,restricted_40,aggregation,0.6819718875815802,,,0.62311424991675
4105,1001,13,5,0.55,0.2,1000,restricted_40,aggregation,0.681061146067601,,,0.6226263061783897
4106,1001,13,5,0.55,0.2,1000,restricted_40,aggregation,0.6789270717503761,,,0.6213250881602966
4107,1001,13,5,0.55,0.2,1000,restricted_40,aggregation,0.678375413340982,,,0.6205628435376354
4108,1001,13,5,0.55,0.2,1000,restricted_40,aggregation,0.6769671336860562,,,0.6202962419756171
4109,1001,13,5,0.55,0.2,1000,restricted_40,aggregation,0.6789454745154303,,,0.6207640472875892
4110,1001,13,5,0.55,0.2,1000,restricted_40,aggregation,0.6775397495867144,,,0.6201992227371395
4111,1001,13,5,0.55,0.2,1000,restricted_40,aggregation,0.6779641879076603,,,0.6203884647065898
4112,1001,13,5,0.55,0.2,1000,restricted_40,aggregation,0.6800482103652881,,,0.621260577146619
4113,1001,13,5,0.55,0.2,1000,restricted_40,aggregation,0.6761376637467829,,,0.6199101078551079
4114,1001,13,5,0.55,0.2,1000,restricted_40,aggregation,0.6792071746225735,,,0.6213485320697821
4115,1001,13,5,0.55,0.2,1000,restricted_40,aggregation,0.6769216301735397,,,0.6202255786497456
4116,1001,13,5,0.55,0.2,1000,restricted_40,aggregation,0.6798052945935106,,,0.6221975294689879
4117,1001,13,5,0.55,0.2,1000,restricted_40,aggregation,0.6809683429367944,,,0.6226063093079762
4118,1001,13,5,0.55,0.2,1000,restricted_40,aggregation,0.678192317750981,,,0.6203470210961879
4119,1001,13,5,0.55,0.2,1000,restricted_40,aggregation,0.6770482404485393,,,0.6200469712771797
4120,1001,13,5,0.55,0.2,1000,restricted_40,aggregation,0.6762223334866128,,,0.6194513809878395
4121,1001,13,5,0.55,0.2,1000,restricted_40,aggregation,0.6783336771694553,,,0.6203463779430448
4122,1001,13,5,0.55,0.2,1000,restricted_40,aggregation,0.6800450904368651,,,0.6216432070167488
4123,1001,13,5,0.55,0.2,1000,restricted_40,aggregation,0.678767036950398,,,0.6211427848463266
4124,1001,13,5,0.55,0.2,1000,restricted_40,aggregation,0.6786069604311676,,,0.6211044664286332
4125,1001,13,5,0.55,0.2,1000,restricted_40,aggregation,0.6794742941814542,,,0.621176657424366
4126,1001,13,5,0.55,0.2,1000,restricted_40,aggregation,0.6792963070226696,,,0.6213098291985794
4127,1001,13,5,0.55,0.2,1000,restricted_40,aggregation,0.6782890496400213,,,0.6204417613713448
4128,1001,13,5,0.55,0.2,1000,restricted_40,aggregation,0.6789024746882016,,,0.6210251904962323
4129,1001,13,5,0.55,0.2,1000,restricted_40,aggregation,0.6777934238525136,,,0.6209085466154217
4130,1001,13,5,0.55,0.2,1000,restricted_40,aggregation,0.6788179451206197,,,0.620625112264279
4131,1001,13,5,0.55,0.2,1000,restricted_40,aggregation,0.6806568635096361,,,0.622489145222062
4132,1001,13,5,0.55,0.2,1000,restricted_40,aggregation,0.6757440681137744,,,0.6196619447450699
4133,1001,13,5,0.55,0.2,1000,restricted_40,aggregation,0.6779673246312826,,,0.6207692061333729
4134,1001,13,5,0.55,0.2,1000,restricted_40,aggregation,0.6783477121112886,,,0.6207128389357558
4135,1001,13,5,0.55,0.2,1000,restricted_40,aggregation,0.678288641130722,,,0.6207234397007315
4136,1001,13,5,0.55,0.2,1000,restricted_40,aggregation,0.676318650285766,,,0.6193524486624488
4137,1001,13,5,0.55,0.2,1000,restricted_40,aggregation,0.6775886593230883,,,0.6206271294446295
4138,1001,13,5,0.55,0.2,1000,restricted_40,aggregation,0.67663718390638,,,0.6196300615896452
4139,1001,13,5,0.55,0.2,1000,restricted_40,aggregation,0.6799687462316097,,,0.6211905609745195
4140,1001,13,5,0.55,0.2,1000,restricted_40,aggregation,0.6767038142233897,,,0.6199025631698549
4141,1001,13,5,0.55,0.2,1000,restricted_40,aggregation,0.6784288551603734,,,0.6206731696081698
4142,1001,13,5,0.55,0.2,1000,restricted_40,aggregation,0.6784213573410172,,,0.6205845891839643
4143,1001,13,5,0.55,0.2,1000,restricted_40,aggregation,0.678451311364684,,,0.6207092100569185
4144,1001,13,5,0.55,0.2,1000,restricted_40,aggregation,0.6798469681316185,,,0.6222315745982414
4145,1001,13,5,0.55,0.2,1000,restricted_40,aggregation,0.6789041033150178,,,0.6210463126456877
4146,1001,13,5,0.55,0.2,1000,restricted_40,aggregation,0.6795767725395214,,,0.6213641520285271
4147,1001,13,5,0.55,0.2,1000,restricted_40,aggregation,0.6778455511910499,,,0.6203955317599069
4148,1001,13,5,0.55,0.2,1000,restricted_40,aggregation,0.6743558650355899,,,0.6180661274990443
4149,1001,13,5,0.55,0.2,1000,restricted_40,aggregation,0.6793862621067516,,,0.6215250085948004
4150,1001,13,5,0.55,0.2,1000,restricted_40,aggregation,0.6782637764620347,,,0.6203025233100234
4151,1001,13,5,0.55,0.2,1000,restricted_40,aggregation,0.6780594452884162,,,0.6205209866599452
4152,1001,13,5,0.55,0.2,1000,restricted_40,aggregation,0.678747197248069,,,0.6210856283222951
4153,1001,13,5,0.55,0.2,1000,restricted_40,aggregation,0.6780202755692797,,,0.6202285684300269
4154,1001,13,5,0.55,0.2,1000,restricted_40,aggregation,0.6802740026640177,,,0.6218217932145017
4155,1001,13,5,0.55,0.2,1000,restricted_40,aggregation,0.6792551213542481,,,0.6216756609671193
4156,1001,13,5,0.55,0.2,1000,restricted_40,aggregation,0.676510396723415,,,0.619792797464881
4157,1001,13,5,0.55,0.2,1000,restricted_40,aggregation,0.6787020537320989,,,0.6212387629654298
4158,1001,13,5,0.55,0.2,1000,restricted_40,aggregation,0.6773040286393254,,,0.620098806232348
4159,1001,13,5,0.55,0.2,1000,restricted_40,aggregation,0.6761504801908521,,,0.6198681651064986
4160,1001,13,5,0.55,0.2,1000,restricted_40,aggregation,0.6783814844448331,,,0.6203643796558381
4161,1001,13,5,0.55,0.2,1000,restricted_40,aggregation,0.6790451544964414,,,0.6211899370151455
4162,1001,13,5,0.55,0.2,1000,restricted_40,aggregation,0.6788842593762371,,,0.6216158911458913
4163,1001,13,5,0.55,0.2,1000,restricted_40,aggregation,0.6805664528448372,,,0.6220555366161616
4164,1001,13,5,0.55,0.2,1000,restricted_40,aggregation,0.6782464482947339,,,0.6206438532146867
4165,1001,13,5,0.55,0.2,1000,restricted_40,aggregation,0.6788249527642328,,,0.6208670193618112
4166,1001,13,5,0.55,0.2,1000,restricted_40,aggregation,0.6773897512533447,,,0.6204790996811831
4167,1001,13,5,0.55,0.2,1000,restricted_40,aggregation,0.6774850759650066,,,0.6203781942825694
4168,1001,13,5,0.55,0.2,1000,restricted_40,aggregation,0.6801100046363845,,,0.6217165806569974
4169,1001,13,5,0.55,0.2,1000,restricted_40,aggregation,0.6779044050737563,,,0.6208784442949027
4170,1001,13,5,0.55,0.2,1000,restricted_40,aggregation,0.6775053959979374,,,0.620233504150171
4171,1001,13,5,0.55,0.2,1000,restricted_40,aggregation,0.6802432562787023,,,0.6221703938114357
4172,1001,13,5,0.55,0.2,1000,restricted_40,aggregation,0.6797323734930395,,,0.6217573750477918
4173,1001,13,5,0.55,0.2,1000,restricted_40,aggregation,0.6787318074570224,,,0.6210203981281066
4174,1001,13,5,0.55,0.2,1000,restricted_40,aggregation,0.6800006228359059,,,0.6221488462848882
4175,1001,13,5,0.55,0.2,1000,restricted_40,aggregation,0.678476204798883,,,0.620538319489153
4176,1001,13,5,0.55,0.2,1000,restricted_40,aggregation,0.6800274400349416,,,0.621861277302944
4177,1001,13,5,0.55,0.2,1000,restricted_40,aggregation,0.6771322268533301,,,0.6199367723248975
4178,1001,13,5,0.55,0.2,1000,restricted_40,aggregation,0.6754275830426718,,,0.6192022586672588
4179,1001,13,5,0.55,0.2,1000,restricted_40,aggregation,0.6773547515265819,,,0.6204258969888137
4180,1001,13,5,0.55,0.2,1000,restricted_40,aggregation,0.6789502628812759,,,0.621081157754283
4181,1001,13,5,0.55,0.2,1000,restricted_40,aggregation,0.6816022864757459,,,0.6232220470347556
4182,1001,13,5,0.55,0.2,1000,restricted_40,aggregation,0.6778578567351619,,,0.6204449589145423
4183,1001,13,5,0.55,0.2,1000,restricted_40,aggregation,0.6780928144128714,,,0.6203929170597923
4184,1001,13,5,0.55,0.2,1000,restricted_40,aggregation,0.6791349077545107,,,0.6211261431007266
4185,1001,13,5,0.55,0.2,1000,restricted_40,aggregation,0.6786672459302288,,,0.6215068430180931
4186,1001,13,5,0.55,0.2,1000,restricted_40,aggregation,0.6789320576120801,,,0.6208386635355387
4187,1001,13,5,0.55,0.2,1000,restricted_40,aggregation,0.678211695157278,,,0.6209135466000051
4188,1001,13,5,0.55,0.2,1000,restricted_40,aggregation,0.678135388737609,,,0.6213425737765323
4189,1001,13,5,0.55,0.2,1000,restricted_40,aggregation,0.680638126677512,,,0.6221812347297765
4190,1001,13,5,0.55,0.2,1000,restricted_40,aggregation,0.6805551951337855,,,0.6228758578381496
4191,1001,13,5,0.55,0.2,1000,restricted_40,aggregation,0.6795850945985147,,,0.6215845894306311
4192,1001,13,5,0.55,0.2,1000,restricted_40,aggregation,0.6779207068162234,,,0.6201758372722957
4193,1001,13,5,0.55,0.2,1000,restricted_40,aggregation,0.6794584875555659,,,0.6214229702550538
4194,1001,13,5,0.55,0.2,1000,restricted_40,aggregation,0.67858910105391,,,0.6213233824971326
4195,1001,13,5,0.55,0.2,1000,restricted_40,aggregation,0.6786388493683708,,,0.6211826731370482
4196,1001,13,5,0.55,0.2,1000,restricted_40,aggregation,0.6797714381258027,,,0.6215448546361048
4197,1001,13,5,0.55,0.2,1000,restricted_40,aggregation,0.6788962999697662,,,0.6208675903417572
4198,1001,13,5,0.55,0.2,1000,restricted_40,aggregation,0.677563968358079,,,0.6200816041443127
4199,1001,13,5,0.55,0.2,1000,restricted_40,aggregation,0.6770849892626302,,,0.6203039067105736
4200,1001,13,5,0.55,0.2,1000,restricted_40,aggregation,0.6774542507490652,,,0.6202953379799215
4201,1001,13,5,0.55,0.2,1000,restricted_40,aggregation,0.6776788490877649,,,0.6199599444768196
4202,1001,13,5,0.55,0.2,1000,restricted_40,aggregation,0.6788200791810155,,,0.6213089983627484
4203,1001,13,5,0.55,0.2,1000,restricted_40,aggregation,0.6785748061004351,,,0.6211947813220731
4204,1001,13,5,0.55,0.2,1000,restricted_40,aggregation,0.6781368467334633,,,0.6209941752923005
4205,1001,13,5,0.55,0.2,1000,restricted_40,aggregation,0.6787380384801224,,,0.6212374593770429
4206,1001,13,5,0.55,0.2,1000,restricted_40,aggregation,0.6784797540351801,,,0.6205393879423047
4207,1001,13,5,0.55,0.2,1000,restricted_40,aggregation,0.6782047280923255,,,0.6211967801565721
4208,1001,13,5,0.55,0.2,1000,restricted_40,aggregation,0.6763354115770981,,,0.6194278555395224
4209,1001,13,5,0.55,0.2,1000,restricted_40,aggregation,0.6799914727253109,,,0.6226113563442731
4210,1001,13,5,0.55,0.2,1000,restricted_40,aggregation,0.6784973223293647,,,0.6206808952467286
4211,1001,13,5,0.55,0.2,1000,restricted_40,aggregation,0.6782384602852122,,,0.6203636493290661
4212,1001,13,5,0.55,0.2,1000,restricted_40,aggregation,0.6753193602426375,,,0.6186422556610058
4213,1001,13,5,0.55,0.2,1000,restricted_40,aggregation,0.6762435432794682,,,0.6198723503348504
4214,1001,13,5,0.55,0.2,1000,restricted_40,aggregation,0.6774769597080864,,,0.6200668061799313
4215,1001,13,5,0.55,0.2,1000,restricted_40,aggregation,0.6784151803565739,,,0.6209350625840211
4216,1001,13,5,0.55,0.2,1000,restricted_40,aggregation,0.6817274039624199,,,0.6225115053773388
4217,1001,13,5,0.55,0.2,1000,restricted_40,aggregation,0.6776772837799115,,,0.620875637541471
4218,1001,13,5,0.55,0.2,1000,restricted_40,aggregation,0.676515326585251,,,0.6196978537974372
4219,1001,13,5,0.55,0.2,1000,restricted_40,aggregation,0.6791634131940965,,,0.6215285897204648
4220,1001,13,5,0.55,0.2,1000,restricted_40,aggregation,0.6764854046469236,,,0.6197894441052776
4221,1001,13,5,0.55,0.2,1000,restricted_40,aggregation,0.6767457893128638,,,0.6199241784912619
4222,1001,13,5,0.55,0.2,1000,restricted_40,aggregation,0.6771197713843515,,,0.6203652176295927
4223,1001,13,5,0.55,0.2,1000,restricted_40,aggregation,0.6797133113129757,,,0.6216916271999606
4224,1001,13,5,0.55,0.2,1000,restricted_40,aggregation,0.6816859004807237,,,0.6229562207314292
4225,1001,13,5,0.55,0.2,1000,restricted_40,aggregation,0.6776517165060538,,,0.6204483974436059
4226,1001,13,5,0.55,0.2,1000,restricted_40,aggregation,0.6779361371357672,,,0.6207001400990986
4227,1001,13,5,0.55,0.2,1000,restricted_40,aggregation,0.6790527068955264,,,0.6211343453383039
4228,1001,13,5,0.55,0.2,1000,restricted_40,aggregation,0.6777140715373009,,,0.6201007299336467
4229,1001,13,5,0.55,0.2,1000,restricted_40,aggregation,0.6802937448086765,,,0.6219583658316992
4230,1001,13,5,0.55,0.2,1000,restricted_40,aggregation,0.679207762713831,,,0.6206978785103786
4231,1001,13,5,0.55,0.2,1000,restricted_40,aggregation,0.6786328452377297,,,0.6210026502432755
4232,1001,13,5,0.55,0.2,1000,restricted_40,aggregation,0.676314337322224,,,0.6195576857787276
4233,1001,13,5,0.55,0.2,1000,restricted_40,aggregation,0.6775931584420053,,,0.6205291902696071
4234,1001,13,5,0.55,0.2,1000,restricted_40,aggregation,0.6789609441006635,,,0.6216685038880873
4235,1001,13,5,0.55,0.2,1000,restricted_40,aggregation,0.6800554177957421,,,0.6221229778246447
4236,1001,13,5,0.55,0.2,1000,restricted_40,aggregation,0.6776936403876322,,,0.6205078064219732
4237,1001,13,5,0.55,0.2,1000,restricted_40,aggregation,0.6751905442273739,,,0.6186335107330941
4238,1001,13,5,0.55,0.2,1000,restricted_40,aggregation,0.6780082713878995,,,0.620667846150763
4239,1001,13,5,0.55,0.2,1000,restricted_40,aggregation,0.6771717445306599,,,0.6204027475456644
4240,1001,13,5,0.55,0.2,1000,restricted_40,aggregation,0.6772957754191872,,,0.6203932099536266
4241,1001,13,5,0.55,0.2,1000,restricted_40,aggregation,0.6763408464775175,,,0.6197777260856429
4242,1001,13,5,0.55,0.2,1000,restricted_40,aggregation,0.6782104952796097,,,0.6210344548969551
4243,1001,13,5,0.55,0.2,1000,restricted_40,aggregation,0.6779325228425493,,,0.6209564874323209
4244,1001,13,5,0.55,0.2,1000,restricted_40,aggregation,0.6795469965792029,,,0.6212252080481248
4245,1001,13,5,0.55,0.2,1000,restricted_40,aggregation,0.6767112870596363,,,0.620195018916269
4246,1001,13,5,0.55,0.2,1000,restricted_40,aggregation,0.675817652210018,,,0.619388638953639
4247,1001,13,5,0.55,0.2,1000,restricted_40,aggregation,0.6787867456461584,,,0.6212101493568161
4248,1001,13,5,0.55,0.2,1000,restricted_40,aggregation,0.678300254385885,,,0.6207362549641717
4249,1001,13,5,0.55,0.2,1000,restricted_40,aggregation,0.6768637302915281,,,0.6194574595697513
4250,1001,13,5,0.55,0.2,1000,restricted_40,aggregation,0.6782499307190337,,,0.6206188736649155
4251,1001,13,5,0.55,0.2,1000,restricted_40,aggregation,0.6783116230019014,,,0.6202133169916505
4252,1001,13,5,0.55,0.2,1000,restricted_40,aggregation,0.6771021214731681,,,0.6206694180202514
4253,1001,13,5,0.55,0.2,1000,restricted_40,aggregation,0.6786936654231995,,,0.620848997607331
4254,1001,13,5,0.55,0.2,1000,restricted_40,aggregation,0.677558963303451,,,0.6202101476918145
4255,1001,13,5,0.55,0.2,1000,restricted_40,aggregation,0.6775354161376469,,,0.6206779197731284
4256,1001,13,5,0.55,0.2,1000,restricted_40,aggregation,0.6777553836026641,,,0.6200272157549243
4257,1001,13,5,0.55,0.2,1000,restricted_40,aggregation,0.6779640380231453,,,0.6209368189680691
4258,1001,13,5,0.55,0.2,1000,restricted_40,aggregation,0.6799422120924887,,,0.6214099973252057
4259,1001,13,5,0.55,0.2,1000,restricted_40,aggregation,0.6770669789652703,,,0.6202924250286751
4260,1001,13,5,0.55,0.2,1000,restricted_40,aggregation,0.6754984026617115,,,0.6196644769428105
4261,1001,13,5,0.55,0.2,1000,restricted_40,aggregation,0.6804774701215903,,,0.6217684512632431
4262,1001,13,5,0.55,0.2,1000,restricted_40,aggregation,0.6793538387740421,,,0.6218487849110766
4263,1001,13,5,0.55,0.2,1000,restricted_40,aggregation,0.6789110275141567,,,0.6210314340674759
4264,1001,13,5,0.55,0.2,1000,restricted_40,aggregation,0.6791036943222315,,,0.6212823890769726
4265,1001,13,5,0.55,0.2,1000,restricted_40,aggregation,0.6791659172398785,,,0.6213546250971251
4266,1001,13,5,0.55,0.2,1000,restricted_40,aggregation,0.6789062242421111,,,0.6211245449535033
4267,1001,13,5,0.55,0.2,1000,restricted_40,aggregation,0.6776855269680864,,,0.6207641190214109
4268,1001,13,5,0.55,0.2,1000,restricted_40,aggregation,0.6770898106341414,,,0.6200814597516683
4269,1001,13,5,0.55,0.2,1000,restricted_40,aggregation,0.6789703199205392,,,0.6213525251369003
4270,1001,13,5,0.55,0.2,1000,restricted_40,aggregation,0.6790260936730012,,,0.6212037581477166
4271,1001,13,5,0.55,0.2,1000,restricted_40,aggregation,0.6795548311213206,,,0.621632251259543
4272,1001,13,5,0.55,0.2,1000,restricted_40,aggregation,0.680488856300324,,,0.6223770390412058
4273,1001,13,5,0.55,0.2,1000,restricted_40,aggregation,0.6775899128585288,,,0.6206554483325318
4274,1001,13,5,0.55,0.2,1000,restricted_40,aggregation,0.677086119858235,,,0.6204725281739866
4275,1001,13,5,0.55,0.2,1000,restricted_40,aggregation,0.6777642442073845,,,0.6208646576802829
4276,1001,13,5,0.55,0.2,1000,restricted_40,aggregation,0.6803759211973641,,,0.6219986884643136
4277,1001,13,5,0.55,0.2,1000,restricted_40,aggregation,0.6786821849394393,,,0.6208002682579766
4278,1001,13,5,0.55,0.2,1000,restricted_40,aggregation,0.6790700175125648,,,0.6208920477439227
4279,1001,13,5,0.55,0.2,1000,restricted_40,aggregation,0.6770685493349282,,,0.6202580126123878
4280,1001,13,5,0.55,0.2,1000,restricted_40,aggregation,0.6752281144014005,,,0.6192128646122397
4281,1001,13,5,0.55,0.2,1000,restricted_40,aggregation,0.6792226445831664,,,0.62172630808235
4282,1001,13,5,0.55,0.2,1000,restricted_40,aggregation,0.6768316560646795,,,0.6199996260221261
4283,1001,13,5,0.55,0.2,1000,restricted_40,aggregation,0.6773374786891359,,,0.6198797129567964
4284,1001,13,5,0.55,0.2,1000,restricted_40,aggregation,0.6798454591045879,,,0.621729263907389
4285,1001,13,5,0.55,0.2,1000,restricted_40,aggregation,0.6780223396207519,,,0.6205070144438894
4286,1001,13,5,0.55,0.2,1000,restricted_40,aggregation,0.6794345192694135,,,0.6210807318067736
4287,1001,13,5,0.55,0.2,1000,restricted_40,aggregation,0.6787607179329638,,,0.6210587774185692
4288,1001,13,5,0.55,0.2,1000,restricted_40,aggregation,0.6780163443104127,,,0.6207319475123643
4289,1001,13,5,0.55,0.2,1000,restricted_40,aggregation,0.6788282820764258,,,0.6209947094726262
4290,1001,13,5,0.55,0.2,1000,restricted_40,aggregation,0.6772388832591296,,,0.6202574665072583
4291,1001,13,5,0.55,0.2,1000,restricted_40,aggregation,0.6776539024608284,,,0.6206911588180339
4292,1001,13,5,0.55,0.2,1000,restricted_40,aggregation,0.6805252289978742,,,0.6223798615736117
4293,1001,13,5,0.55,0.2,1000,restricted_40,aggregation,0.6782479475575665,,,0.6211364399566485
4294,1001,13,5,0.55,0.2,1000,restricted_40,aggregation,0.6784189692468418,,,0.6211800531413033
4295,1001,13,5,0.55,0.2,1000,restricted_40,aggregation,0.6784323039833384,,,0.6211896793792628
4296,1001,13,5,0.55,0.2,1000,restricted_40,aggregation,0.6769795303329373,,,0.6198688904228488
4297,1001,13,5,0.55,0.2,1000,restricted_40,aggregation,0.6790310175705478,,,0.6215592983945069
4298,1001,13,5,0.55,0.2,1000,restricted_40,aggregation,0.6782085350781005,,,0.6204948004773007
4299,1001,13,5,0.55,0.2,1000,restricted_40,aggregation,0.678671991746536,,,0.6210001235801237
4300,1001,13,5,0.55,0.2,1000,restricted_40,aggregation,0.678528905724508,,,0.6208628757507925
4301,1001,13,5,0.55,0.2,1000,restricted_40,aggregation,0.6795578521596736,,,0.621341249229166
4302,1001,13,5,0.55,0.2,1000,restricted_40,aggregation,0.6781235897919424,,,0.620745524259691
4303,1001,13,5,0.55,0.2,1000,restricted_40,aggregation,0.6794378051871852,,,0.6216664366035201
4304,1001,13,5,0.55,0.2,1000,restricted_40,aggregation,0.6771166877275954,,,0.6200657655153489
4305,1001,13,5,0.55,0.2,1000,restricted_40,aggregation,0.6781449293269506,,,0.6204087271756024
4306,1001,13,5,0.55,0.2,1000,restricted_40,aggregation,0.6789153469121938,,,0.6208399910660329
4307,1001,13,5,0.55,0.2,1000,restricted_40,aggregation,0.6779507341250194,,,0.6201932957089209
4308,1001,13,5,0.55,0.2,1000,restricted_40,aggregation,0.678202134317264,,,0.6205835919250504
4309,1001,13,5,0.55,0.2,1000,restricted_40,aggregation,0.6773638171671028,,,0.620244644599228
4310,1001,13,5,0.55,0.2,1000,restricted_40,aggregation,0.6779232435732045,,,0.6208219472965308
4311,1001,13,5,0.55,0.2,1000,restricted_40,aggregation,0.6769776685781546,,,0.6201368505953925
4312,1001,13,5,0.55,0.2,1000,restricted_40,aggregation,0.6780145473011077,,,0.6207742737817739
4313,1001,13,5,0.55,0.2,1000,restricted_40,aggregation,0.6764003156335601,,,0.6193552122877124
4314,1001,13,5,0.55,0.2,1000,restricted_40,aggregation,0.679747668417929,,,0.6217437358397776
4315,1001,13,5,0.55,0.2,1000,restricted_40,aggregation,0.6780150128812422,,,0.6204248423181757
4316,1001,13,5,0.55,0.2,1000,restricted_40,aggregation,0.6775729734958358,,,0.6205993799795885
4317,1001,13,5,0.55,0.2,1000,restricted_40,aggregation,0.6795476773042514,,,0.6220245438280856
4318,1001,13,5,0.55,0.2,1000,restricted_40,aggregation,0.675334794824348,,,0.6193219423554841
4319,1001,13,5,0.55,0.2,1000,restricted_40,aggregation,0.6788707156808002,,,0.6209261783509702
4320,1001,13,5,0.55,0.2,1000,restricted_40,aggregation,0.6765152943195484,,,0.6198610207308125
4321,1001,13,5,0.55,0.2,1000,restricted_40,aggregation,0.6782475206377776,,,0.6205846113454448
4322,1001,13,5,0.55,0.2,1000,restricted_40,aggregation,0.6790359848365363,,,0.6217587863448282
4323,1001,13,5,0.55,0.2,1000,restricted_40,aggregation,0.6789607245790075,,,0.6213252208362626
4324,1001,13,5,0.55,0.2,1000,restricted_40,aggregation,0.6772998017797441,,,0.6202874957064541
4325,1001,13,5,0.55,0.2,1000,restricted_40,aggregation,0.6781556745290455,,,0.6209692963749216
4326,1001,13,5,0.55,0.2,1000,restricted_40,aggregation,0.6787148130083651,,,0.620998204534663
4327,1001,13,5,0.55,0.2,1000,restricted_40,aggregation,0.67852536992089,,,0.6211819390023559
4328,1001,13,5,0.55,0.2,1000,restricted_40,aggregation,0.6780863179464796,,,0.6203044886055303
4329,1001,13,5,0.55,0.2,1000,restricted_40,aggregation,0.6787017493152563,,,0.6206588439415522
4330,1001,13,5,0.55,0.2,1000,restricted_40,aggregation,0.6795729947725692,,,0.6217291037434789
4331,1001,13,5,0.55,0.2,1000,restricted_40,aggregation,0.6781812290078272,,,0.6204088094467263
4332,1001,13,5,0.55,0.2,1000,restricted_40,aggregation,0.678908202679941,,,0.6203907831057833
4333,1001,13,5,0.55,0.2,1000,restricted_40,aggregation,0.6784364378959462,,,0.6211529234808403
4334,1001,13,5,0.55,0.2,1000,restricted_40,aggregation,0.6770216940198998,,,0.6196753473918059
4335,1001,13,5,0.55,0.2,1000,restricted_40,aggregation,0.6793588630444588,,,0.620572494434578
4336,1001,13,5,0.55,0.2,1000,restricted_40,aggregation,0.6794392099902455,,,0.6218948421254672
4337,1001,13,5,0.55,0.2,1000,restricted_40,aggregation,0.6784650741136192,,,0.6211472790249876
4338,1001,13,5,0.55,0.2,1000,restricted_40,aggregation,0.6754124787248607,,,0.619042026253068
4339,1001,13,5,0.55,0.2,1000,restricted_40,aggregation,0.6808333594176608,,,0.6224662084443335
4340,1001,13,5,0.55,0.2,1000,restricted_40,aggregation,0.6772184718104296,,,0.6196034438092773
4341,1001,13,5,0.55,0.2,1000,restricted_40,aggregation,0.6783379459710118,,,0.620279969236011
4342,1001,13,5,0.55,0.2,1000,restricted_40,aggregation,0.6781399314890639,,,0.6210688609846945
4343,1001,13,5,0.55,0.2,1000,restricted_40,aggregation,0.6775876074395991,,,0.6202143907481408
4344,1001,13,5,0.55,0.2,1000,restricted_40,aggregation,0.6776009028729839,,,0.6198944175808759
4345,1001,13,5,0.55,0.2,1000,restricted_40,aggregation,0.6797235856252912,,,0.6218174411313995
4346,1001,13,5,0.55,0.2,1000,restricted_40,aggregation,0.676365623681749,,,0.6197025396439981
4347,1001,13,5,0.55,0.2,1000,restricted_40,aggregation,0.6799815217453377,,,0.6219762577083412
4348,1001,13,5,0.55,0.2,1000,restricted_40,aggregation,0.6772451585646364,,,0.6201933366710451
4349,1001,13,5,0.55,0.2,1000,restricted_40,aggregation,0.6784115781531984,,,0.620513982306274
4350,1001,13,5,0.55,0.2,1000,restricted_40,aggregation,0.6797919824535362,,,0.6214564482816567
4351,1001,13,5,0.55,0.2,1000,restricted_40,aggregation,0.6783410237110137,,,0.6207301772147606
4352,1001,13,5,0.55,0.2,1000,restricted_40,aggregation,0.680051829652983,,,0.6218863216259051
4353,1001,13,5,0.55,0.2,1000,restricted_40,aggregation,0.6788735812223727,,,0.6215142500400835
4354,1001,13,5,0.55,0.2,1000,restricted_40,aggregation,0.6781361610387856,,,0.6206538651471987
4355,1001,13,5,0.55,0.2,1000,restricted_40,aggregation,0.6784568766494353,,,0.620897545086087
4356,1001,13,5,0.55,0.2,1000,restricted_40,aggregation,0.6807142081371138,,,0.6222165563217648
4357,1001,13,5,0.55,0.2,1000,restricted_40,aggregation,0.6793539610610762,,,0.6218198565554817
4358,1001,13,5,0.55,0.2,1000,restricted_40,aggregation,0.6792586369945444,,,0.6212352669552671
4359,1001,13,5,0.55,0.2,1000,restricted_40,aggregation,0.6790168137875531,,,0.62124146480834
4360,1001,13,5,0.55,0.2,1000,restricted_40,aggregation,0.6795415628787718,,,0.6222873603094438
4361,1001,13,5,0.55,0.2,1000,restricted_40,aggregation,0.6789781806581721,,,0.6210934340736426
4362,1001,13,5,0.55,0.2,1000,restricted_40,aggregation,0.6784383565977042,,,0.6212856317756319
4363,1001,13,5,0.55,0.2,1000,restricted_40,aggregation,0.6762675646051346,,,0.619578426897177
4364,1001,13,5,0.55,0.2,1000,restricted_40,aggregation,0.6794991312048608,,,0.6215324507514092
4365,1001,13,5,0.55,0.2,1000,restricted_40,aggregation,0.6788505552382457,,,0.6214220798414549
4366,1001,13,5,0.55,0.2,1000,restricted_40,aggregation,0.6784628969252703,,,0.6207477961467547
4367,1001,13,5,0.55,0.2,1000,restricted_40,aggregation,0.6787035527742249,,,0.620950922580506
4368,1001,13,5,0.55,0.2,1000,restricted_40,aggregation,0.6798213990425503,,,0.6213722301849387
4369,1001,13,5,0.55,0.2,1000,restricted_40,aggregation,0.6776362651518562,,,0.6205783244918662
4370,1001,13,5,0.55,0.2,1000,restricted_40,aggregation,0.6798123194032647,,,0.6212775829879998
4371,1001,13,5,0.55,0.2,1000,restricted_40,aggregation,0.6788637461848295,,,0.6213863628269879
4372,1001,13,5,0.55,0.2,1000,restricted_40,aggregation,0.6784369450837437,,,0.6204194941632444
4373,1001,13,5,0.55,0.2,1000,restricted_40,aggregation,0.6777945972914152,,,0.6203401814080982
4374,1001,13,5,0.55,0.2,1000,restricted_40,aggregation,0.6765397047015436,,,0.6202017504717505
4375,1001,13,5,0.55,0.2,1000,restricted_40,aggregation,0.6803335064126714,,,0.621952016941392
4376,1001,13,5,0.55,0.2,1000,restricted_40,aggregation,0.6769549980571503,,,0.6199313206469458
4377,1001,13,5,0.55,0.2,1000,restricted_40,aggregation,0.6790999429605152,,,0.6212196114071116
4378,1001,13,5,0.55,0.2,1000,restricted_40,aggregation,0.6778715951471134,,,0.6201557235203069
4379,1001,13,5,0.55,0.2,1000,restricted_40,aggregation,0.6789909209811019,,,0.6210385053757972
4380,1001,13,5,0.55,0.2,1000,restricted_40,aggregation,0.6767876557551458,,,0.6195354239047991
4381,1001,13,5,0.55,0.2,1000,restricted_40,aggregation,0.6752277448980927,,,0.6190221714242549
4382,1001,13,5,0.55,0.2,1000,restricted_40,aggregation,0.6757003039759837,,,0.61942723645182
4383,1001,13,5,0.55,0.2,1000,restricted_40,aggregation,0.6761417466990148,,,0.6197061093150679
4384,1001,13,5,0.55,0.2,1000,restricted_40,aggregation,0.679095633367448,,,0.6215416262826681
4385,1001,13,5,0.55,0.2,1000,restricted_40,aggregation,0.6767826643770163,,,0.6199559084896586
4386,1001,13,5,0.55,0.2,1000,restricted_40,aggregation,0.6802850232721739,,,0.6219733283460367
4387,1001,13,5,0.55,0.2,1000,restricted_40,aggregation,0.6770533872968063,,,0.6203714111968279
4388,1001,13,5,0.55,0.2,1000,restricted_40,aggregation,0.6787457366648908,,,0.6214068214270299
4389,1001,13,5,0.55,0.2,1000,restricted_40,aggregation,0.6778595935641035,,,0.6204219041991961
4390,1001,13,5,0.55,0.2,1000,restricted_40,aggregation,0.6758172872269013,,,0.6193292154142155
4391,1001,13,5,0.55,0.2,1000,restricted_40,aggregation,0.6763071131648946,,,0.6199056833906835
4392,1001,13,5,0.55,0.2,1000,restricted_40,aggregation,0.6786169824715395,,,0.6208982505149174
4393,1001,13,5,0.55,0.2,1000,restricted_40,aggregation,0.6789769201023509,,,0.6214342845734513
4394,1001,13,5,0.55,0.2,1000,restricted_40,aggregation,0.677975981624244,,,0.6204340386388304
4395,1001,13,5,0.55,0.2,1000,restricted_40,aggregation,0.6758571751804204,,,0.6194596992899077
4396,1001,13,5,0.55,0.2,1000,restricted_40,aggregation,0.6757891598743611,,,0.6191048123096041
4397,1001,13,5,0.55,0.2,1000,restricted_40,aggregation,0.6790077366788958,,,0.6214328777010029
4398,1001,13,5,0.55,0.2,1000,restricted_40,aggregation,0.6782362214650451,,,0.6212603122648956
4399,1001,13,5,0.55,0.2,1000,restricted_40,aggregation,0.6814661867857962,,,0.6228110715287799
4400,1001,13,5,0.55,0.2,1000,restricted_40,aggregation,0.6785753220876454,,,0.6206990492840494
4401,1001,13,5,0.55,0.2,1000,restricted_40,aggregation,0.679742260727965,,,0.6212705946676782
4402,1001,13,5,0.55,0.2,1000,restricted_40,aggregation,0.6794333991101553,,,0.6211503659226577
4403,1001,13,5,0.55,0.2,1000,restricted_40,aggregation,0.6796244988276783,,,0.621331853794354
4404,1001,13,5,0.55,0.2,1000,restricted_40,aggregation,0.6793730251994343,,,0.6211731647056649
4405,1001,13,5,0.55,0.2,1000,restricted_40,aggregation,0.6809365428552958,,,0.6225215810886646
4406,1001,13,5,0.55,0.2,1000,restricted_40,aggregation,0.6801364612487254,,,0.6218229201816704
4407,1001,13,5,0.55,0.2,1000,restricted_40,aggregation,0.6803432179517366,,,0.6220937246858081
4408,1001,13,5,0.55,0.2,1000,restricted_40,aggregation,0.6793696327820823,,,0.6214467035125371
4409,1001,13,5,0.55,0.2,1000,restricted_40,aggregation,0.6781673804170982,,,0.6205593075597242
4410,1001,13,5,0.55,0.2,1000,restricted_40,aggregation,0.6774870365594284,,,0.6207647366753619
4411,1001,13,5,0.55,0.2,1000,restricted_40,aggregation,0.6780989958224641,,,0.6207867773892776
4412,1001,13,5,0.55,0.2,1000,restricted_40,aggregation,0.6793621880570043,,,0.6219244911107412
4413,1001,13,5,0.55,0.2,1000,restricted_40,aggregation,0.6784043481580557,,,0.620416009168301
4414,1001,13,5,0.55,0.2,1000,restricted_40,aggregation,0.6761301499434134,,,0.6190649149076234
4415,1001,13,5,0.55,0.2,1000,restricted_40,aggregation,0.6783003911282626,,,0.6209709527509528
4416,1001,13,5,0.55,0.2,1000,restricted_40,aggregation,0.6747478877701556,,,0.6189693142813978
4417,1001,13,5,0.55,0.2,1000,restricted_40,aggregation,0.678169171757862,,,0.6206892660194745
4418,1001,13,5,0.55,0.2,1000,restricted_40,aggregation,0.6784888713478917,,,0.6207923264467016
4419,1001,13,5,0.55,0.2,1000,restricted_40,aggregation,0.678881061985422,,,0.6214717431179931
4420,1001,13,5,0.55,0.2,1000,restricted_40,aggregation,0.6783297272629685,,,0.6211335933819269
4421,1001,13,5,0.55,0.2,1000,restricted_40,aggregation,0.6782805013226472,,,0.6205164658797994
4422,1001,13,5,0.55,0.2,1000,restricted_40,aggregation,0.6792187318251037,,,0.6220054460971128
4423,1001,13,5,0.55,0.2,1000,restricted_40,aggregation,0.6792672344683249,,,0.6213861906303574
4424,1001,13,5,0.55,0.2,1000,restricted_40,aggregation,0.6778176770181397,,,0.620056441891442
4425,1001,13,5,0.55,0.2,1000,restricted_40,aggregation,0.6754223827719605,,,0.619127987529446
4426,1001,13,5,0.55,0.2,1000,restricted_40,aggregation,0.6753315579732162,,,0.6190296261146264
4427,1001,13,5,0.55,0.2,1000,restricted_40,aggregation,0.6765240798713117,,,0.6195324987358323
4428,1001,13,5,0.55,0.2,1000,restricted_40,aggregation,0.6772515594800782,,,0.6199237519733354
4429,1001,13,5,0.55,0.2,1000,restricted_40,aggregation,0.6776164883892312,,,0.6202034369488537
4430,1001,13,5,0.55,0.2,1000,restricted_40,aggregation,0.6749211394758474,,,0.6189245836802088
4431,1001,13,5,0.55,0.2,1000,restricted_40,aggregation,0.6781974665712648,,,0.6207042136567137
4432,1001,13,5,0.55,0.2,1000,restricted_40,aggregation,0.6758655793273507,,,0.6195732737093155
4433,1001,13,5,0.55,0.2,1000,restricted_40,aggregation,0.6784666286966163,,,0.6206767803801138
4434,1001,13,5,0.55,0.2,1000,restricted_40,aggregation,0.6763377947093733,,,0.6198209906220324
4435,1001,13,5,0.55,0.2,1000,restricted_40,aggregation,0.6802542697556706,,,0.6224167951570037
4436,1001,13,5,0.55,0.2,1000,restricted_40,aggregation,0.6778921583377704,,,0.6204260375041626
4437,1001,13,5,0.55,0.2,1000,restricted_40,aggregation,0.6798923464864959,,,0.621869225912976
4438,1001,13,5,0.55,0.2,1000,restricted_40,aggregation,0.675895691348433,,,0.6195950629540213
4439,1001,13,5,0.55,0.2,1000,restricted_40,aggregation,0.679864563561009,,,0.6218492867934536
4440,1001,13,5,0.55,0.2,1000,restricted_40,aggregation,0.6767964943957049,,,0.6199996270935856
4441,1001,13,5,0.55,0.2,1000,restricted_40,aggregation,0.6775674389557808,,,0.6201709072254906
4442,1001,13,5,0.55,0.2,1000,restricted_40,aggregation,0.6757592943396697,,,0.6190048156473158
4443,1001,13,5,0.55,0.2,1000,restricted_40,aggregation,0.6787639958473659,,,0.6211724373311873
4444,1001,13,5,0.55,0.2,1000,restricted_40,aggregation,0.6779240286179937,,,0.6208936328332163
4445,1001,13,5,0.55,0.2,1000,restricted_40,aggregation,0.6761346855645612,,,0.6196031616994118
4446,1001,13,5,0.55,0.2,1000,restricted_40,aggregation,0.6771523379742312,,,0.6195217374138208
4447,1001,13,5,0.55,0.2,1000,restricted_40,aggregation,0.6791752217162191,,,0.620996666874792
4448,1001,13,5,0.55,0.2,1000,restricted_40,aggregation,0.6781676640072993,,,0.6207288033648453
4449,1001,13,5,0.55,0.2,1000,restricted_40,aggregation,0.6788027023383743,,,0.6213591653177071
4450,1001,13,5,0.55,0.2,1000,restricted_40,aggregation,0.6791877733232061,,,0.6213124455636958
4451,1001,13,5,0.55,0.2,1000,restricted_40,aggregation,0.6788295527993724,,,0.6214006221324971
4452,1001,13,5,0.55,0.2,1000,restricted_40,aggregation,0.678317140723512,,,0.6213276157330326
4453,1001,13,5,0.55,0.2,1000,restricted_40,aggregation,0.6785189571316551,,,0.6209249043857378
4454,1001,13,5,0.55,0.2,1000,restricted_40,aggregation,0.6769188545269825,,,0.6198952898875818
4455,1001,13,5,0.55,0.2,1000,restricted_40,aggregation,0.6779451608851036,,,0.6206482377807379
4456,1001,13,5,0.55,0.2,1000,restricted_40,aggregation,0.6791535957920386,,,0.6215577267716853
4457,1001,13,5,0.55,0.2,1000,restricted_40,aggregation,0.6770227147007796,,,0.6198195375380793
4458,1001,13,5,0.55,0.2,1000,restricted_40,aggregation,0.6760559332069301,,,0.6191795473662142
4459,1001,13,5,0.55,0.2,1000,restricted_40,aggregation,0.678224645902494,,,0.6210330528190946
4460,1001,13,5,0.55,0.2,1000,restricted_40,aggregation,0.6782500905484884,,,0.620904475740309
4461,1001,13,5,0.55,0.2,1000,restricted_40,aggregation,0.6786292698889383,,,0.6210065529223864
4462,1001,13,5,0.55,0.2,1000,restricted_40,aggregation,0.6783679974149872,,,0.6209377655446408
4463,1001,13,5,0.55,0.2,1000,restricted_40,aggregation,0.6776766557508808,,,0.6200266774043858
4464,1001,13,5,0.55,0.2,1000,restricted_40,aggregation,0.6801633869938198,,,0.6214687267593518
4465,1001,13,5,0.55,0.2,1000,restricted_40,aggregation,0.6790752773827816,,,0.6212709521265772
4466,1001,13,5,0.55,0.2,1000,restricted_40,aggregation,0.6800958839894152,,,0.6219666024484777
4467,1001,13,5,0.55,0.2,1000,restricted_40,aggregation,0.6784813563103842,,,0.6208731894031895
4468,1001,13,5,0.55,0.2,1000,restricted_40,aggregation,0.6784488749224455,,,0.6207196746463415
4469,1001,13,5,0.55,0.2,1000,restricted_40,aggregation,0.6768125296001856,,,0.6204657180705099
4470,1001,13,5,0.55,0.2,1000,restricted_40,aggregation,0.6783028493821611,,,0.6206127306258556
4471,1001,13,5,0.55,0.2,1000,restricted_40,aggregation,0.6779908809546017,,,0.620634379856255
4472,1001,13,5,0.55,0.2,1000,restricted_40,aggregation,0.6785859152791918,,,0.6209243154530657
4473,1001,13,5,0.55,0.2,1000,restricted_40,aggregation,0.6795091600591211,,,0.621264654566113
4474,1001,13,5,0.55,0.2,1000,restricted_40,aggregation,0.6794926395003599,,,0.6211426596243265
4475,1001,13,5,0.55,0.2,1000,restricted_40,aggregation,0.6778767734239002,,,0.6205579144929146
4476,1001,13,5,0.55,0.2,1000,restricted_40,aggregation,0.6792315346480603,,,0.6209382869830788
4477,1001,13,5,0.55,0.2,1000,restricted_40,aggregation,0.6799656721646485,,,0.6214572499876668
4478,1001,13,5,0.55,0.2,1000,restricted_40,aggregation,0.6776691979925563,,,0.6205689356168524
4479,1001,13,5,0.55,0.2,1000,restricted_40,aggregation,0.6773577037222606,,,0.6205835969894304
4480,1001,13,5,0.55,0.2,1000,restricted_40,aggregation,0.6776530754638925,,,0.6207037275841444
4481,1001,13,5,0.55,0.2,1000,restricted_40,aggregation,0.6768043962992308,,,0.6203031462056464
4482,1001,13,5,0.55,0.2,1000,restricted_40,aggregation,0.6770390473329579,,,0.6205251830191415
4483,1001,13,5,0.55,0.2,1000,restricted_40,aggregation,0.6797144528814157,,,0.6215136584480335
4484,1001,13,5,0.55,0.2,1000,restricted_40,aggregation,0.6799677362377339,,,0.6212649887535304
4485,1001,13,5,0.55,0.2,1000,restricted_40,aggregation,0.6761625492486015,,,0.6192271883748969
4486,1001,13,5,0.55,0.2,1000,restricted_40,aggregation,0.6791162304030075,,,0.6206119474661143
4487,1001,13,5,0.55,0.2,1000,restricted_40,aggregation,0.6779830715095283,,,0.6203220133415969
4488,1001,13,5,0.55,0.2,1000,restricted_40,aggregation,0.6766887337946343,,,0.6198240563988482
4489,1001,13,5,0.55,0.2,1000,restricted_40,aggregation,0.677475831992389,,,0.6206674252136755
4490,1001,13,5,0.55,0.2,1000,restricted_40,aggregation,0.6806885653520905,,,0.6218580379111631
4491,1001,13,5,0.55,0.2,1000,restricted_40,aggregation,0.6773776223572903,,,0.6198701380101381
4492,1001,13,5,0.55,0.2,1000,restricted_40,aggregation,0.6778235610033039,,,0.6209870403747488
4493,1001,13,5,0.55,0.2,1000,restricted_40,aggregation,0.6783554171926842,,,0.6211532424597009
4494,1001,13,5,0.55,0.2,1000,restricted_40,aggregation,0.6792480912980038,,,0.6218030037709205
4495,1001,13,5,0.55,0.2,1000,restricted_40,aggregation,0.6779830501517293,,,0.6202689823910659
4496,1001,13,5,0.55,0.2,1000,restricted_40,aggregation,0.6770395013070524,,,0.619991177849928
4497,1001,13,5,0.55,0.2,1000,restricted_40,aggregation,0.6799569800618285,,,0.6217893844735513
4498,1001,13,5,0.55,0.2,1000,restricted_40,aggregation,0.6775568535791232,,,0.6204618823537574
4499,1001,13,5,0.55,0.2,1000,restricted_40,aggregation,0.6797779532419348,,,0.6217136832766001
4500,1001,13,5,0.55,0.2,1000,restricted_40,aggregation,0.6759162859993345,,,0.619549491896992
4501,1001,13,5,0.55,0.2,1000,restricted_40,aggregation,0.675824473684435,,,0.6198470129484714
4502,1001,13,5,0.55,0.2,1000,restricted_40,aggregation,0.6783792546806522,,,0.6210982993857996
4503,1001,13,5,0.55,0.2,1000,restricted_40,aggregation,0.6773136509004597,,,0.620014593176885
4504,1001,13,5,0.55,0.2,1000,restricted_40,aggregation,0.6768842285448731,,,0.6199081551858636
4505,1001,13,5,0.55,0.2,1000,restricted_40,aggregation,0.6789791342693808,,,0.6212257076873744
4506,1001,13,5,0.55,0.2,1000,restricted_40,aggregation,0.6793775865780167,,,0.6217585624252292
4507,1001,13,5,0.55,0.2,1000,restricted_40,aggregation,0.6778581689337763,,,0.6205746844590596
4508,1001,13,5,0.55,0.2,1000,restricted_40,aggregation,0.6768121382622052,,,0.6197819339919342
4509,1001,13,5,0.55,0.2,1000,restricted_40,aggregation,0.6780994804320281,,,0.6208407754668173
4510,1001,13,5,0.55,0.2,1000,restricted_40,aggregation,0.6773845029624322,,,0.6206652625769293
4511,1001,13,5,0.55,0.2,1000,restricted_40,aggregation,0.6747154273185634,,,0.6187101324755493
4512,1001,13,5,0.55,0.2,1000,restricted_40,aggregation,0.6791251920844813,,,0.6214196761725929
4513,1001,13,5,0.55,0.2,1000,restricted_40,aggregation,0.6791843989257383,,,0.6210606300489635
4514,1001,13,5,0.55,0.2,1000,restricted_40,aggregation,0.6786373346404492,,,0.6212373046398048
4515,1001,13,5,0.55,0.2,1000,restricted_40,aggregation,0.6820682307659277,,,0.6231180923474675
4516,1001,13,5,0.55,0.2,1000,restricted_40,aggregation,0.6777434274425258,,,0.6207286460607295
4517,1001,13,5,0.55,0.2,1000,restricted_40,aggregation,0.6775832952917342,,,0.6199769194385861
4518,1001,13,5,0.55,0.2,1000,restricted_40,aggregation,0.678658080287528,,,0.6210672963379213
4519,1001,13,5,0.55,0.2,1000,restricted_40,aggregation,0.6782551913947273,,,0.6210837645456396
4520,1001,13,5,0.55,0.2,1000,restricted_40,aggregation,0.6762906366537631,,,0.6193865011685846
4521,1001,13,5,0.55,0.2,1000,restricted_40,aggregation,0.6785653501998775,,,0.6206386504853173
4522,1001,13,5,0.55,0.2,1000,restricted_40,aggregation,0.6790378380753165,,,0.6212716084378586
4523,1001,13,5,0.55,0.2,1000,restricted_40,aggregation,0.6758523666446195,,,0.619407154496738
4524,1001,13,5,0.55,0.2,1000,restricted_40,aggregation,0.6751302504275009,,,0.6191294030969032
4525,1001,13,5,0.55,0.2,1000,restricted_40,aggregation,0.6783174169435774,,,0.6209395480907983
4526,1001,13,5,0.55,0.2,1000,restricted_40,aggregation,0.6786715945224998,,,0.6204352447398283
4527,1001,13,5,0.55,0.2,1000,restricted_40,aggregation,0.6787716160846051,,,0.6214851162109497
4528,1001,13,5,0.55,0.2,1000,restricted_40,aggregation,0.6791305404943453,,,0.6211272886681222
4529,1001,13,5,0.55,0.2,1000,restricted_40,aggregation,0.6788371879363307,,,0.6207797909420827
4530,1001,13,5,0.55,0.2,1000,restricted_40,aggregation,0.6797649294047101,,,0.6215453801522554
4531,1001,13,5,0.55,0.2,1000,restricted_40,aggregation,0.6775514976318252,,,0.620078216513425
4532,1001,13,5,0.55,0.2,1000,restricted_40,aggregation,0.679570086061325,,,0.621952012578471
4533,1001,13,5,0.55,0.2,1000,restricted_40,aggregation,0.6777873888873056,,,0.6208054995390413
4534,1001,13,5,0.55,0.2,1000,restricted_40,aggregation,0.6774496996342629,,,0.6199029380573131
4535,1001,13,5,0.55,0.2,1000,restricted_40,aggregation,0.6770184181016159,,,0.6202648821240488
4536,1001,13,5,0.55,0.2,1000,restricted_40,aggregation,0.6772501608787128,,,0.6204255166669751
4537,1001,13,5,0.55,0.2,1000,restricted_40,aggregation,0.6786237369721176,,,0.6202879762290181
4538,1001,13,5,0.55,0.2,1000,restricted_40,aggregation,0.6801374258634488,,,0.6215647699137284
4539,1001,13,5,0.55,0.2,1000,restricted_40,aggregation,0.6781256305074308,,,0.6209607148021733
4540,1001,13,5,0.55,0.2,1000,restricted_40,aggregation,0.6779678618751257,,,0.6203811789907625
4541,1001,13,5,0.55,0.2,1000,restricted_40,aggregation,0.6778446844390912,,,0.6199440331119499
4542,1001,13,5,0.55,0.2,1000,restricted_40,aggregation,0.6768560848558806,,,0.6195262389462391
4543,1001,13,5,0.55,0.2,1000,restricted_40,aggregation,0.6783803728390354,,,0.6205980300640719
4544,1001,13,5,0.55,0.2,1000,restricted_40,aggregation,0.6800897631928957,,,0.6222026824949742
4545,1001,13,5,0.55,0.2,1000,restricted_40,aggregation,0.6767047243709396,,,0.6202398007393842
4546,1001,13,5,0.55,0.2,1000,restricted_40,aggregation,0.6793521723732785,,,0.6214002645502646
4547,1001,13,5,0.55,0.2,1000,restricted_40,aggregation,0.679351381462542,,,0.6212064685006353
4548,1001,13,5,0.55,0.2,1000,restricted_40,aggregation,0.677316202462419,,,0.6202264704893873
4549,1001,13,5,0.55,0.2,1000,restricted_40,aggregation,0.6780101954439582,,,0.620544741924742
4550,1001,13,5,0.55,0.2,1000,restricted_40,aggregation,0.6768879219162816,,,0.6200652130508382
4551,1001,13,5,0.55,0.2,1000,restricted_40,aggregation,0.6793202461122549,,,0.6212562566060483
4552,1001,13,5,0.55,0.2,1000,restricted_40,aggregation,0.6776079545493793,,,0.620125557436391
4553,1001,13,5,0.55,0.2,1000,restricted_40,aggregation,0.6775923494825637,,,0.6207620417314169
4554,1001,13,5,0.55,0.2,1000,restricted_40,aggregation,0.6794095752726695,,,0.6213068345080845
4555,1001,13,5,0.55,0.2,1000,restricted_40,aggregation,0.675812315564561,,,0.6194175767288269
4556,1001,13,5,0.55,0.2,1000,restricted_40,aggregation,0.6750420205867387,,,0.6191571266002517
4557,1001,13,5,0.55,0.2,1000,restricted_40,aggregation,0.6786239419592345,,,0.6207198160250245
4558,1001,13,5,0.55,0.2,1000,restricted_40,aggregation,0.6771157736289207,,,0.6206314908779493
4559,1001,13,5,0.55,0.2,1000,restricted_40,aggregation,0.6779415509307193,,,0.6208363294961212
4560,1001,13,5,0.55,0.2,1000,restricted_40,aggregation,0.6798066780919001,,,0.6218206589167007
4561,1001,13,5,0.55,0.2,1000,restricted_40,aggregation,0.6782874461553412,,,0.6206586178096596
4562,1001,13,5,0.55,0.2,1000,restricted_40,aggregation,0.6805504435463161,,,0.6218624653818405
4563,1001,13,5,0.55,0.2,1000,restricted_40,aggregation,0.6784462901490573,,,0.6209695942098026
4564,1001,13,5,0.55,0.2,1000,restricted_40,aggregation,0.6795437845217993,,,0.6214155263178182
4565,1001,13,5,0.55,0.2,1000,restricted_40,aggregation,0.6786157086210998,,,0.6212169804578138
4566,1001,13,5,0.55,0.2,1000,restricted_40,aggregation,0.6760900077532382,,,0.6190888031567199
4567,1001,13,5,0.55,0.2,1000,restricted_40,aggregation,0.6780537991778265,,,0.6198455570124322
4568,1001,13,5,0.55,0.2,1000,restricted_40,aggregation,0.6785428431653134,,,0.6209288072575573
4569,1001,13,5,0.55,0.2,1000,restricted_40,aggregation,0.6782335476728042,,,0.6210690805028307
4570,1001,13,5,0.55,0.2,1000,restricted_40,aggregation,0.677724253316406,,,0.6202970928685512
4571,1001,13,5,0.55,0.2,1000,restricted_40,aggregation,0.6779006036808182,,,0.6203777591313009
4572,1001,13,5,0.55,0.2,1000,restricted_40,aggregation,0.6790458741403229,,,0.6208275479844232
4573,1001,13,5,0.55,0.2,1000,restricted_40,aggregation,0.6783604997258272,,,0.6205791857216859
4574,1001,13,5,0.55,0.2,1000,restricted_40,aggregation,0.6779899363570814,,,0.6201436629497047
4575,1001,13,5,0.55,0.2,1000,restricted_40,aggregation,0.6788689302856896,,,0.6207176103140688
4576,1001,13,5,0.55,0.2,1000,restricted_40,aggregation,0.6787502644517602,,,0.6209711584017836
4577,1001,13,5,0.55,0.2,1000,restricted_40,aggregation,0.6777241201767302,,,0.6204971901940654
4578,1001,13,5,0.55,0.2,1000,restricted_40,aggregation,0.677868839547396,,,0.6206664056236973
4579,1001,13,5,0.55,0.2,1000,restricted_40,aggregation,0.6794842259088603,,,0.6215132692847278
4580,1001,13,5,0.55,0.2,1000,restricted_40,aggregation,0.6785367624351755,,,0.6210568790391708
4581,1001,13,5,0.55,0.2,1000,restricted_40,aggregation,0.6793827880429187,,,0.6214634801232719
4582,1001,13,5,0.55,0.2,1000,restricted_40,aggregation,0.6804354244453091,,,0.6222891176107843
4583,1001,13,5,0.55,0.2,1000,restricted_40,aggregation,0.6781778634306064,,,0.6206422019801188
4584,1001,13,5,0.55,0.2,1000,restricted_40,aggregation,0.680541529518068,,,0.6220430639576474
4585,1001,13,5,0.55,0.2,1000,restricted_40,aggregation,0.6788018479491355,,,0.6204825894321729
4586,1001,13,5,0.55,0.2,1000,restricted_40,aggregation,0.6766420328825659,,,0.6196111094229846
4587,1001,13,5,0.55,0.2,1000,restricted_40,aggregation,0.6794995666069538,,,0.6212553666241167
4588,1001,13,5,0.55,0.2,1000,restricted_40,aggregation,0.6781813243197974,,,0.6200012250481002
4589,1001,13,5,0.55,0.2,1000,restricted_40,aggregation,0.6790183059791537,,,0.6213363253644504
4590,1001,13,5,0.55,0.2,1000,restricted_40,aggregation,0.6773649226815706,,,0.6199970602391437
4591,1001,13,5,0.55,0.2,1000,restricted_40,aggregation,0.6780407578605232,,,0.6203226547911965
4592,1001,13,5,0.55,0.2,1000,restricted_40,aggregation,0.678562543355752,,,0.6207297725885227
4593,1001,13,5,0.55,0.2,1000,restricted_40,aggregation,0.6763955793228755,,,0.6197733410031329
4594,1001,13,5,0.55,0.2,1000,restricted_40,aggregation,0.6774602678098697,,,0.6200942521598773
4595,1001,13,5,0.55,0.2,1000,restricted_40,aggregation,0.6791836676776518,,,0.6210330944672613
4596,1001,13,5,0.55,0.2,1000,restricted_40,aggregation,0.6781944300601639,,,0.6207000469592138
4597,1001,13,5,0.55,0.2,1000,restricted_40,aggregation,0.6792403258657557,,,0.6213679527571195
4598,1001,13,5,0.55,0.2,1000,restricted_40,aggregation,0.6788266569189583,,,0.6202842623657209
4599,1001,13,5,0.55,0.2,1000,restricted_40,aggregation,0.6788933104490248,,,0.6215246610873695
4600,1001,13,5,0.55,0.2,1000,restricted_40,aggregation,0.6781685669416686,,,0.6207903412713831
4601,1001,13,5,0.55,0.2,1000,restricted_40,aggregation,0.6803063509129407,,,0.6217031167443668
4602,1001,13,5,0.55,0.2,1000,restricted_40,aggregation,0.6780843270399799,,,0.6205599940722858
4603,1001,13,5,0.55,0.2,1000,restricted_40,aggregation,0.6787456935380173,,,0.6208623533873535
4604,1001,13,5,0.55,0.2,1000,restricted_40,aggregation,0.6787448422357792,,,0.6213481479246064
4605,1001,13,5,0.55,0.2,1000,restricted_40,aggregation,0.6772509535222206,,,0.6210880186634354
4606,1001,13,5,0.55,0.2,1000,restricted_40,aggregation,0.6811991066822597,,,0.6226812293570628
4607,1001,13,5,0.55,0.2,1000,restricted_40,aggregation,0.6774750670857129,,,0.6203215222586056
4608,1001,13,5,0.55,0.2,1000,restricted_40,aggregation,0.6805177950750759,,,0.6221303548688967
4609,1001,13,5,0.55,0.2,1000,restricted_40,aggregation,0.6802988609900608,,,0.6216231571437824
4610,1001,13,5,0.55,0.2,1000,restricted_40,aggregation,0.6779911231476178,,,0.6205768851750102
4611,1001,13,5,0.55,0.2,1000,restricted_40,aggregation,0.6779458260113317,,,0.620357613983239
4612,1001,13,5,0.55,0.2,1000,restricted_40,aggregation,0.676984854393312,,,0.6201057122352958
4613,1001,13,5,0.55,0.2,1000,restricted_40,aggregation,0.6804495060658324,,,0.6225642235465154
4614,1001,13,5,0.55,0.2,1000,restricted_40,aggregation,0.6794562197617235,,,0.6212157895114147
4615,1001,13,5,0.55,0.2,1000,restricted_40,aggregation,0.6789742241782947,,,0.621024403813779
4616,1001,13,5,0.55,0.2,1000,restricted_40,aggregation,0.6773960260614624,,,0.6199180626241045
4617,1001,13,5,0.55,0.2,1000,restricted_40,aggregation,0.6794104068688975,,,0.621570561236603
4618,1001,13,5,0.55,0.2,1000,restricted_40,aggregation,0.6782091843706697,,,0.6201886915399417
4619,1001,13,5,0.55,0.2,1000,restricted_40,aggregation,0.6785662189590155,,,0.620524100829726
4620,1001,13,5,0.55,0.2,1000,restricted_40,aggregation,0.6772569030635296,,,0.6205569036210704
4621,1001,13,5,0.55,0.2,1000,restricted_40,aggregation,0.6790581299235504,,,0.620943890106807
4622,1001,13,5,0.55,0.2,1000,restricted_40,aggregation,0.6786649397474441,,,0.6205922812989481
4623,1001,13,5,0.55,0.2,1000,restricted_40,aggregation,0.6791501135383172,,,0.6210511416978085
4624,1001,13,5,0.55,0.2,1000,restricted_40,aggregation,0.6792348325289108,,,0.6211380778866197
4625,1001,13,5,0.55,0.2,1000,restricted_40,aggregation,0.6767701447568197,,,0.6197510589796007
4626,1001,13,5,0.55,0.2,1000,restricted_40,aggregation,0.678606837454554,,,0.6204803724747475
4627,1001,13,5,0.55,0.2,1000,restricted_40,aggregation,0.6794200870558051,,,0.6211462458914544
4628,1001,13,5,0.55,0.2,1000,restricted_40,aggregation,0.6787202201663501,,,0.6209518748072915
4629,1001,13,5,0.55,0.2,1000,restricted_40,aggregation,0.677520315853596,,,0.6200037095543347
4630,1001,13,5,0.55,0.2,1000,restricted_40,aggregation,0.6810341245056551,,,0.6225734587711672
4631,1001,13,5,0.55,0.2,1000,restricted_40,aggregation,0.6764453215907349,,,0.6197051969249887
4632,1001,13,5,0.55,0.2,1000,restricted_40,aggregation,0.6790026243192847,,,0.6215585211393545
4633,1001,13,5,0.55,0.2,1000,restricted_40,aggregation,0.6762047706526836,,,0.6200552854244523
4634,1001,13,5,0.55,0.2,1000,restricted_40,aggregation,0.6787323489948007,,,0.6207086352844687
4635,1001,13,5,0.55,0.2,1000,restricted_40,aggregation,0.6789060479913217,,,0.6207403515620183
4636,1001,13,5,0.55,0.2,1000,restricted_40,aggregation,0.6777162046974732,,,0.6202529762906847
4637,1001,13,5,0.55,0.2,1000,restricted_40,aggregation,0.6769131585121406,,,0.6195555603655606
4638,1001,13,5,0.55,0.2,1000,restricted_40,aggregation,0.6796625018632176,,,0.6219532052669554
4639,1001,13,5,0.55,0.2,1000,restricted_40,aggregation,0.6776330926344322,,,0.6202687834696168
4640,1001,13,5,0.55,0.2,1000,restricted_40,aggregation,0.6774208283857994,,,0.6197777192252194
4641,1001,13,5,0.55,0.2,1000,restricted_40,aggregation,0.6799086118668215,,,0.6220020440593359
4642,1001,13,5,0.55,0.2,1000,restricted_40,aggregation,0.6773504179481022,,,0.6203729161116662
4643,1001,13,5,0.55,0.2,1000,restricted_40,aggregation,0.6762600015827257,,,0.6200214802327305
4644,1001,13,5,0.55,0.2,1000,restricted_40,aggregation,0.6767107528442106,,,0.6199027952757121
4645,1001,13,5,0.55,0.2,1000,restricted_40,aggregation,0.6763226980060876,,,0.6194004986679987
4646,1001,13,5,0.55,0.2,1000,restricted_40,aggregation,0.6786625512496383,,,0.6204454132441634
4647,1001,13,5,0.55,0.2,1000,restricted_40,aggregation,0.6775537620182296,,,0.619794700222617
4648,1001,13,5,0.55,0.2,1000,restricted_40,aggregation,0.6773500403928582,,,0.6205149818006068
4649,1001,13,5,0.55,0.2,1000,restricted_40,aggregation,0.6772177594813478,,,0.6202947210582629
4650,1001,13,5,0.55,0.2,1000,restricted_40,aggregation,0.6770884449721398,,,0.6197789890973227
4651,1001,13,5,0.55,0.2,1000,restricted_40,aggregation,0.6784422088978719,,,0.6206701157330325
4652,1001,13,5,0.55,0.2,1000,restricted_40,aggregation,0.6777960903474204,,,0.620496084548168
4653,1001,13,5,0.55,0.2,1000,restricted_40,aggregation,0.6811713398427071,,,0.6226505379651215
4654,1001,13,5,0.55,0.2,1000,restricted_40,aggregation,0.678559003579357,,,0.6210622151767987
4655,1001,13,5,0.55,0.2,1000,restricted_40,aggregation,0.6788186676388545,,,0.6213868719166638
4656,1001,13,5,0.55,0.2,1000,restricted_40,aggregation,0.6784683206823343,,,0.6212669246185915
4657,1001,13,5,0.55,0.2,1000,restricted_40,aggregation,0.6749471668589098,,,0.61837752643961
4658,1001,13,5,0.55,0.2,1000,restricted_40,aggregation,0.678188772687872,,,0.6213611939141107
4659,1001,13,5,0.55,0.2,1000,restricted_40,aggregation,0.6773883347105163,,,0.6206105632330633
4660,1001,13,5,0.55,0.2,1000,restricted_40,aggregation,0.6784875887986299,,,0.6202067921122089
4661,1001,13,5,0.55,0.2,1000,restricted_40,aggregation,0.6734182858510341,,,0.6183926691595442
4662,1001,13,5,0.55,0.2,1000,restricted_40,aggregation,0.6783230623666351,,,0.620718450338242
4663,1001,13,5,0.55,0.2,1000,restricted_40,aggregation,0.6779381636059115,,,0.6205550795809129
4664,1001,13,5,0.55,0.2,1000,restricted_40,aggregation,0.6772405676642071,,,0.6202680599724352
4665,1001,13,5,0.55,0.2,1000,restricted_40,aggregation,0.6787936510133548,,,0.6212235162599746
4666,1001,13,5,0.55,0.2,1000,restricted_40,aggregation,0.6796006493149657,,,0.62211736158132
4667,1001,13,5,0.55,0.2,1000,restricted_40,aggregation,0.6789514779147162,,,0.6210616016930602
4668,1001,13,5,0.55,0.2,1000,restricted_40,aggregation,0.677903485173291,,,0.6203723795263382
4669,1001,13,5,0.55,0.2,1000,restricted_40,aggregation,0.6798249928241724,,,0.6213683689998274
4670,1001,13,5,0.55,0.2,1000,restricted_40,aggregation,0.6778634067923863,,,0.6202575207971043
4671,1001,13,5,0.55,0.2,1000,restricted_40,aggregation,0.6774819040546077,,,0.6201670080151332
4672,1001,13,5,0.55,0.2,1000,restricted_40,aggregation,0.679416319934997,,,0.6214929598796266
4673,1001,13,5,0.55,0.2,1000,restricted_40,aggregation,0.6763465482553138,,,0.6196409711199297
4674,1001,13,5,0.55,0.2,1000,restricted_40,aggregation,0.6761560619803103,,,0.619521293035668
4675,1001,13,5,0.55,0.2,1000,restricted_40,aggregation,0.6788878936882613,,,0.621212625306792
4676,1001,13,5,0.55,0.2,1000,restricted_40,aggregation,0.678186670889769,,,0.6211077550998385
4677,1001,13,5,0.55,0.2,1000,restricted_40,aggregation,0.6769229600833422,,,0.6202186878245213
4678,1001,13,5,0.55,0.2,1000,restricted_40,aggregation,0.6768389978333449,,,0.6200633897275566
4679,1001,13,5,0.55,0.2,1000,restricted_40,aggregation,0.6773582538058774,,,0.6199775941419692
4680,1001,13,5,0.55,0.2,1000,restricted_40,aggregation,0.676717196098982,,,0.6200617716157301
4681,1001,13,5,0.55,0.2,1000,restricted_40,aggregation,0.6771110041270425,,,0.6205364233528818
4682,1001,13,5,0.55,0.2,1000,restricted_40,aggregation,0.6774045634472673,,,0.6199885676437761
4683,1001,13,5,0.55,0.2,1000,restricted_40,aggregation,0.6773701573947126,,,0.6204968977396061
4684,1001,13,5,0.55,0.2,1000,restricted_40,aggregation,0.678935052574749,,,0.6212275836586254
4685,1001,13,5,0.55,0.2,1000,restricted_40,aggregation,0.6775665245766932,,,0.6203371954434456
4686,1001,13,5,0.55,0.2,1000,restricted_40,aggregation,0.6770764156171538,,,0.6193550098435516
4687,1001,13,5,0.55,0.2,1000,restricted_40,aggregation,0.6822976108202514,,,0.6227297066513734
4688,1001,13,5,0.55,0.2,1000,restricted_40,aggregation,0.6829680903036016,,,0.6239170285424454
4689,1001,13,5,0.55,0.2,1000,restricted_40,aggregation,0.6773001565518142,,,0.6195162845025346
4690,1001,13,5,0.55,0.2,1000,restricted_40,aggregation,0.6786966817277077,,,0.620885233007733
4691,1001,13,5,0.55,0.2,1000,restricted_40,aggregation,0.6790845136806979,,,0.6212211934747353
4692,1001,13,5,0.55,0.2,1000,restricted_40,aggregation,0.6794070269554259,,,0.6212963149196484
4693,1001,13,5,0.55,0.2,1000,restricted_40,aggregation,0.6792582109652672,,,0.6217139358403944
4694,1001,13,5,0.55,0.2,1000,restricted_40,aggregation,0.6790103955685503,,,0.6210464440574859
4695,1001,13,5,0.55,0.2,1000,restricted_40,aggregation,0.679369720120759,,,0.6213820154382657
4696,1001,13,5,0.55,0.2,1000,restricted_40,aggregation,0.6775466884492005,,,0.6198375681802767
4697,1001,13,5,0.55,0.2,1000,restricted_40,aggregation,0.6770888262566966,,,0.6199283492202243
4698,1001,13,5,0.55,0.2,1000,restricted_40,aggregation,0.6777769701112547,,,0.6204716042599377
4699,1001,13,5,0.55,0.2,1000,restricted_40,aggregation,0.6804281961495052,,,0.62198133321925
4700,1001,13,5,0.55,0.2,1000,restricted_40,aggregation,0.6791656237920768,,,0.6211942740823991
4701,1001,13,5,0.55,0.2,1000,restricted_40,aggregation,0.6776989011841626,,,0.620725503801754
4702,1001,13,5,0.55,0.2,1000,restricted_40,aggregation,0.6797529388932131,,,0.6218026534961953
4703,1001,13,5,0.55,0.2,1000,restricted_40,aggregation,0.6788372437800337,,,0.6206323004464673
4704,1001,13,5,0.55,0.2,1000,restricted_40,aggregation,0.677032142011882,,,0.6199106928796513
4705,1001,13,5,0.55,0.2,1000,restricted_40,aggregation,0.6781490231172951,,,0.6205497351491103
4706,1001,13,5,0.55,0.2,1000,restricted_40,aggregation,0.6796961573583706,,,0.6216297132959635
4707,1001,13,5,0.55,0.2,1000,restricted_40,aggregation,0.6762556066253352,,,0.6196992905165823
4708,1001,13,5,0.55,0.2,1000,restricted_40,aggregation,0.6770021485965065,,,0.6201696299919217
4709,1001,13,5,0.55,0.2,1000,restricted_40,aggregation,0.6809812980508678,,,0.6218638188123606
4710,1001,13,5,0.55,0.2,1000,restricted_40,aggregation,0.6757660557690178,,,0.6194490652017737
4711,1001,13,5,0.55,0.2,1000,restricted_40,aggregation,0.6753569924068632,,,0.6187513064327649
4712,1001,13,5,0.55,0.2,1000,restricted_40,aggregation,0.6757083790970935,,,0.6191215168704753
4713,1001,13,5,0.55,0.2,1000,restricted_40,aggregation,0.6784539923208003,,,0.6207972787397789
4714,1001,13,5,0.55,0.2,1000,restricted_40,aggregation,0.6770764852725929,,,0.6199806399695984
4715,1001,13,5,0.55,0.2,1000,restricted_40,aggregation,0.6801591375048885,,,0.620997272819773
4716,1001,13,5,0.55,0.2,1000,restricted_40,aggregation,0.6777137742326064,,,0.6200089005439007
4717,1001,13,5,0.55,0.2,1000,restricted_40,aggregation,0.6761550177270047,,,0.6193055581301417
4718,1001,13,5,0.55,0.2,1000,restricted_40,aggregation,0.6784400971834322,,,0.6210176914520666
4719,1001,13,5,0.55,0.2,1000,restricted_40,aggregation,0.6798479551500112,,,0.6216572889302057
4720,1001,13,5,0.55,0.2,1000,restricted_40,aggregation,0.6800289683316574,,,0.6218745758331177
4721,1001,13,5,0.55,0.2,1000,restricted_40,aggregation,0.6791823554711071,,,0.6210037776960695
4722,1001,13,5,0.55,0.2,1000,restricted_40,aggregation,0.6791897019807074,,,0.6214642147744232
4723,1001,13,5,0.55,0.2,1000,restricted_40,aggregation,0.6786735110623565,,,0.6210922124634626
4724,1001,13,5,0.55,0.2,1000,restricted_40,aggregation,0.6779000393300585,,,0.6203285661021078
4725,1001,13,5,0.55,0.2,1000,restricted_40,aggregation,0.6793789290082463,,,0.6213681617533703
4726,1001,13,5,0.55,0.2,1000,restricted_40,aggregation,0.6771974773394196,,,0.6199896348635934
4727,1001,13,5,0.55,0.2,1000,restricted_40,aggregation,0.6770652797611534,,,0.6200181148249899
4728,1001,13,5,0.55,0.2,1000,restricted_40,aggregation,0.6809208418664132,,,0.6223432209148878
4729,1001,13,5,0.55,0.2,1000,restricted_40,aggregation,0.6776072211201103,,,0.619825680777556
4730,1001,13,5,0.55,0.2,1000,restricted_40,aggregation,0.6770452723990046,,,0.6199262760541929
4731,1001,13,5,0.55,0.2,1000,restricted_40,aggregation,0.6808699428717895,,,0.62199056478244
4732,1001,13,5,0.55,0.2,1000,restricted_40,aggregation,0.6743861054799906,,,0.6189412752756503
4733,1001,13,5,0.55,0.2,1000,restricted_40,aggregation,0.6790397959749129,,,0.6211727069997904
4734,1001,13,5,0.55,0.2,1000,restricted_40,aggregation,0.6792801350600804,,,0.6212027728367313
4735,1001,13,5,0.55,0.2,1000,restricted_40,aggregation,0.6764801438477458,,,0.6196412809798229
4736,1001,13,5,0.55,0.2,1000,restricted_40,aggregation,0.6751502940118772,,,0.6188957987845489
4737,1001,13,5,0.55,0.2,1000,restricted_40,aggregation,0.6798553941346153,,,0.6215690895986731
4738,1001,13,5,0.55,0.2,1000,restricted_40,aggregation,0.6766174108095651,,,0.6195360988471407
4739,1001,13,5,0.55,0.2,1000,restricted_40,aggregation,0.6772713898902414,,,0.6203325771142439
4740,1001,13,5,0.55,0.2,1000,restricted_40,aggregation,0.6781331884584421,,,0.6205801659605827
4741,1001,13,5,0.55,0.2,1000,restricted_40,aggregation,0.6760255812544481,,,0.6196277244514746
4742,1001,13,5,0.55,0.2,1000,restricted_40,aggregation,0.6783577764294817,,,0.6207026096434431
4743,1001,13,5,0.55,0.2,1000,restricted_40,aggregation,0.6803839643491354,,,0.6221376651126653
4744,1001,13,5,0.55,0.2,1000,restricted_40,aggregation,0.6787954955135082,,,0.6219795031820033
4745,1001,13,5,0.55,0.2,1000,restricted_40,aggregation,0.6782629470380337,,,0.6205341725018809
4746,1001,13,5,0.55,0.2,1000,restricted_40,aggregation,0.6799856860114447,,,0.6215750383644134
4747,1001,13,5,0.55,0.2,1000,restricted_40,aggregation,0.6780413199766411,,,0.6203891389012223
4748,1001,13,5,0.55,0.2,1000,restricted_40,aggregation,0.6784732316791854,,,0.6207413963197298
4749,1001,13,5,0.55,0.2,1000,restricted_40,aggregation,0.6803785460889195,,,0.6219107216934301
4750,1001,13,5,0.55,0.2,1000,restricted_40,aggregation,0.6799433758625391,,,0.6222542954422122
4751,1001,13,5,0.55,0.2,1000,restricted_40,aggregation,0.6768121191204256,,,0.6203151170280339
4752,1001,13,5,0.55,0.2,1000,restricted_40,aggregation,0.6787023238276798,,,0.6212071996521997
4753,1001,13,5,0.55,0.2,1000,restricted_40,aggregation,0.6774813168170207,,,0.6200623627915296
4754,1001,13,5,0.55,0.2,1000,restricted_40,aggregation,0.675719979251971,,,0.6191065357327858
4755,1001,13,5,0.55,0.2,1000,restricted_40,aggregation,0.6787500088477577,,,0.62081765644849
4756,1001,13,5,0.55,0.2,1000,restricted_40,aggregation,0.6757292352115611,,,0.6195672725885227
4757,1001,13,5,0.55,0.2,1000,restricted_40,aggregation,0.6799341774482857,,,0.6220431167058251
4758,1001,13,5,0.55,0.2,1000,restricted_40,aggregation,0.6789412121425118,,,0.6204846640088307
4759,1001,13,5,0.55,0.2,1000,restricted_40,aggregation,0.6787948940207867,,,0.6213616302755888
4760,1001,13,5,0.55,0.2,1000,restricted_40,aggregation,0.6796508367388555,,,0.6217018898539733
4761,1001,13,5,0.55,0.2,1000,restricted_40,aggregation,0.6770950006698226,,,0.6199452830117416
4762,1001,13,5,0.55,0.2,1000,restricted_40,aggregation,0.6784709970262398,,,0.6213625343792012
4763,1001,13,5,0.55,0.2,1000,restricted_40,aggregation,0.6793929709517638,,,0.6221408009968428
4764,1001,13,5,0.55,0.2,1000,restricted_40,aggregation,0.6780753944428801,,,0.6203389528681197
4765,1001,13,5,0.55,0.2,1000,restricted_40,aggregation,0.676995242666403,,,0.6200296155927407
4766,1001,13,5,0.55,0.2,1000,restricted_40,aggregation,0.67885621428354,,,0.6209588450438452
4767,1001,13,5,0.55,0.2,1000,restricted_40,aggregation,0.6767099756240645,,,0.6201796572486158
4768,1001,13,5,0.55,0.2,1000,restricted_40,aggregation,0.6777601886112014,,,0.6204614079824499
4769,1001,13,5,0.55,0.2,1000,restricted_40,aggregation,0.6789824266226574,,,0.6205478937806023
4770,1001,13,5,0.55,0.2,1000,restricted_40,aggregation,0.6776321885802239,,,0.6207039228903813
4771,1001,13,5,0.55,0.2,1000,restricted_40,aggregation,0.6774382601582545,,,0.6208681184941603
4772,1001,13,5,0.55,0.2,1000,restricted_40,aggregation,0.6775776449081744,,,0.6203836483346901
4773,1001,13,5,0.55,0.2,1000,restricted_40,aggregation,0.6787514211042237,,,0.6211476423653509
4774,1001,13,5,0.55,0.2,1000,restricted_40,aggregation,0.6788684954784021,,,0.6209542535473788
4775,1001,13,5,0.55,0.2,1000,restricted_40,aggregation,0.6797871116985154,,,0.6212299344945179
4776,1001,13,5,0.55,0.2,1000,restricted_40,aggregation,0.6761740477408041,,,0.6194328301174136
4777,1001,13,5,0.55,0.2,1000,restricted_40,aggregation,0.678466694596096,,,0.6211064138947473
4778,1001,13,5,0.55,0.2,1000,restricted_40,aggregation,0.6787030701892638,,,0.6209596531786116
4779,1001,13,5,0.55,0.2,1000,restricted_40,aggregation,0.6787604540781053,,,0.6212537305441472
4780,1001,13,5,0.55,0.2,1000,restricted_40,aggregation,0.677147510274305,,,0.6201943983023152
4781,1001,13,5,0.55,0.2,1000,restricted_40,aggregation,0.6776327033132,,,0.6204266606310359
4782,1001,13,5,0.55,0.2,1000,restricted_40,aggregation,0.6802104679908684,,,0.6218481267960435
4783,1001,13,5,0.55,0.2,1000,restricted_40,aggregation,0.6774583894515761,,,0.6211068905862658
4784,1001,13,5,0.55,0.2,1000,restricted_40,aggregation,0.677786276530111,,,0.6198454177689595
4785,1001,13,5,0.55,0.2,1000,restricted_40,aggregation,0.6783661220063347,,,0.620860147229314
4786,1001,13,5,0.55,0.2,1000,restricted_40,aggregation,0.6783886303860854,,,0.6214677542210877
4787,1001,13,5,0.55,0.2,1000,restricted_40,aggregation,0.6784593002390658,,,0.6209381727917146
4788,1001,13,5,0.55,0.2,1000,restricted_40,aggregation,0.6759109715298272,,,0.619459403705862
4789,1001,13,5,0.55,0.2,1000,restricted_40,aggregation,0.6794084171629079,,,0.6216903454878457
4790,1001,13,5,0.55,0.2,1000,restricted_40,aggregation,0.6788178525779722,,,0.6209797088174174
4791,1001,13,5,0.55,0.2,1000,restricted_40,aggregation,0.6770967337924039,,,0.6201214475493643
4792,1001,13,5,0.55,0.2,1000,restricted_40,aggregation,0.6770227530498549,,,0.6206115056702558
4793,1001,13,5,0.55,0.2,1000,restricted_40,aggregation,0.6794680579262522,,,0.6215801096049014
4794,1001,13,5,0.55,0.2,1000,restricted_40,aggregation,0.6782085533491763,,,0.620873639516348
4795,1001,13,5,0.55,0.2,1000,restricted_40,aggregation,0.6789692826920306,,,0.6212304887859056
4796,1001,13,5,0.55,0.2,1000,restricted_40,aggregation,0.6786967219144204,,,0.6210685669114837
4797,1001,13,5,0.55,0.2,1000,restricted_40,aggregation,0.6784992121467932,,,0.6211174099897018
4798,1001,13,5,0.55,0.2,1000,restricted_40,aggregation,0.6791600735269753,,,0.6208857521028356
4799,1001,13,5,0.55,0.2,1000,restricted_40,aggregation,0.6793404490964016,,,0.6210384942141194
4800,1001,13,5,0.55,0.2,1000,restricted_40,aggregation,0.6781290244719086,,,0.6208329651290069
4801,1001,13,5,0.55,0.2,1000,restricted_40,aggregation,0.6795130625434307,,,0.6210962592962594
4802,1001,13,5,0.55,0.2,1000,restricted_40,aggregation,0.677396506541097,,,0.6201612069566237
4803,1001,13,5,0.55,0.2,1000,restricted_40,aggregation,0.6807244379099774,,,0.6225781422358507
4804,1001,13,5,0.55,0.2,1000,restricted_40,aggregation,0.6796006824786356,,,0.621348390506099
4805,1001,13,5,0.55,0.2,1000,restricted_40,aggregation,0.6783932229946412,,,0.6210464258503844
4806,1001,13,5,0.55,0.2,1000,restricted_40,aggregation,0.6750258119075486,,,0.6190883728231646
4807,1001,13,5,0.55,0.2,1000,restricted_40,aggregation,0.677486954905984,,,0.6202343569085237
4808,1001,13,5,0.55,0.2,1000,restricted_40,aggregation,0.6769525268744885,,,0.6198154181235432
4809,1001,13,5,0.55,0.2,1000,restricted_40,aggregation,0.6785891413325592,,,0.6207938198529865
4810,1001,13,5,0.55,0.2,1000,restricted_40,aggregation,0.6780194527165333,,,0.6201213255417424
4811,1001,13,5,0.55,0.2,1000,restricted_40,aggregation,0.6762391690262035,,,0.6197060584323085
4812,1001,13,5,0.55,0.2,1000,restricted_40,aggregation,0.678237564506192,,,0.620880436877937
4813,1001,13,5,0.55,0.2,1000,restricted_40,aggregation,0.6775997330570408,,,0.6199858581696084
4814,1001,13,5,0.55,0.2,1000,restricted_40,aggregation,0.6778542662988325,,,0.6206187534147951
4815,1001,13,5,0.55,0.2,1000,restricted_40,aggregation,0.6772648127981292,,,0.6203015298744466
4816,1001,13,5,0.55,0.2,1000,restricted_40,aggregation,0.6777547285495256,,,0.6201724110303279
4817,1001,13,5,0.55,0.2,1000,restricted_40,aggregation,0.6788531485560436,,,0.620958358501067
4818,1001,13,5,0.55,0.2,1000,restricted_40,aggregation,0.6791097857195173,,,0.6213732627788879
4819,1001,13,5,0.55,0.2,1000,restricted_40,aggregation,0.6779790790600186,,,0.6207452052654137
4820,1001,13,5,0.55,0.2,1000,restricted_40,aggregation,0.6785953980128531,,,0.6207766833860585
4821,1001,13,5,0.55,0.2,1000,restricted_40,aggregation,0.6757740557969929,,,0.6194506271352106
4822,1001,13,5,0.55,0.2,1000,restricted_40,aggregation,0.681165319919021,,,0.6224114382145634
4823,1001,13,5,0.55,0.2,1000,restricted_40,aggregation,0.6791851804504531,,,0.6209258851256769
4824,1001,13,5,0.55,0.2,1000,restricted_40,aggregation,0.6754469239161175,,,0.6188533450654286
4825,1001,13,5,0.55,0.2,1000,restricted_40,aggregation,0.6784683041136862,,,0.6210862141793393
4826,1001,13,5,0.55,0.2,1000,restricted_40,aggregation,0.6793868410544021,,,0.6216947708387293
4827,1001,13,5,0.55,0.2,1000,restricted_40,aggregation,0.6803082511865055,,,0.622194554704555
4828,1001,13,5,0.55,0.2,1000,restricted_40,aggregation,0.6754062906049916,,,0.6194018418001753
4829,1001,13,5,0.55,0.2,1000,restricted_40,aggregation,0.6800990787476223,,,0.6216917230146398
4830,1001,13,5,0.55,0.2,1000,restricted_40,aggregation,0.6767065826245827,,,0.6202887719533554
4831,1001,13,5,0.55,0.2,1000,restricted_40,aggregation,0.6785361744300861,,,0.6207670989735574
4832,1001,13,5,0.55,0.2,1000,restricted_40,aggregation,0.6769190346413366,,,0.6196280993774745
4833,1001,13,5,0.55,0.2,1000,restricted_40,aggregation,0.680266323380297,,,0.6220907122507123
4834,1001,13,5,0.55,0.2,1000,restricted_40,aggregation,0.681020697525879,,,0.6220358240216575
4835,1001,13,5,0.55,0.2,1000,restricted_40,aggregation,0.677631189771224,,,0.6202035889265056
4836,1001,13,5,0.55,0.2,1000,restricted_40,aggregation,0.6781540759991276,,,0.6207390193217277
4837,1001,13,5,0.55,0.2,1000,restricted_40,aggregation,0.6771373324130837,,,0.619722913552497
4838,1001,13,5,0.55,0.2,1000,restricted_40,aggregation,0.6808106056640418,,,0.6225526294692963
4839,1001,13,5,0.55,0.2,1000,restricted_40,aggregation,0.6761394329172989,,,0.6192819467569469
4840,1001,13,5,0.55,0.2,1000,restricted_40,aggregation,0.6795424015236062,,,0.6219131478629396
4841,1001,13,5,0.55,0.2,1000,restricted_40,aggregation,0.6746940462571006,,,0.6191631111249863
4842,1001,13,5,0.55,0.2,1000,restricted_40,aggregation,0.6780524155348364,,,0.6207233105012273
4843,1001,13,5,0.55,0.2,1000,restricted_40,aggregation,0.6779389733359694,,,0.6202222172040923
4844,1001,13,5,0.55,0.2,1000,restricted_40,aggregation,0.6777662199974658,,,0.6204974218297136
4845,1001,13,5,0.55,0.2,1000,restricted_40,aggregation,0.6794878820937995,,,0.6217866979625314
4846,1001,13,5,0.55,0.2,1000,restricted_40,aggregation,0.6770504213032316,,,0.6193980203592705
4847,1001,13,5,0.55,0.2,1000,restricted_40,aggregation,0.6755211164719748,,,0.6195130244678163
4848,1001,13,5,0.55,0.2,1000,restricted_40,aggregation,0.6776859112666687,,,0.6199342106735858
4849,1001,13,5,0.55,0.2,1000,restricted_40,aggregation,0.6799389727982497,,,0.6218186674822094
4850,1001,13,5,0.55,0.2,1000,restricted_40,aggregation,0.6767602050161236,,,0.6198240686628188
4851,1001,13,5,0.55,0.2,1000,restricted_40,aggregation,0.6786404047270651,,,0.6210544167560835
4852,1001,13,5,0.55,0.2,1000,restricted_40,aggregation,0.6798132058483098,,,0.6214958136616471
4853,1001,13,5,0.55,0.2,1000,restricted_40,aggregation,0.6786814302161978,,,0.6211206634569136
4854,1001,13,5,0.55,0.2,1000,restricted_40,aggregation,0.676796517542328,,,0.6197085172774757
4855,1001,13,5,0.55,0.2,1000,restricted_40,aggregation,0.6790192410299244,,,0.6208964176024594
4856,1001,13,5,0.55,0.2,1000,restricted_40,aggregation,0.6783363083063298,,,0.6215737382987384
4857,1001,13,5,0.55,0.2,1000,restricted_40,aggregation,0.6787484447688841,,,0.620858090096632
4858,1001,13,5,0.55,0.2,1000,restricted_40,aggregation,0.6800558586279336,,,0.6218851612662031
4859,1001,13,5,0.55,0.2,1000,restricted_40,aggregation,0.6795819124868034,,,0.6216614035039036
4860,1001,13,5,0.55,0.2,1000,restricted_40,aggregation,0.6794660892976034,,,0.6212759351759353
4861,1001,13,5,0.55,0.2,1000,restricted_40,aggregation,0.6792012614988361,,,0.621508358616692
4862,1001,13,5,0.55,0.2,1000,restricted_40,aggregation,0.6769750274432651,,,0.6200725307716975
4863,1001,13,5,0.55,0.2,1000,restricted_40,aggregation,0.6777456048609288,,,0.6202423539886042
4864,1001,13,5,0.55,0.2,1000,restricted_40,aggregation,0.6791674707623259,,,0.6207127604263023
4865,1001,13,5,0.55,0.2,1000,restricted_40,aggregation,0.6793772072146973,,,0.6215717839182423
4866,1001,13,5,0.55,0.2,1000,restricted_40,aggregation,0.6793082467881238,,,0.6215226633705802
4867,1001,13,5,0.55,0.2,1000,restricted_40,aggregation,0.6771989507162116,,,0.6200145090788842
4868,1001,13,5,0.55,0.2,1000,restricted_40,aggregation,0.6789614791382375,,,0.6204932743799411
4869,1001,13,5,0.55,0.2,1000,restricted_40,aggregation,0.6801135672440536,,,0.6222768276707861
4870,1001,13,5,0.55,0.2,1000,restricted_40,aggregation,0.678976039527726,,,0.6207511514874016
4871,1001,13,5,0.55,0.2,1000,restricted_40,aggregation,0.6805159644614028,,,0.6223110213937298
4872,1001,13,5,0.55,0.2,1000,restricted_40,aggregation,0.6782017029415921,,,0.6207038247477831
4873,1001,13,5,0.55,0.2,1000,restricted_40,aggregation,0.6782997987664314,,,0.6205972145138813
4874,1001,13,5,0.55,0.2,1000,restricted_40,aggregation,0.6773804494400247,,,0.6204927080635415
4875,1001,13,5,0.55,0.2,1000,restricted_40,aggregation,0.6785584377928954,,,0.6205224810374813
4876,1001,13,5,0.55,0.2,1000,restricted_40,aggregation,0.6790551358065449,,,0.6214266056859808
4877,1001,13,5,0.55,0.2,1000,restricted_40,aggregation,0.677953583202538,,,0.6202348857546776
4878,1001,13,5,0.55,0.2,1000,restricted_40,aggregation,0.6773649177105058,,,0.6202728625926544
4879,1001,13,5,0.55,0.2,1000,restricted_40,aggregation,0.6793877598803484,,,0.621649494086161
4880,1001,13,5,0.55,0.2,1000,restricted_40,aggregation,0.6777784638011009,,,0.6206904607121275
4881,1001,13,5,0.55,0.2,1000,restricted_40,aggregation,0.6818529346555166,,,0.6231967025181611
4882,1001,13,5,0.55,0.2,1000,restricted_40,aggregation,0.6764334713539631,,,0.6199732315292733
4883,1001,13,5,0.55,0.2,1000,restricted_40,aggregation,0.6763653079557055,,,0.6195027564950482
4884,1001,13,5,0.55,0.2,1000,restricted_40,aggregation,0.6768239555657866,,,0.6198869313248481
4885,1001,13,5,0.55,0.2,1000,restricted_40,aggregation,0.6758295294442872,,,0.619552104407938
4886,1001,13,5,0.55,0.2,1000,restricted_40,aggregation,0.6766372580051735,,,0.6200834164755
4887,1001,13,5,0.55,0.2,1000,restricted_40,aggregation,0.6786354897101213,,,0.6204905076327994
4888,1001,13,5,0.55,0.2,1000,restricted_40,aggregation,0.6777650718202776,,,0.6205052734071484
4889,1001,13,5,0.55,0.2,1000,restricted_40,aggregation,0.6762263978535292,,,0.6195027593317177
4890,1001,13,5,0.55,0.2,1000,restricted_40,aggregation,0.6787607982086552,,,0.6213417673376008
4891,1001,13,5,0.55,0.2,1000,restricted_40,aggregation,0.6785291058809942,,,0.6208348871730123
4892,1001,13,5,0.55,0.2,1000,restricted_40,aggregation,0.6788025497912935,,,0.6210810765006599
4893,1001,13,5,0.55,0.2,1000,restricted_40,aggregation,0.6777697635374045,,,0.6206418667597835
4894,1001,13,5,0.55,0.2,1000,restricted_40,aggregation,0.6770802625623302,,,0.6200226098053181
4895,1001,13,5,0.55,0.2,1000,restricted_40,aggregation,0.6793464698406305,,,0.6209716955189872
4896,1001,13,5,0.55,0.2,1000,restricted_40,aggregation,0.6797131758821883,,,0.6209883857963027
4897,1001,13,5,0.55,0.2,1000,restricted_40,aggregation,0.678658713956495,,,0.6209013632278217
4898,1001,13,5,0.55,0.2,1000,restricted_40,aggregation,0.6788546729190968,,,0.6214310888340056
4899,1001,13,5,0.55,0.2,1000,restricted_40,aggregation,0.6781417122658956,,,0.6204344071052406
4900,1001,13,5,0.55,0.2,1000,restricted_40,aggregation,0.6778541549856977,,,0.620880970541804
4901,1001,13,5,0.55,0.2,1000,restricted_40,aggregation,0.6789594393373667,,,0.6209440063408815
4902,1001,13,5,0.55,0.2,1000,restricted_40,aggregation,0.6775017935549148,,,0.6197840921886757
4903,1001,13,5,0.55,0.2,1000,restricted_40,aggregation,0.6775545776015847,,,0.6206048329987914
4904,1001,13,5,0.55,0.2,1000,restricted_40,aggregation,0.6780780526557496,,,0.620160344277636
4905,1001,13,5,0.55,0.2,1000,restricted_40,aggregation,0.6780182861275815,,,0.6198922215901383
4906,1001,13,5,0.55,0.2,1000,restricted_40,aggregation,0.6782481087526617,,,0.620976123583207
4907,1001,13,5,0.55,0.2,1000,restricted_40,aggregation,0.6765324855611986,,,0.6194048857007192
4908,1001,13,5,0.55,0.2,1000,restricted_40,aggregation,0.6773305294163342,,,0.6200829966792468
4909,1001,13,5,0.55,0.2,1000,restricted_40,aggregation,0.6789732658314865,,,0.6213857792439045
4910,1001,13,5,0.55,0.2,1000,restricted_40,aggregation,0.680010357373422,,,0.6219998857778025
4911,1001,13,5,0.55,0.2,1000,restricted_40,aggregation,0.677512648680938,,,0.6205040322409074
4912,1001,13,5,0.55,0.2,1000,restricted_40,aggregation,0.6794365280892246,,,0.6212935352610354
4913,1001,13,5,0.55,0.2,1000,restricted_40,aggregation,0.6798345446137982,,,0.6217467745680246
4914,1001,13,5,0.55,0.2,1000,restricted_40,aggregation,0.6795699211853463,,,0.6218201473988975
4915,1001,13,5,0.55,0.2,1000,restricted_40,aggregation,0.6775364486161009,,,0.6202391623962458
4916,1001,13,5,0.55,0.2,1000,restricted_40,aggregation,0.67849747504386,,,0.6209147322430657
4917,1001,13,5,0.55,0.2,1000,restricted_40,aggregation,0.6783500582840369,,,0.6207075531413033
4918,1001,13,5,0.55,0.2,1000,restricted_40,aggregation,0.6787781665760436,,,0.6206632801226553
4919,1001,13,5,0.55,0.2,1000,restricted_40,aggregation,0.6783311936558761,,,0.620834432542766
4920,1001,13,5,0.55,0.2,1000,restricted_40,aggregation,0.6779752005707976,,,0.6208766694339614
4921,1001,13,5,0.55,0.2,1000,restricted_40,aggregation,0.6785603779079024,,,0.6208824976952062
4922,1001,13,5,0.55,0.2,1000,restricted_40,aggregation,0.6785727917082626,,,0.620914536150578
4923,1001,13,5,0.55,0.2,1000,restricted_40,aggregation,0.6792952138225258,,,0.6211080405011655
4924,1001,13,5,0.55,0.2,1000,restricted_40,aggregation,0.6798800733124627,,,0.6211524197253365
4925,1001,13,5,0.55,0.2,1000,restricted_40,aggregation,0.6765802452508314,,,0.6198457192190526
4926,1001,13,5,0.55,0.2,1000,restricted_40,aggregation,0.6783417470623044,,,0.6210238641759477
4927,1001,13,5,0.55,0.2,1000,restricted_40,aggregation,0.6776267875866259,,,0.6205712692631443
4928,1001,13,5,0.55,0.2,1000,restricted_40,aggregation,0.6774502362552718,,,0.6198936841476426
4929,1001,13,5,0.55,0.2,1000,restricted_40,aggregation,0.6794387663786474,,,0.6215799215830466
4930,1001,13,5,0.55,0.2,1000,restricted_40,aggregation,0.6784536361223906,,,0.6210677495189997
4931,1001,13,5,0.55,0.2,1000,restricted_40,aggregation,0.6792734830521273,,,0.6214773617740286
4932,1001,13,5,0.55,0.2,1000,restricted_40,aggregation,0.6764277650282371,,,0.620124441222358
4933,1001,13,5,0.55,0.2,1000,restricted_40,aggregation,0.6775667335912262,,,0.6203918920046005
4934,1001,13,5,0.55,0.2,1000,restricted_40,aggregation,0.6785499386968864,,,0.6211677494110829
4935,1001,13,5,0.55,0.2,1000,restricted_40,aggregation,0.6789503522063124,,,0.621208581834832
4936,1001,13,5,0.55,0.2,1000,restricted_40,aggregation,0.6768712708364429,,,0.6198428723591224
4937,1001,13,5,0.55,0.2,1000,restricted_40,aggregation,0.6778497178402532,,,0.6207562771719022
4938,1001,13,5,0.55,0.2,1000,restricted_40,aggregation,0.6774943678845806,,,0.620431269910645
4939,1001,13,5,0.55,0.2,1000,restricted_40,aggregation,0.6778385509170914,,,0.6206060226039394
4940,1001,13,5,0.55,0.2,1000,restricted_40,aggregation,0.6785665370216154,,,0.620896909510243
4941,1001,13,5,0.55,0.2,1000,restricted_40,aggregation,0.6765896216207351,,,0.6200683992936077
4942,1001,13,5,0.55,0.2,1000,restricted_40,aggregation,0.6769979742985147,,,0.6202221712546714
4943,1001,13,5,0.55,0.2,1000,restricted_40,aggregation,0.6771984192679206,,,0.6204135865677534
4944,1001,13,5,0.55,0.2,1000,restricted_40,aggregation,0.6754478349625671,,,0.6191870360041194
4945,1001,13,5,0.55,0.2,1000,restricted_40,aggregation,0.6768093908168027,,,0.6194405364234533
4946,1001,13,5,0.55,0.2,1000,restricted_40,aggregation,0.6790260467740821,,,0.6213231818952654
4947,1001,13,5,0.55,0.2,1000,restricted_40,aggregation,0.679534503150457,,,0.6216096621202873
4948,1001,13,5,0.55,0.2,1000,restricted_40,aggregation,0.6779882250527317,,,0.6204744856840692
4949,1001,13,5,0.55,0.2,1000,restricted_40,aggregation,0.678012449710257,,,0.620375235805861
4950,1001,13,5,0.55,0.2,1000,restricted_40,aggregation,0.6799554716592384,,,0.6226819352792271
4951,1001,13,5,0.55,0.2,1000,restricted_40,aggregation,0.6790167357849589,,,0.6211716670983338
4952,1001,13,5,0.55,0.2,1000,restricted_40,aggregation,0.6756104602396538,,,0.6198083532516867
4953,1001,13,5,0.55,0.2,1000,restricted_40,aggregation,0.6784754516655455,,,0.6206312320935239
4954,1001,13,5,0.55,0.2,1000,restricted_40,aggregation,0.6803930720040205,,,0.6222666069116071
4955,1001,13,5,0.55,0.2,1000,restricted_40,aggregation,0.6787387721413853,,,0.621180236869612
4956,1001,13,5,0.55,0.2,1000,restricted_40,aggregation,0.6808124679700803,,,0.6222103326611661
4957,1001,13,5,0.55,0.2,1000,restricted_40,aggregation,0.677774950849107,,,0.6200746942871943
4958,1001,13,5,0.55,0.2,1000,restricted_40,aggregation,0.6793649051604399,,,0.6212327301325219
4959,1001,13,5,0.55,0.2,1000,restricted_40,aggregation,0.6784767306344832,,,0.6207129698079699
4960,1001,13,5,0.55,0.2,1000,restricted_40,aggregation,0.6763437549471487,,,0.6196618872562624
4961,1001,13,5,0.55,0.2,1000,restricted_40,aggregation,0.6771428843233872,,,0.6201144374606876
4962,1001,13,5,0.55,0.2,1000,restricted_40,aggregation,0.6747355052755402,,,0.6187426313809649
4963,1001,13,5,0.55,0.2,1000,restricted_40,aggregation,0.6763266584142259,,,0.6198331217316635
4964,1001,13,5,0.55,0.2,1000,restricted_40,aggregation,0.6788184622562964,,,0.6210426015034349
4965,1001,13,5,0.55,0.2,1000,restricted_40,aggregation,0.6770539595815507,,,0.6200224201878369
4966,1001,13,5,0.55,0.2,1000,restricted_40,aggregation,0.677049640787361,,,0.6200771119389872
4967,1001,13,5,0.55,0.2,1000,restricted_40,aggregation,0.6804394847646182,,,0.6224143947950199
4968,1001,13,5,0.55,0.2,1000,restricted_40,aggregation,0.6799683891985622,,,0.6218260017837102
4969,1001,13,5,0.55,0.2,1000,restricted_40,aggregation,0.6783635197850982,,,0.6207080637109804
4970,1001,13,5,0.55,0.2,1000,restricted_40,aggregation,0.6780359262281592,,,0.6203487368726954
4971,1001,13,5,0.55,0.2,1000,restricted_40,aggregation,0.6769877826858649,,,0.6200199571801657
4972,1001,13,5,0.55,0.2,1000,restricted_40,aggregation,0.6798114677194786,,,0.6216467620650955
4973,1001,13,5,0.55,0.2,1000,restricted_40,aggregation,0.679168953069668,,,0.6210259146177898
4974,1001,13,5,0.55,0.2,1000,restricted_40,aggregation,0.678513609820314,,,0.6210777751338169
4975,1001,13,5,0.55,0.2,1000,restricted_40,aggregation,0.6788385146601569,,,0.6213721211658713
4976,1001,13,5,0.55,0.2,1000,restricted_40,aggregation,0.6778283011976939,,,0.620056023883524
4977,1001,13,5,0.55,0.2,1000,restricted_40,aggregation,0.6773433542040195,,,0.6205901092503177
4978,1001,13,5,0.55,0.2,1000,restricted_40,aggregation,0.6789654257820837,,,0.6207754489569075
4979,1001,13,5,0.55,0.2,1000,restricted_40,aggregation,0.6784903182381339,,,0.6210497206265958
4980,1001,13,5,0.55,0.2,1000,restricted_40,aggregation,0.6780812340435819,,,0.620442491813742
4981,1001,13,5,0.55,0.2,1000,restricted_40,aggregation,0.6791038586694972,,,0.6211258151031068
4982,1001,13,5,0.55,0.2,1000,restricted_40,aggregation,0.6792483908031363,,,0.6213100397442065
4983,1001,13,5,0.55,0.2,1000,restricted_40,aggregation,0.678967731385598,,,0.6218363377748796
4984,1001,13,5,0.55,0.2,1000,restricted_40,aggregation,0.6797980600736958,,,0.621876648544357
4985,1001,13,5,0.55,0.2,1000,restricted_40,aggregation,0.6795347703764519,,,0.6218975433671268
4986,1001,13,5,0.55,0.2,1000,restricted_40,aggregation,0.6777111838242151,,,0.6208993867320951
4987,1001,13,5,0.55,0.2,1000,restricted_40,aggregation,0.6784205781048699,,,0.619880045810671
4988,1001,13,5,0.55,0.2,1000,restricted_40,aggregation,0.6801756816052247,,,0.6220330634411885
4989,1001,13,5,0.55,0.2,1000,restricted_40,aggregation,0.6777183041442564,,,0.6205910930658849
4990,1001,13,5,0.55,0.2,1000,restricted_40,aggregation,0.6781681633488891,,,0.6211180652911904
4991,1001,13,5,0.55,0.2,1000,restricted_40,aggregation,0.6780743363330234,,,0.6210764346841432
4992,1001,13,5,0.55,0.2,1000,restricted_40,aggregation,0.6794178556621194,,,0.6214204047264466
4993,1001,13,5,0.55,0.2,1000,restricted_40,aggregation,0.6764526379661453,,,0.6197479057824893
4994,1001,13,5,0.55,0.2,1000,restricted_40,aggregation,0.6792083770237486,,,0.6210501193636612
4995,1001,13,5,0.55,0.2,1000,restricted_40,aggregation,0.676477323301921,,,0.6203051261778346
4996,1001,13,5,0.55,0.2,1000,restricted_40,aggregation,0.6791008274070626,,,0.6213916149745318
4997,1001,13,5,0.55,0.2,1000,restricted_40,aggregation,0.6792759983744359,,,0.6211078720199555
4998,1001,13,5,0.55,0.2,1000,restricted_40,aggregation,0.6806540580543496,,,0.6222074747089331
4999,1001,13,5,0.55,0.2,1000,restricted_40,aggregation,0.6778667289811436,,,0.6198532692770193
5000,1001,13,5,0.55,0.2,1000,restricted_50,aggregation,0.6844320708754694,,,0.6261705141463476
5001,1001,13,5,0.55,0.2,1000,restricted_50,aggregation,0.6868410012996976,,,0.6279338239075739
5002,1001,13,5,0.55,0.2,1000,restricted_50,aggregation,0.6846057736809114,,,0.6263847678633097
5003,1001,13,5,0.55,0.2,1000,restricted_50,aggregation,0.685294455484308,,,0.6264179192720861
5004,1001,13,5,0.55,0.2,1000,restricted_50,aggregation,0.6857781827737783,,,0.62742559837539
5005,1001,13,5,0.55,0.2,1000,restricted_50,aggregation,0.6853367105464531,,,0.6269664498849918
5006,1001,13,5,0.55,0.2,1000,restricted_50,aggregation,0.686559646134683,,,0.628113541127083
5007,1001,13,5,0.55,0.2,1000,restricted_50,aggregation,0.6869890476287073,,,0.629167348515682
5008,1001,13,5,0.55,0.2,1000,restricted_50,aggregation,0.6856671369358993,,,0.6272351765980932
5009,1001,13,5,0.55,0.2,1000,restricted_50,aggregation,0.6860700528526004,,,0.6277984368101036
5010,1001,13,5,0.55,0.2,1000,restricted_50,aggregation,0.6857381333463284,,,0.6283714573852075
5011,1001,13,5,0.55,0.2,1000,restricted_50,aggregation,0.6854517865532852,,,0.6275202563177564
5012,1001,13,5,0.55,0.2,1000,restricted_50,aggregation,0.6842580384583425,,,0.626505459979835
5013,1001,13,5,0.55,0.2,1000,restricted_50,aggregation,0.687413348191896,,,0.6289673161560663
5014,1001,13,5,0.55,0.2,1000,restricted_50,aggregation,0.6854009544252326,,,0.626700698815074
5015,1001,13,5,0.55,0.2,1000,restricted_50,aggregation,0.686687784737345,,,0.6283653298167883
5016,1001,13,5,0.55,0.2,1000,restricted_50,aggregation,0.6842470289249476,,,0.6267280052200888
5017,1001,13,5,0.55,0.2,1000,restricted_50,aggregation,0.6860205572785616,,,0.6276357239828075
5018,1001,13,5,0.55,0.2,1000,restricted_50,aggregation,0.6859025995390075,,,0.6280579388358555
5019,1001,13,5,0.55,0.2,1000,restricted_50,aggregation,0.682972299656128,,,0.62526736817966
5020,1001,13,5,0.55,0.2,1000,restricted_50,aggregation,0.6866473222342178,,,0.6282713426619677
5021,1001,13,5,0.55,0.2,1000,restricted_50,aggregation,0.6849460091129241,,,0.6265343981635649
5022,1001,13,5,0.55,0.2,1000,restricted_50,aggregation,0.6839797680650401,,,0.6259108026849695
5023,1001,13,5,0.55,0.2,1000,restricted_50,aggregation,0.6868155427550793,,,0.6282646874576042
5024,1001,13,5,0.55,0.2,1000,restricted_50,aggregation,0.6859749545804888,,,0.6279002124572959
5025,1001,13,5,0.55,0.2,1000,restricted_50,aggregation,0.6854292305504477,,,0.6266034448499034
5026,1001,13,5,0.55,0.2,1000,restricted_50,aggregation,0.6853436312025804,,,0.6273151702541288
5027,1001,13,5,0.55,0.2,1000,restricted_50,aggregation,0.6862078166530962,,,0.6275627230100149
5028,1001,13,5,0.55,0.2,1000,restricted_50,aggregation,0.6847222119117178,,,0.6263438754224171
5029,1001,13,5,0.55,0.2,1000,restricted_50,aggregation,0.6860194926642028,,,0.6280249716024716
5030,1001,13,5,0.55,0.2,1000,restricted_50,aggregation,0.685836417286982,,,0.6273169467415303
5031,1001,13,5,0.55,0.2,1000,restricted_50,aggregation,0.6849860961715972,,,0.6264244456931958
5032,1001,13,5,0.55,0.2,1000,restricted_50,aggregation,0.6863184430681973,,,0.6276853475845143
5033,1001,13,5,0.55,0.2,1000,restricted_50,aggregation,0.6870160084221781,,,0.6285077624690126
5034,1001,13,5,0.55,0.2,1000,restricted_50,aggregation,0.6852506164399467,,,0.6268771159550328
5035,1001,13,5,0.55,0.2,1000,restricted_50,aggregation,0.6850820971259468,,,0.6265174818776903
5036,1001,13,5,0.55,0.2,1000,restricted_50,aggregation,0.685870806637895,,,0.6276085036491288
5037,1001,13,5,0.55,0.2,1000,restricted_50,aggregation,0.6838040455328529,,,0.6256784136234138
5038,1001,13,5,0.55,0.2,1000,restricted_50,aggregation,0.6855161338871593,,,0.6273244013933599
5039,1001,13,5,0.55,0.2,1000,restricted_50,aggregation,0.6855672622012763,,,0.6275947085630421
5040,1001,13,5,0.55,0.2,1000,restricted_50,aggregation,0.6846100508229793,,,0.6262036116892368
5041,1001,13,5,0.55,0.2,1000,restricted_50,aggregation,0.6858137136914858,,,0.6276490312311147
5042,1001,13,5,0.55,0.2,1000,restricted_50,aggregation,0.686281041958754,,,0.6276963906618075
5043,1001,13,5,0.55,0.2,1000,restricted_50,aggregation,0.6846044260741657,,,0.6264366598756184
5044,1001,13,5,0.55,0.2,1000,restricted_50,aggregation,0.6875382340554742,,,0.62846025472213
5045,1001,13,5,0.55,0.2,1000,restricted_50,aggregation,0.6851932086514335,,,0.6265500261544013
5046,1001,13,5,0.55,0.2,1000,restricted_50,aggregation,0.6856714404910628,,,0.6277008978675646
5047,1001,13,5,0.55,0.2,1000,restricted_50,aggregation,0.6848922198420789,,,0.6264519328819331
5048,1001,13,5,0.55,0.2,1000,restricted_50,aggregation,0.6831660384007064,,,0.6254863823445075
5049,1001,13,5,0.55,0.2,1000,restricted_50,aggregation,0.6864514750081968,,,0.6273473219296138
5050,1001,13,5,0.55,0.2,1000,restricted_50,aggregation,0.6858617276898735,,,0.6273071198092033
5051,1001,13,5,0.55,0.2,1000,restricted_50,aggregation,0.6850623362646727,,,0.6274985126139294
5052,1001,13,5,0.55,0.2,1000,restricted_50,aggregation,0.6867074028133037,,,0.6286927724358975
5053,1001,13,5,0.55,0.2,1000,restricted_50,aggregation,0.6846641165579136,,,0.6264548137433555
5054,1001,13,5,0.55,0.2,1000,restricted_50,aggregation,0.6840861170101713,,,0.6265196642323727
5055,1001,13,5,0.55,0.2,1000,restricted_50,aggregation,0.6860295772839785,,,0.6281244042531544
5056,1001,13,5,0.55,0.2,1000,restricted_50,aggregation,0.6872962692790477,,,0.6282349771910191
5057,1001,13,5,0.55,0.2,1000,restricted_50,aggregation,0.6852326820622805,,,0.6273087708202293
5058,1001,13,5,0.55,0.2,1000,restricted_50,aggregation,0.6842677833167778,,,0.626328365646699
5059,1001,13,5,0.55,0.2,1000,restricted_50,aggregation,0.6868741616462144,,,0.6282610564820983
5060,1001,13,5,0.55,0.2,1000,restricted_50,aggregation,0.6851092421628803,,,0.6269434424603176
5061,1001,13,5,0.55,0.2,1000,restricted_50,aggregation,0.687221843245032,,,0.6283699512370347
5062,1001,13,5,0.55,0.2,1000,restricted_50,aggregation,0.6859015410185225,,,0.6275471843665594
5063,1001,13,5,0.55,0.2,1000,restricted_50,aggregation,0.6863100573347708,,,0.6280218513122681
5064,1001,13,5,0.55,0.2,1000,restricted_50,aggregation,0.68626382786186,,,0.6277915389702892
5065,1001,13,5,0.55,0.2,1000,restricted_50,aggregation,0.6857293734346387,,,0.6276306966336135
5066,1001,13,5,0.55,0.2,1000,restricted_50,aggregation,0.6858678047495396,,,0.6274412458760376
5067,1001,13,5,0.55,0.2,1000,restricted_50,aggregation,0.6857825903366741,,,0.6276546555681973
5068,1001,13,5,0.55,0.2,1000,restricted_50,aggregation,0.6859852260517134,,,0.6277513711751214
5069,1001,13,5,0.55,0.2,1000,restricted_50,aggregation,0.6845279896436087,,,0.626919906875532
5070,1001,13,5,0.55,0.2,1000,restricted_50,aggregation,0.6855936861178774,,,0.6277565849274184
5071,1001,13,5,0.55,0.2,1000,restricted_50,aggregation,0.6856074666860479,,,0.6270784940984943
5072,1001,13,5,0.55,0.2,1000,restricted_50,aggregation,0.6868340751123096,,,0.6284554790348541
5073,1001,13,5,0.55,0.2,1000,restricted_50,aggregation,0.6859319781319886,,,0.6275950067987569
5074,1001,13,5,0.55,0.2,1000,restricted_50,aggregation,0.684615849282671,,,0.6271356764917183
5075,1001,13,5,0.55,0.2,1000,restricted_50,aggregation,0.6861716385019554,,,0.6279900395900397
5076,1001,13,5,0.55,0.2,1000,restricted_50,aggregation,0.6855369897697737,,,0.6266774883681135
5077,1001,13,5,0.55,0.2,1000,restricted_50,aggregation,0.6858588075734116,,,0.6268934692468027
5078,1001,13,5,0.55,0.2,1000,restricted_50,aggregation,0.6844621520954279,,,0.6266712122599624
5079,1001,13,5,0.55,0.2,1000,restricted_50,aggregation,0.6853848018522808,,,0.6269699531332866
5080,1001,13,5,0.55,0.2,1000,restricted_50,aggregation,0.6856148851437365,,,0.6276729081797833
5081,1001,13,5,0.55,0.2,1000,restricted_50,aggregation,0.6856590514773823,,,0.6275120865091699
5082,1001,13,5,0.55,0.2,1000,restricted_50,aggregation,0.6833240891036417,,,0.6253942589894675
5083,1001,13,5,0.55,0.2,1000,restricted_50,aggregation,0.6877223319553915,,,0.6294464267753853
5084,1001,13,5,0.55,0.2,1000,restricted_50,aggregation,0.6845832600522411,,,0.6270204998396665
5085,1001,13,5,0.55,0.2,1000,restricted_50,aggregation,0.6849043446963297,,,0.6267973298152466
5086,1001,13,5,0.55,0.2,1000,restricted_50,aggregation,0.6864700350847721,,,0.6281440070115071
5087,1001,13,5,0.55,0.2,1000,restricted_50,aggregation,0.6851006114681866,,,0.6268655777170362
5088,1001,13,5,0.55,0.2,1000,restricted_50,aggregation,0.6847406384156421,,,0.6267513305984141
5089,1001,13,5,0.55,0.2,1000,restricted_50,aggregation,0.685113699147331,,,0.6270080481555482
5090,1001,13,5,0.55,0.2,1000,restricted_50,aggregation,0.6850447782870968,,,0.6266198490706825
5091,1001,13,5,0.55,0.2,1000,restricted_50,aggregation,0.6841264724244176,,,0.6259823860013444
5092,1001,13,5,0.55,0.2,1000,restricted_50,aggregation,0.6856360734030514,,,0.6273674867262369
5093,1001,13,5,0.55,0.2,1000,restricted_50,aggregation,0.687179181525997,,,0.6285223613192364
5094,1001,13,5,0.55,0.2,1000,restricted_50,aggregation,0.6850102061418252,,,0.6264961578544913
5095,1001,13,5,0.55,0.2,1000,restricted_50,aggregation,0.6851515765365669,,,0.6269580045802964
5096,1001,13,5,0.55,0.2,1000,restricted_50,aggregation,0.6848903943085938,,,0.6266096770282188
5097,1001,13,5,0.55,0.2,1000,restricted_50,aggregation,0.6846850214870818,,,0.6262546733436318
5098,1001,13,5,0.55,0.2,1000,restricted_50,aggregation,0.6854753217989151,,,0.6273263907157659
5099,1001,13,5,0.55,0.2,1000,restricted_50,aggregation,0.6853372479593235,,,0.6270114956417042
5100,1001,13,5,0.55,0.2,1000,restricted_50,aggregation,0.6850397479891217,,,0.6268593649329067
5101,1001,13,5,0.55,0.2,1000,restricted_50,aggregation,0.6849580617556903,,,0.626635597604556
5102,1001,13,5,0.55,0.2,1000,restricted_50,aggregation,0.6845725332987799,,,0.6269514259814261
5103,1001,13,5,0.55,0.2,1000,restricted_50,aggregation,0.686912392086387,,,0.628066066826692
5104,1001,13,5,0.55,0.2,1000,restricted_50,aggregation,0.6854880619996627,,,0.627786535779036
5105,1001,13,5,0.55,0.2,1000,restricted_50,aggregation,0.6861106290608543,,,0.6277668507958093
5106,1001,13,5,0.55,0.2,1000,restricted_50,aggregation,0.6849801978200378,,,0.6266768694191613
5107,1001,13,5,0.55,0.2,1000,restricted_50,aggregation,0.6848534750632601,,,0.6267170235782737
5108,1001,13,5,0.55,0.2,1000,restricted_50,aggregation,0.6858857830354386,,,0.6278192571163406
5109,1001,13,5,0.55,0.2,1000,restricted_50,aggregation,0.6875193474229102,,,0.6292053639107807
5110,1001,13,5,0.55,0.2,1000,restricted_50,aggregation,0.6862060926952959,,,0.6277405061759229
5111,1001,13,5,0.55,0.2,1000,restricted_50,aggregation,0.6845042097660526,,,0.6265443985027319
5112,1001,13,5,0.55,0.2,1000,restricted_50,aggregation,0.6857606174167565,,,0.6277035650306485
5113,1001,13,5,0.55,0.2,1000,restricted_50,aggregation,0.6866261957334109,,,0.6282852230485564
5114,1001,13,5,0.55,0.2,1000,restricted_50,aggregation,0.6872006735092159,,,0.6284396303850472
5115,1001,13,5,0.55,0.2,1000,restricted_50,aggregation,0.6869793770815128,,,0.6283957854105772
5116,1001,13,5,0.55,0.2,1000,restricted_50,aggregation,0.6843983582550307,,,0.6263050213366881
5117,1001,13,5,0.55,0.2,1000,restricted_50,aggregation,0.6858721769830319,,,0.6272933243454079
5118,1001,13,5,0.55,0.2,1000,restricted_50,aggregation,0.6839651944585046,,,0.6262180554553473
5119,1001,13,5,0.55,0.2,1000,restricted_50,aggregation,0.684268224036557,,,0.6259815640223975
5120,1001,13,5,0.55,0.2,1000,restricted_50,aggregation,0.6858333754133725,,,0.627147194595528
5121,1001,13,5,0.55,0.2,1000,restricted_50,aggregation,0.6863234617756874,,,0.6273422080080414
5122,1001,13,5,0.55,0.2,1000,restricted_50,aggregation,0.6859930623932617,,,0.6277057725376477
5123,1001,13,5,0.55,0.2,1000,restricted_50,aggregation,0.6863185544879375,,,0.6270980663086914
5124,1001,13,5,0.55,0.2,1000,restricted_50,aggregation,0.6852068733032907,,,0.627032979913605
5125,1001,13,5,0.55,0.2,1000,restricted_50,aggregation,0.6850209266315089,,,0.6266113070725572
5126,1001,13,5,0.55,0.2,1000,restricted_50,aggregation,0.6868254766458295,,,0.6283443594137345
5127,1001,13,5,0.55,0.2,1000,restricted_50,aggregation,0.6840328413370964,,,0.6261869028116946
5128,1001,13,5,0.55,0.2,1000,restricted_50,aggregation,0.6831441493815464,,,0.6255079539827457
5129,1001,13,5,0.55,0.2,1000,restricted_50,aggregation,0.6870368403071812,,,0.6289088832386751
5130,1001,13,5,0.55,0.2,1000,restricted_50,aggregation,0.6861720543789821,,,0.6278676388349306
5131,1001,13,5,0.55,0.2,1000,restricted_50,aggregation,0.6858114127114813,,,0.6272042379688215
5132,1001,13,5,0.55,0.2,1000,restricted_50,aggregation,0.685150363794332,,,0.6273073108296027
5133,1001,13,5,0.55,0.2,1000,restricted_50,aggregation,0.6838845393682108,,,0.6261182843082844
5134,1001,13,5,0.55,0.2,1000,restricted_50,aggregation,0.6848288906998309,,,0.6266602819865321
5135,1001,13,5,0.55,0.2,1000,restricted_50,aggregation,0.6863991260627225,,,0.6277187544322962
5136,1001,13,5,0.55,0.2,1000,restricted_50,aggregation,0.6867746039942564,,,0.6282706933113185
5137,1001,13,5,0.55,0.2,1000,restricted_50,aggregation,0.6853531274891917,,,0.6269663090381841
5138,1001,13,5,0.55,0.2,1000,restricted_50,aggregation,0.6856554996837987,,,0.6271668980016899
5139,1001,13,5,0.55,0.2,1000,restricted_50,aggregation,0.6854804314780721,,,0.6269051068221903
5140,1001,13,5,0.55,0.2,1000,restricted_50,aggregation,0.6866128161733707,,,0.6281962712596046
5141,1001,13,5,0.55,0.2,1000,restricted_50,aggregation,0.6844387136585003,,,0.6261003151015652
5142,1001,13,5,0.55,0.2,1000,restricted_50,aggregation,0.6850120698586161,,,0.6264248786167538
5143,1001,13,5,0.55,0.2,1000,restricted_50,aggregation,0.6854474169052936,,,0.6267258771398356
5144,1001,13,5,0.55,0.2,1000,restricted_50,aggregation,0.6858893959608946,,,0.6272806567814901
5145,1001,13,5,0.55,0.2,1000,restricted_50,aggregation,0.6856464567368145,,,0.6275429290154293
5146,1001,13,5,0.55,0.2,1000,restricted_50,aggregation,0.6854195983195089,,,0.6266671543656962
5147,1001,13,5,0.55,0.2,1000,restricted_50,aggregation,0.6851663542592469,,,0.6266928844997597
5148,1001,13,5,0.55,0.2,1000,restricted_50,aggregation,0.6845444671814268,,,0.6261549635935054
5149,1001,13,5,0.55,0.2,1000,restricted_50,aggregation,0.6844485065822508,,,0.6263211096542348
5150,1001,13,5,0.55,0.2,1000,restricted_50,aggregation,0.6857568522643838,,,0.6281278428130513
5151,1001,13,5,0.55,0.2,1000,restricted_50,aggregation,0.685196871653628,,,0.6270436353923855
5152,1001,13,5,0.55,0.2,1000,restricted_50,aggregation,0.6853248042797471,,,0.6275923157243991
5153,1001,13,5,0.55,0.2,1000,restricted_50,aggregation,0.6853592423084356,,,0.6272486187115355
5154,1001,13,5,0.55,0.2,1000,restricted_50,aggregation,0.6869662869978117,,,0.6279860229508147
5155,1001,13,5,0.55,0.2,1000,restricted_50,aggregation,0.6852715734161535,,,0.6267951797122632
5156,1001,13,5,0.55,0.2,1000,restricted_50,aggregation,0.6864627107016075,,,0.6278958499293917
5157,1001,13,5,0.55,0.2,1000,restricted_50,aggregation,0.6840241169355757,,,0.6261055216003135
5158,1001,13,5,0.55,0.2,1000,restricted_50,aggregation,0.686388763086753,,,0.6278056604660773
5159,1001,13,5,0.55,0.2,1000,restricted_50,aggregation,0.6857755971990971,,,0.6274304621998373
5160,1001,13,5,0.55,0.2,1000,restricted_50,aggregation,0.686350870224437,,,0.6286480979976815
5161,1001,13,5,0.55,0.2,1000,restricted_50,aggregation,0.6865572470702235,,,0.6284965055777557
5162,1001,13,5,0.55,0.2,1000,restricted_50,aggregation,0.6854840150687274,,,0.6269442727873978
5163,1001,13,5,0.55,0.2,1000,restricted_50,aggregation,0.6868173703902253,,,0.6278765403577905
5164,1001,13,5,0.55,0.2,1000,restricted_50,aggregation,0.6858125485810608,,,0.627461507551091
5165,1001,13,5,0.55,0.2,1000,restricted_50,aggregation,0.683908661488531,,,0.6261243111209779
5166,1001,13,5,0.55,0.2,1000,restricted_50,aggregation,0.6862146366985317,,,0.6278769158927493
5167,1001,13,5,0.55,0.2,1000,restricted_50,aggregation,0.6865731667944626,,,0.6286553803989222
5168,1001,13,5,0.55,0.2,1000,restricted_50,aggregation,0.6844470165454317,,,0.6266764717998053
5169,1001,13,5,0.55,0.2,1000,restricted_50,aggregation,0.6855616903249214,,,0.6276432722678557
5170,1001,13,5,0.55,0.2,1000,restricted_50,aggregation,0.6869580608685236,,,0.6285138096163098
5171,1001,13,5,0.55,0.2,1000,restricted_50,aggregation,0.684815784250741,,,0.6270360162830997
5172,1001,13,5,0.55,0.2,1000,restricted_50,aggregation,0.6861167488469244,,,0.6279144758173927
5173,1001,13,5,0.55,0.2,1000,restricted_50,aggregation,0.6848293709711399,,,0.6264726765133016
5174,1001,13,5,0.55,0.2,1000,restricted_50,aggregation,0.6841440591061372,,,0.6261597582278833
5175,1001,13,5,0.55,0.2,1000,restricted_50,aggregation,0.6856783208861248,,,0.6276133108403943
5176,1001,13,5,0.55,0.2,1000,restricted_50,aggregation,0.6853414493460498,,,0.6269628748874584
5177,1001,13,5,0.55,0.2,1000,restricted_50,aggregation,0.6845121081131397,,,0.62626023659982
5178,1001,13,5,0.55,0.2,1000,restricted_50,aggregation,0.686221114067828,,,0.6278516021709772
5179,1001,13,5,0.55,0.2,1000,restricted_50,aggregation,0.6850865960245822,,,0.6265915680153182
5180,1001,13,5,0.55,0.2,1000,restricted_50,aggregation,0.6851390787505962,,,0.6270351455257707
5181,1001,13,5,0.55,0.2,1000,restricted_50,aggregation,0.6867977554742449,,,0.6280988840480509
5182,1001,13,5,0.55,0.2,1000,restricted_50,aggregation,0.6848757350908259,,,0.6265176273263774
5183,1001,13,5,0.55,0.2,1000,restricted_50,aggregation,0.6850403171911391,,,0.6268570170416006
5184,1001,13,5,0.55,0.2,1000,restricted_50,aggregation,0.6874454515529228,,,0.6285777666161001
5185,1001,13,5,0.55,0.2,1000,restricted_50,aggregation,0.6854334351513973,,,0.6277017276473528
5186,1001,13,5,0.55,0.2,1000,restricted_50,aggregation,0.684277812580796,,,0.6263513374742543
5187,1001,13,5,0.55,0.2,1000,restricted_50,aggregation,0.6855377900985216,,,0.627077005910756
5188,1001,13,5,0.55,0.2,1000,restricted_50,aggregation,0.6845242066445494,,,0.626600922464881
5189,1001,13,5,0.55,0.2,1000,restricted_50,aggregation,0.6866623587399806,,,0.6276489195912115
5190,1001,13,5,0.55,0.2,1000,restricted_50,aggregation,0.6854275532823241,,,0.6264234648530483
5191,1001,13,5,0.55,0.2,1000,restricted_50,aggregation,0.6860019355537366,,,0.6274441801100135
5192,1001,13,5,0.55,0.2,1000,restricted_50,aggregation,0.6862665878578097,,,0.6278176444620195
5193,1001,13,5,0.55,0.2,1000,restricted_50,aggregation,0.6847753639468859,,,0.6260359077573662
5194,1001,13,5,0.55,0.2,1000,restricted_50,aggregation,0.6862326757783768,,,0.6277179582146251
5195,1001,13,5,0.55,0.2,1000,restricted_50,aggregation,0.6848171912170904,,,0.6265811939834858
5196,1001,13,5,0.55,0.2,1000,restricted_50,aggregation,0.6839158597508195,,,0.6259918614333199
5197,1001,13,5,0.55,0.2,1000,restricted_50,aggregation,0.6859516407529964,,,0.6275184522884524
5198,1001,13,5,0.55,0.2,1000,restricted_50,aggregation,0.6858275865311182,,,0.6269156844467263
5199,1001,13,5,0.55,0.2,1000,restricted_50,aggregation,0.686196861792279,,,0.6279165696032364
5200,1001,13,5,0.55,0.2,1000,restricted_50,aggregation,0.6846881055023107,,,0.6263124450318202
5201,1001,13,5,0.55,0.2,1000,restricted_50,aggregation,0.6846854286576814,,,0.6258590616790618
5202,1001,13,5,0.55,0.2,1000,restricted_50,aggregation,0.6860428726871105,,,0.627683243500327
5203,1001,13,5,0.55,0.2,1000,restricted_50,aggregation,0.6856279919531526,,,0.6273929429058597
5204,1001,13,5,0.55,0.2,1000,restricted_50,aggregation,0.6847593180982122,,,0.6266236311450896
5205,1001,13,5,0.55,0.2,1000,restricted_50,aggregation,0.6858417542590313,,,0.6270509580851249
5206,1001,13,5,0.55,0.2,1000,restricted_50,aggregation,0.6856936526192496,,,0.6274329488027407
5207,1001,13,5,0.55,0.2,1000,restricted_50,aggregation,0.6851931561377453,,,0.6271750444308779
5208,1001,13,5,0.55,0.2,1000,restricted_50,aggregation,0.6861394496493681,,,0.6276843530003948
5209,1001,13,5,0.55,0.2,1000,restricted_50,aggregation,0.6854476542265397,,,0.6267806071012323
5210,1001,13,5,0.55,0.2,1000,restricted_50,aggregation,0.686609386731115,,,0.6278049708085126
5211,1001,13,5,0.55,0.2,1000,restricted_50,aggregation,0.6860578039318745,,,0.6281946527084028
5212,1001,13,5,0.55,0.2,1000,restricted_50,aggregation,0.6867156747299802,,,0.628144290169707
5213,1001,13,5,0.55,0.2,1000,restricted_50,aggregation,0.6860839703687998,,,0.6277600437679606
5214,1001,13,5,0.55,0.2,1000,restricted_50,aggregation,0.6848250146004865,,,0.626809858212775
5215,1001,13,5,0.55,0.2,1000,restricted_50,aggregation,0.6858502053435491,,,0.6275269431571516
5216,1001,13,5,0.55,0.2,1000,restricted_50,aggregation,0.6849422950723872,,,0.6273222476443311
5217,1001,13,5,0.55,0.2,1000,restricted_50,aggregation,0.6854305613266861,,,0.6272486856584774
5218,1001,13,5,0.55,0.2,1000,restricted_50,aggregation,0.6867110151262887,,,0.6279926844143513
5219,1001,13,5,0.55,0.2,1000,restricted_50,aggregation,0.6867368603837364,,,0.6284877991915494
5220,1001,13,5,0.55,0.2,1000,restricted_50,aggregation,0.6839188439407373,,,0.6253969665057167
5221,1001,13,5,0.55,0.2,1000,restricted_50,aggregation,0.6844408012201408,,,0.626108330473539
5222,1001,13,5,0.55,0.2,1000,restricted_50,aggregation,0.6844063820585242,,,0.6266066363266365
5223,1001,13,5,0.55,0.2,1000,restricted_50,aggregation,0.6855527288984459,,,0.6274710733864901
5224,1001,13,5,0.55,0.2,1000,restricted_50,aggregation,0.6855160067704882,,,0.6277319663900914
5225,1001,13,5,0.55,0.2,1000,restricted_50,aggregation,0.6852703925762538,,,0.6269757589093007
5226,1001,13,5,0.55,0.2,1000,restricted_50,aggregation,0.6860920755663854,,,0.627958008503842
5227,1001,13,5,0.55,0.2,1000,restricted_50,aggregation,0.6854169855171962,,,0.6269979424741925
5228,1001,13,5,0.55,0.2,1000,restricted_50,aggregation,0.6849315833502158,,,0.6266809149029983
5229,1001,13,5,0.55,0.2,1000,restricted_50,aggregation,0.6870895402450673,,,0.6288260495677164
5230,1001,13,5,0.55,0.2,1000,restricted_50,aggregation,0.684800292123126,,,0.6264590870934622
5231,1001,13,5,0.55,0.2,1000,restricted_50,aggregation,0.6854195051912263,,,0.6270032461057462
5232,1001,13,5,0.55,0.2,1000,restricted_50,aggregation,0.6853679210028831,,,0.6270793444980947
5233,1001,13,5,0.55,0.2,1000,restricted_50,aggregation,0.6851660311907543,,,0.6266096854919773
5234,1001,13,5,0.55,0.2,1000,restricted_50,aggregation,0.6862896274251784,,,0.6280531593406594
5235,1001,13,5,0.55,0.2,1000,restricted_50,aggregation,0.6856135052264251,,,0.627697038910164
5236,1001,13,5,0.55,0.2,1000,restricted_50,aggregation,0.6843291376364348,,,0.6257780506299258
5237,1001,13,5,0.55,0.2,1000,restricted_50,aggregation,0.6832928706412941,,,0.6251336087600672
5238,1001,13,5,0.55,0.2,1000,restricted_50,aggregation,0.6864891906768388,,,0.6279308218941554
5239,1001,13,5,0.55,0.2,1000,restricted_50,aggregation,0.6858571621569778,,,0.6277105092284261
5240,1001,13,5,0.55,0.2,1000,restricted_50,aggregation,0.6850587640625563,,,0.6272199905804073
5241,1001,13,5,0.55,0.2,1000,restricted_50,aggregation,0.6853650625149138,,,0.6270849999691668
5242,1001,13,5,0.55,0.2,1000,restricted_50,aggregation,0.6859248172974518,,,0.6275570495939248
5243,1001,13,5,0.55,0.2,1000,restricted_50,aggregation,0.6868451379829442,,,0.6279032007421592
5244,1001,13,5,0.55,0.2,1000,restricted_50,aggregation,0.684744304992105,,,0.6268900045325047
5245,1001,13,5,0.55,0.2,1000,restricted_50,aggregation,0.6856944115888294,,,0.6278076625457878
5246,1001,13,5,0.55,0.2,1000,restricted_50,aggregation,0.6851425969973738,,,0.6267089650550067
5247,1001,13,5,0.55,0.2,1000,restricted_50,aggregation,0.6852889200658204,,,0.6269895827397911
5248,1001,13,5,0.55,0.2,1000,restricted_50,aggregation,0.6865370809760829,,,0.6281311373040541
5249,1001,13,5,0.55,0.2,1000,restricted_50,aggregation,0.6861508076899802,,,0.62746633140779
5250,1001,13,5,0.55,0.2,1000,restricted_50,aggregation,0.6850934070821135,,,0.6271070420243339
5251,1001,13,5,0.55,0.2,1000,restricted_50,aggregation,0.6861585854770252,,,0.6278417585346753
5252,1001,13,5,0.55,0.2,1000,restricted_50,aggregation,0.6845238891276823,,,0.6267428246907415
5253,1001,13,5,0.55,0.2,1000,restricted_50,aggregation,0.6840924930328971,,,0.6260879896492397
5254,1001,13,5,0.55,0.2,1000,restricted_50,aggregation,0.6848139051480644,,,0.6268927861721614
5255,1001,13,5,0.55,0.2,1000,restricted_50,aggregation,0.6853636008926859,,,0.6273864099095351
5256,1001,13,5,0.55,0.2,1000,restricted_50,aggregation,0.6862564653854312,,,0.6279154316362651
5257,1001,13,5,0.55,0.2,1000,restricted_50,aggregation,0.6862564596457482,,,0.627875577100369
5258,1001,13,5,0.55,0.2,1000,restricted_50,aggregation,0.6860189858403327,,,0.6278395578110163
5259,1001,13,5,0.55,0.2,1000,restricted_50,aggregation,0.685249205441563,,,0.6270860226270645
5260,1001,13,5,0.55,0.2,1000,restricted_50,aggregation,0.6846612097168207,,,0.6262739608770861
5261,1001,13,5,0.55,0.2,1000,restricted_50,aggregation,0.6859128591587793,,,0.6277433051439302
5262,1001,13,5,0.55,0.2,1000,restricted_50,aggregation,0.6859555623989846,,,0.627622932784808
5263,1001,13,5,0.55,0.2,1000,restricted_50,aggregation,0.6860880237407497,,,0.6279389739966824
5264,1001,13,5,0.55,0.2,1000,restricted_50,aggregation,0.6849465598246095,,,0.6264744468802804
5265,1001,13,5,0.55,0.2,1000,restricted_50,aggregation,0.6848836036547924,,,0.6266398331452498
5266,1001,13,5,0.55,0.2,1000,restricted_50,aggregation,0.6847299020472774,,,0.6264989466243633
5267,1001,13,5,0.55,0.2,1000,restricted_50,aggregation,0.684157354342009,,,0.6266413581403166
5268,1001,13,5,0.55,0.2,1000,restricted_50,aggregation,0.6849475786880187,,,0.6273717982480485
5269,1001,13,5,0.55,0.2,1000,restricted_50,aggregation,0.6859882721993645,,,0.6274192426015344
5270,1001,13,5,0.55,0.2,1000,restricted_50,aggregation,0.6855108277863505,,,0.6272718045303464
5271,1001,13,5,0.55,0.2,1000,restricted_50,aggregation,0.6864053850515995,,,0.6281892133637969
5272,1001,13,5,0.55,0.2,1000,restricted_50,aggregation,0.6865201446246244,,,0.6274571144596146
5273,1001,13,5,0.55,0.2,1000,restricted_50,aggregation,0.6845825226602805,,,0.6263304517164936
5274,1001,13,5,0.55,0.2,1000,restricted_50,aggregation,0.6854313643176291,,,0.626937904919155
5275,1001,13,5,0.55,0.2,1000,restricted_50,aggregation,0.6866678234652037,,,0.6281452959000876
5276,1001,13,5,0.55,0.2,1000,restricted_50,aggregation,0.6863138675480449,,,0.628251590161382
5277,1001,13,5,0.55,0.2,1000,restricted_50,aggregation,0.6852241168273187,,,0.6270143774050024
5278,1001,13,5,0.55,0.2,1000,restricted_50,aggregation,0.686193412372744,,,0.6274751834276835
5279,1001,13,5,0.55,0.2,1000,restricted_50,aggregation,0.6852256300776973,,,0.6273084024386109
5280,1001,13,5,0.55,0.2,1000,restricted_50,aggregation,0.6856417755117455,,,0.6277310551793887
5281,1001,13,5,0.55,0.2,1000,restricted_50,aggregation,0.6857615574528964,,,0.6270947112609614
5282,1001,13,5,0.55,0.2,1000,restricted_50,aggregation,0.6852900766248726,,,0.6269212945079613
5283,1001,13,5,0.55,0.2,1000,restricted_50,aggregation,0.6863505311455298,,,0.6277320646945649
5284,1001,13,5,0.55,0.2,1000,restricted_50,aggregation,0.6849649365111558,,,0.6267559566590818
5285,1001,13,5,0.55,0.2,1000,restricted_50,aggregation,0.685558662193124,,,0.6273715221892306
5286,1001,13,5,0.55,0.2,1000,restricted_50,aggregation,0.6850666177531227,,,0.6266729709410961
5287,1001,13,5,0.55,0.2,1000,restricted_50,aggregation,0.6857230336769176,,,0.6276662679296013
5288,1001,13,5,0.55,0.2,1000,restricted_50,aggregation,0.6872510946316067,,,0.6282055006875841
5289,1001,13,5,0.55,0.2,1000,restricted_50,aggregation,0.6844710721018914,,,0.6260363630119881
5290,1001,13,5,0.55,0.2,1000,restricted_50,aggregation,0.6842848985369974,,,0.6263288057467225
5291,1001,13,5,0.55,0.2,1000,restricted_50,aggregation,0.6872081886021588,,,0.6287549542355794
5292,1001,13,5,0.55,0.2,1000,restricted_50,aggregation,0.6874494440114546,,,0.6294860542852211
5293,1001,13,5,0.55,0.2,1000,restricted_50,aggregation,0.6864580766345947,,,0.6276962029097447
5294,1001,13,5,0.55,0.2,1000,restricted_50,aggregation,0.6845493535814094,,,0.626372980769231
5295,1001,13,5,0.55,0.2,1000,restricted_50,aggregation,0.6843452771164069,,,0.6263656649985818
5296,1001,13,5,0.55,0.2,1000,restricted_50,aggregation,0.6854599184542189,,,0.627320573415782
5297,1001,13,5,0.55,0.2,1000,restricted_50,aggregation,0.6855358062017517,,,0.6270544849517768
5298,1001,13,5,0.55,0.2,1000,restricted_50,aggregation,0.6876171349311181,,,0.6287187161603829
5299,1001,13,5,0.55,0.2,1000,restricted_50,aggregation,0.6869941530976255,,,0.629077133907759
5300,1001,13,5,0.55,0.2,1000,restricted_50,aggregation,0.6858713450103918,,,0.6278172861783279
5301,1001,13,5,0.55,0.2,1000,restricted_50,aggregation,0.6845042563182241,,,0.6261569016939851
5302,1001,13,5,0.55,0.2,1000,restricted_50,aggregation,0.6870800740456331,,,0.6280482797064049
5303,1001,13,5,0.55,0.2,1000,restricted_50,aggregation,0.685789585649619,,,0.6274956888327723
5304,1001,13,5,0.55,0.2,1000,restricted_50,aggregation,0.6853729499849346,,,0.6268729650287985
5305,1001,13,5,0.55,0.2,1000,restricted_50,aggregation,0.6864040199627989,,,0.6276508541766876
5306,1001,13,5,0.55,0.2,1000,restricted_50,aggregation,0.6862274865540545,,,0.6276395147213898
5307,1001,13,5,0.55,0.2,1000,restricted_50,aggregation,0.6865389434104543,,,0.6281360279304031
5308,1001,13,5,0.55,0.2,1000,restricted_50,aggregation,0.686181306326195,,,0.6277100246821081
5309,1001,13,5,0.55,0.2,1000,restricted_50,aggregation,0.6867290280795049,,,0.6278482625245128
5310,1001,13,5,0.55,0.2,1000,restricted_50,aggregation,0.6846505889135557,,,0.6263801345722181
5311,1001,13,5,0.55,0.2,1000,restricted_50,aggregation,0.6877635450553192,,,0.6287505778326613
5312,1001,13,5,0.55,0.2,1000,restricted_50,aggregation,0.686679941809911,,,0.6281890003592088
5313,1001,13,5,0.55,0.2,1000,restricted_50,aggregation,0.6853963344250642,,,0.6272904292081376
5314,1001,13,5,0.55,0.2,1000,restricted_50,aggregation,0.6866445782430076,,,0.6285511668038752
5315,1001,13,5,0.55,0.2,1000,restricted_50,aggregation,0.6845908718490356,,,0.6261693019788855
5316,1001,13,5,0.55,0.2,1000,restricted_50,aggregation,0.6853769982721484,,,0.6265095180668099
5317,1001,13,5,0.55,0.2,1000,restricted_50,aggregation,0.6845067316783426,,,0.6259447540885043
5318,1001,13,5,0.55,0.2,1000,restricted_50,aggregation,0.6875356790077719,,,0.6290078268182436
5319,1001,13,5,0.55,0.2,1000,restricted_50,aggregation,0.6850936463607888,,,0.6266008907373493
5320,1001,13,5,0.55,0.2,1000,restricted_50,aggregation,0.6861913610459459,,,0.6278564947012865
5321,1001,13,5,0.55,0.2,1000,restricted_50,aggregation,0.6858123526381582,,,0.6282759479255313
5322,1001,13,5,0.55,0.2,1000,restricted_50,aggregation,0.6845170085968162,,,0.6265832172534257
5323,1001,13,5,0.55,0.2,1000,restricted_50,aggregation,0.6849789642219717,,,0.6273547782926951
5324,1001,13,5,0.55,0.2,1000,restricted_50,aggregation,0.6844463177066334,,,0.626760169059336
5325,1001,13,5,0.55,0.2,1000,restricted_50,aggregation,0.68586482990638,,,0.6275940365036199
5326,1001,13,5,0.55,0.2,1000,restricted_50,aggregation,0.6859948060246147,,,0.6274669810898978
5327,1001,13,5,0.55,0.2,1000,restricted_50,aggregation,0.6855929391818056,,,0.6273708874150542
5328,1001,13,5,0.55,0.2,1000,restricted_50,aggregation,0.6851793998977721,,,0.6273171074064826
5329,1001,13,5,0.55,0.2,1000,restricted_50,aggregation,0.6875389784186653,,,0.6285522270399354
5330,1001,13,5,0.55,0.2,1000,restricted_50,aggregation,0.6862474233025477,,,0.6279149038307373
5331,1001,13,5,0.55,0.2,1000,restricted_50,aggregation,0.6857697637755777,,,0.6277831296712548
5332,1001,13,5,0.55,0.2,1000,restricted_50,aggregation,0.6870318777091711,,,0.6288813813578399
5333,1001,13,5,0.55,0.2,1000,restricted_50,aggregation,0.6837945995459195,,,0.6259724709241377
5334,1001,13,5,0.55,0.2,1000,restricted_50,aggregation,0.6864306132226318,,,0.6281208901746403
5335,1001,13,5,0.55,0.2,1000,restricted_50,aggregation,0.6873197625226122,,,0.6284858947148532
5336,1001,13,5,0.55,0.2,1000,restricted_50,aggregation,0.6862130217879624,,,0.627450283612992
5337,1001,13,5,0.55,0.2,1000,restricted_50,aggregation,0.6870884879426044,,,0.6281106158347826
5338,1001,13,5,0.55,0.2,1000,restricted_50,aggregation,0.6851116146777543,,,0.6268344739365574
5339,1001,13,5,0.55,0.2,1000,restricted_50,aggregation,0.6848671942295939,,,0.6268195398197484
5340,1001,13,5,0.55,0.2,1000,restricted_50,aggregation,0.6871468618184531,,,0.6284862879173297
5341,1001,13,5,0.55,0.2,1000,restricted_50,aggregation,0.686600027470577,,,0.6277770056255475
5342,1001,13,5,0.55,0.2,1000,restricted_50,aggregation,0.6851497899492216,,,0.6268879202818787
5343,1001,13,5,0.55,0.2,1000,restricted_50,aggregation,0.6867939083962066,,,0.6282588781126281
5344,1001,13,5,0.55,0.2,1000,restricted_50,aggregation,0.6841187731664686,,,0.6259170048778384
5345,1001,13,5,0.55,0.2,1000,restricted_50,aggregation,0.684269865751762,,,0.6266621574027825
5346,1001,13,5,0.55,0.2,1000,restricted_50,aggregation,0.6861622662803265,,,0.6276003901885153
5347,1001,13,5,0.55,0.2,1000,restricted_50,aggregation,0.6863106568940418,,,0.6283040691561527
5348,1001,13,5,0.55,0.2,1000,restricted_50,aggregation,0.6849510641305424,,,0.6269660096539265
5349,1001,13,5,0.55,0.2,1000,restricted_50,aggregation,0.6853360830952082,,,0.6272162527672946
5350,1001,13,5,0.55,0.2,1000,restricted_50,aggregation,0.6840277573906663,,,0.6261664786987705
5351,1001,13,5,0.55,0.2,1000,restricted_50,aggregation,0.6844058738799591,,,0.6262921674621675
5352,1001,13,5,0.55,0.2,1000,restricted_50,aggregation,0.6850125452880442,,,0.6269079446787781
5353,1001,13,5,0.55,0.2,1000,restricted_50,aggregation,0.685145965555795,,,0.6269280811241229
5354,1001,13,5,0.55,0.2,1000,restricted_50,aggregation,0.6845467036652925,,,0.6267765408819576
5355,1001,13,5,0.55,0.2,1000,restricted_50,aggregation,0.6860873119243102,,,0.6276647051174136
5356,1001,13,5,0.55,0.2,1000,restricted_50,aggregation,0.6861168930779687,,,0.6275866966135717
5357,1001,13,5,0.55,0.2,1000,restricted_50,aggregation,0.6846502440990286,,,0.6263546987040738
5358,1001,13,5,0.55,0.2,1000,restricted_50,aggregation,0.6851187965355566,,,0.6271293535168536
5359,1001,13,5,0.55,0.2,1000,restricted_50,aggregation,0.6854551962675055,,,0.627257327518161
5360,1001,13,5,0.55,0.2,1000,restricted_50,aggregation,0.6846731355408421,,,0.6265048302931637
5361,1001,13,5,0.55,0.2,1000,restricted_50,aggregation,0.6857980650764248,,,0.6275918547656049
5362,1001,13,5,0.55,0.2,1000,restricted_50,aggregation,0.6856806493187582,,,0.6272500754261172
5363,1001,13,5,0.55,0.2,1000,restricted_50,aggregation,0.6839532027665971,,,0.6265457851407853
5364,1001,13,5,0.55,0.2,1000,restricted_50,aggregation,0.6845199312825185,,,0.6264069690803026
5365,1001,13,5,0.55,0.2,1000,restricted_50,aggregation,0.686376740045551,,,0.62785504325921
5366,1001,13,5,0.55,0.2,1000,restricted_50,aggregation,0.6853903991707501,,,0.6271146226458727
5367,1001,13,5,0.55,0.2,1000,restricted_50,aggregation,0.6850058999522471,,,0.6269287878710796
5368,1001,13,5,0.55,0.2,1000,restricted_50,aggregation,0.6842175929380183,,,0.6261651107842777
5369,1001,13,5,0.55,0.2,1000,restricted_50,aggregation,0.6836156195972798,,,0.6259174800893552
5370,1001,13,5,0.55,0.2,1000,restricted_50,aggregation,0.6865280788907987,,,0.6277632554405472
5371,1001,13,5,0.55,0.2,1000,restricted_50,aggregation,0.6861226215258084,,,0.6271607980599649
5372,1001,13,5,0.55,0.2,1000,restricted_50,aggregation,0.6865546814155952,,,0.6278082451344953
5373,1001,13,5,0.55,0.2,1000,restricted_50,aggregation,0.6851903988978602,,,0.6268110448887534
5374,1001,13,5,0.55,0.2,1000,restricted_50,aggregation,0.6868558965405603,,,0.6281413696180365
5375,1001,13,5,0.55,0.2,1000,restricted_50,aggregation,0.685862246243613,,,0.6273828863883032
5376,1001,13,5,0.55,0.2,1000,restricted_50,aggregation,0.6854487657049512,,,0.6276374522237023
5377,1001,13,5,0.55,0.2,1000,restricted_50,aggregation,0.6850952933180866,,,0.6274512301201886
5378,1001,13,5,0.55,0.2,1000,restricted_50,aggregation,0.6866069662247375,,,0.6282300860327944
5379,1001,13,5,0.55,0.2,1000,restricted_50,aggregation,0.6847785235590937,,,0.6265402052345804
5380,1001,13,5,0.55,0.2,1000,restricted_50,aggregation,0.6858093598014274,,,0.6273583768469186
5381,1001,13,5,0.55,0.2,1000,restricted_50,aggregation,0.684796847738485,,,0.6265979593092095
5382,1001,13,5,0.55,0.2,1000,restricted_50,aggregation,0.6879293039046714,,,0.6289493549043551
5383,1001,13,5,0.55,0.2,1000,restricted_50,aggregation,0.6861063566535679,,,0.6277209453432372
5384,1001,13,5,0.55,0.2,1000,restricted_50,aggregation,0.6851772591438167,,,0.6267154624387958
5385,1001,13,5,0.55,0.2,1000,restricted_50,aggregation,0.6855321551779855,,,0.626861869503953
5386,1001,13,5,0.55,0.2,1000,restricted_50,aggregation,0.685035604901092,,,0.6270031121501956
5387,1001,13,5,0.55,0.2,1000,restricted_50,aggregation,0.6868659832440501,,,0.6285535464150049
5388,1001,13,5,0.55,0.2,1000,restricted_50,aggregation,0.6840780261411002,,,0.6263785859356693
5389,1001,13,5,0.55,0.2,1000,restricted_50,aggregation,0.6859862233644235,,,0.6277014990564992
5390,1001,13,5,0.55,0.2,1000,restricted_50,aggregation,0.6853435506783391,,,0.6276095270316104
5391,1001,13,5,0.55,0.2,1000,restricted_50,aggregation,0.6868575483529742,,,0.6283784079654914
5392,1001,13,5,0.55,0.2,1000,restricted_50,aggregation,0.6858010076306484,,,0.6279269240481742
5393,1001,13,5,0.55,0.2,1000,restricted_50,aggregation,0.6854369938163359,,,0.6268981094908179
5394,1001,13,5,0.55,0.2,1000,restricted_50,aggregation,0.6851696276987035,,,0.6266555600572268
5395,1001,13,5,0.55,0.2,1000,restricted_50,aggregation,0.6850771550611097,,,0.6267212276149777
5396,1001,13,5,0.55,0.2,1000,restricted_50,aggregation,0.685584579876129,,,0.6272789833931501
5397,1001,13,5,0.55,0.2,1000,restricted_50,aggregation,0.6860469002267692,,,0.6270539352160187
5398,1001,13,5,0.55,0.2,1000,restricted_50,aggregation,0.687811444977448,,,0.628475526225318
5399,1001,13,5,0.55,0.2,1000,restricted_50,aggregation,0.6855446714526986,,,0.6270661341744677
5400,1001,13,5,0.55,0.2,1000,restricted_50,aggregation,0.6862515237562681,,,0.6280109004113171
5401,1001,13,5,0.55,0.2,1000,restricted_50,aggregation,0.6861947509783302,,,0.6278378444318029
5402,1001,13,5,0.55,0.2,1000,restricted_50,aggregation,0.6848738166792407,,,0.6270059344513512
5403,1001,13,5,0.55,0.2,1000,restricted_50,aggregation,0.6854675762340398,,,0.6268618207872376
5404,1001,13,5,0.55,0.2,1000,restricted_50,aggregation,0.6855035680718323,,,0.6268436834924336
5405,1001,13,5,0.55,0.2,1000,restricted_50,aggregation,0.6869490563508964,,,0.628508450515534
5406,1001,13,5,0.55,0.2,1000,restricted_50,aggregation,0.6851542533656069,,,0.6272620827937495
5407,1001,13,5,0.55,0.2,1000,restricted_50,aggregation,0.6854444440682664,,,0.6268746130721132
5408,1001,13,5,0.55,0.2,1000,restricted_50,aggregation,0.6863138116114104,,,0.6278204077943663
5409,1001,13,5,0.55,0.2,1000,restricted_50,aggregation,0.6851945565534339,,,0.6267867506952924
5410,1001,13,5,0.55,0.2,1000,restricted_50,aggregation,0.6868091023096979,,,0.6278931684750435
5411,1001,13,5,0.55,0.2,1000,restricted_50,aggregation,0.6854331808153323,,,0.6272569744915579
5412,1001,13,5,0.55,0.2,1000,restricted_50,aggregation,0.6850148092381324,,,0.6273543676693677
5413,1001,13,5,0.55,0.2,1000,restricted_50,aggregation,0.6852770088085297,,,0.6275833454739707
5414,1001,13,5,0.55,0.2,1000,restricted_50,aggregation,0.683883710985871,,,0.6254054870669455
5415,1001,13,5,0.55,0.2,1000,restricted_50,aggregation,0.6855673882350072,,,0.6271445641087309
5416,1001,13,5,0.55,0.2,1000,restricted_50,aggregation,0.6855620649868912,,,0.627152570762571
5417,1001,13,5,0.55,0.2,1000,restricted_50,aggregation,0.6843314667633378,,,0.6262349556153723
5418,1001,13,5,0.55,0.2,1000,restricted_50,aggregation,0.685666556494627,,,0.6274000084791752
5419,1001,13,5,0.55,0.2,1000,restricted_50,aggregation,0.6848869704471249,,,0.6262630205905207
5420,1001,13,5,0.55,0.2,1000,restricted_50,aggregation,0.6848937366049132,,,0.6267998624909042
5421,1001,13,5,0.55,0.2,1000,restricted_50,aggregation,0.6860555834211086,,,0.6277566676302094
5422,1001,13,5,0.55,0.2,1000,restricted_50,aggregation,0.6855875634139955,,,0.6275599506434925
5423,1001,13,5,0.55,0.2,1000,restricted_50,aggregation,0.6855078244544367,,,0.6268844572865407
5424,1001,13,5,0.55,0.2,1000,restricted_50,aggregation,0.686047941947157,,,0.6275452064524983
5425,1001,13,5,0.55,0.2,1000,restricted_50,aggregation,0.6863763125876672,,,0.6279142268996437
5426,1001,13,5,0.55,0.2,1000,restricted_50,aggregation,0.6856688928293342,,,0.6273294349323517
5427,1001,13,5,0.55,0.2,1000,restricted_50,aggregation,0.6858429816986167,,,0.627649445585279
5428,1001,13,5,0.55,0.2,1000,restricted_50,aggregation,0.6861723353216059,,,0.6278222652578904
5429,1001,13,5,0.55,0.2,1000,restricted_50,aggregation,0.6855661570078396,,,0.627401837113504
5430,1001,13,5,0.55,0.2,1000,restricted_50,aggregation,0.6850141023254378,,,0.6271489798781468
5431,1001,13,5,0.55,0.2,1000,restricted_50,aggregation,0.6868509783630301,,,0.6282470985341821
5432,1001,13,5,0.55,0.2,1000,restricted_50,aggregation,0.6862728466603677,,,0.6274412557581308
5433,1001,13,5,0.55,0.2,1000,restricted_50,aggregation,0.6862321592469349,,,0.6269852510298345
5434,1001,13,5,0.55,0.2,1000,restricted_50,aggregation,0.6868645620159816,,,0.6278128548303551
5435,1001,13,5,0.55,0.2,1000,restricted_50,aggregation,0.6856901703415228,,,0.6276109385444804
5436,1001,13,5,0.55,0.2,1000,restricted_50,aggregation,0.6858510267494405,,,0.6279078101759352
5437,1001,13,5,0.55,0.2,1000,restricted_50,aggregation,0.684888556061623,,,0.6266388411357162
5438,1001,13,5,0.55,0.2,1000,restricted_50,aggregation,0.6861805029712452,,,0.6278607273590608
5439,1001,13,5,0.55,0.2,1000,restricted_50,aggregation,0.6865400896019491,,,0.6277817145354646
5440,1001,13,5,0.55,0.2,1000,restricted_50,aggregation,0.6863156394019195,,,0.6280053000548835
5441,1001,13,5,0.55,0.2,1000,restricted_50,aggregation,0.6845014466706365,,,0.6265261245159164
5442,1001,13,5,0.55,0.2,1000,restricted_50,aggregation,0.6854782996978438,,,0.626848356512315
5443,1001,13,5,0.55,0.2,1000,restricted_50,aggregation,0.6865663486653586,,,0.6289964984937902
5444,1001,13,5,0.55,0.2,1000,restricted_50,aggregation,0.6868366797994805,,,0.6277450640100641
5445,1001,13,5,0.55,0.2,1000,restricted_50,aggregation,0.6852143368862931,,,0.626790853482937
5446,1001,13,5,0.55,0.2,1000,restricted_50,aggregation,0.6864267180144114,,,0.6280524863716532
5447,1001,13,5,0.55,0.2,1000,restricted_50,aggregation,0.6869034869424269,,,0.6286645842660428
5448,1001,13,5,0.55,0.2,1000,restricted_50,aggregation,0.6851506707020465,,,0.6269368840804258
5449,1001,13,5,0.55,0.2,1000,restricted_50,aggregation,0.6866846645632659,,,0.6278949812533147
5450,1001,13,5,0.55,0.2,1000,restricted_50,aggregation,0.685566219940501,,,0.627121367575326
5451,1001,13,5,0.55,0.2,1000,restricted_50,aggregation,0.6848352602482063,,,0.6265745398968317
5452,1001,13,5,0.55,0.2,1000,restricted_50,aggregation,0.685743809453219,,,0.6275652407160742
5453,1001,13,5,0.55,0.2,1000,restricted_50,aggregation,0.686637018482108,,,0.6276044885207387
5454,1001,13,5,0.55,0.2,1000,restricted_50,aggregation,0.6848034927419138,,,0.6268843538637291
5455,1001,13,5,0.55,0.2,1000,restricted_50,aggregation,0.686234948265819,,,0.6276325175981428
5456,1001,13,5,0.55,0.2,1000,restricted_50,aggregation,0.68785298748024,,,0.6288699733908069
5457,1001,13,5,0.55,0.2,1000,restricted_50,aggregation,0.6850690144273158,,,0.6269484656701324
5458,1001,13,5,0.55,0.2,1000,restricted_50,aggregation,0.6848925978122272,,,0.6266537042355794
5459,1001,13,5,0.55,0.2,1000,restricted_50,aggregation,0.685378503219915,,,0.6274687822131574
5460,1001,13,5,0.55,0.2,1000,restricted_50,aggregation,0.6864482849750414,,,0.6280611770328439
5461,1001,13,5,0.55,0.2,1000,restricted_50,aggregation,0.6862895549712633,,,0.6278635692702361
5462,1001,13,5,0.55,0.2,1000,restricted_50,aggregation,0.685535650621006,,,0.6277300300779469
5463,1001,13,5,0.55,0.2,1000,restricted_50,aggregation,0.6853392509761743,,,0.627051742208409
5464,1001,13,5,0.55,0.2,1000,restricted_50,aggregation,0.684571206476412,,,0.6263560859896278
5465,1001,13,5,0.55,0.2,1000,restricted_50,aggregation,0.6850348027350195,,,0.6264757003413255
5466,1001,13,5,0.55,0.2,1000,restricted_50,aggregation,0.6868897503680069,,,0.6288335030093365
5467,1001,13,5,0.55,0.2,1000,restricted_50,aggregation,0.6848433892921817,,,0.6267244094794095
5468,1001,13,5,0.55,0.2,1000,restricted_50,aggregation,0.6875949094511393,,,0.6288842056092058
5469,1001,13,5,0.55,0.2,1000,restricted_50,aggregation,0.6844969116144461,,,0.6267270405982907
5470,1001,13,5,0.55,0.2,1000,restricted_50,aggregation,0.6855437358807912,,,0.6272366634137468
5471,1001,13,5,0.55,0.2,1000,restricted_50,aggregation,0.687401685334942,,,0.6285585209620629
5472,1001,13,5,0.55,0.2,1000,restricted_50,aggregation,0.6861988912128244,,,0.6269097824629075
5473,1001,13,5,0.55,0.2,1000,restricted_50,aggregation,0.6843056675414675,,,0.6262655560026394
5474,1001,13,5,0.55,0.2,1000,restricted_50,aggregation,0.6849354329053229,,,0.6269134619470037
5475,1001,13,5,0.55,0.2,1000,restricted_50,aggregation,0.6853338311976532,,,0.6268893593906095
5476,1001,13,5,0.55,0.2,1000,restricted_50,aggregation,0.6860119169483242,,,0.6277027773384025
5477,1001,13,5,0.55,0.2,1000,restricted_50,aggregation,0.6838512847922891,,,0.6261353570118154
5478,1001,13,5,0.55,0.2,1000,restricted_50,aggregation,0.686184404083393,,,0.6283262706506458
5479,1001,13,5,0.55,0.2,1000,restricted_50,aggregation,0.6860693194007087,,,0.6272263499926002
5480,1001,13,5,0.55,0.2,1000,restricted_50,aggregation,0.6845533974951366,,,0.6266448306323307
5481,1001,13,5,0.55,0.2,1000,restricted_50,aggregation,0.6860169736984036,,,0.6275064285637204
5482,1001,13,5,0.55,0.2,1000,restricted_50,aggregation,0.6861125069128304,,,0.6270761445498947
5483,1001,13,5,0.55,0.2,1000,restricted_50,aggregation,0.6846272008574652,,,0.6258479068385321
5484,1001,13,5,0.55,0.2,1000,restricted_50,aggregation,0.6859031084021304,,,0.6278134807013976
5485,1001,13,5,0.55,0.2,1000,restricted_50,aggregation,0.6842148262198453,,,0.6260860302274887
5486,1001,13,5,0.55,0.2,1000,restricted_50,aggregation,0.6860003279484833,,,0.6273492526763362
5487,1001,13,5,0.55,0.2,1000,restricted_50,aggregation,0.6847426042943217,,,0.6266037601750103
5488,1001,13,5,0.55,0.2,1000,restricted_50,aggregation,0.685172258888898,,,0.6269621403673489
5489,1001,13,5,0.55,0.2,1000,restricted_50,aggregation,0.686924579235597,,,0.6284195218593136
5490,1001,13,5,0.55,0.2,1000,restricted_50,aggregation,0.6849416617366791,,,0.6265356854411023
5491,1001,13,5,0.55,0.2,1000,restricted_50,aggregation,0.684129598086233,,,0.6263023121631457
5492,1001,13,5,0.55,0.2,1000,restricted_50,aggregation,0.6870758442687679,,,0.6283238388771724
5493,1001,13,5,0.55,0.2,1000,restricted_50,aggregation,0.6848275936797544,,,0.6269663087838089
5494,1001,13,5,0.55,0.2,1000,restricted_50,aggregation,0.6850613756214682,,,0.6266935119047621
5495,1001,13,5,0.55,0.2,1000,restricted_50,aggregation,0.68530575204505,,,0.6272975602406853
5496,1001,13,5,0.55,0.2,1000,restricted_50,aggregation,0.6866920018559969,,,0.6282990943701363
5497,1001,13,5,0.55,0.2,1000,restricted_50,aggregation,0.6847725928855356,,,0.6266876506286924
5498,1001,13,5,0.55,0.2,1000,restricted_50,aggregation,0.6858736091086843,,,0.6270658366864619
5499,1001,13,5,0.55,0.2,1000,restricted_50,aggregation,0.6861457453188078,,,0.6276343634374885
5500,1001,13,5,0.55,0.2,1000,restricted_50,aggregation,0.6846701723409738,,,0.62674212818817
5501,1001,13,5,0.55,0.2,1000,restricted_50,aggregation,0.6863562017434085,,,0.6281061969897388
5502,1001,13,5,0.55,0.2,1000,restricted_50,aggregation,0.6866392727793071,,,0.6280097644716396
5503,1001,13,5,0.55,0.2,1000,restricted_50,aggregation,0.6857963078421023,,,0.6271725749944501
5504,1001,13,5,0.55,0.2,1000,restricted_50,aggregation,0.6851637199783034,,,0.6267663643301145
5505,1001,13,5,0.55,0.2,1000,restricted_50,aggregation,0.6855514568976955,,,0.627194661256953
5506,1001,13,5,0.55,0.2,1000,restricted_50,aggregation,0.6857718237114299,,,0.6272659619624203
5507,1001,13,5,0.55,0.2,1000,restricted_50,aggregation,0.6845823903957535,,,0.627031288850039
5508,1001,13,5,0.55,0.2,1000,restricted_50,aggregation,0.685067164571411,,,0.626594990480199
5509,1001,13,5,0.55,0.2,1000,restricted_50,aggregation,0.6842832629278622,,,0.6266402619679704
5510,1001,13,5,0.55,0.2,1000,restricted_50,aggregation,0.6857014013311659,,,0.6270194476356977
5511,1001,13,5,0.55,0.2,1000,restricted_50,aggregation,0.6846397568519162,,,0.6266558210539462
5512,1001,13,5,0.55,0.2,1000,restricted_50,aggregation,0.6833900705828012,,,0.6254409223338391
5513,1001,13,5,0.55,0.2,1000,restricted_50,aggregation,0.686094700982227,,,0.6276500398829566
5514,1001,13,5,0.55,0.2,1000,restricted_50,aggregation,0.6849829245360544,,,0.6264269053554471
5515,1001,13,5,0.55,0.2,1000,restricted_50,aggregation,0.686029619759938,,,0.6282732410259495
5516,1001,13,5,0.55,0.2,1000,restricted_50,aggregation,0.6861743132825561,,,0.6277072807747809
5517,1001,13,5,0.55,0.2,1000,restricted_50,aggregation,0.6870844644981331,,,0.6281041176493262
5518,1001,13,5,0.55,0.2,1000,restricted_50,aggregation,0.6854155778148037,,,0.626733062277229
5519,1001,13,5,0.55,0.2,1000,restricted_50,aggregation,0.6861669955143308,,,0.627784453131745
5520,1001,13,5,0.55,0.2,1000,restricted_50,aggregation,0.687154094140848,,,0.6285914859369028
5521,1001,13,5,0.55,0.2,1000,restricted_50,aggregation,0.6857088106995645,,,0.6267532347359431
5522,1001,13,5,0.55,0.2,1000,restricted_50,aggregation,0.6870042205951925,,,0.6285026176138676
5523,1001,13,5,0.55,0.2,1000,restricted_50,aggregation,0.6841489354455921,,,0.6263027354281522
5524,1001,13,5,0.55,0.2,1000,restricted_50,aggregation,0.6841936927397211,,,0.6263397905027074
5525,1001,13,5,0.55,0.2,1000,restricted_50,aggregation,0.6865655222187561,,,0.6280165330888249
5526,1001,13,5,0.55,0.2,1000,restricted_50,aggregation,0.6861832574148021,,,0.6279960634041887
5527,1001,13,5,0.55,0.2,1000,restricted_50,aggregation,0.6856191466707132,,,0.627490196046238
5528,1001,13,5,0.55,0.2,1000,restricted_50,aggregation,0.6860199963813262,,,0.6272247943877113
5529,1001,13,5,0.55,0.2,1000,restricted_50,aggregation,0.685115501403684,,,0.6266957420126172
5530,1001,13,5,0.55,0.2,1000,restricted_50,aggregation,0.684794608815121,,,0.626687576751952
5531,1001,13,5,0.55,0.2,1000,restricted_50,aggregation,0.6857545293980811,,,0.6277109107713277
5532,1001,13,5,0.55,0.2,1000,restricted_50,aggregation,0.6868012969704222,,,0.6280191624579126
5533,1001,13,5,0.55,0.2,1000,restricted_50,aggregation,0.6848996276352709,,,0.6268722062967899
5534,1001,13,5,0.55,0.2,1000,restricted_50,aggregation,0.6850729681419911,,,0.6277778156488575
5535,1001,13,5,0.55,0.2,1000,restricted_50,aggregation,0.6833282555594367,,,0.625543523952899
5536,1001,13,5,0.55,0.2,1000,restricted_50,aggregation,0.6851121092885027,,,0.6270309048744467
5537,1001,13,5,0.55,0.2,1000,restricted_50,aggregation,0.6862191249677491,,,0.6280531192033276
5538,1001,13,5,0.55,0.2,1000,restricted_50,aggregation,0.6849521085689356,,,0.6268946940482358
5539,1001,13,5,0.55,0.2,1000,restricted_50,aggregation,0.685511144837447,,,0.6268525758346593
5540,1001,13,5,0.55,0.2,1000,restricted_50,aggregation,0.6848696150103687,,,0.6265665157758908
5541,1001,13,5,0.55,0.2,1000,restricted_50,aggregation,0.6845466244237101,,,0.6264693600381102
5542,1001,13,5,0.55,0.2,1000,restricted_50,aggregation,0.6857170609984226,,,0.6276065540863459
5543,1001,13,5,0.55,0.2,1000,restricted_50,aggregation,0.6860577402503927,,,0.6276579252923005
5544,1001,13,5,0.55,0.2,1000,restricted_50,aggregation,0.6853263115700181,,,0.6278597548130883
5545,1001,13,5,0.55,0.2,1000,restricted_50,aggregation,0.686554015392241,,,0.6280290646776066
5546,1001,13,5,0.55,0.2,1000,restricted_50,aggregation,0.6858545818163352,,,0.6276928523868108
5547,1001,13,5,0.55,0.2,1000,restricted_50,aggregation,0.6850977685858815,,,0.62718520979021
5548,1001,13,5,0.55,0.2,1000,restricted_50,aggregation,0.6866884423956487,,,0.6283620718170719
5549,1001,13,5,0.55,0.2,1000,restricted_50,aggregation,0.6868572733324523,,,0.6282830666864002
5550,1001,13,5,0.55,0.2,1000,restricted_50,aggregation,0.6857788468109737,,,0.6275810488739657
5551,1001,13,5,0.55,0.2,1000,restricted_50,aggregation,0.6840860148421047,,,0.6264376706318375
5552,1001,13,5,0.55,0.2,1000,restricted_50,aggregation,0.6872853237215808,,,0.6284637389462392
5553,1001,13,5,0.55,0.2,1000,restricted_50,aggregation,0.6857057073668589,,,0.6276644857149025
5554,1001,13,5,0.55,0.2,1000,restricted_50,aggregation,0.6855922448578248,,,0.6273313758849177
5555,1001,13,5,0.55,0.2,1000,restricted_50,aggregation,0.6845209921845067,,,0.6266961903528571
5556,1001,13,5,0.55,0.2,1000,restricted_50,aggregation,0.6860844085585781,,,0.6279406348589682
5557,1001,13,5,0.55,0.2,1000,restricted_50,aggregation,0.6855961032940717,,,0.6270370334141169
5558,1001,13,5,0.55,0.2,1000,restricted_50,aggregation,0.686308276077952,,,0.6282050423110841
5559,1001,13,5,0.55,0.2,1000,restricted_50,aggregation,0.6863733653951012,,,0.6281361776572195
5560,1001,13,5,0.55,0.2,1000,restricted_50,aggregation,0.6869221807315139,,,0.6284777028604113
5561,1001,13,5,0.55,0.2,1000,restricted_50,aggregation,0.6867025825461323,,,0.6276656086429004
5562,1001,13,5,0.55,0.2,1000,restricted_50,aggregation,0.6851140933275127,,,0.6269429415569001
5563,1001,13,5,0.55,0.2,1000,restricted_50,aggregation,0.6853520331442813,,,0.6270924781699783
5564,1001,13,5,0.55,0.2,1000,restricted_50,aggregation,0.6857067721285725,,,0.6274826982508234
5565,1001,13,5,0.55,0.2,1000,restricted_50,aggregation,0.685885808839142,,,0.627673694168486
5566,1001,13,5,0.55,0.2,1000,restricted_50,aggregation,0.6856046145420152,,,0.6269079867431951
5567,1001,13,5,0.55,0.2,1000,restricted_50,aggregation,0.6835076105085806,,,0.62597345164866
5568,1001,13,5,0.55,0.2,1000,restricted_50,aggregation,0.6863769567395301,,,0.627546209246001
5569,1001,13,5,0.55,0.2,1000,restricted_50,aggregation,0.6851901049459869,,,0.6267127490025408
5570,1001,13,5,0.55,0.2,1000,restricted_50,aggregation,0.6843125302880967,,,0.6261936335809253
5571,1001,13,5,0.55,0.2,1000,restricted_50,aggregation,0.6854305169686883,,,0.6268254842379842
5572,1001,13,5,0.55,0.2,1000,restricted_50,aggregation,0.6840266967948799,,,0.6264212148576734
5573,1001,13,5,0.55,0.2,1000,restricted_50,aggregation,0.6868033319320042,,,0.628084969667678
5574,1001,13,5,0.55,0.2,1000,restricted_50,aggregation,0.6864926067744602,,,0.6278534968349553
5575,1001,13,5,0.55,0.2,1000,restricted_50,aggregation,0.6849275621708709,,,0.6267820665214416
5576,1001,13,5,0.55,0.2,1000,restricted_50,aggregation,0.6852228457218059,,,0.626850822811448
5577,1001,13,5,0.55,0.2,1000,restricted_50,aggregation,0.6843228526320466,,,0.6261414276464278
5578,1001,13,5,0.55,0.2,1000,restricted_50,aggregation,0.6848103306396878,,,0.626404946635155
5579,1001,13,5,0.55,0.2,1000,restricted_50,aggregation,0.6861771334175064,,,0.6276488704813706
5580,1001,13,5,0.55,0.2,1000,restricted_50,aggregation,0.685081681773987,,,0.6268380655763991
5581,1001,13,5,0.55,0.2,1000,restricted_50,aggregation,0.685730163629924,,,0.627077843306385
5582,1001,13,5,0.55,0.2,1000,restricted_50,aggregation,0.685696381993133,,,0.6271692432182017
5583,1001,13,5,0.55,0.2,1000,restricted_50,aggregation,0.685340816799561,,,0.6273768880733466
5584,1001,13,5,0.55,0.2,1000,restricted_50,aggregation,0.6867084907487636,,,0.6286976793885128
5585,1001,13,5,0.55,0.2,1000,restricted_50,aggregation,0.6866251209678131,,,0.6282375893782145
5586,1001,13,5,0.55,0.2,1000,restricted_50,aggregation,0.6864550997934801,,,0.6277239157832909
5587,1001,13,5,0.55,0.2,1000,restricted_50,aggregation,0.685655876646461,,,0.6271864620564622
5588,1001,13,5,0.55,0.2,1000,restricted_50,aggregation,0.6853317976868022,,,0.6265374454711956
5589,1001,13,5,0.55,0.2,1000,restricted_50,aggregation,0.6854768781754466,,,0.6268736116198618
5590,1001,13,5,0.55,0.2,1000,restricted_50,aggregation,0.6859662964641129,,,0.627224216123383
5591,1001,13,5,0.55,0.2,1000,restricted_50,aggregation,0.6860822127231322,,,0.627678436162603
5592,1001,13,5,0.55,0.2,1000,restricted_50,aggregation,0.6838883886702664,,,0.6262626019659354
5593,1001,13,5,0.55,0.2,1000,restricted_50,aggregation,0.6865716696014076,,,0.6281832357765692
5594,1001,13,5,0.55,0.2,1000,restricted_50,aggregation,0.685282559314733,,,0.6272329333937668
5595,1001,13,5,0.55,0.2,1000,restricted_50,aggregation,0.6837195758417136,,,0.6259217700586451
5596,1001,13,5,0.55,0.2,1000,restricted_50,aggregation,0.6837127442079297,,,0.626321333874459
5597,1001,13,5,0.55,0.2,1000,restricted_50,aggregation,0.6859531226275285,,,0.6276243255818257
5598,1001,13,5,0.55,0.2,1000,restricted_50,aggregation,0.6848759592609495,,,0.6268415870009622
5599,1001,13,5,0.55,0.2,1000,restricted_50,aggregation,0.6866938626984258,,,0.6283925747092415
5600,1001,13,5,0.55,0.2,1000,restricted_50,aggregation,0.6854362294547183,,,0.6273102303714804
5601,1001,13,5,0.55,0.2,1000,restricted_50,aggregation,0.684828171726855,,,0.6269756132910301
5602,1001,13,5,0.55,0.2,1000,restricted_50,aggregation,0.6845418298623003,,,0.626767614522823
5603,1001,13,5,0.55,0.2,1000,restricted_50,aggregation,0.6849016905082735,,,0.6268589094855762
5604,1001,13,5,0.55,0.2,1000,restricted_50,aggregation,0.6858918547555298,,,0.6269560509475095
5605,1001,13,5,0.55,0.2,1000,restricted_50,aggregation,0.6841260350369875,,,0.6257876283361701
5606,1001,13,5,0.55,0.2,1000,restricted_50,aggregation,0.6849650188039078,,,0.6269844033821118
5607,1001,13,5,0.55,0.2,1000,restricted_50,aggregation,0.6859495556996316,,,0.6273190308148643
5608,1001,13,5,0.55,0.2,1000,restricted_50,aggregation,0.6857006636895664,,,0.627472117404201
5609,1001,13,5,0.55,0.2,1000,restricted_50,aggregation,0.6848371627990401,,,0.626613213645922
5610,1001,13,5,0.55,0.2,1000,restricted_50,aggregation,0.6844104022771387,,,0.6265825451477536
5611,1001,13,5,0.55,0.2,1000,restricted_50,aggregation,0.6865795420224069,,,0.6279700478071313
5612,1001,13,5,0.55,0.2,1000,restricted_50,aggregation,0.6863310507544401,,,0.6276567051389969
5613,1001,13,5,0.55,0.2,1000,restricted_50,aggregation,0.6863185332400903,,,0.6277571111296112
5614,1001,13,5,0.55,0.2,1000,restricted_50,aggregation,0.6864035633416377,,,0.6278423702300787
5615,1001,13,5,0.55,0.2,1000,restricted_50,aggregation,0.6847370335189492,,,0.6263417040135791
5616,1001,13,5,0.55,0.2,1000,restricted_50,aggregation,0.6852067429418442,,,0.6265605223017724
5617,1001,13,5,0.55,0.2,1000,restricted_50,aggregation,0.6850601936324613,,,0.6268979930177848
5618,1001,13,5,0.55,0.2,1000,restricted_50,aggregation,0.6864415045350553,,,0.6275958232739484
5619,1001,13,5,0.55,0.2,1000,restricted_50,aggregation,0.6859796600977329,,,0.6276006493583578
5620,1001,13,5,0.55,0.2,1000,restricted_50,aggregation,0.6851685106785531,,,0.6271218986646071
5621,1001,13,5,0.55,0.2,1000,restricted_50,aggregation,0.6858471292277918,,,0.6278271183908686
5622,1001,13,5,0.55,0.2,1000,restricted_50,aggregation,0.6858943464545514,,,0.6271516387701805
5623,1001,13,5,0.55,0.2,1000,restricted_50,aggregation,0.6864074720370071,,,0.6279460994715163
5624,1001,13,5,0.55,0.2,1000,restricted_50,aggregation,0.6869212996498937,,,0.6281726727593395
5625,1001,13,5,0.55,0.2,1000,restricted_50,aggregation,0.684584272355545,,,0.6264461693861695
5626,1001,13,5,0.55,0.2,1000,restricted_50,aggregation,0.6839704421989107,,,0.6263099109301195
5627,1001,13,5,0.55,0.2,1000,restricted_50,aggregation,0.6858389229731044,,,0.6276078117021868
5628,1001,13,5,0.55,0.2,1000,restricted_50,aggregation,0.6869996103956194,,,0.6288635829833747
5629,1001,13,5,0.55,0.2,1000,restricted_50,aggregation,0.68664859325637,,,0.628218010423219
5630,1001,13,5,0.55,0.2,1000,restricted_50,aggregation,0.6853815353195744,,,0.6271835833225418
5631,1001,13,5,0.55,0.2,1000,restricted_50,aggregation,0.6851674800959088,,,0.6270136304667555
5632,1001,13,5,0.55,0.2,1000,restricted_50,aggregation,0.6863401294143061,,,0.6278686258109175
5633,1001,13,5,0.55,0.2,1000,restricted_50,aggregation,0.685832061416456,,,0.6275539250564252
5634,1001,13,5,0.55,0.2,1000,restricted_50,aggregation,0.6857894305629152,,,0.6275719302302638
5635,1001,13,5,0.55,0.2,1000,restricted_50,aggregation,0.6864326210526569,,,0.6287424793878961
5636,1001,13,5,0.55,0.2,1000,restricted_50,aggregation,0.6862127694729229,,,0.6279653483861819
5637,1001,13,5,0.55,0.2,1000,restricted_50,aggregation,0.6859467483522745,,,0.6277667947638782
5638,1001,13,5,0.55,0.2,1000,restricted_50,aggregation,0.6842980460451223,,,0.6263699809758144
5639,1001,13,5,0.55,0.2,1000,restricted_50,aggregation,0.6849046108611847,,,0.6269065774117859
5640,1001,13,5,0.55,0.2,1000,restricted_50,aggregation,0.6844893019085315,,,0.6267901947049864
5641,1001,13,5,0.55,0.2,1000,restricted_50,aggregation,0.6864599598430553,,,0.6280149350649352
5642,1001,13,5,0.55,0.2,1000,restricted_50,aggregation,0.685576191869964,,,0.6274315163308913
5643,1001,13,5,0.55,0.2,1000,restricted_50,aggregation,0.6859325803714494,,,0.6275837689085607
5644,1001,13,5,0.55,0.2,1000,restricted_50,aggregation,0.6856959759628871,,,0.6268379321758489
5645,1001,13,5,0.55,0.2,1000,restricted_50,aggregation,0.6843142546518364,,,0.6260293208257793
5646,1001,13,5,0.55,0.2,1000,restricted_50,aggregation,0.6849229074644346,,,0.6275542620342621
5647,1001,13,5,0.55,0.2,1000,restricted_50,aggregation,0.6858291035412077,,,0.6279626076469829
5648,1001,13,5,0.55,0.2,1000,restricted_50,aggregation,0.6861520808477318,,,0.627205854592938
5649,1001,13,5,0.55,0.2,1000,restricted_50,aggregation,0.6862972414122941,,,0.628135450552534
5650,1001,13,5,0.55,0.2,1000,restricted_50,aggregation,0.6856673426134872,,,0.6273657428297014
5651,1001,13,5,0.55,0.2,1000,restricted_50,aggregation,0.6854209888443858,,,0.6268179077018662
5652,1001,13,5,0.55,0.2,1000,restricted_50,aggregation,0.685959274784593,,,0.6273935521577189
5653,1001,13,5,0.55,0.2,1000,restricted_50,aggregation,0.6866008162364189,,,0.6277438025863028
5654,1001,13,5,0.55,0.2,1000,restricted_50,aggregation,0.6870237113438374,,,0.627979413942539
5655,1001,13,5,0.55,0.2,1000,restricted_50,aggregation,0.6858154762020117,,,0.6272265226979811
5656,1001,13,5,0.55,0.2,1000,restricted_50,aggregation,0.6846315076527073,,,0.626933054183471
5657,1001,13,5,0.55,0.2,1000,restricted_50,aggregation,0.6848276166686709,,,0.6265811228817479
5658,1001,13,5,0.55,0.2,1000,restricted_50,aggregation,0.6866349032257408,,,0.6280931683748351
5659,1001,13,5,0.55,0.2,1000,restricted_50,aggregation,0.6852003385081764,,,0.6269132569359653
5660,1001,13,5,0.55,0.2,1000,restricted_50,aggregation,0.6855642149564075,,,0.627125979830355
5661,1001,13,5,0.55,0.2,1000,restricted_50,aggregation,0.6847061572819318,,,0.6269271992667828
5662,1001,13,5,0.55,0.2,1000,restricted_50,aggregation,0.6854557856553356,,,0.6271378497890998
5663,1001,13,5,0.55,0.2,1000,restricted_50,aggregation,0.6855880577456966,,,0.627491377226169
5664,1001,13,5,0.55,0.2,1000,restricted_50,aggregation,0.6868605620235625,,,0.6278311154431989
5665,1001,13,5,0.55,0.2,1000,restricted_50,aggregation,0.6851546250197917,,,0.6271078227019894
5666,1001,13,5,0.55,0.2,1000,restricted_50,aggregation,0.6858805359958804,,,0.6276340938074272
5667,1001,13,5,0.55,0.2,1000,restricted_50,aggregation,0.6864848522919924,,,0.6273653248757417
5668,1001,13,5,0.55,0.2,1000,restricted_50,aggregation,0.6857431772298372,,,0.6271462902683737
5669,1001,13,5,0.55,0.2,1000,restricted_50,aggregation,0.6847991874453948,,,0.6264813152433987
5670,1001,13,5,0.55,0.2,1000,restricted_50,aggregation,0.6856929418474622,,,0.6273491643618727
5671,1001,13,5,0.55,0.2,1000,restricted_50,aggregation,0.6843862146656353,,,0.6265887790681542
5672,1001,13,5,0.55,0.2,1000,restricted_50,aggregation,0.6851600437198152,,,0.6273555640347308
5673,1001,13,5,0.55,0.2,1000,restricted_50,aggregation,0.685228305857757,,,0.6268679552237888
5674,1001,13,5,0.55,0.2,1000,restricted_50,aggregation,0.685091453576785,,,0.626985323280115
5675,1001,13,5,0.55,0.2,1000,restricted_50,aggregation,0.6870467699910688,,,0.6283861204227872
5676,1001,13,5,0.55,0.2,1000,restricted_50,aggregation,0.684328696536495,,,0.6265612253641422
5677,1001,13,5,0.55,0.2,1000,restricted_50,aggregation,0.6850643346761198,,,0.6271129233729236
5678,1001,13,5,0.55,0.2,1000,restricted_50,aggregation,0.6870750362499328,,,0.6285738314925816
5679,1001,13,5,0.55,0.2,1000,restricted_50,aggregation,0.6862221285438483,,,0.6277865843492928
5680,1001,13,5,0.55,0.2,1000,restricted_50,aggregation,0.6856847076737029,,,0.6274032264417682
5681,1001,13,5,0.55,0.2,1000,restricted_50,aggregation,0.6844493886509173,,,0.6263424813997732
5682,1001,13,5,0.55,0.2,1000,restricted_50,aggregation,0.6854596969052329,,,0.6269011405107239
5683,1001,13,5,0.55,0.2,1000,restricted_50,aggregation,0.68593823018838,,,0.627782920197087
5684,1001,13,5,0.55,0.2,1000,restricted_50,aggregation,0.6850837604300429,,,0.6267447384251553
5685,1001,13,5,0.55,0.2,1000,restricted_50,aggregation,0.6856845332971188,,,0.6266345026115862
5686,1001,13,5,0.55,0.2,1000,restricted_50,aggregation,0.6840417302398311,,,0.6258721137504472
5687,1001,13,5,0.55,0.2,1000,restricted_50,aggregation,0.6862358212776717,,,0.6281027763363182
5688,1001,13,5,0.55,0.2,1000,restricted_50,aggregation,0.6858187280494684,,,0.6272708677587845
5689,1001,13,5,0.55,0.2,1000,restricted_50,aggregation,0.6861222966491157,,,0.6278975327604496
5690,1001,13,5,0.55,0.2,1000,restricted_50,aggregation,0.685120608385674,,,0.6279972901481236
5691,1001,13,5,0.55,0.2,1000,restricted_50,aggregation,0.6857337363385041,,,0.626956418658502
5692,1001,13,5,0.55,0.2,1000,restricted_50,aggregation,0.6853204487981391,,,0.6274112249864334
5693,1001,13,5,0.55,0.2,1000,restricted_50,aggregation,0.6847016457117554,,,0.6262863364721698
5694,1001,13,5,0.55,0.2,1000,restricted_50,aggregation,0.6847656416442215,,,0.6264613719767888
5695,1001,13,5,0.55,0.2,1000,restricted_50,aggregation,0.6852530077973926,,,0.6271094301223469
5696,1001,13,5,0.55,0.2,1000,restricted_50,aggregation,0.6866973529899755,,,0.6279689176718345
5697,1001,13,5,0.55,0.2,1000,restricted_50,aggregation,0.6850050287043657,,,0.6271214724550142
5698,1001,13,5,0.55,0.2,1000,restricted_50,aggregation,0.6863765428197733,,,0.6278281532819034
5699,1001,13,5,0.55,0.2,1000,restricted_50,aggregation,0.6857850594375757,,,0.6275817396415315
5700,1001,13,5,0.55,0.2,1000,restricted_50,aggregation,0.6862651698781705,,,0.6274810497141748
5701,1001,13,5,0.55,0.2,1000,restricted_50,aggregation,0.6853353533711679,,,0.6268643321647489
5702,1001,13,5,0.55,0.2,1000,restricted_50,aggregation,0.6852388857971038,,,0.6264700816236234
5703,1001,13,5,0.55,0.2,1000,restricted_50,aggregation,0.6864298057188767,,,0.6278694235240069
5704,1001,13,5,0.55,0.2,1000,restricted_50,aggregation,0.6843765049844944,,,0.6266226734299652
5705,1001,13,5,0.55,0.2,1000,restricted_50,aggregation,0.6861140277479365,,,0.6270691666975001
5706,1001,13,5,0.55,0.2,1000,restricted_50,aggregation,0.6871820968597783,,,0.6283352391898226
5707,1001,13,5,0.55,0.2,1000,restricted_50,aggregation,0.6865231638747807,,,0.6277813093311011
5708,1001,13,5,0.55,0.2,1000,restricted_50,aggregation,0.6843130845090187,,,0.626162988500697
5709,1001,13,5,0.55,0.2,1000,restricted_50,aggregation,0.6855054600251258,,,0.6272680826657911
5710,1001,13,5,0.55,0.2,1000,restricted_50,aggregation,0.6862187999276235,,,0.6275613132315218
5711,1001,13,5,0.55,0.2,1000,restricted_50,aggregation,0.6850814001948559,,,0.6267114435024853
5712,1001,13,5,0.55,0.2,1000,restricted_50,aggregation,0.68477426060858,,,0.6265451506903592
5713,1001,13,5,0.55,0.2,1000,restricted_50,aggregation,0.6855612479382939,,,0.6271171104821107
5714,1001,13,5,0.55,0.2,1000,restricted_50,aggregation,0.6856460007055695,,,0.6277098744696664
5715,1001,13,5,0.55,0.2,1000,restricted_50,aggregation,0.6859455062887317,,,0.6277991120453623
5716,1001,13,5,0.55,0.2,1000,restricted_50,aggregation,0.6847794478539813,,,0.6266841626814545
5717,1001,13,5,0.55,0.2,1000,restricted_50,aggregation,0.6862246417513929,,,0.6281301319590905
5718,1001,13,5,0.55,0.2,1000,restricted_50,aggregation,0.6836609078409105,,,0.6258436934516103
5719,1001,13,5,0.55,0.2,1000,restricted_50,aggregation,0.6855750363124912,,,0.6272839984937902
5720,1001,13,5,0.55,0.2,1000,restricted_50,aggregation,0.6846719110622567,,,0.6264051891472726
5721,1001,13,5,0.55,0.2,1000,restricted_50,aggregation,0.6848691368633587,,,0.626271838223505
5722,1001,13,5,0.55,0.2,1000,restricted_50,aggregation,0.685928319772506,,,0.6274480758670343
5723,1001,13,5,0.55,0.2,1000,restricted_50,aggregation,0.6846890067423893,,,0.6266512373891542
5724,1001,13,5,0.55,0.2,1000,restricted_50,aggregation,0.6832272915000274,,,0.6256317787459456
5725,1001,13,5,0.55,0.2,1000,restricted_50,aggregation,0.6847875147639106,,,0.6267371670150838
5726,1001,13,5,0.55,0.2,1000,restricted_50,aggregation,0.6843741080981333,,,0.626369056460515
5727,1001,13,5,0.55,0.2,1000,restricted_50,aggregation,0.6864234197574702,,,0.62780016313933
5728,1001,13,5,0.55,0.2,1000,restricted_50,aggregation,0.6853440667853079,,,0.627089884112801
5729,1001,13,5,0.55,0.2,1000,restricted_50,aggregation,0.6850934619188951,,,0.6273373487160988
5730,1001,13,5,0.55,0.2,1000,restricted_50,aggregation,0.6861054472542119,,,0.6275950527790113
5731,1001,13,5,0.55,0.2,1000,restricted_50,aggregation,0.6859536645182323,,,0.6279952897796648
5732,1001,13,5,0.55,0.2,1000,restricted_50,aggregation,0.6876825778104136,,,0.6289786745970081
5733,1001,13,5,0.55,0.2,1000,restricted_50,aggregation,0.6863821176597078,,,0.6276253877758046
5734,1001,13,5,0.55,0.2,1000,restricted_50,aggregation,0.6853011406700628,,,0.6266182373028207
5735,1001,13,5,0.55,0.2,1000,restricted_50,aggregation,0.6850241778870753,,,0.627008077778703
5736,1001,13,5,0.55,0.2,1000,restricted_50,aggregation,0.684491236816027,,,0.6262845799724968
5737,1001,13,5,0.55,0.2,1000,restricted_50,aggregation,0.6854798838166002,,,0.6273320546814298
5738,1001,13,5,0.55,0.2,1000,restricted_50,aggregation,0.686633715489847,,,0.6278820885056302
5739,1001,13,5,0.55,0.2,1000,restricted_50,aggregation,0.6863864818301243,,,0.628373103092895
5740,1001,13,5,0.55,0.2,1000,restricted_50,aggregation,0.6858227177185003,,,0.6273649428889014
5741,1001,13,5,0.55,0.2,1000,restricted_50,aggregation,0.684909505852212,,,0.6270656106547775
5742,1001,13,5,0.55,0.2,1000,restricted_50,aggregation,0.687569730262444,,,0.6285696127329463
5743,1001,13,5,0.55,0.2,1000,restricted_50,aggregation,0.6866869014806678,,,0.6284268284262037
5744,1001,13,5,0.55,0.2,1000,restricted_50,aggregation,0.6860932211905365,,,0.6276604929021598
5745,1001,13,5,0.55,0.2,1000,restricted_50,aggregation,0.6855405846650384,,,0.6270651611659946
5746,1001,13,5,0.55,0.2,1000,restricted_50,aggregation,0.6853356276463538,,,0.6265658449883451
5747,1001,13,5,0.55,0.2,1000,restricted_50,aggregation,0.6859983347259769,,,0.6277023208658628
5748,1001,13,5,0.55,0.2,1000,restricted_50,aggregation,0.6856745425841719,,,0.6277507219478055
5749,1001,13,5,0.55,0.2,1000,restricted_50,aggregation,0.6867873074977701,,,0.6279869601309186
5750,1001,13,5,0.55,0.2,1000,restricted_50,aggregation,0.6855754355049508,,,0.6271809617234617
5751,1001,13,5,0.55,0.2,1000,restricted_50,aggregation,0.6830234183366567,,,0.6257111446809366
5752,1001,13,5,0.55,0.2,1000,restricted_50,aggregation,0.685387361664688,,,0.6274038106569357
5753,1001,13,5,0.55,0.2,1000,restricted_50,aggregation,0.6863814953360377,,,0.6279980302799053
5754,1001,13,5,0.55,0.2,1000,restricted_50,aggregation,0.6865382421903592,,,0.6280691088078589
5755,1001,13,5,0.55,0.2,1000,restricted_50,aggregation,0.6848429270623929,,,0.6265939082907834
5756,1001,13,5,0.55,0.2,1000,restricted_50,aggregation,0.6858197766619946,,,0.6278354614829615
5757,1001,13,5,0.55,0.2,1000,restricted_50,aggregation,0.6847660983436323,,,0.6270966804106388
5758,1001,13,5,0.55,0.2,1000,restricted_50,aggregation,0.6863893344936257,,,0.627931864894365
5759,1001,13,5,0.55,0.2,1000,restricted_50,aggregation,0.6885122432381479,,,0.6301362924575427
5760,1001,13,5,0.55,0.2,1000,restricted_50,aggregation,0.6869280831040947,,,0.6281655103153021
5761,1001,13,5,0.55,0.2,1000,restricted_50,aggregation,0.6855055622636267,,,0.6274974522622441
5762,1001,13,5,0.55,0.2,1000,restricted_50,aggregation,0.6843759017596603,,,0.626629422938173
5763,1001,13,5,0.55,0.2,1000,restricted_50,aggregation,0.6860791140881032,,,0.6272311208775795
5764,1001,13,5,0.55,0.2,1000,restricted_50,aggregation,0.6847159330204314,,,0.6261716066109817
5765,1001,13,5,0.55,0.2,1000,restricted_50,aggregation,0.6852216120474883,,,0.6266611664955417
5766,1001,13,5,0.55,0.2,1000,restricted_50,aggregation,0.6861629785644227,,,0.6273520091790926
5767,1001,13,5,0.55,0.2,1000,restricted_50,aggregation,0.6856492836514483,,,0.6274771304004638
5768,1001,13,5,0.55,0.2,1000,restricted_50,aggregation,0.6851704127134892,,,0.6269588858903443
5769,1001,13,5,0.55,0.2,1000,restricted_50,aggregation,0.6850658901323026,,,0.6273932886172471
5770,1001,13,5,0.55,0.2,1000,restricted_50,aggregation,0.685261450368274,,,0.627097654166821
5771,1001,13,5,0.55,0.2,1000,restricted_50,aggregation,0.6863885456687963,,,0.627745307161974
5772,1001,13,5,0.55,0.2,1000,restricted_50,aggregation,0.6878387794381786,,,0.6290359213471716
5773,1001,13,5,0.55,0.2,1000,restricted_50,aggregation,0.6846255579487963,,,0.6268010340431175
5774,1001,13,5,0.55,0.2,1000,restricted_50,aggregation,0.6862490400936335,,,0.6274744695196779
5775,1001,13,5,0.55,0.2,1000,restricted_50,aggregation,0.6847326793057664,,,0.6262498478913062
5776,1001,13,5,0.55,0.2,1000,restricted_50,aggregation,0.684405447641951,,,0.6264599666305917
5777,1001,13,5,0.55,0.2,1000,restricted_50,aggregation,0.6843919684088874,,,0.6265449392891062
5778,1001,13,5,0.55,0.2,1000,restricted_50,aggregation,0.6857681686549252,,,0.6278401536349455
5779,1001,13,5,0.55,0.2,1000,restricted_50,aggregation,0.6862812305721784,,,0.6276500446544198
5780,1001,13,5,0.55,0.2,1000,restricted_50,aggregation,0.6845043972570064,,,0.6263592414761167
5781,1001,13,5,0.55,0.2,1000,restricted_50,aggregation,0.6855158746002898,,,0.6268999487164073
5782,1001,13,5,0.55,0.2,1000,restricted_50,aggregation,0.6843102836062276,,,0.6265026281974201
5783,1001,13,5,0.55,0.2,1000,restricted_50,aggregation,0.6844029315412813,,,0.626607979458813
5784,1001,13,5,0.55,0.2,1000,restricted_50,aggregation,0.6858573982176646,,,0.6273748217831552
5785,1001,13,5,0.55,0.2,1000,restricted_50,aggregation,0.6845607542441515,,,0.626272756988382
5786,1001,13,5,0.55,0.2,1000,restricted_50,aggregation,0.6846043389002453,,,0.626965304880305
5787,1001,13,5,0.55,0.2,1000,restricted_50,aggregation,0.6851037153422739,,,0.6265562283935202
5788,1001,13,5,0.55,0.2,1000,restricted_50,aggregation,0.6858785519351158,,,0.6273749614505865
5789,1001,13,5,0.55,0.2,1000,restricted_50,aggregation,0.6841118209340233,,,0.6261344100652435
5790,1001,13,5,0.55,0.2,1000,restricted_50,aggregation,0.6871912220316783,,,0.6285285826904579
5791,1001,13,5,0.55,0.2,1000,restricted_50,aggregation,0.6868446251883977,,,0.6288760744964913
5792,1001,13,5,0.55,0.2,1000,restricted_50,aggregation,0.6848987000474289,,,0.6267770157774326
5793,1001,13,5,0.55,0.2,1000,restricted_50,aggregation,0.6848669917618363,,,0.6260215038202539
5794,1001,13,5,0.55,0.2,1000,restricted_50,aggregation,0.6840787883492766,,,0.6261870650337319
5795,1001,13,5,0.55,0.2,1000,restricted_50,aggregation,0.6845299084957275,,,0.6265307275363527
5796,1001,13,5,0.55,0.2,1000,restricted_50,aggregation,0.6855419191293551,,,0.6269260171464339
5797,1001,13,5,0.55,0.2,1000,restricted_50,aggregation,0.6851756225682841,,,0.6269005387667889
5798,1001,13,5,0.55,0.2,1000,restricted_50,aggregation,0.6865049297967238,,,0.627744716633675
5799,1001,13,5,0.55,0.2,1000,restricted_50,aggregation,0.6858219564157811,,,0.6273991883964802
5800,1001,13,5,0.55,0.2,1000,restricted_50,aggregation,0.684951745136071,,,0.6263616643618728
5801,1001,13,5,0.55,0.2,1000,restricted_50,aggregation,0.684603043839291,,,0.6263764711831379
5802,1001,13,5,0.55,0.2,1000,restricted_50,aggregation,0.6845835319395076,,,0.6271412042432878
5803,1001,13,5,0.55,0.2,1000,restricted_50,aggregation,0.6866638989514176,,,0.628103424230091
5804,1001,13,5,0.55,0.2,1000,restricted_50,aggregation,0.6861481038487351,,,0.6282170874650043
5805,1001,13,5,0.55,0.2,1000,restricted_50,aggregation,0.6873626552345533,,,0.6285207510545011
5806,1001,13,5,0.55,0.2,1000,restricted_50,aggregation,0.684701029270487,,,0.6271333861354695
5807,1001,13,5,0.55,0.2,1000,restricted_50,aggregation,0.6852347887586931,,,0.6273184199519618
5808,1001,13,5,0.55,0.2,1000,restricted_50,aggregation,0.6856228177836807,,,0.6274446753092587
5809,1001,13,5,0.55,0.2,1000,restricted_50,aggregation,0.6862115488072906,,,0.627651250809376
5810,1001,13,5,0.55,0.2,1000,restricted_50,aggregation,0.684785708411269,,,0.6268976577357829
5811,1001,13,5,0.55,0.2,1000,restricted_50,aggregation,0.6865917810908437,,,0.6277945239405658
5812,1001,13,5,0.55,0.2,1000,restricted_50,aggregation,0.6868243860837625,,,0.6283826330999249
5813,1001,13,5,0.55,0.2,1000,restricted_50,aggregation,0.6860794302229347,,,0.6278076476070227
5814,1001,13,5,0.55,0.2,1000,restricted_50,aggregation,0.6839543079106604,,,0.6262268803495888
5815,1001,13,5,0.55,0.2,1000,restricted_50,aggregation,0.684153482563098,,,0.6262667277783945
5816,1001,13,5,0.55,0.2,1000,restricted_50,aggregation,0.6861450751681485,,,0.6279845168334753
5817,1001,13,5,0.55,0.2,1000,restricted_50,aggregation,0.6860280831577911,,,0.6279665296663214
5818,1001,13,5,0.55,0.2,1000,restricted_50,aggregation,0.6850777618856385,,,0.6269264931904516
5819,1001,13,5,0.55,0.2,1000,restricted_50,aggregation,0.6872748236902223,,,0.628355388893514
5820,1001,13,5,0.55,0.2,1000,restricted_50,aggregation,0.6850899243137678,,,0.6270306517556519
5821,1001,13,5,0.55,0.2,1000,restricted_50,aggregation,0.6854431510491111,,,0.6268288409507161
5822,1001,13,5,0.55,0.2,1000,restricted_50,aggregation,0.6856190772010372,,,0.6269059772018107
5823,1001,13,5,0.55,0.2,1000,restricted_50,aggregation,0.6843268918036449,,,0.6259109846095263
5824,1001,13,5,0.55,0.2,1000,restricted_50,aggregation,0.6854802936508697,,,0.6271968092555594
5825,1001,13,5,0.55,0.2,1000,restricted_50,aggregation,0.685099299201312,,,0.6273172263153515
5826,1001,13,5,0.55,0.2,1000,restricted_50,aggregation,0.6851177830853034,,,0.6270709458905293
5827,1001,13,5,0.55,0.2,1000,restricted_50,aggregation,0.6866067224003627,,,0.6287089609618779
5828,1001,13,5,0.55,0.2,1000,restricted_50,aggregation,0.6839551612942468,,,0.6263260290326957
5829,1001,13,5,0.55,0.2,1000,restricted_50,aggregation,0.6846756945521092,,,0.6265364915948249
5830,1001,13,5,0.55,0.2,1000,restricted_50,aggregation,0.685655273169104,,,0.626820908790284
5831,1001,13,5,0.55,0.2,1000,restricted_50,aggregation,0.6848291459658681,,,0.6269673447308864
5832,1001,13,5,0.55,0.2,1000,restricted_50,aggregation,0.6855918624877801,,,0.6274440476575895
5833,1001,13,5,0.55,0.2,1000,restricted_50,aggregation,0.6849684527324684,,,0.6274181051047719
5834,1001,13,5,0.55,0.2,1000,restricted_50,aggregation,0.6872315578542314,,,0.6286342415917417
5835,1001,13,5,0.55,0.2,1000,restricted_50,aggregation,0.6835278596482058,,,0.6253864196837114
5836,1001,13,5,0.55,0.2,1000,restricted_50,aggregation,0.6849180546616803,,,0.6272107472157473
5837,1001,13,5,0.55,0.2,1000,restricted_50,aggregation,0.6825409770000926,,,0.6250482782880701
5838,1001,13,5,0.55,0.2,1000,restricted_50,aggregation,0.68554522431446,,,0.6272689862991947
5839,1001,13,5,0.55,0.2,1000,restricted_50,aggregation,0.6854901346842636,,,0.627274169341461
5840,1001,13,5,0.55,0.2,1000,restricted_50,aggregation,0.6844309650875033,,,0.6261977234339736
5841,1001,13,5,0.55,0.2,1000,restricted_50,aggregation,0.6848370021575988,,,0.6261690398027899
5842,1001,13,5,0.55,0.2,1000,restricted_50,aggregation,0.6861232661856208,,,0.6272858489658492
5843,1001,13,5,0.55,0.2,1000,restricted_50,aggregation,0.6855834170840401,,,0.6279783022070523
5844,1001,13,5,0.55,0.2,1000,restricted_50,aggregation,0.6866137003731255,,,0.6278979717813052
5845,1001,13,5,0.55,0.2,1000,restricted_50,aggregation,0.6839482268209195,,,0.6262605733078651
5846,1001,13,5,0.55,0.2,1000,restricted_50,aggregation,0.6863276986299395,,,0.6279087813498231
5847,1001,13,5,0.55,0.2,1000,restricted_50,aggregation,0.6850679851081831,,,0.6271336862905614
5848,1001,13,5,0.55,0.2,1000,restricted_50,aggregation,0.6849865711599316,,,0.627176017624351
5849,1001,13,5,0.55,0.2,1000,restricted_50,aggregation,0.6847871116376422,,,0.6268190823451242
5850,1001,13,5,0.55,0.2,1000,restricted_50,aggregation,0.6865440709432686,,,0.627933639470098
5851,1001,13,5,0.55,0.2,1000,restricted_50,aggregation,0.6855813726662515,,,0.6274324903337405
5852,1001,13,5,0.55,0.2,1000,restricted_50,aggregation,0.6847945294236527,,,0.6267339724164724
5853,1001,13,5,0.55,0.2,1000,restricted_50,aggregation,0.6860111508494434,,,0.6275738141642309
5854,1001,13,5,0.55,0.2,1000,restricted_50,aggregation,0.6861608565889228,,,0.6275727279433531
5855,1001,13,5,0.55,0.2,1000,restricted_50,aggregation,0.6855950611876215,,,0.6272453550307718
5856,1001,13,5,0.55,0.2,1000,restricted_50,aggregation,0.6854709765507482,,,0.6275583771012938
5857,1001,13,5,0.55,0.2,1000,restricted_50,aggregation,0.6856966397276133,,,0.6270932923403758
5858,1001,13,5,0.55,0.2,1000,restricted_50,aggregation,0.68534850156794,,,0.626981761849262
5859,1001,13,5,0.55,0.2,1000,restricted_50,aggregation,0.6847059157386449,,,0.6268838940380609
5860,1001,13,5,0.55,0.2,1000,restricted_50,aggregation,0.6846280781821498,,,0.6266666981244066
5861,1001,13,5,0.55,0.2,1000,restricted_50,aggregation,0.6859710619766023,,,0.6276806872988125
5862,1001,13,5,0.55,0.2,1000,restricted_50,aggregation,0.6845242808426704,,,0.6266606221633306
5863,1001,13,5,0.55,0.2,1000,restricted_50,aggregation,0.6858176140560135,,,0.6276753905893491
5864,1001,13,5,0.55,0.2,1000,restricted_50,aggregation,0.686036436102048,,,0.627528522257064
5865,1001,13,5,0.55,0.2,1000,restricted_50,aggregation,0.6843898953865627,,,0.626640869601078
5866,1001,13,5,0.55,0.2,1000,restricted_50,aggregation,0.6874870842929469,,,0.6288392970455472
5867,1001,13,5,0.55,0.2,1000,restricted_50,aggregation,0.6838496728010326,,,0.6255856696698365
5868,1001,13,5,0.55,0.2,1000,restricted_50,aggregation,0.686756585839437,,,0.6276982592253427
5869,1001,13,5,0.55,0.2,1000,restricted_50,aggregation,0.6844025874025113,,,0.6259915590351007
5870,1001,13,5,0.55,0.2,1000,restricted_50,aggregation,0.6842333452445016,,,0.6262918715774967
5871,1001,13,5,0.55,0.2,1000,restricted_50,aggregation,0.6859831561038552,,,0.6281800510831763
5872,1001,13,5,0.55,0.2,1000,restricted_50,aggregation,0.6865172304538966,,,0.6276570819997905
5873,1001,13,5,0.55,0.2,1000,restricted_50,aggregation,0.6855944676652862,,,0.6273073709854962
5874,1001,13,5,0.55,0.2,1000,restricted_50,aggregation,0.6858388262900159,,,0.627396144218436
5875,1001,13,5,0.55,0.2,1000,restricted_50,aggregation,0.6863692413964712,,,0.628050463887964
5876,1001,13,5,0.55,0.2,1000,restricted_50,aggregation,0.6848215540777857,,,0.6268279594017094
5877,1001,13,5,0.55,0.2,1000,restricted_50,aggregation,0.6853780917453233,,,0.6275077907277908
5878,1001,13,5,0.55,0.2,1000,restricted_50,aggregation,0.6846163351403696,,,0.6265019748075998
5879,1001,13,5,0.55,0.2,1000,restricted_50,aggregation,0.686103336187843,,,0.6272713654786573
5880,1001,13,5,0.55,0.2,1000,restricted_50,aggregation,0.6859663124490378,,,0.6272911205384123
5881,1001,13,5,0.55,0.2,1000,restricted_50,aggregation,0.6855855285883959,,,0.6271954895952814
5882,1001,13,5,0.55,0.2,1000,restricted_50,aggregation,0.68691343825068,,,0.6284326424347259
5883,1001,13,5,0.55,0.2,1000,restricted_50,aggregation,0.6851833389989183,,,0.626585270863396
5884,1001,13,5,0.55,0.2,1000,restricted_50,aggregation,0.6843299446726528,,,0.62605555311972
5885,1001,13,5,0.55,0.2,1000,restricted_50,aggregation,0.6871588264445498,,,0.6283454186939604
5886,1001,13,5,0.55,0.2,1000,restricted_50,aggregation,0.6851317468462169,,,0.6265659863824449
5887,1001,13,5,0.55,0.2,1000,restricted_50,aggregation,0.6849838454783722,,,0.6263516428864346
5888,1001,13,5,0.55,0.2,1000,restricted_50,aggregation,0.685219658669128,,,0.6273010616158534
5889,1001,13,5,0.55,0.2,1000,restricted_50,aggregation,0.6840005138097036,,,0.6265665210638129
5890,1001,13,5,0.55,0.2,1000,restricted_50,aggregation,0.685487580149369,,,0.6273652959386293
5891,1001,13,5,0.55,0.2,1000,restricted_50,aggregation,0.6850621534472805,,,0.6269667042448295
5892,1001,13,5,0.55,0.2,1000,restricted_50,aggregation,0.6854932619254226,,,0.6271810078347579
5893,1001,13,5,0.55,0.2,1000,restricted_50,aggregation,0.686399793695927,,,0.6278195535483037
5894,1001,13,5,0.55,0.2,1000,restricted_50,aggregation,0.6859922063414726,,,0.6274739716687635
5895,1001,13,5,0.55,0.2,1000,restricted_50,aggregation,0.6849027058702557,,,0.6267553508528511
5896,1001,13,5,0.55,0.2,1000,restricted_50,aggregation,0.6842273993079303,,,0.6268472597541349
5897,1001,13,5,0.55,0.2,1000,restricted_50,aggregation,0.6857866224309316,,,0.6274395230463982
5898,1001,13,5,0.55,0.2,1000,restricted_50,aggregation,0.6863113262110107,,,0.627289810860436
5899,1001,13,5,0.55,0.2,1000,restricted_50,aggregation,0.6872556990942927,,,0.6285204646587981
5900,1001,13,5,0.55,0.2,1000,restricted_50,aggregation,0.6839913188753306,,,0.6265164312153897
5901,1001,13,5,0.55,0.2,1000,restricted_50,aggregation,0.6853305352130312,,,0.626976869866245
5902,1001,13,5,0.55,0.2,1000,restricted_50,aggregation,0.6853245430418906,,,0.6271331650448317
5903,1001,13,5,0.55,0.2,1000,restricted_50,aggregation,0.6857886773840375,,,0.6274749208353375
5904,1001,13,5,0.55,0.2,1000,restricted_50,aggregation,0.6823688005124943,,,0.6249745139505557
5905,1001,13,5,0.55,0.2,1000,restricted_50,aggregation,0.6857521379761502,,,0.6272198983578151
5906,1001,13,5,0.55,0.2,1000,restricted_50,aggregation,0.6849400164996782,,,0.6268463737574156
5907,1001,13,5,0.55,0.2,1000,restricted_50,aggregation,0.6851413765202142,,,0.626830087559046
5908,1001,13,5,0.55,0.2,1000,restricted_50,aggregation,0.6842803689132998,,,0.6264443918196003
5909,1001,13,5,0.55,0.2,1000,restricted_50,aggregation,0.6858326258571119,,,0.6278213919336837
5910,1001,13,5,0.55,0.2,1000,restricted_50,aggregation,0.6855581806227776,,,0.6273012088066257
5911,1001,13,5,0.55,0.2,1000,restricted_50,aggregation,0.6877806703760482,,,0.6289265731105316
5912,1001,13,5,0.55,0.2,1000,restricted_50,aggregation,0.6844667029391159,,,0.6262986732788817
5913,1001,13,5,0.55,0.2,1000,restricted_50,aggregation,0.6866179786578923,,,0.6280615276313193
5914,1001,13,5,0.55,0.2,1000,restricted_50,aggregation,0.6845616700221454,,,0.6264565292886127
5915,1001,13,5,0.55,0.2,1000,restricted_50,aggregation,0.6867992186672215,,,0.6283654081026999
5916,1001,13,5,0.55,0.2,1000,restricted_50,aggregation,0.6839204203301622,,,0.6263457597649265
5917,1001,13,5,0.55,0.2,1000,restricted_50,aggregation,0.6867123312900472,,,0.628099092990343
5918,1001,13,5,0.55,0.2,1000,restricted_50,aggregation,0.685966579630841,,,0.6269142130246298
5919,1001,13,5,0.55,0.2,1000,restricted_50,aggregation,0.6857052663414164,,,0.6270862803631556
5920,1001,13,5,0.55,0.2,1000,restricted_50,aggregation,0.6848733472478711,,,0.6266530706253625
5921,1001,13,5,0.55,0.2,1000,restricted_50,aggregation,0.6833154238322775,,,0.6256925252139837
5922,1001,13,5,0.55,0.2,1000,restricted_50,aggregation,0.6860350237312663,,,0.6277183645829479
5923,1001,13,5,0.55,0.2,1000,restricted_50,aggregation,0.6866932145570499,,,0.6283124236720072
5924,1001,13,5,0.55,0.2,1000,restricted_50,aggregation,0.6859186788956461,,,0.6279229444089862
5925,1001,13,5,0.55,0.2,1000,restricted_50,aggregation,0.6855207304432849,,,0.6271179583071252
5926,1001,13,5,0.55,0.2,1000,restricted_50,aggregation,0.6852242597617278,,,0.6269095489849658
5927,1001,13,5,0.55,0.2,1000,restricted_50,aggregation,0.6851015474246449,,,0.626359943875569
5928,1001,13,5,0.55,0.2,1000,restricted_50,aggregation,0.6855597038873672,,,0.6272194671994673
5929,1001,13,5,0.55,0.2,1000,restricted_50,aggregation,0.6862348953506202,,,0.627883283236825
5930,1001,13,5,0.55,0.2,1000,restricted_50,aggregation,0.6848195613695992,,,0.6272513230288231
5931,1001,13,5,0.55,0.2,1000,restricted_50,aggregation,0.685150992070019,,,0.6278824148382482
5932,1001,13,5,0.55,0.2,1000,restricted_50,aggregation,0.684194551286787,,,0.6260643584656086
5933,1001,13,5,0.55,0.2,1000,restricted_50,aggregation,0.6853956135057514,,,0.6271207287080205
5934,1001,13,5,0.55,0.2,1000,restricted_50,aggregation,0.6867102000058564,,,0.6284688073731824
5935,1001,13,5,0.55,0.2,1000,restricted_50,aggregation,0.684620274691198,,,0.6270077563717148
5936,1001,13,5,0.55,0.2,1000,restricted_50,aggregation,0.6842470195507638,,,0.6268554816942319
5937,1001,13,5,0.55,0.2,1000,restricted_50,aggregation,0.6854344048534955,,,0.6270808736248321
5938,1001,13,5,0.55,0.2,1000,restricted_50,aggregation,0.6854262768635118,,,0.6271069319646404
5939,1001,13,5,0.55,0.2,1000,restricted_50,aggregation,0.6850415872550709,,,0.6264934607676277
5940,1001,13,5,0.55,0.2,1000,restricted_50,aggregation,0.6856439267932862,,,0.6273727248291833
5941,1001,13,5,0.55,0.2,1000,restricted_50,aggregation,0.6847620127526075,,,0.626586276462735
5942,1001,13,5,0.55,0.2,1000,restricted_50,aggregation,0.6864410798158246,,,0.6280071484533986
5943,1001,13,5,0.55,0.2,1000,restricted_50,aggregation,0.6855401333612097,,,0.6271580624236875
5944,1001,13,5,0.55,0.2,1000,restricted_50,aggregation,0.6847440354221546,,,0.6261507854337023
5945,1001,13,5,0.55,0.2,1000,restricted_50,aggregation,0.6847944663927913,,,0.6267249631849633
5946,1001,13,5,0.55,0.2,1000,restricted_50,aggregation,0.6857871273439857,,,0.6278068504258089
5947,1001,13,5,0.55,0.2,1000,restricted_50,aggregation,0.6862106281071471,,,0.6279932984453819
5948,1001,13,5,0.55,0.2,1000,restricted_50,aggregation,0.6854395473369504,,,0.6273945827397912
5949,1001,13,5,0.55,0.2,1000,restricted_50,aggregation,0.6853943844862926,,,0.6267037394087396
5950,1001,13,5,0.55,0.2,1000,restricted_50,aggregation,0.6862743418033664,,,0.6282470390103724
5951,1001,13,5,0.55,0.2,1000,restricted_50,aggregation,0.6855543853213129,,,0.6269233630875299
5952,1001,13,5,0.55,0.2,1000,restricted_50,aggregation,0.6861135056339346,,,0.6274916317093402
5953,1001,13,5,0.55,0.2,1000,restricted_50,aggregation,0.6861731906244251,,,0.6273490179650598
5954,1001,13,5,0.55,0.2,1000,restricted_50,aggregation,0.6864806387907766,,,0.6278292502867504
5955,1001,13,5,0.55,0.2,1000,restricted_50,aggregation,0.6851999871956796,,,0.6270475953290539
5956,1001,13,5,0.55,0.2,1000,restricted_50,aggregation,0.6847917956844413,,,0.6267096984034485
5957,1001,13,5,0.55,0.2,1000,restricted_50,aggregation,0.6860562742232488,,,0.6277908003493421
5958,1001,13,5,0.55,0.2,1000,restricted_50,aggregation,0.6846616433163926,,,0.6266555370863706
5959,1001,13,5,0.55,0.2,1000,restricted_50,aggregation,0.6873682494512944,,,0.628405349542433
5960,1001,13,5,0.55,0.2,1000,restricted_50,aggregation,0.6869842865986593,,,0.6286688928972264
5961,1001,13,5,0.55,0.2,1000,restricted_50,aggregation,0.6854399500149742,,,0.6271856196504114
5962,1001,13,5,0.55,0.2,1000,restricted_50,aggregation,0.6848562547814846,,,0.6269048295454547
5963,1001,13,5,0.55,0.2,1000,restricted_50,aggregation,0.6853188815836776,,,0.6264204500900336
5964,1001,13,5,0.55,0.2,1000,restricted_50,aggregation,0.6855836347489304,,,0.6278520005842924
5965,1001,13,5,0.55,0.2,1000,restricted_50,aggregation,0.6859938578224322,,,0.6277096621279956
5966,1001,13,5,0.55,0.2,1000,restricted_50,aggregation,0.6883952617841449,,,0.6297318794939629
5967,1001,13,5,0.55,0.2,1000,restricted_50,aggregation,0.684695322553825,,,0.6266142703438538
5968,1001,13,5,0.55,0.2,1000,restricted_50,aggregation,0.6855906360563143,,,0.6276977436375354
5969,1001,13,5,0.55,0.2,1000,restricted_50,aggregation,0.6863720066889059,,,0.6279027253533505
5970,1001,13,5,0.55,0.2,1000,restricted_50,aggregation,0.6864541672778015,,,0.6281190096323431
5971,1001,13,5,0.55,0.2,1000,restricted_50,aggregation,0.6854346476902122,,,0.6268647782695701
5972,1001,13,5,0.55,0.2,1000,restricted_50,aggregation,0.684220226833968,,,0.6260984187263354
5973,1001,13,5,0.55,0.2,1000,restricted_50,aggregation,0.685055805290632,,,0.6272027291921043
5974,1001,13,5,0.55,0.2,1000,restricted_50,aggregation,0.6853886470816296,,,0.6274055777709946
5975,1001,13,5,0.55,0.2,1000,restricted_50,aggregation,0.6856640986689676,,,0.6273812173320509
5976,1001,13,5,0.55,0.2,1000,restricted_50,aggregation,0.6859340771877702,,,0.6282756649754567
5977,1001,13,5,0.55,0.2,1000,restricted_50,aggregation,0.6883371481944204,,,0.6293177405619074
5978,1001,13,5,0.55,0.2,1000,restricted_50,aggregation,0.6856400479329997,,,0.6272215469869638
5979,1001,13,5,0.55,0.2,1000,restricted_50,aggregation,0.6850564729901055,,,0.6263064412978998
5980,1001,13,5,0.55,0.2,1000,restricted_50,aggregation,0.6843225056354977,,,0.6265331432302267
5981,1001,13,5,0.55,0.2,1000,restricted_50,aggregation,0.6866892629696645,,,0.6283692917190835
5982,1001,13,5,0.55,0.2,1000,restricted_50,aggregation,0.6844739199206746,,,0.6265489812425229
5983,1001,13,5,0.55,0.2,1000,restricted_50,aggregation,0.6857189811285261,,,0.6273746611104946
5984,1001,13,5,0.55,0.2,1000,restricted_50,aggregation,0.6872311293019534,,,0.6280204995698748
5985,1001,13,5,0.55,0.2,1000,restricted_50,aggregation,0.685228590188823,,,0.6270633682752433
5986,1001,13,5,0.55,0.2,1000,restricted_50,aggregation,0.6844689143104603,,,0.626603772893773
5987,1001,13,5,0.55,0.2,1000,restricted_50,aggregation,0.6847778377793653,,,0.6263507846320348
5988,1001,13,5,0.55,0.2,1000,restricted_50,aggregation,0.6855642532843668,,,0.6272230965176799
5989,1001,13,5,0.55,0.2,1000,restricted_50,aggregation,0.6859722147109814,,,0.6272345286811956
5990,1001,13,5,0.55,0.2,1000,restricted_50,aggregation,0.6851590727470961,,,0.626861278497737
5991,1001,13,5,0.55,0.2,1000,restricted_50,aggregation,0.6872767954251243,,,0.628799355829356
5992,1001,13,5,0.55,0.2,1000,restricted_50,aggregation,0.6857426160785153,,,0.6272680011038345
5993,1001,13,5,0.55,0.2,1000,restricted_50,aggregation,0.6853669453889493,,,0.6269154192952111
5994,1001,13,5,0.55,0.2,1000,restricted_50,aggregation,0.6860149791675872,,,0.6276487500077085
5995,1001,13,5,0.55,0.2,1000,restricted_50,aggregation,0.6872273040179558,,,0.6282039568764571
5996,1001,13,5,0.55,0.2,1000,restricted_50,aggregation,0.6853825756564861,,,0.6268413825449242
5997,1001,13,5,0.55,0.2,1000,restricted_50,aggregation,0.6840971989122838,,,0.6265094704061372
5998,1001,13,5,0.55,0.2,1000,restricted_50,aggregation,0.6853896791266125,,,0.6275685107253859
5999,1001,13,5,0.55,0.2,1000,restricted_50,aggregation,0.6866160831088713,,,0.6275498765509184
6000,1001,13,5,0.55,0.2,1000,restricted_60,aggregation,0.6923200124006809,,,0.634309384419593
6001,1001,13,5,0.55,0.2,1000,restricted_60,aggregation,0.6923528447613764,,,0.6342317580490499
6002,1001,13,5,0.55,0.2,1000,restricted_60,aggregation,0.6916850876352699,,,0.6338188949861867
6003,1001,13,5,0.55,0.2,1000,restricted_60,aggregation,0.6923251493719791,,,0.6342100152856404
6004,1001,13,5,0.55,0.2,1000,restricted_60,aggregation,0.6921504337759342,,,0.6343884192042526
6005,1001,13,5,0.55,0.2,1000,restricted_60,aggregation,0.692734231814793,,,0.6348194629521714
6006,1001,13,5,0.55,0.2,1000,restricted_60,aggregation,0.6926758937899962,,,0.6344158130526881
6007,1001,13,5,0.55,0.2,1000,restricted_60,aggregation,0.692446581932209,,,0.6346699066519901
6008,1001,13,5,0.55,0.2,1000,restricted_60,aggregation,0.6917366036476755,,,0.6340990954415956
6009,1001,13,5,0.55,0.2,1000,restricted_60,aggregation,0.6918199336076878,,,0.633695021059188
6010,1001,13,5,0.55,0.2,1000,restricted_60,aggregation,0.6932960865798532,,,0.6349303958849793
6011,1001,13,5,0.55,0.2,1000,restricted_60,aggregation,0.692635230922043,,,0.6342246871492706
6012,1001,13,5,0.55,0.2,1000,restricted_60,aggregation,0.6908739547536799,,,0.6329375920375923
6013,1001,13,5,0.55,0.2,1000,restricted_60,aggregation,0.6933223199399761,,,0.6350579338562674
6014,1001,13,5,0.55,0.2,1000,restricted_60,aggregation,0.692739530933652,,,0.6345250540431792
6015,1001,13,5,0.55,0.2,1000,restricted_60,aggregation,0.6925086007854211,,,0.6347291350470518
6016,1001,13,5,0.55,0.2,1000,restricted_60,aggregation,0.6928796742590425,,,0.6344866085072336
6017,1001,13,5,0.55,0.2,1000,restricted_60,aggregation,0.6919362961666286,,,0.6343029148089566
6018,1001,13,5,0.55,0.2,1000,restricted_60,aggregation,0.6921920124334093,,,0.6342081123814459
6019,1001,13,5,0.55,0.2,1000,restricted_60,aggregation,0.6917988245858526,,,0.6339749204884623
6020,1001,13,5,0.55,0.2,1000,restricted_60,aggregation,0.6918774855018217,,,0.6337769540259125
6021,1001,13,5,0.55,0.2,1000,restricted_60,aggregation,0.6919975956613381,,,0.6342763805561723
6022,1001,13,5,0.55,0.2,1000,restricted_60,aggregation,0.6917329959118745,,,0.6342394918122002
6023,1001,13,5,0.55,0.2,1000,restricted_60,aggregation,0.6926726843184353,,,0.6343194893378228
6024,1001,13,5,0.55,0.2,1000,restricted_60,aggregation,0.6925965683495984,,,0.6347382096067514
6025,1001,13,5,0.55,0.2,1000,restricted_60,aggregation,0.6923236503493425,,,0.6347422131109633
6026,1001,13,5,0.55,0.2,1000,restricted_60,aggregation,0.6915548367629456,,,0.633282353803604
6027,1001,13,5,0.55,0.2,1000,restricted_60,aggregation,0.691491597658927,,,0.6337598377240045
6028,1001,13,5,0.55,0.2,1000,restricted_60,aggregation,0.6930995656093838,,,0.6350142580644665
6029,1001,13,5,0.55,0.2,1000,restricted_60,aggregation,0.6928972784842888,,,0.6343484909766162
6030,1001,13,5,0.55,0.2,1000,restricted_60,aggregation,0.6927257523395758,,,0.6347011546709466
6031,1001,13,5,0.55,0.2,1000,restricted_60,aggregation,0.6914743805987897,,,0.6341980662470247
6032,1001,13,5,0.55,0.2,1000,restricted_60,aggregation,0.6929271319682656,,,0.6350437511485428
6033,1001,13,5,0.55,0.2,1000,restricted_60,aggregation,0.6919441509930727,,,0.6341186441336443
6034,1001,13,5,0.55,0.2,1000,restricted_60,aggregation,0.692366842828209,,,0.6341285844479597
6035,1001,13,5,0.55,0.2,1000,restricted_60,aggregation,0.691579100973673,,,0.6340000292916961
6036,1001,13,5,0.55,0.2,1000,restricted_60,aggregation,0.6917388714556033,,,0.6336821287200455
6037,1001,13,5,0.55,0.2,1000,restricted_60,aggregation,0.6932312394116601,,,0.6348011461840629
6038,1001,13,5,0.55,0.2,1000,restricted_60,aggregation,0.6926702616503833,,,0.6348210979606814
6039,1001,13,5,0.55,0.2,1000,restricted_60,aggregation,0.6922951360233851,,,0.6346096300458802
6040,1001,13,5,0.55,0.2,1000,restricted_60,aggregation,0.6921057911826783,,,0.6347234809866061
6041,1001,13,5,0.55,0.2,1000,restricted_60,aggregation,0.6936233672365545,,,0.6358479903275739
6042,1001,13,5,0.55,0.2,1000,restricted_60,aggregation,0.6915580303104628,,,0.6334873389265058
6043,1001,13,5,0.55,0.2,1000,restricted_60,aggregation,0.6917307314530545,,,0.6332173127181462
6044,1001,13,5,0.55,0.2,1000,restricted_60,aggregation,0.6910137141844571,,,0.6335620794868712
6045,1001,13,5,0.55,0.2,1000,restricted_60,aggregation,0.6930795966957657,,,0.6346484167144585
6046,1001,13,5,0.55,0.2,1000,restricted_60,aggregation,0.6920537526385014,,,0.6348801152859488
6047,1001,13,5,0.55,0.2,1000,restricted_60,aggregation,0.6924870023168037,,,0.6345831798063049
6048,1001,13,5,0.55,0.2,1000,restricted_60,aggregation,0.6919914060053352,,,0.6341214182807935
6049,1001,13,5,0.55,0.2,1000,restricted_60,aggregation,0.6903810584170945,,,0.6325168839416758
6050,1001,13,5,0.55,0.2,1000,restricted_60,aggregation,0.6910892510871208,,,0.6330849197176281
6051,1001,13,5,0.55,0.2,1000,restricted_60,aggregation,0.6929024851457651,,,0.6347150508904676
6052,1001,13,5,0.55,0.2,1000,restricted_60,aggregation,0.6923950619903604,,,0.6345697604016355
6053,1001,13,5,0.55,0.2,1000,restricted_60,aggregation,0.691138903049861,,,0.6337937328720664
6054,1001,13,5,0.55,0.2,1000,restricted_60,aggregation,0.6925729083741184,,,0.6345376601253685
6055,1001,13,5,0.55,0.2,1000,restricted_60,aggregation,0.6919489068897524,,,0.6339271576109078
6056,1001,13,5,0.55,0.2,1000,restricted_60,aggregation,0.6918072779613413,,,0.6340470833410419
6057,1001,13,5,0.55,0.2,1000,restricted_60,aggregation,0.6921678622550357,,,0.6337943430103848
6058,1001,13,5,0.55,0.2,1000,restricted_60,aggregation,0.6913955413162228,,,0.633638523544357
6059,1001,13,5,0.55,0.2,1000,restricted_60,aggregation,0.6920797319836358,,,0.634263100949976
6060,1001,13,5,0.55,0.2,1000,restricted_60,aggregation,0.6912855218959194,,,0.6336776598478683
6061,1001,13,5,0.55,0.2,1000,restricted_60,aggregation,0.693343256643128,,,0.6352092141654644
6062,1001,13,5,0.55,0.2,1000,restricted_60,aggregation,0.6908189909592475,,,0.63292568154839
6063,1001,13,5,0.55,0.2,1000,restricted_60,aggregation,0.6925783958499706,,,0.6342902207823042
6064,1001,13,5,0.55,0.2,1000,restricted_60,aggregation,0.692683482991739,,,0.634418586197753
6065,1001,13,5,0.55,0.2,1000,restricted_60,aggregation,0.6924691579969184,,,0.6343410035412119
6066,1001,13,5,0.55,0.2,1000,restricted_60,aggregation,0.6913540096043749,,,0.6336801552536971
6067,1001,13,5,0.55,0.2,1000,restricted_60,aggregation,0.6906334935422099,,,0.632894841940467
6068,1001,13,5,0.55,0.2,1000,restricted_60,aggregation,0.6928036155492531,,,0.6344490996580582
6069,1001,13,5,0.55,0.2,1000,restricted_60,aggregation,0.6917739165568981,,,0.6344545065736733
6070,1001,13,5,0.55,0.2,1000,restricted_60,aggregation,0.6937506860977397,,,0.6353207806853641
6071,1001,13,5,0.55,0.2,1000,restricted_60,aggregation,0.6943839858542012,,,0.6362192676921845
6072,1001,13,5,0.55,0.2,1000,restricted_60,aggregation,0.6914623547157036,,,0.6334778833435084
6073,1001,13,5,0.55,0.2,1000,restricted_60,aggregation,0.6929064834662337,,,0.6347559273057191
6074,1001,13,5,0.55,0.2,1000,restricted_60,aggregation,0.6930819507096929,,,0.6349809570753322
6075,1001,13,5,0.55,0.2,1000,restricted_60,aggregation,0.6922367680373978,,,0.6343212171933007
6076,1001,13,5,0.55,0.2,1000,restricted_60,aggregation,0.6923798111840875,,,0.6347338621563623
6077,1001,13,5,0.55,0.2,1000,restricted_60,aggregation,0.6926539538656274,,,0.634474619169411
6078,1001,13,5,0.55,0.2,1000,restricted_60,aggregation,0.6912488366073056,,,0.6333082832522418
6079,1001,13,5,0.55,0.2,1000,restricted_60,aggregation,0.6923461429198491,,,0.6344999355351439
6080,1001,13,5,0.55,0.2,1000,restricted_60,aggregation,0.6935112089255329,,,0.6354956637729556
6081,1001,13,5,0.55,0.2,1000,restricted_60,aggregation,0.6925042658447738,,,0.6351434870684872
6082,1001,13,5,0.55,0.2,1000,restricted_60,aggregation,0.6918611893107215,,,0.6339001818937238
6083,1001,13,5,0.55,0.2,1000,restricted_60,aggregation,0.6930752806849144,,,0.634974674021966
6084,1001,13,5,0.55,0.2,1000,restricted_60,aggregation,0.6915838797030636,,,0.63340312983313
6085,1001,13,5,0.55,0.2,1000,restricted_60,aggregation,0.6917127625236704,,,0.6340863060935978
6086,1001,13,5,0.55,0.2,1000,restricted_60,aggregation,0.6919015949968151,,,0.6341024884143635
6087,1001,13,5,0.55,0.2,1000,restricted_60,aggregation,0.6917572159195493,,,0.6336207321921906
6088,1001,13,5,0.55,0.2,1000,restricted_60,aggregation,0.6923187153399494,,,0.634283671205338
6089,1001,13,5,0.55,0.2,1000,restricted_60,aggregation,0.6917460798613048,,,0.63374161828141
6090,1001,13,5,0.55,0.2,1000,restricted_60,aggregation,0.6930302892447502,,,0.6353453822720492
6091,1001,13,5,0.55,0.2,1000,restricted_60,aggregation,0.6919985972060061,,,0.634193839208631
6092,1001,13,5,0.55,0.2,1000,restricted_60,aggregation,0.6925663554680525,,,0.634785768475352
6093,1001,13,5,0.55,0.2,1000,restricted_60,aggregation,0.6932938776361413,,,0.6353167818832405
6094,1001,13,5,0.55,0.2,1000,restricted_60,aggregation,0.6917312773750968,,,0.6343294255050507
6095,1001,13,5,0.55,0.2,1000,restricted_60,aggregation,0.6922447537198693,,,0.6339499126490794
6096,1001,13,5,0.55,0.2,1000,restricted_60,aggregation,0.6920423843389656,,,0.6342886546940715
6097,1001,13,5,0.55,0.2,1000,restricted_60,aggregation,0.6921507019070634,,,0.6343474950281202
6098,1001,13,5,0.55,0.2,1000,restricted_60,aggregation,0.6917445616208968,,,0.6338477389123224
6099,1001,13,5,0.55,0.2,1000,restricted_60,aggregation,0.6934940534682286,,,0.6355753569501487
6100,1001,13,5,0.55,0.2,1000,restricted_60,aggregation,0.6932564917584998,,,0.6344179061370729
6101,1001,13,5,0.55,0.2,1000,restricted_60,aggregation,0.6923787054098588,,,0.6345267399729901
6102,1001,13,5,0.55,0.2,1000,restricted_60,aggregation,0.6919166105861733,,,0.6346228412867999
6103,1001,13,5,0.55,0.2,1000,restricted_60,aggregation,0.6933160610512656,,,0.6349635720991973
6104,1001,13,5,0.55,0.2,1000,restricted_60,aggregation,0.6925312327479548,,,0.6342730462670048
6105,1001,13,5,0.55,0.2,1000,restricted_60,aggregation,0.6937954694994812,,,0.6353669343388095
6106,1001,13,5,0.55,0.2,1000,restricted_60,aggregation,0.6922611157743885,,,0.6342141671137506
6107,1001,13,5,0.55,0.2,1000,restricted_60,aggregation,0.6919622789680148,,,0.6340136122442374
6108,1001,13,5,0.55,0.2,1000,restricted_60,aggregation,0.6917593292425571,,,0.6338443527537279
6109,1001,13,5,0.55,0.2,1000,restricted_60,aggregation,0.693874166075822,,,0.6360696497098582
6110,1001,13,5,0.55,0.2,1000,restricted_60,aggregation,0.6926556583901992,,,0.6344742423702842
6111,1001,13,5,0.55,0.2,1000,restricted_60,aggregation,0.6920375169498559,,,0.6339991184741186
6112,1001,13,5,0.55,0.2,1000,restricted_60,aggregation,0.6922720076339122,,,0.6344739829306498
6113,1001,13,5,0.55,0.2,1000,restricted_60,aggregation,0.6925653558150691,,,0.6347999790872709
6114,1001,13,5,0.55,0.2,1000,restricted_60,aggregation,0.6922140132353066,,,0.6344323144602313
6115,1001,13,5,0.55,0.2,1000,restricted_60,aggregation,0.6918176497740235,,,0.6339890207323542
6116,1001,13,5,0.55,0.2,1000,restricted_60,aggregation,0.6916802663071805,,,0.6340439110118279
6117,1001,13,5,0.55,0.2,1000,restricted_60,aggregation,0.6924235906840023,,,0.6345886558657393
6118,1001,13,5,0.55,0.2,1000,restricted_60,aggregation,0.6931643849643874,,,0.6351333214779049
6119,1001,13,5,0.55,0.2,1000,restricted_60,aggregation,0.6934901118729412,,,0.635306558811559
6120,1001,13,5,0.55,0.2,1000,restricted_60,aggregation,0.691845381048901,,,0.6342530600341019
6121,1001,13,5,0.55,0.2,1000,restricted_60,aggregation,0.6918601957224689,,,0.6336895492393411
6122,1001,13,5,0.55,0.2,1000,restricted_60,aggregation,0.6918284905303128,,,0.6339645455855875
6123,1001,13,5,0.55,0.2,1000,restricted_60,aggregation,0.6935340717449123,,,0.6355717227140145
6124,1001,13,5,0.55,0.2,1000,restricted_60,aggregation,0.6918545344354087,,,0.6340335661868997
6125,1001,13,5,0.55,0.2,1000,restricted_60,aggregation,0.6928516631089159,,,0.6349105125353044
6126,1001,13,5,0.55,0.2,1000,restricted_60,aggregation,0.6924076791354464,,,0.6347572770516522
6127,1001,13,5,0.55,0.2,1000,restricted_60,aggregation,0.691063763286661,,,0.6334207512472098
6128,1001,13,5,0.55,0.2,1000,restricted_60,aggregation,0.691889667241992,,,0.6339293964446049
6129,1001,13,5,0.55,0.2,1000,restricted_60,aggregation,0.692972062701766,,,0.6350479341260592
6130,1001,13,5,0.55,0.2,1000,restricted_60,aggregation,0.6917644699902894,,,0.6338830606661858
6131,1001,13,5,0.55,0.2,1000,restricted_60,aggregation,0.6922940329218888,,,0.6347031226952061
6132,1001,13,5,0.55,0.2,1000,restricted_60,aggregation,0.6926743258075988,,,0.635164910128452
6133,1001,13,5,0.55,0.2,1000,restricted_60,aggregation,0.6925099020684375,,,0.634592185623019
6134,1001,13,5,0.55,0.2,1000,restricted_60,aggregation,0.6909701197100153,,,0.6334176432209768
6135,1001,13,5,0.55,0.2,1000,restricted_60,aggregation,0.6931047812051596,,,0.6345229974038309
6136,1001,13,5,0.55,0.2,1000,restricted_60,aggregation,0.6924265269612828,,,0.6343364263128848
6137,1001,13,5,0.55,0.2,1000,restricted_60,aggregation,0.6922752334502174,,,0.6337675653667323
6138,1001,13,5,0.55,0.2,1000,restricted_60,aggregation,0.6926001772899181,,,0.6345598061891813
6139,1001,13,5,0.55,0.2,1000,restricted_60,aggregation,0.6916381123700012,,,0.6339378021746773
6140,1001,13,5,0.55,0.2,1000,restricted_60,aggregation,0.691903335092117,,,0.6338657935120436
6141,1001,13,5,0.55,0.2,1000,restricted_60,aggregation,0.6917748595731552,,,0.6342335200678951
6142,1001,13,5,0.55,0.2,1000,restricted_60,aggregation,0.6922415563988393,,,0.6340559854034855
6143,1001,13,5,0.55,0.2,1000,restricted_60,aggregation,0.6928365957407943,,,0.634676192858068
6144,1001,13,5,0.55,0.2,1000,restricted_60,aggregation,0.6927303333854709,,,0.6339335986081821
6145,1001,13,5,0.55,0.2,1000,restricted_60,aggregation,0.6915629037894304,,,0.6337948062585564
6146,1001,13,5,0.55,0.2,1000,restricted_60,aggregation,0.6929901446165543,,,0.6349425512065097
6147,1001,13,5,0.55,0.2,1000,restricted_60,aggregation,0.6919623425152024,,,0.6341440086996338
6148,1001,13,5,0.55,0.2,1000,restricted_60,aggregation,0.6917228968095492,,,0.6347482974895476
6149,1001,13,5,0.55,0.2,1000,restricted_60,aggregation,0.6918957446752239,,,0.6337469427409012
6150,1001,13,5,0.55,0.2,1000,restricted_60,aggregation,0.6929514661520128,,,0.6352793271774523
6151,1001,13,5,0.55,0.2,1000,restricted_60,aggregation,0.6920840727831172,,,0.6337786928118179
6152,1001,13,5,0.55,0.2,1000,restricted_60,aggregation,0.6934935666344584,,,0.6351290809113728
6153,1001,13,5,0.55,0.2,1000,restricted_60,aggregation,0.6933600264916526,,,0.6349537392391561
6154,1001,13,5,0.55,0.2,1000,restricted_60,aggregation,0.6920044435672396,,,0.6339260988856823
6155,1001,13,5,0.55,0.2,1000,restricted_60,aggregation,0.691691877347638,,,0.633830319888445
6156,1001,13,5,0.55,0.2,1000,restricted_60,aggregation,0.6920047970684162,,,0.6341244639465474
6157,1001,13,5,0.55,0.2,1000,restricted_60,aggregation,0.6935532255377921,,,0.6346234216246717
6158,1001,13,5,0.55,0.2,1000,restricted_60,aggregation,0.6924548944450581,,,0.6349818673764509
6159,1001,13,5,0.55,0.2,1000,restricted_60,aggregation,0.6924962967943838,,,0.6336012442881194
6160,1001,13,5,0.55,0.2,1000,restricted_60,aggregation,0.6918190663735914,,,0.6343613002892171
6161,1001,13,5,0.55,0.2,1000,restricted_60,aggregation,0.6920605909712371,,,0.6343292707138543
6162,1001,13,5,0.55,0.2,1000,restricted_60,aggregation,0.6911545183714556,,,0.6336566283176702
6163,1001,13,5,0.55,0.2,1000,restricted_60,aggregation,0.6917323981030894,,,0.6336889613935448
6164,1001,13,5,0.55,0.2,1000,restricted_60,aggregation,0.693062020215745,,,0.6350284833839002
6165,1001,13,5,0.55,0.2,1000,restricted_60,aggregation,0.6902442958392045,,,0.6328480264026097
6166,1001,13,5,0.55,0.2,1000,restricted_60,aggregation,0.692677796811205,,,0.633910376143918
6167,1001,13,5,0.55,0.2,1000,restricted_60,aggregation,0.6931205094056184,,,0.6354148067210569
6168,1001,13,5,0.55,0.2,1000,restricted_60,aggregation,0.6915936913721582,,,0.6337633911458913
6169,1001,13,5,0.55,0.2,1000,restricted_60,aggregation,0.6933719810001456,,,0.6350850449935869
6170,1001,13,5,0.55,0.2,1000,restricted_60,aggregation,0.6929945420119974,,,0.6347429171137506
6171,1001,13,5,0.55,0.2,1000,restricted_60,aggregation,0.6914238742171102,,,0.6339374386184804
6172,1001,13,5,0.55,0.2,1000,restricted_60,aggregation,0.6917653853175533,,,0.6333902691983943
6173,1001,13,5,0.55,0.2,1000,restricted_60,aggregation,0.6909479151281441,,,0.633063274264316
6174,1001,13,5,0.55,0.2,1000,restricted_60,aggregation,0.6939218507701084,,,0.6363827699615201
6175,1001,13,5,0.55,0.2,1000,restricted_60,aggregation,0.6924990624599513,,,0.6345214900685736
6176,1001,13,5,0.55,0.2,1000,restricted_60,aggregation,0.692758282753181,,,0.6349267016008684
6177,1001,13,5,0.55,0.2,1000,restricted_60,aggregation,0.6920468820216913,,,0.633922413496997
6178,1001,13,5,0.55,0.2,1000,restricted_60,aggregation,0.6924441105668189,,,0.6344074092728259
6179,1001,13,5,0.55,0.2,1000,restricted_60,aggregation,0.692998010603902,,,0.6349940380452881
6180,1001,13,5,0.55,0.2,1000,restricted_60,aggregation,0.6914752388518299,,,0.6330484810636895
6181,1001,13,5,0.55,0.2,1000,restricted_60,aggregation,0.6916269629217253,,,0.6342403822103824
6182,1001,13,5,0.55,0.2,1000,restricted_60,aggregation,0.6918149254645845,,,0.6342518944327279
6183,1001,13,5,0.55,0.2,1000,restricted_60,aggregation,0.6916081027993403,,,0.6333203421115923
6184,1001,13,5,0.55,0.2,1000,restricted_60,aggregation,0.6917980518706979,,,0.633694102910978
6185,1001,13,5,0.55,0.2,1000,restricted_60,aggregation,0.6923619678468946,,,0.6346281284533368
6186,1001,13,5,0.55,0.2,1000,restricted_60,aggregation,0.6907406143165595,,,0.6332927357904442
6187,1001,13,5,0.55,0.2,1000,restricted_60,aggregation,0.6933856226022972,,,0.6356610594421013
6188,1001,13,5,0.55,0.2,1000,restricted_60,aggregation,0.6931688654540269,,,0.635500288877789
6189,1001,13,5,0.55,0.2,1000,restricted_60,aggregation,0.6908421087614197,,,0.6327668965448133
6190,1001,13,5,0.55,0.2,1000,restricted_60,aggregation,0.6918299948561615,,,0.6337411226427895
6191,1001,13,5,0.55,0.2,1000,restricted_60,aggregation,0.6924614079352878,,,0.6345157903130821
6192,1001,13,5,0.55,0.2,1000,restricted_60,aggregation,0.6918169408779103,,,0.6338558418895921
6193,1001,13,5,0.55,0.2,1000,restricted_60,aggregation,0.6928056360137331,,,0.6346821897084398
6194,1001,13,5,0.55,0.2,1000,restricted_60,aggregation,0.6911278142078431,,,0.6337385490050075
6195,1001,13,5,0.55,0.2,1000,restricted_60,aggregation,0.6934459821311276,,,0.6350324577043329
6196,1001,13,5,0.55,0.2,1000,restricted_60,aggregation,0.692256085134402,,,0.6346310580545999
6197,1001,13,5,0.55,0.2,1000,restricted_60,aggregation,0.6916774120911728,,,0.6345347581970501
6198,1001,13,5,0.55,0.2,1000,restricted_60,aggregation,0.6915364606811246,,,0.6331992627125962
6199,1001,13,5,0.55,0.2,1000,restricted_60,aggregation,0.6921289973448685,,,0.6342186946386947
6200,1001,13,5,0.55,0.2,1000,restricted_60,aggregation,0.6921380977537204,,,0.6340439373435207
6201,1001,13,5,0.55,0.2,1000,restricted_60,aggregation,0.6928716404284094,,,0.6348980622618123
6202,1001,13,5,0.55,0.2,1000,restricted_60,aggregation,0.693591923612398,,,0.6352947403445321
6203,1001,13,5,0.55,0.2,1000,restricted_60,aggregation,0.6922307554200237,,,0.63446412329954
6204,1001,13,5,0.55,0.2,1000,restricted_60,aggregation,0.6934141156856225,,,0.6354977521475439
6205,1001,13,5,0.55,0.2,1000,restricted_60,aggregation,0.6922020663490239,,,0.6342469289429707
6206,1001,13,5,0.55,0.2,1000,restricted_60,aggregation,0.6933288705466555,,,0.6346955046188382
6207,1001,13,5,0.55,0.2,1000,restricted_60,aggregation,0.6933040746375209,,,0.6355861066633984
6208,1001,13,5,0.55,0.2,1000,restricted_60,aggregation,0.6912755088705431,,,0.6336257456201206
6209,1001,13,5,0.55,0.2,1000,restricted_60,aggregation,0.6922210351075742,,,0.6342995577108078
6210,1001,13,5,0.55,0.2,1000,restricted_60,aggregation,0.6918168776631135,,,0.6345657010273679
6211,1001,13,5,0.55,0.2,1000,restricted_60,aggregation,0.6912063216683799,,,0.6337582266576017
6212,1001,13,5,0.55,0.2,1000,restricted_60,aggregation,0.6917385815827398,,,0.6335186256336257
6213,1001,13,5,0.55,0.2,1000,restricted_60,aggregation,0.6912418114482598,,,0.6336017311392314
6214,1001,13,5,0.55,0.2,1000,restricted_60,aggregation,0.6904794605634866,,,0.6327798857392609
6215,1001,13,5,0.55,0.2,1000,restricted_60,aggregation,0.6926103096530672,,,0.6347536440951026
6216,1001,13,5,0.55,0.2,1000,restricted_60,aggregation,0.693526160569211,,,0.6347933212081129
6217,1001,13,5,0.55,0.2,1000,restricted_60,aggregation,0.6928523571358248,,,0.6356389474645727
6218,1001,13,5,0.55,0.2,1000,restricted_60,aggregation,0.6921212712837835,,,0.6338427407391992
6219,1001,13,5,0.55,0.2,1000,restricted_60,aggregation,0.6919830019367452,,,0.634078775491484
6220,1001,13,5,0.55,0.2,1000,restricted_60,aggregation,0.6930518957681068,,,0.6353095335605753
6221,1001,13,5,0.55,0.2,1000,restricted_60,aggregation,0.692445089043357,,,0.6342855546768048
6222,1001,13,5,0.55,0.2,1000,restricted_60,aggregation,0.6913874017699224,,,0.6335185047976715
6223,1001,13,5,0.55,0.2,1000,restricted_60,aggregation,0.6900081159203763,,,0.6329974436289022
6224,1001,13,5,0.55,0.2,1000,restricted_60,aggregation,0.6933737333051122,,,0.6354596634692469
6225,1001,13,5,0.55,0.2,1000,restricted_60,aggregation,0.6919978041575563,,,0.6340436847797266
6226,1001,13,5,0.55,0.2,1000,restricted_60,aggregation,0.693443688243382,,,0.6355181804769305
6227,1001,13,5,0.55,0.2,1000,restricted_60,aggregation,0.693346965638478,,,0.6357651800668468
6228,1001,13,5,0.55,0.2,1000,restricted_60,aggregation,0.6925997555285691,,,0.6346858552096054
6229,1001,13,5,0.55,0.2,1000,restricted_60,aggregation,0.6914116836055465,,,0.6336744598071682
6230,1001,13,5,0.55,0.2,1000,restricted_60,aggregation,0.6922661914261943,,,0.6341140406275824
6231,1001,13,5,0.55,0.2,1000,restricted_60,aggregation,0.6924328078081468,,,0.6346330475234643
6232,1001,13,5,0.55,0.2,1000,restricted_60,aggregation,0.6915862116516852,,,0.6333014820056487
6233,1001,13,5,0.55,0.2,1000,restricted_60,aggregation,0.6926237278647472,,,0.6349221453777705
6234,1001,13,5,0.55,0.2,1000,restricted_60,aggregation,0.6913176718029996,,,0.6336562641602226
6235,1001,13,5,0.55,0.2,1000,restricted_60,aggregation,0.6909583206577213,,,0.6331199644491312
6236,1001,13,5,0.55,0.2,1000,restricted_60,aggregation,0.6924239638991795,,,0.6346915110044278
6237,1001,13,5,0.55,0.2,1000,restricted_60,aggregation,0.6909815499543384,,,0.6332497664372666
6238,1001,13,5,0.55,0.2,1000,restricted_60,aggregation,0.6918559414928266,,,0.6340995458322543
6239,1001,13,5,0.55,0.2,1000,restricted_60,aggregation,0.6924216722673608,,,0.6348933347670849
6240,1001,13,5,0.55,0.2,1000,restricted_60,aggregation,0.692022674177627,,,0.6343135836000422
6241,1001,13,5,0.55,0.2,1000,restricted_60,aggregation,0.6923453809296503,,,0.6347443137418137
6242,1001,13,5,0.55,0.2,1000,restricted_60,aggregation,0.6919788463746813,,,0.6339622739760241
6243,1001,13,5,0.55,0.2,1000,restricted_60,aggregation,0.6933506407121248,,,0.6354806660469163
6244,1001,13,5,0.55,0.2,1000,restricted_60,aggregation,0.6919467727422858,,,0.6337961197752866
6245,1001,13,5,0.55,0.2,1000,restricted_60,aggregation,0.6923499423076478,,,0.6343809110642445
6246,1001,13,5,0.55,0.2,1000,restricted_60,aggregation,0.693069201476499,,,0.6353858978213146
6247,1001,13,5,0.55,0.2,1000,restricted_60,aggregation,0.6920583285139772,,,0.6343646476825645
6248,1001,13,5,0.55,0.2,1000,restricted_60,aggregation,0.6921533186215982,,,0.6348549403991073
6249,1001,13,5,0.55,0.2,1000,restricted_60,aggregation,0.6930298680248776,,,0.635139337861213
6250,1001,13,5,0.55,0.2,1000,restricted_60,aggregation,0.6934467687356372,,,0.6348372373228625
6251,1001,13,5,0.55,0.2,1000,restricted_60,aggregation,0.6924550521054023,,,0.6345441895141896
6252,1001,13,5,0.55,0.2,1000,restricted_60,aggregation,0.6914818218782781,,,0.6337188686082437
6253,1001,13,5,0.55,0.2,1000,restricted_60,aggregation,0.6931645471335464,,,0.6342484853572355
6254,1001,13,5,0.55,0.2,1000,restricted_60,aggregation,0.6928883372584251,,,0.6348449633005885
6255,1001,13,5,0.55,0.2,1000,restricted_60,aggregation,0.6912691292788057,,,0.6330608823815075
6256,1001,13,5,0.55,0.2,1000,restricted_60,aggregation,0.6925232260182311,,,0.6343110467156302
6257,1001,13,5,0.55,0.2,1000,restricted_60,aggregation,0.6911914025131289,,,0.6335113630274049
6258,1001,13,5,0.55,0.2,1000,restricted_60,aggregation,0.6923421869375401,,,0.6341816780364699
6259,1001,13,5,0.55,0.2,1000,restricted_60,aggregation,0.6920034611074641,,,0.6338270756327008
6260,1001,13,5,0.55,0.2,1000,restricted_60,aggregation,0.6921539040712316,,,0.6336347095882513
6261,1001,13,5,0.55,0.2,1000,restricted_60,aggregation,0.6925163618431895,,,0.6348273722727891
6262,1001,13,5,0.55,0.2,1000,restricted_60,aggregation,0.6905912832662207,,,0.6333758037024705
6263,1001,13,5,0.55,0.2,1000,restricted_60,aggregation,0.6929373537834308,,,0.6346691643233311
6264,1001,13,5,0.55,0.2,1000,restricted_60,aggregation,0.692539368030589,,,0.6345624657441326
6265,1001,13,5,0.55,0.2,1000,restricted_60,aggregation,0.6922588201881533,,,0.6347262877708713
6266,1001,13,5,0.55,0.2,1000,restricted_60,aggregation,0.6911115595085242,,,0.6341951302247137
6267,1001,13,5,0.55,0.2,1000,restricted_60,aggregation,0.6933290764186452,,,0.6349971820694739
6268,1001,13,5,0.55,0.2,1000,restricted_60,aggregation,0.6907598613844259,,,0.6333881414418915
6269,1001,13,5,0.55,0.2,1000,restricted_60,aggregation,0.6924731450245221,,,0.6345789583179168
6270,1001,13,5,0.55,0.2,1000,restricted_60,aggregation,0.6915811342190392,,,0.6336803013113431
6271,1001,13,5,0.55,0.2,1000,restricted_60,aggregation,0.6925303172670432,,,0.6347935981919317
6272,1001,13,5,0.55,0.2,1000,restricted_60,aggregation,0.6930809312141607,,,0.6351658945452697
6273,1001,13,5,0.55,0.2,1000,restricted_60,aggregation,0.6935922032839144,,,0.6351171285350454
6274,1001,13,5,0.55,0.2,1000,restricted_60,aggregation,0.6920842625029284,,,0.6345137362329031
6275,1001,13,5,0.55,0.2,1000,restricted_60,aggregation,0.6932487754487409,,,0.6351799225157561
6276,1001,13,5,0.55,0.2,1000,restricted_60,aggregation,0.691203334388822,,,0.6330043301682887
6277,1001,13,5,0.55,0.2,1000,restricted_60,aggregation,0.6924074771803959,,,0.634821446254363
6278,1001,13,5,0.55,0.2,1000,restricted_60,aggregation,0.6933126910647215,,,0.6351460246003998
6279,1001,13,5,0.55,0.2,1000,restricted_60,aggregation,0.692507586198004,,,0.634648810726311
6280,1001,13,5,0.55,0.2,1000,restricted_60,aggregation,0.6924971317005201,,,0.634927906792282
6281,1001,13,5,0.55,0.2,1000,restricted_60,aggregation,0.6928507192840371,,,0.6345241057707725
6282,1001,13,5,0.55,0.2,1000,restricted_60,aggregation,0.6933483570830474,,,0.6352379208522958
6283,1001,13,5,0.55,0.2,1000,restricted_60,aggregation,0.6925579456277794,,,0.6340425263933599
6284,1001,13,5,0.55,0.2,1000,restricted_60,aggregation,0.6925641647104126,,,0.6349744314404733
6285,1001,13,5,0.55,0.2,1000,restricted_60,aggregation,0.6922052401149269,,,0.6346101745322581
6286,1001,13,5,0.55,0.2,1000,restricted_60,aggregation,0.6920097743800693,,,0.6337242297131882
6287,1001,13,5,0.55,0.2,1000,restricted_60,aggregation,0.6904456716154118,,,0.6333523783161285
6288,1001,13,5,0.55,0.2,1000,restricted_60,aggregation,0.6921741076778195,,,0.6340493878035546
6289,1001,13,5,0.55,0.2,1000,restricted_60,aggregation,0.6921559753125225,,,0.6344342426940345
6290,1001,13,5,0.55,0.2,1000,restricted_60,aggregation,0.6934763133413798,,,0.6352014786371037
6291,1001,13,5,0.55,0.2,1000,restricted_60,aggregation,0.6912865762147606,,,0.6335922202103452
6292,1001,13,5,0.55,0.2,1000,restricted_60,aggregation,0.6916907332016086,,,0.6336289771648106
6293,1001,13,5,0.55,0.2,1000,restricted_60,aggregation,0.6927023334168935,,,0.6349437115893368
6294,1001,13,5,0.55,0.2,1000,restricted_60,aggregation,0.692642498850257,,,0.6349941870552289
6295,1001,13,5,0.55,0.2,1000,restricted_60,aggregation,0.6926215692755722,,,0.6343530399847068
6296,1001,13,5,0.55,0.2,1000,restricted_60,aggregation,0.6936289625170154,,,0.6358681503758588
6297,1001,13,5,0.55,0.2,1000,restricted_60,aggregation,0.6918444515132525,,,0.63455085644294
6298,1001,13,5,0.55,0.2,1000,restricted_60,aggregation,0.6928584319846208,,,0.6340098483538068
6299,1001,13,5,0.55,0.2,1000,restricted_60,aggregation,0.6937025918815071,,,0.6349612462074963
6300,1001,13,5,0.55,0.2,1000,restricted_60,aggregation,0.6911825261962176,,,0.633484339711215
6301,1001,13,5,0.55,0.2,1000,restricted_60,aggregation,0.691358860680762,,,0.6333040138025555
6302,1001,13,5,0.55,0.2,1000,restricted_60,aggregation,0.6915979565034173,,,0.6333365893828395
6303,1001,13,5,0.55,0.2,1000,restricted_60,aggregation,0.692275514317282,,,0.6340821661671663
6304,1001,13,5,0.55,0.2,1000,restricted_60,aggregation,0.6928264619126088,,,0.6345961208159127
6305,1001,13,5,0.55,0.2,1000,restricted_60,aggregation,0.6917520333424092,,,0.6341922753481087
6306,1001,13,5,0.55,0.2,1000,restricted_60,aggregation,0.6932909714454168,,,0.634999587796463
6307,1001,13,5,0.55,0.2,1000,restricted_60,aggregation,0.6922620967889596,,,0.6338546665294583
6308,1001,13,5,0.55,0.2,1000,restricted_60,aggregation,0.6911321208686749,,,0.6335326801439302
6309,1001,13,5,0.55,0.2,1000,restricted_60,aggregation,0.6923039150400201,,,0.6347258452966787
6310,1001,13,5,0.55,0.2,1000,restricted_60,aggregation,0.6917148100881895,,,0.6337857801226552
6311,1001,13,5,0.55,0.2,1000,restricted_60,aggregation,0.6925558345322457,,,0.6346733458208459
6312,1001,13,5,0.55,0.2,1000,restricted_60,aggregation,0.6925135919924325,,,0.6348822225922227
6313,1001,13,5,0.55,0.2,1000,restricted_60,aggregation,0.6930077289618104,,,0.6351082147327981
6314,1001,13,5,0.55,0.2,1000,restricted_60,aggregation,0.6936935259766072,,,0.6355765251184003
6315,1001,13,5,0.55,0.2,1000,restricted_60,aggregation,0.6915020692295244,,,0.6340698582821501
6316,1001,13,5,0.55,0.2,1000,restricted_60,aggregation,0.6922335645122195,,,0.6343731711112962
6317,1001,13,5,0.55,0.2,1000,restricted_60,aggregation,0.6927346433776206,,,0.6351503656066158
6318,1001,13,5,0.55,0.2,1000,restricted_60,aggregation,0.6927205841276357,,,0.6346366906396074
6319,1001,13,5,0.55,0.2,1000,restricted_60,aggregation,0.6924013718556734,,,0.63435115307532
6320,1001,13,5,0.55,0.2,1000,restricted_60,aggregation,0.6918912921960237,,,0.6340641117678618
6321,1001,13,5,0.55,0.2,1000,restricted_60,aggregation,0.6925444981859439,,,0.6347035884485885
6322,1001,13,5,0.55,0.2,1000,restricted_60,aggregation,0.6927350859236832,,,0.634772730656689
6323,1001,13,5,0.55,0.2,1000,restricted_60,aggregation,0.6931716143778086,,,0.6350747793410294
6324,1001,13,5,0.55,0.2,1000,restricted_60,aggregation,0.6918632442319564,,,0.6340891041211877
6325,1001,13,5,0.55,0.2,1000,restricted_60,aggregation,0.6919712250278265,,,0.6339216205091205
6326,1001,13,5,0.55,0.2,1000,restricted_60,aggregation,0.6913420301898531,,,0.6335467616411368
6327,1001,13,5,0.55,0.2,1000,restricted_60,aggregation,0.6925849802348054,,,0.6344178874905959
6328,1001,13,5,0.55,0.2,1000,restricted_60,aggregation,0.6921377459915032,,,0.6344380228798979
6329,1001,13,5,0.55,0.2,1000,restricted_60,aggregation,0.6926472395412562,,,0.6349389172093339
6330,1001,13,5,0.55,0.2,1000,restricted_60,aggregation,0.6931480964915432,,,0.6351945140738893
6331,1001,13,5,0.55,0.2,1000,restricted_60,aggregation,0.6937341164847375,,,0.6351353919537254
6332,1001,13,5,0.55,0.2,1000,restricted_60,aggregation,0.6916438841459944,,,0.6334378736926656
6333,1001,13,5,0.55,0.2,1000,restricted_60,aggregation,0.6932000862487153,,,0.6356827329460665
6334,1001,13,5,0.55,0.2,1000,restricted_60,aggregation,0.692158522196021,,,0.6344469371215206
6335,1001,13,5,0.55,0.2,1000,restricted_60,aggregation,0.6926013043248448,,,0.6344393878883463
6336,1001,13,5,0.55,0.2,1000,restricted_60,aggregation,0.6906511531165557,,,0.6331475854469606
6337,1001,13,5,0.55,0.2,1000,restricted_60,aggregation,0.6921275072836796,,,0.6345334092527843
6338,1001,13,5,0.55,0.2,1000,restricted_60,aggregation,0.692455187053116,,,0.6344193349782934
6339,1001,13,5,0.55,0.2,1000,restricted_60,aggregation,0.6931524377860645,,,0.6353505980824733
6340,1001,13,5,0.55,0.2,1000,restricted_60,aggregation,0.6927871906041473,,,0.6348044354333939
6341,1001,13,5,0.55,0.2,1000,restricted_60,aggregation,0.6912661784165565,,,0.6329502717190219
6342,1001,13,5,0.55,0.2,1000,restricted_60,aggregation,0.6919921834869925,,,0.6338552500123334
6343,1001,13,5,0.55,0.2,1000,restricted_60,aggregation,0.6923931678305809,,,0.6346297735289402
6344,1001,13,5,0.55,0.2,1000,restricted_60,aggregation,0.6922963783490981,,,0.6344290167240169
6345,1001,13,5,0.55,0.2,1000,restricted_60,aggregation,0.692229420735252,,,0.634266344905095
6346,1001,13,5,0.55,0.2,1000,restricted_60,aggregation,0.6911585839645585,,,0.6327051613432865
6347,1001,13,5,0.55,0.2,1000,restricted_60,aggregation,0.6931549401165663,,,0.6350205649134817
6348,1001,13,5,0.55,0.2,1000,restricted_60,aggregation,0.6918123055382459,,,0.6342090837403338
6349,1001,13,5,0.55,0.2,1000,restricted_60,aggregation,0.690966491117158,,,0.6339147365520285
6350,1001,13,5,0.55,0.2,1000,restricted_60,aggregation,0.6929030826500443,,,0.6347235991785992
6351,1001,13,5,0.55,0.2,1000,restricted_60,aggregation,0.6904156975242388,,,0.6326096124554459
6352,1001,13,5,0.55,0.2,1000,restricted_60,aggregation,0.6921659474689883,,,0.6343400712790298
6353,1001,13,5,0.55,0.2,1000,restricted_60,aggregation,0.6922380819549185,,,0.6342507094911264
6354,1001,13,5,0.55,0.2,1000,restricted_60,aggregation,0.6920767979796377,,,0.6344815087844256
6355,1001,13,5,0.55,0.2,1000,restricted_60,aggregation,0.6913834548042959,,,0.6336147183449268
6356,1001,13,5,0.55,0.2,1000,restricted_60,aggregation,0.6911412784687918,,,0.6337814158526659
6357,1001,13,5,0.55,0.2,1000,restricted_60,aggregation,0.6926363910666289,,,0.6350507911378747
6358,1001,13,5,0.55,0.2,1000,restricted_60,aggregation,0.6920700921780193,,,0.6336560230818565
6359,1001,13,5,0.55,0.2,1000,restricted_60,aggregation,0.691894252755599,,,0.6340029387510638
6360,1001,13,5,0.55,0.2,1000,restricted_60,aggregation,0.6916593243878234,,,0.6339055583613918
6361,1001,13,5,0.55,0.2,1000,restricted_60,aggregation,0.6917677274826939,,,0.6340878303024138
6362,1001,13,5,0.55,0.2,1000,restricted_60,aggregation,0.6929661075044661,,,0.6349607632182633
6363,1001,13,5,0.55,0.2,1000,restricted_60,aggregation,0.692171896302103,,,0.6343077886388305
6364,1001,13,5,0.55,0.2,1000,restricted_60,aggregation,0.6922828767665925,,,0.6345634603745022
6365,1001,13,5,0.55,0.2,1000,restricted_60,aggregation,0.6925713569042007,,,0.6344166122534874
6366,1001,13,5,0.55,0.2,1000,restricted_60,aggregation,0.6923220215930932,,,0.6347594333213085
6367,1001,13,5,0.55,0.2,1000,restricted_60,aggregation,0.6930356727200828,,,0.6349813140871476
6368,1001,13,5,0.55,0.2,1000,restricted_60,aggregation,0.6919160293836237,,,0.6339929503444087
6369,1001,13,5,0.55,0.2,1000,restricted_60,aggregation,0.6921507574771845,,,0.633952442495776
6370,1001,13,5,0.55,0.2,1000,restricted_60,aggregation,0.6927099120472551,,,0.6353158027235112
6371,1001,13,5,0.55,0.2,1000,restricted_60,aggregation,0.6930310328287338,,,0.6352024707237208
6372,1001,13,5,0.55,0.2,1000,restricted_60,aggregation,0.6924538049288873,,,0.6339610652387737
6373,1001,13,5,0.55,0.2,1000,restricted_60,aggregation,0.6926515484322122,,,0.6344482747114
6374,1001,13,5,0.55,0.2,1000,restricted_60,aggregation,0.6932824285056368,,,0.6354979263560515
6375,1001,13,5,0.55,0.2,1000,restricted_60,aggregation,0.6923530343064163,,,0.6341912345447763
6376,1001,13,5,0.55,0.2,1000,restricted_60,aggregation,0.6918312955246563,,,0.6342176577666162
6377,1001,13,5,0.55,0.2,1000,restricted_60,aggregation,0.6910145241199218,,,0.6336744144898313
6378,1001,13,5,0.55,0.2,1000,restricted_60,aggregation,0.6925170755651362,,,0.6346518628979047
6379,1001,13,5,0.55,0.2,1000,restricted_60,aggregation,0.6920132958659916,,,0.6337801953370705
6380,1001,13,5,0.55,0.2,1000,restricted_60,aggregation,0.692011745243816,,,0.6346040228213147
6381,1001,13,5,0.55,0.2,1000,restricted_60,aggregation,0.6915135467531275,,,0.6334164137020388
6382,1001,13,5,0.55,0.2,1000,restricted_60,aggregation,0.6916746446462942,,,0.6335614433097768
6383,1001,13,5,0.55,0.2,1000,restricted_60,aggregation,0.6902960209643866,,,0.6326076193019945
6384,1001,13,5,0.55,0.2,1000,restricted_60,aggregation,0.6918608556412337,,,0.6340524166420002
6385,1001,13,5,0.55,0.2,1000,restricted_60,aggregation,0.691263423101968,,,0.6331606606510776
6386,1001,13,5,0.55,0.2,1000,restricted_60,aggregation,0.6928166960809067,,,0.6345250001079169
6387,1001,13,5,0.55,0.2,1000,restricted_60,aggregation,0.6923814051695243,,,0.6348589265980934
6388,1001,13,5,0.55,0.2,1000,restricted_60,aggregation,0.6920947055919524,,,0.6345272980337565
6389,1001,13,5,0.55,0.2,1000,restricted_60,aggregation,0.6934556299928878,,,0.6357851307180475
6390,1001,13,5,0.55,0.2,1000,restricted_60,aggregation,0.6914290125156891,,,0.6336968281718283
6391,1001,13,5,0.55,0.2,1000,restricted_60,aggregation,0.6922184636904416,,,0.6339387125991295
6392,1001,13,5,0.55,0.2,1000,restricted_60,aggregation,0.6909699841240933,,,0.6330979179847931
6393,1001,13,5,0.55,0.2,1000,restricted_60,aggregation,0.691528353150031,,,0.6343537230208066
6394,1001,13,5,0.55,0.2,1000,restricted_60,aggregation,0.6910909163668929,,,0.633640350875976
6395,1001,13,5,0.55,0.2,1000,restricted_60,aggregation,0.6919283504759699,,,0.6338331676965011
6396,1001,13,5,0.55,0.2,1000,restricted_60,aggregation,0.6930556330036134,,,0.6349841493768579
6397,1001,13,5,0.55,0.2,1000,restricted_60,aggregation,0.6919385706030986,,,0.6338490976076394
6398,1001,13,5,0.55,0.2,1000,restricted_60,aggregation,0.6921909444170488,,,0.6346600099360518
6399,1001,13,5,0.55,0.2,1000,restricted_60,aggregation,0.693718585456438,,,0.635459312431396
6400,1001,13,5,0.55,0.2,1000,restricted_60,aggregation,0.6918041934619469,,,0.6339577641340143
6401,1001,13,5,0.55,0.2,1000,restricted_60,aggregation,0.692569589435307,,,0.6342943173955675
6402,1001,13,5,0.55,0.2,1000,restricted_60,aggregation,0.6925055671995763,,,0.6350199633005885
6403,1001,13,5,0.55,0.2,1000,restricted_60,aggregation,0.6917796167647605,,,0.6336397563162149
6404,1001,13,5,0.55,0.2,1000,restricted_60,aggregation,0.69267477903053,,,0.6349871292827545
6405,1001,13,5,0.55,0.2,1000,restricted_60,aggregation,0.6922936549219598,,,0.6343183956629791
6406,1001,13,5,0.55,0.2,1000,restricted_60,aggregation,0.6918025525140545,,,0.6337415434257102
6407,1001,13,5,0.55,0.2,1000,restricted_60,aggregation,0.6922363744845014,,,0.63476021829251
6408,1001,13,5,0.55,0.2,1000,restricted_60,aggregation,0.6911176499822149,,,0.6334072735289403
6409,1001,13,5,0.55,0.2,1000,restricted_60,aggregation,0.6929857078863553,,,0.6347775575196409
6410,1001,13,5,0.55,0.2,1000,restricted_60,aggregation,0.6921249865169451,,,0.6342331545537797
6411,1001,13,5,0.55,0.2,1000,restricted_60,aggregation,0.6911543767311141,,,0.6335814661572996
6412,1001,13,5,0.55,0.2,1000,restricted_60,aggregation,0.6918670055796357,,,0.6336540603686438
6413,1001,13,5,0.55,0.2,1000,restricted_60,aggregation,0.6919516120880892,,,0.6342025137208471
6414,1001,13,5,0.55,0.2,1000,restricted_60,aggregation,0.6909919870558758,,,0.6333123433433852
6415,1001,13,5,0.55,0.2,1000,restricted_60,aggregation,0.6915149489008303,,,0.6344252193562611
6416,1001,13,5,0.55,0.2,1000,restricted_60,aggregation,0.6929914461961466,,,0.6348527813313231
6417,1001,13,5,0.55,0.2,1000,restricted_60,aggregation,0.6924861177397507,,,0.6341544592521677
6418,1001,13,5,0.55,0.2,1000,restricted_60,aggregation,0.6925067166928552,,,0.6341086609069944
6419,1001,13,5,0.55,0.2,1000,restricted_60,aggregation,0.6910322970004418,,,0.6334962161526746
6420,1001,13,5,0.55,0.2,1000,restricted_60,aggregation,0.6917670271310326,,,0.633937261927887
6421,1001,13,5,0.55,0.2,1000,restricted_60,aggregation,0.6938431714567788,,,0.6358751425580594
6422,1001,13,5,0.55,0.2,1000,restricted_60,aggregation,0.6923610854901353,,,0.6341289801248136
6423,1001,13,5,0.55,0.2,1000,restricted_60,aggregation,0.6903481588755547,,,0.6325106381812633
6424,1001,13,5,0.55,0.2,1000,restricted_60,aggregation,0.691618688894898,,,0.6336478630397383
6425,1001,13,5,0.55,0.2,1000,restricted_60,aggregation,0.6925835823873212,,,0.6341429598025432
6426,1001,13,5,0.55,0.2,1000,restricted_60,aggregation,0.6926513453870198,,,0.635039848970474
6427,1001,13,5,0.55,0.2,1000,restricted_60,aggregation,0.6912474448502579,,,0.6335492699507284
6428,1001,13,5,0.55,0.2,1000,restricted_60,aggregation,0.6915744036793678,,,0.6336682215392633
6429,1001,13,5,0.55,0.2,1000,restricted_60,aggregation,0.6917320567883243,,,0.6343834505540757
6430,1001,13,5,0.55,0.2,1000,restricted_60,aggregation,0.6930921122450003,,,0.6347277854861191
6431,1001,13,5,0.55,0.2,1000,restricted_60,aggregation,0.6917613510446832,,,0.6334919238554656
6432,1001,13,5,0.55,0.2,1000,restricted_60,aggregation,0.6908810849096622,,,0.6330328207055292
6433,1001,13,5,0.55,0.2,1000,restricted_60,aggregation,0.6921991385839792,,,0.6347039013609849
6434,1001,13,5,0.55,0.2,1000,restricted_60,aggregation,0.6911387153518977,,,0.6332773054723057
6435,1001,13,5,0.55,0.2,1000,restricted_60,aggregation,0.6916409130311111,,,0.6337195023572109
6436,1001,13,5,0.55,0.2,1000,restricted_60,aggregation,0.6914894149803632,,,0.6339649045630297
6437,1001,13,5,0.55,0.2,1000,restricted_60,aggregation,0.6908520123206653,,,0.6331530245448997
6438,1001,13,5,0.55,0.2,1000,restricted_60,aggregation,0.6902339798230986,,,0.6338239609541695
6439,1001,13,5,0.55,0.2,1000,restricted_60,aggregation,0.691774103188595,,,0.63352574813304
6440,1001,13,5,0.55,0.2,1000,restricted_60,aggregation,0.6932835270391855,,,0.6349401259928343
6441,1001,13,5,0.55,0.2,1000,restricted_60,aggregation,0.691103396593595,,,0.6329754519014937
6442,1001,13,5,0.55,0.2,1000,restricted_60,aggregation,0.6928243990222804,,,0.6346661293875878
6443,1001,13,5,0.55,0.2,1000,restricted_60,aggregation,0.6915620272641062,,,0.6334895722641557
6444,1001,13,5,0.55,0.2,1000,restricted_60,aggregation,0.6915604795936972,,,0.6337236158440327
6445,1001,13,5,0.55,0.2,1000,restricted_60,aggregation,0.6916776564254973,,,0.633662919565003
6446,1001,13,5,0.55,0.2,1000,restricted_60,aggregation,0.6917928510503791,,,0.6339782947376699
6447,1001,13,5,0.55,0.2,1000,restricted_60,aggregation,0.69224793478611,,,0.6339815516813434
6448,1001,13,5,0.55,0.2,1000,restricted_60,aggregation,0.6927677383202678,,,0.6349717439736192
6449,1001,13,5,0.55,0.2,1000,restricted_60,aggregation,0.6919921477158394,,,0.6338606244064579
6450,1001,13,5,0.55,0.2,1000,restricted_60,aggregation,0.6916306534325665,,,0.6332533427298012
6451,1001,13,5,0.55,0.2,1000,restricted_60,aggregation,0.6911472952769432,,,0.6333712359708195
6452,1001,13,5,0.55,0.2,1000,restricted_60,aggregation,0.6927289669837152,,,0.6352873046398048
6453,1001,13,5,0.55,0.2,1000,restricted_60,aggregation,0.6930535430725181,,,0.6355609760841013
6454,1001,13,5,0.55,0.2,1000,restricted_60,aggregation,0.6915878378537065,,,0.6341191174566176
6455,1001,13,5,0.55,0.2,1000,restricted_60,aggregation,0.6912392232020476,,,0.6333794883974052
6456,1001,13,5,0.55,0.2,1000,restricted_60,aggregation,0.691085104915058,,,0.6328866107657776
6457,1001,13,5,0.55,0.2,1000,restricted_60,aggregation,0.6924578653152159,,,0.6343316689637525
6458,1001,13,5,0.55,0.2,1000,restricted_60,aggregation,0.6926073101066874,,,0.6347979845925681
6459,1001,13,5,0.55,0.2,1000,restricted_60,aggregation,0.6925824276225953,,,0.6345770843970845
6460,1001,13,5,0.55,0.2,1000,restricted_60,aggregation,0.6931438601042993,,,0.6353523541119376
6461,1001,13,5,0.55,0.2,1000,restricted_60,aggregation,0.6905391167337365,,,0.632624088827839
6462,1001,13,5,0.55,0.2,1000,restricted_60,aggregation,0.6922642282344962,,,0.6339339575393743
6463,1001,13,5,0.55,0.2,1000,restricted_60,aggregation,0.6916940843769499,,,0.6333664309764312
6464,1001,13,5,0.55,0.2,1000,restricted_60,aggregation,0.6915167070381274,,,0.6336404374868959
6465,1001,13,5,0.55,0.2,1000,restricted_60,aggregation,0.6918892506637969,,,0.6338340044292129
6466,1001,13,5,0.55,0.2,1000,restricted_60,aggregation,0.6932799113933217,,,0.6351519581036249
6467,1001,13,5,0.55,0.2,1000,restricted_60,aggregation,0.6922135634900088,,,0.6341116440581024
6468,1001,13,5,0.55,0.2,1000,restricted_60,aggregation,0.6920630072437115,,,0.6341331740096325
6469,1001,13,5,0.55,0.2,1000,restricted_60,aggregation,0.691824699415982,,,0.6342882765305684
6470,1001,13,5,0.55,0.2,1000,restricted_60,aggregation,0.6931040171306047,,,0.6348472035603286
6471,1001,13,5,0.55,0.2,1000,restricted_60,aggregation,0.6934065041724987,,,0.6354043565153983
6472,1001,13,5,0.55,0.2,1000,restricted_60,aggregation,0.6917607432454063,,,0.6336497871187456
6473,1001,13,5,0.55,0.2,1000,restricted_60,aggregation,0.692096397244844,,,0.6340437761544012
6474,1001,13,5,0.55,0.2,1000,restricted_60,aggregation,0.6922136468658798,,,0.6343383306970808
6475,1001,13,5,0.55,0.2,1000,restricted_60,aggregation,0.691556093483282,,,0.633339837870463
6476,1001,13,5,0.55,0.2,1000,restricted_60,aggregation,0.691265722967057,,,0.633307072225614
6477,1001,13,5,0.55,0.2,1000,restricted_60,aggregation,0.6924961528469605,,,0.6346593927060594
6478,1001,13,5,0.55,0.2,1000,restricted_60,aggregation,0.6933681890665374,,,0.6347908403710488
6479,1001,13,5,0.55,0.2,1000,restricted_60,aggregation,0.6921950009585295,,,0.6346431386668887
6480,1001,13,5,0.55,0.2,1000,restricted_60,aggregation,0.692406689304309,,,0.634552097131264
6481,1001,13,5,0.55,0.2,1000,restricted_60,aggregation,0.692678807857463,,,0.6345714449747785
6482,1001,13,5,0.55,0.2,1000,restricted_60,aggregation,0.6932195310307505,,,0.6345881697392116
6483,1001,13,5,0.55,0.2,1000,restricted_60,aggregation,0.6922189144900727,,,0.6340545368828704
6484,1001,13,5,0.55,0.2,1000,restricted_60,aggregation,0.6916494085896875,,,0.6337188933211853
6485,1001,13,5,0.55,0.2,1000,restricted_60,aggregation,0.6913442165805639,,,0.6332908036870537
6486,1001,13,5,0.55,0.2,1000,restricted_60,aggregation,0.6924254053235351,,,0.6349196930307348
6487,1001,13,5,0.55,0.2,1000,restricted_60,aggregation,0.6916901267885318,,,0.6336854529035779
6488,1001,13,5,0.55,0.2,1000,restricted_60,aggregation,0.6913118040406996,,,0.6333821015866852
6489,1001,13,5,0.55,0.2,1000,restricted_60,aggregation,0.6937487191490106,,,0.635943159217326
6490,1001,13,5,0.55,0.2,1000,restricted_60,aggregation,0.6919003734516925,,,0.6343993219126554
6491,1001,13,5,0.55,0.2,1000,restricted_60,aggregation,0.6923517853817015,,,0.6342777426739928
6492,1001,13,5,0.55,0.2,1000,restricted_60,aggregation,0.6917143648622399,,,0.6340565888124222
6493,1001,13,5,0.55,0.2,1000,restricted_60,aggregation,0.6929169135468846,,,0.6347958630335715
6494,1001,13,5,0.55,0.2,1000,restricted_60,aggregation,0.6929611557225652,,,0.6346725130039714
6495,1001,13,5,0.55,0.2,1000,restricted_60,aggregation,0.6925702145676078,,,0.6342426637097471
6496,1001,13,5,0.55,0.2,1000,restricted_60,aggregation,0.6939984065616674,,,0.6361064461926963
6497,1001,13,5,0.55,0.2,1000,restricted_60,aggregation,0.6913903613254596,,,0.6335307223409308
6498,1001,13,5,0.55,0.2,1000,restricted_60,aggregation,0.6927393066700464,,,0.6340224599705852
6499,1001,13,5,0.55,0.2,1000,restricted_60,aggregation,0.6922999077123837,,,0.6342802180998015
6500,1001,13,5,0.55,0.2,1000,restricted_60,aggregation,0.692396750103107,,,0.634882254535588
6501,1001,13,5,0.55,0.2,1000,restricted_60,aggregation,0.6906986556086853,,,0.6327918586814422
6502,1001,13,5,0.55,0.2,1000,restricted_60,aggregation,0.6927613730932236,,,0.6343395006074174
6503,1001,13,5,0.55,0.2,1000,restricted_60,aggregation,0.6920688670448886,,,0.6338992586348837
6504,1001,13,5,0.55,0.2,1000,restricted_60,aggregation,0.6923619279115156,,,0.6349062793379462
6505,1001,13,5,0.55,0.2,1000,restricted_60,aggregation,0.6918411778956,,,0.6341400676098595
6506,1001,13,5,0.55,0.2,1000,restricted_60,aggregation,0.6920017098467115,,,0.6340098279035781
6507,1001,13,5,0.55,0.2,1000,restricted_60,aggregation,0.6922353224604747,,,0.6344582717668136
6508,1001,13,5,0.55,0.2,1000,restricted_60,aggregation,0.6936747862794931,,,0.6350355311046979
6509,1001,13,5,0.55,0.2,1000,restricted_60,aggregation,0.6923295422081722,,,0.6344903705245373
6510,1001,13,5,0.55,0.2,1000,restricted_60,aggregation,0.6923605550942522,,,0.6343243541797708
6511,1001,13,5,0.55,0.2,1000,restricted_60,aggregation,0.6930500508969857,,,0.6355360212781047
6512,1001,13,5,0.55,0.2,1000,restricted_60,aggregation,0.6923447991468588,,,0.6341892720628138
6513,1001,13,5,0.55,0.2,1000,restricted_60,aggregation,0.6932886232090812,,,0.6355513268598687
6514,1001,13,5,0.55,0.2,1000,restricted_60,aggregation,0.6937846667559696,,,0.6357947318499403
6515,1001,13,5,0.55,0.2,1000,restricted_60,aggregation,0.6935647069633385,,,0.6353673012789681
6516,1001,13,5,0.55,0.2,1000,restricted_60,aggregation,0.6908726841615016,,,0.6327164308839309
6517,1001,13,5,0.55,0.2,1000,restricted_60,aggregation,0.6930084307230251,,,0.6350084643828395
6518,1001,13,5,0.55,0.2,1000,restricted_60,aggregation,0.6915209651568337,,,0.6339867498165416
6519,1001,13,5,0.55,0.2,1000,restricted_60,aggregation,0.6922183028931783,,,0.6341802344723179
6520,1001,13,5,0.55,0.2,1000,restricted_60,aggregation,0.691524414440088,,,0.6334601806372641
6521,1001,13,5,0.55,0.2,1000,restricted_60,aggregation,0.6926001939800243,,,0.634827339227131
6522,1001,13,5,0.55,0.2,1000,restricted_60,aggregation,0.6923095481764067,,,0.6341654217618803
6523,1001,13,5,0.55,0.2,1000,restricted_60,aggregation,0.6932601000618923,,,0.6348618812052147
6524,1001,13,5,0.55,0.2,1000,restricted_60,aggregation,0.6906548138207781,,,0.6330028404080489
6525,1001,13,5,0.55,0.2,1000,restricted_60,aggregation,0.6908342137768759,,,0.6330489698650117
6526,1001,13,5,0.55,0.2,1000,restricted_60,aggregation,0.6918912014566956,,,0.6337736039192291
6527,1001,13,5,0.55,0.2,1000,restricted_60,aggregation,0.6920368826242679,,,0.6342006586546172
6528,1001,13,5,0.55,0.2,1000,restricted_60,aggregation,0.6918912460693495,,,0.6339559932891183
6529,1001,13,5,0.55,0.2,1000,restricted_60,aggregation,0.6922789662403366,,,0.6345636247934167
6530,1001,13,5,0.55,0.2,1000,restricted_60,aggregation,0.6929017722184093,,,0.6346663930976432
6531,1001,13,5,0.55,0.2,1000,restricted_60,aggregation,0.6932117299274885,,,0.6350446238483739
6532,1001,13,5,0.55,0.2,1000,restricted_60,aggregation,0.6918814664095685,,,0.6340602830965333
6533,1001,13,5,0.55,0.2,1000,restricted_60,aggregation,0.6931294825485457,,,0.6347790100794268
6534,1001,13,5,0.55,0.2,1000,restricted_60,aggregation,0.6916173582815444,,,0.6339953761285012
6535,1001,13,5,0.55,0.2,1000,restricted_60,aggregation,0.6929169080906193,,,0.635071202555161
6536,1001,13,5,0.55,0.2,1000,restricted_60,aggregation,0.6925691208106721,,,0.6343303924162259
6537,1001,13,5,0.55,0.2,1000,restricted_60,aggregation,0.6923801137578425,,,0.6343543249266167
6538,1001,13,5,0.55,0.2,1000,restricted_60,aggregation,0.6940018470051579,,,0.6360346542654878
6539,1001,13,5,0.55,0.2,1000,restricted_60,aggregation,0.6923061015149232,,,0.6348737776883612
6540,1001,13,5,0.55,0.2,1000,restricted_60,aggregation,0.6915951192898213,,,0.6337045157620159
6541,1001,13,5,0.55,0.2,1000,restricted_60,aggregation,0.6909959077745779,,,0.6328677674563092
6542,1001,13,5,0.55,0.2,1000,restricted_60,aggregation,0.6912315394868993,,,0.6332141626583295
6543,1001,13,5,0.55,0.2,1000,restricted_60,aggregation,0.6923494483461518,,,0.6344258931808933
6544,1001,13,5,0.55,0.2,1000,restricted_60,aggregation,0.6928185129328416,,,0.6350799373774375
6545,1001,13,5,0.55,0.2,1000,restricted_60,aggregation,0.6941522381846301,,,0.6352266204397455
6546,1001,13,5,0.55,0.2,1000,restricted_60,aggregation,0.6914724247973977,,,0.6343160127912212
6547,1001,13,5,0.55,0.2,1000,restricted_60,aggregation,0.6918214579955488,,,0.6342879681738016
6548,1001,13,5,0.55,0.2,1000,restricted_60,aggregation,0.6926795443549842,,,0.6348167849974101
6549,1001,13,5,0.55,0.2,1000,restricted_60,aggregation,0.6929104325029599,,,0.6344954557171225
6550,1001,13,5,0.55,0.2,1000,restricted_60,aggregation,0.6909491757197989,,,0.6325925458415044
6551,1001,13,5,0.55,0.2,1000,restricted_60,aggregation,0.6926408316580782,,,0.6346526868347703
6552,1001,13,5,0.55,0.2,1000,restricted_60,aggregation,0.6911970959319739,,,0.6333209388142722
6553,1001,13,5,0.55,0.2,1000,restricted_60,aggregation,0.6921369717849257,,,0.6341065886197138
6554,1001,13,5,0.55,0.2,1000,restricted_60,aggregation,0.6916624283318363,,,0.6340294658967577
6555,1001,13,5,0.55,0.2,1000,restricted_60,aggregation,0.6931076151241365,,,0.6348073180985683
6556,1001,13,5,0.55,0.2,1000,restricted_60,aggregation,0.6930452556952229,,,0.6345029642425477
6557,1001,13,5,0.55,0.2,1000,restricted_60,aggregation,0.6918714081569526,,,0.6339287195366363
6558,1001,13,5,0.55,0.2,1000,restricted_60,aggregation,0.6926975278536088,,,0.6354084068323652
6559,1001,13,5,0.55,0.2,1000,restricted_60,aggregation,0.6915208349032249,,,0.6341288855434689
6560,1001,13,5,0.55,0.2,1000,restricted_60,aggregation,0.6929517203593074,,,0.6350434305432223
6561,1001,13,5,0.55,0.2,1000,restricted_60,aggregation,0.6933810494936955,,,0.6357141132632801
6562,1001,13,5,0.55,0.2,1000,restricted_60,aggregation,0.6925956870559019,,,0.6342204012345681
6563,1001,13,5,0.55,0.2,1000,restricted_60,aggregation,0.6936559938154493,,,0.6353815533771785
6564,1001,13,5,0.55,0.2,1000,restricted_60,aggregation,0.6933912658865152,,,0.6351282411955329
6565,1001,13,5,0.55,0.2,1000,restricted_60,aggregation,0.6936262738939163,,,0.6355576760353845
6566,1001,13,5,0.55,0.2,1000,restricted_60,aggregation,0.6921305391520921,,,0.6346816678383347
6567,1001,13,5,0.55,0.2,1000,restricted_60,aggregation,0.693910653860371,,,0.6356955373407458
6568,1001,13,5,0.55,0.2,1000,restricted_60,aggregation,0.6926287232151357,,,0.6346682479017897
6569,1001,13,5,0.55,0.2,1000,restricted_60,aggregation,0.692601093249254,,,0.6345726798972634
6570,1001,13,5,0.55,0.2,1000,restricted_60,aggregation,0.6912163752763266,,,0.6336898575036076
6571,1001,13,5,0.55,0.2,1000,restricted_60,aggregation,0.692315873122022,,,0.6342228085417669
6572,1001,13,5,0.55,0.2,1000,restricted_60,aggregation,0.6931198303753278,,,0.6350590114206782
6573,1001,13,5,0.55,0.2,1000,restricted_60,aggregation,0.6932949790204996,,,0.6353522406682824
6574,1001,13,5,0.55,0.2,1000,restricted_60,aggregation,0.692119850740264,,,0.6338078683507851
6575,1001,13,5,0.55,0.2,1000,restricted_60,aggregation,0.6919772876565076,,,0.6338483885096386
6576,1001,13,5,0.55,0.2,1000,restricted_60,aggregation,0.6922944722904042,,,0.6349415017852519
6577,1001,13,5,0.55,0.2,1000,restricted_60,aggregation,0.6922483076819953,,,0.633923141565225
6578,1001,13,5,0.55,0.2,1000,restricted_60,aggregation,0.6926341117832301,,,0.6345459124517459
6579,1001,13,5,0.55,0.2,1000,restricted_60,aggregation,0.6914422141050456,,,0.6338522255984758
6580,1001,13,5,0.55,0.2,1000,restricted_60,aggregation,0.6920362474550019,,,0.6347606366627201
6581,1001,13,5,0.55,0.2,1000,restricted_60,aggregation,0.6921424089482276,,,0.6345550051106302
6582,1001,13,5,0.55,0.2,1000,restricted_60,aggregation,0.6921312371969082,,,0.6337413662109497
6583,1001,13,5,0.55,0.2,1000,restricted_60,aggregation,0.6914635123958403,,,0.6343674311645147
6584,1001,13,5,0.55,0.2,1000,restricted_60,aggregation,0.6931552686643676,,,0.6351017372981957
6585,1001,13,5,0.55,0.2,1000,restricted_60,aggregation,0.6920279511306167,,,0.6343304923857008
6586,1001,13,5,0.55,0.2,1000,restricted_60,aggregation,0.6930829983331819,,,0.6348310880554633
6587,1001,13,5,0.55,0.2,1000,restricted_60,aggregation,0.6917933403466286,,,0.6340159428149013
6588,1001,13,5,0.55,0.2,1000,restricted_60,aggregation,0.6924474237567615,,,0.634714390208557
6589,1001,13,5,0.55,0.2,1000,restricted_60,aggregation,0.6921407471095791,,,0.6342530058521726
6590,1001,13,5,0.55,0.2,1000,restricted_60,aggregation,0.6928835125623025,,,0.6346439469172804
6591,1001,13,5,0.55,0.2,1000,restricted_60,aggregation,0.6920528568203321,,,0.6345126210980379
6592,1001,13,5,0.55,0.2,1000,restricted_60,aggregation,0.6917723099785781,,,0.6343750898792567
6593,1001,13,5,0.55,0.2,1000,restricted_60,aggregation,0.6917250615912405,,,0.6339104350973103
6594,1001,13,5,0.55,0.2,1000,restricted_60,aggregation,0.6921031125038886,,,0.6343073771059189
6595,1001,13,5,0.55,0.2,1000,restricted_60,aggregation,0.6926950090871402,,,0.6351702178531347
6596,1001,13,5,0.55,0.2,1000,restricted_60,aggregation,0.6911858735475775,,,0.6334304142539562
6597,1001,13,5,0.55,0.2,1000,restricted_60,aggregation,0.6916185973861172,,,0.6335388754840839
6598,1001,13,5,0.55,0.2,1000,restricted_60,aggregation,0.6919885893186429,,,0.6339593206793208
6599,1001,13,5,0.55,0.2,1000,restricted_60,aggregation,0.691996525645609,,,0.6341468123080625
6600,1001,13,5,0.55,0.2,1000,restricted_60,aggregation,0.6927911632557872,,,0.6351141562912398
6601,1001,13,5,0.55,0.2,1000,restricted_60,aggregation,0.6931587254344332,,,0.6348058633033634
6602,1001,13,5,0.55,0.2,1000,restricted_60,aggregation,0.6918451389857574,,,0.6340964030028614
6603,1001,13,5,0.55,0.2,1000,restricted_60,aggregation,0.6924479478226357,,,0.6345136752830504
6604,1001,13,5,0.55,0.2,1000,restricted_60,aggregation,0.6924073089932824,,,0.6348130654761907
6605,1001,13,5,0.55,0.2,1000,restricted_60,aggregation,0.691225658198236,,,0.6336670791708294
6606,1001,13,5,0.55,0.2,1000,restricted_60,aggregation,0.6914485849273071,,,0.6334023254446173
6607,1001,13,5,0.55,0.2,1000,restricted_60,aggregation,0.691074430575259,,,0.6327771570713238
6608,1001,13,5,0.55,0.2,1000,restricted_60,aggregation,0.6925352447544508,,,0.6349404917150753
6609,1001,13,5,0.55,0.2,1000,restricted_60,aggregation,0.6924717341879867,,,0.6346009199827951
6610,1001,13,5,0.55,0.2,1000,restricted_60,aggregation,0.6928188406736402,,,0.635250061111728
6611,1001,13,5,0.55,0.2,1000,restricted_60,aggregation,0.6935465212890096,,,0.6355122683181018
6612,1001,13,5,0.55,0.2,1000,restricted_60,aggregation,0.692739883890439,,,0.6343760054914224
6613,1001,13,5,0.55,0.2,1000,restricted_60,aggregation,0.6916253326268479,,,0.6343261829065997
6614,1001,13,5,0.55,0.2,1000,restricted_60,aggregation,0.6925368067300941,,,0.6348371167335751
6615,1001,13,5,0.55,0.2,1000,restricted_60,aggregation,0.6916527363428873,,,0.6337544463021548
6616,1001,13,5,0.55,0.2,1000,restricted_60,aggregation,0.6921042753061666,,,0.6349292090394174
6617,1001,13,5,0.55,0.2,1000,restricted_60,aggregation,0.6924015608669899,,,0.6343735820044154
6618,1001,13,5,0.55,0.2,1000,restricted_60,aggregation,0.691774094159171,,,0.633817762862138
6619,1001,13,5,0.55,0.2,1000,restricted_60,aggregation,0.6923982675889793,,,0.6346399305709723
6620,1001,13,5,0.55,0.2,1000,restricted_60,aggregation,0.6923372012378571,,,0.6343117468334136
6621,1001,13,5,0.55,0.2,1000,restricted_60,aggregation,0.691851950660613,,,0.6343188457221791
6622,1001,13,5,0.55,0.2,1000,restricted_60,aggregation,0.6921153467409653,,,0.634237003968254
6623,1001,13,5,0.55,0.2,1000,restricted_60,aggregation,0.6922925994251393,,,0.6339604386816888
6624,1001,13,5,0.55,0.2,1000,restricted_60,aggregation,0.6913821150814419,,,0.6335764892746145
6625,1001,13,5,0.55,0.2,1000,restricted_60,aggregation,0.6916312646365409,,,0.63381164485977
6626,1001,13,5,0.55,0.2,1000,restricted_60,aggregation,0.691987775633091,,,0.6340009215784217
6627,1001,13,5,0.55,0.2,1000,restricted_60,aggregation,0.6921040887228477,,,0.6343519725182226
6628,1001,13,5,0.55,0.2,1000,restricted_60,aggregation,0.6928247810623844,,,0.6348255701474453
6629,1001,13,5,0.55,0.2,1000,restricted_60,aggregation,0.6924741988238508,,,0.6345635372112457
6630,1001,13,5,0.55,0.2,1000,restricted_60,aggregation,0.6935920377963336,,,0.635535873509207
6631,1001,13,5,0.55,0.2,1000,restricted_60,aggregation,0.6922394598503494,,,0.6344423556304807
6632,1001,13,5,0.55,0.2,1000,restricted_60,aggregation,0.6930779492752849,,,0.6352713633588636
6633,1001,13,5,0.55,0.2,1000,restricted_60,aggregation,0.6924334490844261,,,0.63427445821925
6634,1001,13,5,0.55,0.2,1000,restricted_60,aggregation,0.6928120610135722,,,0.6345347398511983
6635,1001,13,5,0.55,0.2,1000,restricted_60,aggregation,0.6925450904371566,,,0.6343197350334852
6636,1001,13,5,0.55,0.2,1000,restricted_60,aggregation,0.6918562772569831,,,0.6343768298753716
6637,1001,13,5,0.55,0.2,1000,restricted_60,aggregation,0.6918057046909145,,,0.6340701549684884
6638,1001,13,5,0.55,0.2,1000,restricted_60,aggregation,0.6929744884696322,,,0.6348187261889346
6639,1001,13,5,0.55,0.2,1000,restricted_60,aggregation,0.6919992372954233,,,0.6339688849730518
6640,1001,13,5,0.55,0.2,1000,restricted_60,aggregation,0.6924745391918857,,,0.6350106338954257
6641,1001,13,5,0.55,0.2,1000,restricted_60,aggregation,0.6921463933338323,,,0.6343069709611379
6642,1001,13,5,0.55,0.2,1000,restricted_60,aggregation,0.6909546713965738,,,0.633567149501733
6643,1001,13,5,0.55,0.2,1000,restricted_60,aggregation,0.6916508904182227,,,0.6337260650229402
6644,1001,13,5,0.55,0.2,1000,restricted_60,aggregation,0.6922108259595436,,,0.6340883928031845
6645,1001,13,5,0.55,0.2,1000,restricted_60,aggregation,0.6923724697891129,,,0.6342596493783995
6646,1001,13,5,0.55,0.2,1000,restricted_60,aggregation,0.6927039828431188,,,0.6349850225623144
6647,1001,13,5,0.55,0.2,1000,restricted_60,aggregation,0.693001794762044,,,0.6341624763662266
6648,1001,13,5,0.55,0.2,1000,restricted_60,aggregation,0.6921114790342848,,,0.6343104347658515
6649,1001,13,5,0.55,0.2,1000,restricted_60,aggregation,0.6915624399283762,,,0.6335002944663363
6650,1001,13,5,0.55,0.2,1000,restricted_60,aggregation,0.6935478660081819,,,0.6358991572779074
6651,1001,13,5,0.55,0.2,1000,restricted_60,aggregation,0.692049698024262,,,0.6342533258793677
6652,1001,13,5,0.55,0.2,1000,restricted_60,aggregation,0.69161609428035,,,0.6340102302943971
6653,1001,13,5,0.55,0.2,1000,restricted_60,aggregation,0.6915213541288004,,,0.6342495593372678
6654,1001,13,5,0.55,0.2,1000,restricted_60,aggregation,0.6921779816773688,,,0.6336032836145337
6655,1001,13,5,0.55,0.2,1000,restricted_60,aggregation,0.6926563853023273,,,0.634760668282335
6656,1001,13,5,0.55,0.2,1000,restricted_60,aggregation,0.6927050472483156,,,0.6343901182151184
6657,1001,13,5,0.55,0.2,1000,restricted_60,aggregation,0.6919592390393964,,,0.6340281112174865
6658,1001,13,5,0.55,0.2,1000,restricted_60,aggregation,0.6925533660786347,,,0.6343981872525624
6659,1001,13,5,0.55,0.2,1000,restricted_60,aggregation,0.6925724360542325,,,0.6347293932456434
6660,1001,13,5,0.55,0.2,1000,restricted_60,aggregation,0.6925443033634406,,,0.6350999355043107
6661,1001,13,5,0.55,0.2,1000,restricted_60,aggregation,0.6921637845448281,,,0.6338606290083375
6662,1001,13,5,0.55,0.2,1000,restricted_60,aggregation,0.6926566004049771,,,0.6351985100547602
6663,1001,13,5,0.55,0.2,1000,restricted_60,aggregation,0.6925855950572933,,,0.6344101481311899
6664,1001,13,5,0.55,0.2,1000,restricted_60,aggregation,0.6924579518616468,,,0.6349011831070165
6665,1001,13,5,0.55,0.2,1000,restricted_60,aggregation,0.6926236857678632,,,0.6348570651416486
6666,1001,13,5,0.55,0.2,1000,restricted_60,aggregation,0.6912630981421346,,,0.6333667367971535
6667,1001,13,5,0.55,0.2,1000,restricted_60,aggregation,0.6928152793188231,,,0.6349979785106871
6668,1001,13,5,0.55,0.2,1000,restricted_60,aggregation,0.6924324058567126,,,0.6345504549000384
6669,1001,13,5,0.55,0.2,1000,restricted_60,aggregation,0.6909787091962368,,,0.6332301147386564
6670,1001,13,5,0.55,0.2,1000,restricted_60,aggregation,0.6934018615994019,,,0.6356072759493594
6671,1001,13,5,0.55,0.2,1000,restricted_60,aggregation,0.6924098506182597,,,0.6346205042796711
6672,1001,13,5,0.55,0.2,1000,restricted_60,aggregation,0.6907761235103069,,,0.6334081095447763
6673,1001,13,5,0.55,0.2,1000,restricted_60,aggregation,0.692199747978853,,,0.6340465217806885
6674,1001,13,5,0.55,0.2,1000,restricted_60,aggregation,0.6933862230848814,,,0.635015385956636
6675,1001,13,5,0.55,0.2,1000,restricted_60,aggregation,0.691293743221787,,,0.6337915561059313
6676,1001,13,5,0.55,0.2,1000,restricted_60,aggregation,0.6909583292859701,,,0.6332873829334247
6677,1001,13,5,0.55,0.2,1000,restricted_60,aggregation,0.6916302747980355,,,0.6341339382608133
6678,1001,13,5,0.55,0.2,1000,restricted_60,aggregation,0.6919057523325687,,,0.6339751370928455
6679,1001,13,5,0.55,0.2,1000,restricted_60,aggregation,0.6929566437935794,,,0.6346932478940813
6680,1001,13,5,0.55,0.2,1000,restricted_60,aggregation,0.692070228605814,,,0.6338944970384555
6681,1001,13,5,0.55,0.2,1000,restricted_60,aggregation,0.6920145627939782,,,0.6344467573398824
6682,1001,13,5,0.55,0.2,1000,restricted_60,aggregation,0.6927630111800483,,,0.6346879184395853
6683,1001,13,5,0.55,0.2,1000,restricted_60,aggregation,0.6912221712015716,,,0.6336724979187481
6684,1001,13,5,0.55,0.2,1000,restricted_60,aggregation,0.6912635004971768,,,0.6335289422922757
6685,1001,13,5,0.55,0.2,1000,restricted_60,aggregation,0.6920351156862613,,,0.6347117629823881
6686,1001,13,5,0.55,0.2,1000,restricted_60,aggregation,0.6915386586174879,,,0.6343472031749117
6687,1001,13,5,0.55,0.2,1000,restricted_60,aggregation,0.6928756995807016,,,0.634760035165452
6688,1001,13,5,0.55,0.2,1000,restricted_60,aggregation,0.6904926466032288,,,0.6330328942431026
6689,1001,13,5,0.55,0.2,1000,restricted_60,aggregation,0.6918509154714926,,,0.6340525994067662
6690,1001,13,5,0.55,0.2,1000,restricted_60,aggregation,0.6910680847014326,,,0.6329538769640854
6691,1001,13,5,0.55,0.2,1000,restricted_60,aggregation,0.6925639923066453,,,0.6344709245075913
6692,1001,13,5,0.55,0.2,1000,restricted_60,aggregation,0.6910422856564873,,,0.6339254312739729
6693,1001,13,5,0.55,0.2,1000,restricted_60,aggregation,0.6915849821645177,,,0.6333079225635476
6694,1001,13,5,0.55,0.2,1000,restricted_60,aggregation,0.6920749616995259,,,0.6343867619494705
6695,1001,13,5,0.55,0.2,1000,restricted_60,aggregation,0.6920785813060396,,,0.6342848386952555
6696,1001,13,5,0.55,0.2,1000,restricted_60,aggregation,0.6925928982741294,,,0.6349468689720774
6697,1001,13,5,0.55,0.2,1000,restricted_60,aggregation,0.6911416978825873,,,0.6334864195218364
6698,1001,13,5,0.55,0.2,1000,restricted_60,aggregation,0.6914107694061951,,,0.633375244670453
6699,1001,13,5,0.55,0.2,1000,restricted_60,aggregation,0.6932938488161192,,,0.6356238332809168
6700,1001,13,5,0.55,0.2,1000,restricted_60,aggregation,0.692993728784228,,,0.6349690392015392
6701,1001,13,5,0.55,0.2,1000,restricted_60,aggregation,0.6922944818430342,,,0.6340751774383026
6702,1001,13,5,0.55,0.2,1000,restricted_60,aggregation,0.6924096370631422,,,0.634737460194127
6703,1001,13,5,0.55,0.2,1000,restricted_60,aggregation,0.6924047111304603,,,0.6346133667181585
6704,1001,13,5,0.55,0.2,1000,restricted_60,aggregation,0.6931153674983327,,,0.6350304809542312
6705,1001,13,5,0.55,0.2,1000,restricted_60,aggregation,0.6909841105017348,,,0.6330082817491153
6706,1001,13,5,0.55,0.2,1000,restricted_60,aggregation,0.6926663757360951,,,0.6342396023189774
6707,1001,13,5,0.55,0.2,1000,restricted_60,aggregation,0.691215782979589,,,0.633271253838754
6708,1001,13,5,0.55,0.2,1000,restricted_60,aggregation,0.6922715817788984,,,0.6346904405933574
6709,1001,13,5,0.55,0.2,1000,restricted_60,aggregation,0.6924314947079336,,,0.6344124397593149
6710,1001,13,5,0.55,0.2,1000,restricted_60,aggregation,0.6926745966953043,,,0.6346935015910018
6711,1001,13,5,0.55,0.2,1000,restricted_60,aggregation,0.6919790487219384,,,0.6340261742501326
6712,1001,13,5,0.55,0.2,1000,restricted_60,aggregation,0.69401507751932,,,0.6358000175673094
6713,1001,13,5,0.55,0.2,1000,restricted_60,aggregation,0.6921164869167733,,,0.6335863612930281
6714,1001,13,5,0.55,0.2,1000,restricted_60,aggregation,0.6916643667483707,,,0.6337299165340834
6715,1001,13,5,0.55,0.2,1000,restricted_60,aggregation,0.692922219032135,,,0.6346343229609898
6716,1001,13,5,0.55,0.2,1000,restricted_60,aggregation,0.6917402478899194,,,0.634157968859844
6717,1001,13,5,0.55,0.2,1000,restricted_60,aggregation,0.6923952651004621,,,0.6340737275918528
6718,1001,13,5,0.55,0.2,1000,restricted_60,aggregation,0.6914522307156301,,,0.6336706213616631
6719,1001,13,5,0.55,0.2,1000,restricted_60,aggregation,0.6925345530597518,,,0.634835866864617
6720,1001,13,5,0.55,0.2,1000,restricted_60,aggregation,0.6927378010857248,,,0.6347505993080994
6721,1001,13,5,0.55,0.2,1000,restricted_60,aggregation,0.6909837236656388,,,0.6331456794131795
6722,1001,13,5,0.55,0.2,1000,restricted_60,aggregation,0.6932455718485955,,,0.6352932166521751
6723,1001,13,5,0.55,0.2,1000,restricted_60,aggregation,0.692643383088564,,,0.634657159992785
6724,1001,13,5,0.55,0.2,1000,restricted_60,aggregation,0.6916353561307134,,,0.633940520212812
6725,1001,13,5,0.55,0.2,1000,restricted_60,aggregation,0.6920150950656648,,,0.6337307263955182
6726,1001,13,5,0.55,0.2,1000,restricted_60,aggregation,0.6923175672159584,,,0.6344372528243363
6727,1001,13,5,0.55,0.2,1000,restricted_60,aggregation,0.6918883588014857,,,0.6338561457601043
6728,1001,13,5,0.55,0.2,1000,restricted_60,aggregation,0.6918935166758307,,,0.6341161034490203
6729,1001,13,5,0.55,0.2,1000,restricted_60,aggregation,0.6940779098941104,,,0.636102688908314
6730,1001,13,5,0.55,0.2,1000,restricted_60,aggregation,0.6914021558187806,,,0.6334679059983228
6731,1001,13,5,0.55,0.2,1000,restricted_60,aggregation,0.6926959511051798,,,0.6345463104873522
6732,1001,13,5,0.55,0.2,1000,restricted_60,aggregation,0.6920831642538282,,,0.6342740781594949
6733,1001,13,5,0.55,0.2,1000,restricted_60,aggregation,0.690996588776048,,,0.6328698439215107
6734,1001,13,5,0.55,0.2,1000,restricted_60,aggregation,0.6931741282336485,,,0.6353499069294904
6735,1001,13,5,0.55,0.2,1000,restricted_60,aggregation,0.6920785152213794,,,0.6346502077166662
6736,1001,13,5,0.55,0.2,1000,restricted_60,aggregation,0.6925800624035587,,,0.6344667979782563
6737,1001,13,5,0.55,0.2,1000,restricted_60,aggregation,0.6914209342141443,,,0.6335518042528461
6738,1001,13,5,0.55,0.2,1000,restricted_60,aggregation,0.6928844533022726,,,0.6352374280657616
6739,1001,13,5,0.55,0.2,1000,restricted_60,aggregation,0.6922508480364717,,,0.6341054859723612
6740,1001,13,5,0.55,0.2,1000,restricted_60,aggregation,0.6929745419118701,,,0.6347373089179341
6741,1001,13,5,0.55,0.2,1000,restricted_60,aggregation,0.6928763550548829,,,0.6346337775341945
6742,1001,13,5,0.55,0.2,1000,restricted_60,aggregation,0.6916443405803967,,,0.6338857515632518
6743,1001,13,5,0.55,0.2,1000,restricted_60,aggregation,0.6915597449528806,,,0.6334335706346124
6744,1001,13,5,0.55,0.2,1000,restricted_60,aggregation,0.6925502875183883,,,0.6344801412013913
6745,1001,13,5,0.55,0.2,1000,restricted_60,aggregation,0.6923024331993323,,,0.6345494468648636
6746,1001,13,5,0.55,0.2,1000,restricted_60,aggregation,0.6939612293477365,,,0.6362290422925841
6747,1001,13,5,0.55,0.2,1000,restricted_60,aggregation,0.6920488701390761,,,0.6340612334424836
6748,1001,13,5,0.55,0.2,1000,restricted_60,aggregation,0.6935303828936912,,,0.6353951399834735
6749,1001,13,5,0.55,0.2,1000,restricted_60,aggregation,0.6934762230059596,,,0.6353953813778815
6750,1001,13,5,0.55,0.2,1000,restricted_60,aggregation,0.6929129911858448,,,0.6344585594343929
6751,1001,13,5,0.55,0.2,1000,restricted_60,aggregation,0.6935094849035582,,,0.6356754165125
6752,1001,13,5,0.55,0.2,1000,restricted_60,aggregation,0.6915342269415136,,,0.6342291874252292
6753,1001,13,5,0.55,0.2,1000,restricted_60,aggregation,0.6922243178517976,,,0.6345005527882613
6754,1001,13,5,0.55,0.2,1000,restricted_60,aggregation,0.6925603613110409,,,0.635034761272678
6755,1001,13,5,0.55,0.2,1000,restricted_60,aggregation,0.6927017688612013,,,0.6346484464686548
6756,1001,13,5,0.55,0.2,1000,restricted_60,aggregation,0.6921849451266895,,,0.6342060254945673
6757,1001,13,5,0.55,0.2,1000,restricted_60,aggregation,0.6928890329037153,,,0.6351468222286973
6758,1001,13,5,0.55,0.2,1000,restricted_60,aggregation,0.6931864706370039,,,0.634946407173074
6759,1001,13,5,0.55,0.2,1000,restricted_60,aggregation,0.6931749345968627,,,0.6351826067373986
6760,1001,13,5,0.55,0.2,1000,restricted_60,aggregation,0.6925062837795504,,,0.6344586205615373
6761,1001,13,5,0.55,0.2,1000,restricted_60,aggregation,0.6918473726526383,,,0.6342004610821279
6762,1001,13,5,0.55,0.2,1000,restricted_60,aggregation,0.69244451632493,,,0.6346222963302132
6763,1001,13,5,0.55,0.2,1000,restricted_60,aggregation,0.6902437511932684,,,0.6322661996182831
6764,1001,13,5,0.55,0.2,1000,restricted_60,aggregation,0.6925037258447468,,,0.6342977096514598
6765,1001,13,5,0.55,0.2,1000,restricted_60,aggregation,0.6920574791791723,,,0.6344411926730679
6766,1001,13,5,0.55,0.2,1000,restricted_60,aggregation,0.6922901822367978,,,0.6345223143831479
6767,1001,13,5,0.55,0.2,1000,restricted_60,aggregation,0.6919663332159196,,,0.6342137030716198
6768,1001,13,5,0.55,0.2,1000,restricted_60,aggregation,0.6920251066319524,,,0.6343228197805283
6769,1001,13,5,0.55,0.2,1000,restricted_60,aggregation,0.6911527661465146,,,0.6334032583543002
6770,1001,13,5,0.55,0.2,1000,restricted_60,aggregation,0.6922551583786173,,,0.6340310115964284
6771,1001,13,5,0.55,0.2,1000,restricted_60,aggregation,0.6929333546302566,,,0.6349715777586612
6772,1001,13,5,0.55,0.2,1000,restricted_60,aggregation,0.6938089585464782,,,0.6361370381007883
6773,1001,13,5,0.55,0.2,1000,restricted_60,aggregation,0.6931457922316208,,,0.6350630046805049
6774,1001,13,5,0.55,0.2,1000,restricted_60,aggregation,0.6912612443912364,,,0.633454555814556
6775,1001,13,5,0.55,0.2,1000,restricted_60,aggregation,0.6928850049743697,,,0.6357669948415783
6776,1001,13,5,0.55,0.2,1000,restricted_60,aggregation,0.6920229659529019,,,0.6342742281946449
6777,1001,13,5,0.55,0.2,1000,restricted_60,aggregation,0.6921666603938782,,,0.6342627967557135
6778,1001,13,5,0.55,0.2,1000,restricted_60,aggregation,0.6920503542103932,,,0.6339160165683083
6779,1001,13,5,0.55,0.2,1000,restricted_60,aggregation,0.6915275262452237,,,0.6331687005201591
6780,1001,13,5,0.55,0.2,1000,restricted_60,aggregation,0.6918822235387387,,,0.6344913839247175
6781,1001,13,5,0.55,0.2,1000,restricted_60,aggregation,0.6922074373705568,,,0.6342417688715607
6782,1001,13,5,0.55,0.2,1000,restricted_60,aggregation,0.6914070650914751,,,0.6333178521941023
6783,1001,13,5,0.55,0.2,1000,restricted_60,aggregation,0.6921407976946293,,,0.6341121503419422
6784,1001,13,5,0.55,0.2,1000,restricted_60,aggregation,0.6924064096573079,,,0.6347428343338761
6785,1001,13,5,0.55,0.2,1000,restricted_60,aggregation,0.692979309996095,,,0.6349583937281856
6786,1001,13,5,0.55,0.2,1000,restricted_60,aggregation,0.6922277326885352,,,0.6341712789139874
6787,1001,13,5,0.55,0.2,1000,restricted_60,aggregation,0.69364164799309,,,0.6357001986901988
6788,1001,13,5,0.55,0.2,1000,restricted_60,aggregation,0.6915123219355795,,,0.63296847144368
6789,1001,13,5,0.55,0.2,1000,restricted_60,aggregation,0.6920323593617683,,,0.6339656570975323
6790,1001,13,5,0.55,0.2,1000,restricted_60,aggregation,0.6920927807936962,,,0.6340645077299246
6791,1001,13,5,0.55,0.2,1000,restricted_60,aggregation,0.6914712695202241,,,0.6338296148835734
6792,1001,13,5,0.55,0.2,1000,restricted_60,aggregation,0.6922579258420959,,,0.6346787625645961
6793,1001,13,5,0.55,0.2,1000,restricted_60,aggregation,0.6920343768341756,,,0.6340168920431422
6794,1001,13,5,0.55,0.2,1000,restricted_60,aggregation,0.6916987756536628,,,0.6342614116824534
6795,1001,13,5,0.55,0.2,1000,restricted_60,aggregation,0.6927854890319161,,,0.6342178401536736
6796,1001,13,5,0.55,0.2,1000,restricted_60,aggregation,0.6916721917881846,,,0.6337876019428104
6797,1001,13,5,0.55,0.2,1000,restricted_60,aggregation,0.6932451056711576,,,0.6351611531832366
6798,1001,13,5,0.55,0.2,1000,restricted_60,aggregation,0.6930686664362937,,,0.6352749831804
6799,1001,13,5,0.55,0.2,1000,restricted_60,aggregation,0.692274380731989,,,0.6344594196081698
6800,1001,13,5,0.55,0.2,1000,restricted_60,aggregation,0.6930272257047035,,,0.6350852217227217
6801,1001,13,5,0.55,0.2,1000,restricted_60,aggregation,0.6927141536110433,,,0.6352312802012803
6802,1001,13,5,0.55,0.2,1000,restricted_60,aggregation,0.6929605117788356,,,0.6349992877647046
6803,1001,13,5,0.55,0.2,1000,restricted_60,aggregation,0.6922397938786604,,,0.6343629766452683
6804,1001,13,5,0.55,0.2,1000,restricted_60,aggregation,0.6923449875055511,,,0.6343401816624735
6805,1001,13,5,0.55,0.2,1000,restricted_60,aggregation,0.6914540560439083,,,0.6343658926413094
6806,1001,13,5,0.55,0.2,1000,restricted_60,aggregation,0.6913042609322236,,,0.6335995156926407
6807,1001,13,5,0.55,0.2,1000,restricted_60,aggregation,0.6933774669970034,,,0.6355715198998533
6808,1001,13,5,0.55,0.2,1000,restricted_60,aggregation,0.6915768966612276,,,0.6338873211587795
6809,1001,13,5,0.55,0.2,1000,restricted_60,aggregation,0.6909531078955307,,,0.6335126323213826
6810,1001,13,5,0.55,0.2,1000,restricted_60,aggregation,0.6930634139471784,,,0.635155460766086
6811,1001,13,5,0.55,0.2,1000,restricted_60,aggregation,0.6915916911250687,,,0.6333623310871229
6812,1001,13,5,0.55,0.2,1000,restricted_60,aggregation,0.6915966188759272,,,0.6334452750336084
6813,1001,13,5,0.55,0.2,1000,restricted_60,aggregation,0.6922551112828406,,,0.6347835730627399
6814,1001,13,5,0.55,0.2,1000,restricted_60,aggregation,0.693188505842378,,,0.6348867250881834
6815,1001,13,5,0.55,0.2,1000,restricted_60,aggregation,0.6917716986442191,,,0.6334746902634404
6816,1001,13,5,0.55,0.2,1000,restricted_60,aggregation,0.6924926459543808,,,0.6346521294137962
6817,1001,13,5,0.55,0.2,1000,restricted_60,aggregation,0.6910473334569887,,,0.6332700098358434
6818,1001,13,5,0.55,0.2,1000,restricted_60,aggregation,0.6922582086867101,,,0.6343532154573822
6819,1001,13,5,0.55,0.2,1000,restricted_60,aggregation,0.6915554229515637,,,0.63359541154062
6820,1001,13,5,0.55,0.2,1000,restricted_60,aggregation,0.6918587174823392,,,0.6341760342897844
6821,1001,13,5,0.55,0.2,1000,restricted_60,aggregation,0.6928553492758492,,,0.6346672716095633
6822,1001,13,5,0.55,0.2,1000,restricted_60,aggregation,0.6920778953732709,,,0.6339578200734451
6823,1001,13,5,0.55,0.2,1000,restricted_60,aggregation,0.6918135100101659,,,0.6346169037752372
6824,1001,13,5,0.55,0.2,1000,restricted_60,aggregation,0.6923452271463645,,,0.6346255735853654
6825,1001,13,5,0.55,0.2,1000,restricted_60,aggregation,0.6919345465447984,,,0.6344395139428474
6826,1001,13,5,0.55,0.2,1000,restricted_60,aggregation,0.6922893432046056,,,0.6345137862446197
6827,1001,13,5,0.55,0.2,1000,restricted_60,aggregation,0.6919705848806256,,,0.6338527703931872
6828,1001,13,5,0.55,0.2,1000,restricted_60,aggregation,0.6911715146450598,,,0.6329387722231473
6829,1001,13,5,0.55,0.2,1000,restricted_60,aggregation,0.6924966697245927,,,0.634637285476869
6830,1001,13,5,0.55,0.2,1000,restricted_60,aggregation,0.6918390022337546,,,0.6342453396295065
6831,1001,13,5,0.55,0.2,1000,restricted_60,aggregation,0.6920394625913682,,,0.6349239869775288
6832,1001,13,5,0.55,0.2,1000,restricted_60,aggregation,0.692286738776107,,,0.6341871115844033
6833,1001,13,5,0.55,0.2,1000,restricted_60,aggregation,0.6919846751102505,,,0.6341512044282879
6834,1001,13,5,0.55,0.2,1000,restricted_60,aggregation,0.6911450899767182,,,0.6335624152005405
6835,1001,13,5,0.55,0.2,1000,restricted_60,aggregation,0.6926077457551244,,,0.6345471905640657
6836,1001,13,5,0.55,0.2,1000,restricted_60,aggregation,0.691638343795377,,,0.6338307046502881
6837,1001,13,5,0.55,0.2,1000,restricted_60,aggregation,0.6915854631180121,,,0.6333221040456458
6838,1001,13,5,0.55,0.2,1000,restricted_60,aggregation,0.6927836065326363,,,0.6346826779701781
6839,1001,13,5,0.55,0.2,1000,restricted_60,aggregation,0.6930280639901637,,,0.6347395744224913
6840,1001,13,5,0.55,0.2,1000,restricted_60,aggregation,0.6935315024926226,,,0.6347219146748314
6841,1001,13,5,0.55,0.2,1000,restricted_60,aggregation,0.6927640240299364,,,0.6346748721494556
6842,1001,13,5,0.55,0.2,1000,restricted_60,aggregation,0.6939919143965673,,,0.6351469495473664
6843,1001,13,5,0.55,0.2,1000,restricted_60,aggregation,0.6924467095127679,,,0.6342545403207903
6844,1001,13,5,0.55,0.2,1000,restricted_60,aggregation,0.6917621367193697,,,0.6337526955297789
6845,1001,13,5,0.55,0.2,1000,restricted_60,aggregation,0.692491219140757,,,0.634461996938247
6846,1001,13,5,0.55,0.2,1000,restricted_60,aggregation,0.6929135337911,,,0.6347261288171706
6847,1001,13,5,0.55,0.2,1000,restricted_60,aggregation,0.6914127115119965,,,0.6336505926943428
6848,1001,13,5,0.55,0.2,1000,restricted_60,aggregation,0.6929955891073041,,,0.6348612669891839
6849,1001,13,5,0.55,0.2,1000,restricted_60,aggregation,0.6919031718576366,,,0.633653834213626
6850,1001,13,5,0.55,0.2,1000,restricted_60,aggregation,0.6923727233997473,,,0.6340668595524847
6851,1001,13,5,0.55,0.2,1000,restricted_60,aggregation,0.69233525764512,,,0.6345384496444915
6852,1001,13,5,0.55,0.2,1000,restricted_60,aggregation,0.6916008590259577,,,0.6346627837979921
6853,1001,13,5,0.55,0.2,1000,restricted_60,aggregation,0.692295635499748,,,0.6343783498831417
6854,1001,13,5,0.55,0.2,1000,restricted_60,aggregation,0.6927054681694865,,,0.6349111087292338
6855,1001,13,5,0.55,0.2,1000,restricted_60,aggregation,0.6929998307607601,,,0.6348308704027456
6856,1001,13,5,0.55,0.2,1000,restricted_60,aggregation,0.6923573009983441,,,0.6346034752207671
6857,1001,13,5,0.55,0.2,1000,restricted_60,aggregation,0.6921859020230757,,,0.6339050269406522
6858,1001,13,5,0.55,0.2,1000,restricted_60,aggregation,0.6935147701278382,,,0.6357197374693209
6859,1001,13,5,0.55,0.2,1000,restricted_60,aggregation,0.6912012092706419,,,0.6332273679561181
6860,1001,13,5,0.55,0.2,1000,restricted_60,aggregation,0.6919332108133592,,,0.6336723405683823
6861,1001,13,5,0.55,0.2,1000,restricted_60,aggregation,0.6921025980003005,,,0.6342760963727632
6862,1001,13,5,0.55,0.2,1000,restricted_60,aggregation,0.693620401250594,,,0.6355673062585564
6863,1001,13,5,0.55,0.2,1000,restricted_60,aggregation,0.6924944577990709,,,0.6346590362646614
6864,1001,13,5,0.55,0.2,1000,restricted_60,aggregation,0.6913503254293036,,,0.6337129468371138
6865,1001,13,5,0.55,0.2,1000,restricted_60,aggregation,0.692412775504115,,,0.6345060240916491
6866,1001,13,5,0.55,0.2,1000,restricted_60,aggregation,0.6922241803434576,,,0.6339041976619062
6867,1001,13,5,0.55,0.2,1000,restricted_60,aggregation,0.6920781152059982,,,0.6335481377495962
6868,1001,13,5,0.55,0.2,1000,restricted_60,aggregation,0.6915606919849566,,,0.6337792559600895
6869,1001,13,5,0.55,0.2,1000,restricted_60,aggregation,0.6917088734643323,,,0.6336543146745232
6870,1001,13,5,0.55,0.2,1000,restricted_60,aggregation,0.6921927135805188,,,0.6342639877406546
6871,1001,13,5,0.55,0.2,1000,restricted_60,aggregation,0.6927463063287076,,,0.634257573452782
6872,1001,13,5,0.55,0.2,1000,restricted_60,aggregation,0.6932454775488568,,,0.6354068039907625
6873,1001,13,5,0.55,0.2,1000,restricted_60,aggregation,0.6934632488393042,,,0.6351074594387095
6874,1001,13,5,0.55,0.2,1000,restricted_60,aggregation,0.6932334144532957,,,0.6352678766757934
6875,1001,13,5,0.55,0.2,1000,restricted_60,aggregation,0.6916160751061536,,,0.6341311587563672
6876,1001,13,5,0.55,0.2,1000,restricted_60,aggregation,0.6922718979254623,,,0.6341674350495186
6877,1001,13,5,0.55,0.2,1000,restricted_60,aggregation,0.6929100362290632,,,0.6351541067882736
6878,1001,13,5,0.55,0.2,1000,restricted_60,aggregation,0.692831041429223,,,0.6350693817679236
6879,1001,13,5,0.55,0.2,1000,restricted_60,aggregation,0.6934705449124413,,,0.6351401747558
6880,1001,13,5,0.55,0.2,1000,restricted_60,aggregation,0.6916431978798395,,,0.6336205828662079
6881,1001,13,5,0.55,0.2,1000,restricted_60,aggregation,0.6911834135674723,,,0.6336408213083214
6882,1001,13,5,0.55,0.2,1000,restricted_60,aggregation,0.6915879787960145,,,0.6338840196531865
6883,1001,13,5,0.55,0.2,1000,restricted_60,aggregation,0.6930603812280483,,,0.6346366067497319
6884,1001,13,5,0.55,0.2,1000,restricted_60,aggregation,0.6918346528831594,,,0.6337246512823598
6885,1001,13,5,0.55,0.2,1000,restricted_60,aggregation,0.6938385054034569,,,0.6359593361576696
6886,1001,13,5,0.55,0.2,1000,restricted_60,aggregation,0.6922979322209306,,,0.6341631059372728
6887,1001,13,5,0.55,0.2,1000,restricted_60,aggregation,0.6923954042698147,,,0.6347701120715705
6888,1001,13,5,0.55,0.2,1000,restricted_60,aggregation,0.6917183887586627,,,0.6339491058555643
6889,1001,13,5,0.55,0.2,1000,restricted_60,aggregation,0.6923510110098806,,,0.634371943504027
6890,1001,13,5,0.55,0.2,1000,restricted_60,aggregation,0.6930272837146318,,,0.6348579728296396
6891,1001,13,5,0.55,0.2,1000,restricted_60,aggregation,0.6916461479757419,,,0.6334109343280176
6892,1001,13,5,0.55,0.2,1000,restricted_60,aggregation,0.6926015245126561,,,0.6343074432974434
6893,1001,13,5,0.55,0.2,1000,restricted_60,aggregation,0.6917930718156154,,,0.6335908613762782
6894,1001,13,5,0.55,0.2,1000,restricted_60,aggregation,0.6922486684433089,,,0.6343561857895192
6895,1001,13,5,0.55,0.2,1000,restricted_60,aggregation,0.6930937736042507,,,0.6349498700990368
6896,1001,13,5,0.55,0.2,1000,restricted_60,aggregation,0.693750328344152,,,0.6350535120897621
6897,1001,13,5,0.55,0.2,1000,restricted_60,aggregation,0.6931935711325283,,,0.6353745791708293
6898,1001,13,5,0.55,0.2,1000,restricted_60,aggregation,0.6915857035714217,,,0.633954300568259
6899,1001,13,5,0.55,0.2,1000,restricted_60,aggregation,0.6925438833492612,,,0.6343260487814656
6900,1001,13,5,0.55,0.2,1000,restricted_60,aggregation,0.6932836065732576,,,0.6345822672081006
6901,1001,13,5,0.55,0.2,1000,restricted_60,aggregation,0.6913619894884606,,,0.6334307730926482
6902,1001,13,5,0.55,0.2,1000,restricted_60,aggregation,0.6932139194653033,,,0.6356269262604681
6903,1001,13,5,0.55,0.2,1000,restricted_60,aggregation,0.6926733801921989,,,0.6345322532791285
6904,1001,13,5,0.55,0.2,1000,restricted_60,aggregation,0.6935161776064434,,,0.6357516355712189
6905,1001,13,5,0.55,0.2,1000,restricted_60,aggregation,0.6917041914094798,,,0.633734186762312
6906,1001,13,5,0.55,0.2,1000,restricted_60,aggregation,0.6928571048775072,,,0.6348003613593198
6907,1001,13,5,0.55,0.2,1000,restricted_60,aggregation,0.6914164556141423,,,0.6334027297471049
6908,1001,13,5,0.55,0.2,1000,restricted_60,aggregation,0.6923797748090376,,,0.6349463694792863
6909,1001,13,5,0.55,0.2,1000,restricted_60,aggregation,0.6925029734284857,,,0.6347441805648056
6910,1001,13,5,0.55,0.2,1000,restricted_60,aggregation,0.6919291468731665,,,0.6343175986821821
6911,1001,13,5,0.55,0.2,1000,restricted_60,aggregation,0.691436893914068,,,0.6341438183729853
6912,1001,13,5,0.55,0.2,1000,restricted_60,aggregation,0.6920783843969097,,,0.6342505775012027
6913,1001,13,5,0.55,0.2,1000,restricted_60,aggregation,0.6919868819204306,,,0.6341931690917109
6914,1001,13,5,0.55,0.2,1000,restricted_60,aggregation,0.6916466460221197,,,0.6335279423816925
6915,1001,13,5,0.55,0.2,1000,restricted_60,aggregation,0.6907684473840976,,,0.633192326909202
6916,1001,13,5,0.55,0.2,1000,restricted_60,aggregation,0.6925331953925935,,,0.634054314759315
6917,1001,13,5,0.55,0.2,1000,restricted_60,aggregation,0.6928934037431113,,,0.6347686453746871
6918,1001,13,5,0.55,0.2,1000,restricted_60,aggregation,0.6914381613091096,,,0.6336854390979393
6919,1001,13,5,0.55,0.2,1000,restricted_60,aggregation,0.6923839860197201,,,0.6339592323879826
6920,1001,13,5,0.55,0.2,1000,restricted_60,aggregation,0.6934456715235643,,,0.6353417742673994
6921,1001,13,5,0.55,0.2,1000,restricted_60,aggregation,0.6919130835557913,,,0.6338580097834267
6922,1001,13,5,0.55,0.2,1000,restricted_60,aggregation,0.6924301423419312,,,0.6346582292553127
6923,1001,13,5,0.55,0.2,1000,restricted_60,aggregation,0.6941084863866905,,,0.6361769651413403
6924,1001,13,5,0.55,0.2,1000,restricted_60,aggregation,0.6920036203670759,,,0.6339449064130315
6925,1001,13,5,0.55,0.2,1000,restricted_60,aggregation,0.6929973410872117,,,0.6351945202405621
6926,1001,13,5,0.55,0.2,1000,restricted_60,aggregation,0.6920851535516273,,,0.6341170513128848
6927,1001,13,5,0.55,0.2,1000,restricted_60,aggregation,0.6919852670590929,,,0.6343910959025544
6928,1001,13,5,0.55,0.2,1000,restricted_60,aggregation,0.69288256295212,,,0.6347579807692308
6929,1001,13,5,0.55,0.2,1000,restricted_60,aggregation,0.691879098950141,,,0.6344296542423628
6930,1001,13,5,0.55,0.2,1000,restricted_60,aggregation,0.6917705399376656,,,0.6339797602628854
6931,1001,13,5,0.55,0.2,1000,restricted_60,aggregation,0.6915166962386523,,,0.6337529097137432
6932,1001,13,5,0.55,0.2,1000,restricted_60,aggregation,0.6928007162512444,,,0.6343693185749437
6933,1001,13,5,0.55,0.2,1000,restricted_60,aggregation,0.6918756578217106,,,0.6342040273538192
6934,1001,13,5,0.55,0.2,1000,restricted_60,aggregation,0.6924383915033177,,,0.634369951514535
6935,1001,13,5,0.55,0.2,1000,restricted_60,aggregation,0.6922756456340877,,,0.634642253294545
6936,1001,13,5,0.55,0.2,1000,restricted_60,aggregation,0.6926565404055663,,,0.6343546056875224
6937,1001,13,5,0.55,0.2,1000,restricted_60,aggregation,0.6905994414510671,,,0.6330219371369373
6938,1001,13,5,0.55,0.2,1000,restricted_60,aggregation,0.6925939021000267,,,0.6344703984056069
6939,1001,13,5,0.55,0.2,1000,restricted_60,aggregation,0.6918210894293217,,,0.6334089289953875
6940,1001,13,5,0.55,0.2,1000,restricted_60,aggregation,0.6936599013379705,,,0.6355073152079402
6941,1001,13,5,0.55,0.2,1000,restricted_60,aggregation,0.6935073668918682,,,0.6361868392255894
6942,1001,13,5,0.55,0.2,1000,restricted_60,aggregation,0.6915984173475904,,,0.6339532884245386
6943,1001,13,5,0.55,0.2,1000,restricted_60,aggregation,0.6934004202031735,,,0.6357922485539154
6944,1001,13,5,0.55,0.2,1000,restricted_60,aggregation,0.6908410293121164,,,0.6329074696291364
6945,1001,13,5,0.55,0.2,1000,restricted_60,aggregation,0.6920801043857159,,,0.6340373842669679
6946,1001,13,5,0.55,0.2,1000,restricted_60,aggregation,0.6935766622118773,,,0.6352648800582136
6947,1001,13,5,0.55,0.2,1000,restricted_60,aggregation,0.6927437737826178,,,0.6353308995479829
6948,1001,13,5,0.55,0.2,1000,restricted_60,aggregation,0.6923249432154018,,,0.6347137009903678
6949,1001,13,5,0.55,0.2,1000,restricted_60,aggregation,0.6910565955464926,,,0.6333812640754308
6950,1001,13,5,0.55,0.2,1000,restricted_60,aggregation,0.6932466252312082,,,0.6354704641500476
6951,1001,13,5,0.55,0.2,1000,restricted_60,aggregation,0.6924489615622534,,,0.6342562053995389
6952,1001,13,5,0.55,0.2,1000,restricted_60,aggregation,0.692519160345425,,,0.635002102419186
6953,1001,13,5,0.55,0.2,1000,restricted_60,aggregation,0.6924131488475413,,,0.6346044655652989
6954,1001,13,5,0.55,0.2,1000,restricted_60,aggregation,0.692028372512295,,,0.6346180457967959
6955,1001,13,5,0.55,0.2,1000,restricted_60,aggregation,0.6922762916644093,,,0.6340833107710193
6956,1001,13,5,0.55,0.2,1000,restricted_60,aggregation,0.6918459319007693,,,0.6335595182209767
6957,1001,13,5,0.55,0.2,1000,restricted_60,aggregation,0.6934936237173686,,,0.6358544985107486
6958,1001,13,5,0.55,0.2,1000,restricted_60,aggregation,0.6913693792548595,,,0.6333337898752484
6959,1001,13,5,0.55,0.2,1000,restricted_60,aggregation,0.6939626995411435,,,0.6360130219857304
6960,1001,13,5,0.55,0.2,1000,restricted_60,aggregation,0.6924381669943287,,,0.6345480365005367
6961,1001,13,5,0.55,0.2,1000,restricted_60,aggregation,0.6928552925569109,,,0.6349897082624167
6962,1001,13,5,0.55,0.2,1000,restricted_60,aggregation,0.6916318217624166,,,0.6339666474806059
6963,1001,13,5,0.55,0.2,1000,restricted_60,aggregation,0.6935659991454186,,,0.6355328123496875
6964,1001,13,5,0.55,0.2,1000,restricted_60,aggregation,0.6918796570521359,,,0.6339982362544865
6965,1001,13,5,0.55,0.2,1000,restricted_60,aggregation,0.6911396428875117,,,0.6332749511214095
6966,1001,13,5,0.55,0.2,1000,restricted_60,aggregation,0.6926633487345002,,,0.6345242738280239
6967,1001,13,5,0.55,0.2,1000,restricted_60,aggregation,0.692657529081171,,,0.634114673821549
6968,1001,13,5,0.55,0.2,1000,restricted_60,aggregation,0.6912010604305195,,,0.632696479230646
6969,1001,13,5,0.55,0.2,1000,restricted_60,aggregation,0.6929463839748159,,,0.6346538881488882
6970,1001,13,5,0.55,0.2,1000,restricted_60,aggregation,0.693429301330066,,,0.6350274575424576
6971,1001,13,5,0.55,0.2,1000,restricted_60,aggregation,0.6923357054632661,,,0.6347333706108708
6972,1001,13,5,0.55,0.2,1000,restricted_60,aggregation,0.6903587650993462,,,0.6331865770726187
6973,1001,13,5,0.55,0.2,1000,restricted_60,aggregation,0.6925369092487464,,,0.6343928006869674
6974,1001,13,5,0.55,0.2,1000,restricted_60,aggregation,0.6936226431901992,,,0.6357324297384714
6975,1001,13,5,0.55,0.2,1000,restricted_60,aggregation,0.6926659546905168,,,0.6347065593434345
6976,1001,13,5,0.55,0.2,1000,restricted_60,aggregation,0.691984046763743,,,0.6338195439205857
6977,1001,13,5,0.55,0.2,1000,restricted_60,aggregation,0.692420078024919,,,0.6344541764716766
6978,1001,13,5,0.55,0.2,1000,restricted_60,aggregation,0.6932602419177778,,,0.6354032290626042
6979,1001,13,5,0.55,0.2,1000,restricted_60,aggregation,0.693048678287919,,,0.6348669214427549
6980,1001,13,5,0.55,0.2,1000,restricted_60,aggregation,0.6919225408774027,,,0.6341259871378623
6981,1001,13,5,0.55,0.2,1000,restricted_60,aggregation,0.6921045677279382,,,0.6340031729304647
6982,1001,13,5,0.55,0.2,1000,restricted_60,aggregation,0.6931162751360803,,,0.634817068810819
6983,1001,13,5,0.55,0.2,1000,restricted_60,aggregation,0.6915238586018589,,,0.6337900656596491
6984,1001,13,5,0.55,0.2,1000,restricted_60,aggregation,0.6916739510187923,,,0.6336706042106043
6985,1001,13,5,0.55,0.2,1000,restricted_60,aggregation,0.6924078995268594,,,0.6345051104528189
6986,1001,13,5,0.55,0.2,1000,restricted_60,aggregation,0.6917771164979672,,,0.6336969627825878
6987,1001,13,5,0.55,0.2,1000,restricted_60,aggregation,0.6932783704248698,,,0.6353416396797648
6988,1001,13,5,0.55,0.2,1000,restricted_60,aggregation,0.6934451242719248,,,0.6350143944558528
6989,1001,13,5,0.55,0.2,1000,restricted_60,aggregation,0.6939332428793763,,,0.63540547152693
6990,1001,13,5,0.55,0.2,1000,restricted_60,aggregation,0.6912041244110714,,,0.6337909110411195
6991,1001,13,5,0.55,0.2,1000,restricted_60,aggregation,0.6928173293841614,,,0.63473540498853
6992,1001,13,5,0.55,0.2,1000,restricted_60,aggregation,0.6933745173005473,,,0.6350899746087247
6993,1001,13,5,0.55,0.2,1000,restricted_60,aggregation,0.6926528327617499,,,0.634952013572847
6994,1001,13,5,0.55,0.2,1000,restricted_60,aggregation,0.6918708409319334,,,0.6336961233904986
6995,1001,13,5,0.55,0.2,1000,restricted_60,aggregation,0.6923219844777992,,,0.6345260348293683
6996,1001,13,5,0.55,0.2,1000,restricted_60,aggregation,0.6923113494920352,,,0.6343956689298357
6997,1001,13,5,0.55,0.2,1000,restricted_60,aggregation,0.6921962366596304,,,0.6350498736217488
6998,1001,13,5,0.55,0.2,1000,restricted_60,aggregation,0.6910633346287466,,,0.6330002810461145
6999,1001,13,5,0.55,0.2,1000,restricted_60,aggregation,0.6918446959241126,,,0.6335893366510035
7000,1001,13,5,0.55,0.2,1000,restricted_70,aggregation,0.6972037167538614,,,0.6415372033213702
7001,1001,13,5,0.55,0.2,1000,restricted_70,aggregation,0.6987460325624347,,,0.642620480815481
7002,1001,13,5,0.55,0.2,1000,restricted_70,aggregation,0.6995163459849323,,,0.6428061980303648
7003,1001,13,5,0.55,0.2,1000,restricted_70,aggregation,0.6983321505666962,,,0.6424983206685292
7004,1001,13,5,0.55,0.2,1000,restricted_70,aggregation,0.6974409440384283,,,0.6413757728536896
7005,1001,13,5,0.55,0.2,1000,restricted_70,aggregation,0.6980181550590732,,,0.6414696500567336
7006,1001,13,5,0.55,0.2,1000,restricted_70,aggregation,0.6974295821375599,,,0.6417031790123457
7007,1001,13,5,0.55,0.2,1000,restricted_70,aggregation,0.6985049740528119,,,0.6421994396806898
7008,1001,13,5,0.55,0.2,1000,restricted_70,aggregation,0.6986317637094386,,,0.6427447701603952
7009,1001,13,5,0.55,0.2,1000,restricted_70,aggregation,0.6995347937222517,,,0.6430189721158472
7010,1001,13,5,0.55,0.2,1000,restricted_70,aggregation,0.6979181128970865,,,0.6415494059258644
7011,1001,13,5,0.55,0.2,1000,restricted_70,aggregation,0.6982874314567072,,,0.6421204690679693
7012,1001,13,5,0.55,0.2,1000,restricted_70,aggregation,0.6995205426516612,,,0.6431032415578251
7013,1001,13,5,0.55,0.2,1000,restricted_70,aggregation,0.6993277835695454,,,0.6429207173921758
7014,1001,13,5,0.55,0.2,1000,restricted_70,aggregation,0.6978230787504863,,,0.6417720706608208
7015,1001,13,5,0.55,0.2,1000,restricted_70,aggregation,0.697719690437939,,,0.6418073747779999
7016,1001,13,5,0.55,0.2,1000,restricted_70,aggregation,0.6981284486645647,,,0.6423137588877174
7017,1001,13,5,0.55,0.2,1000,restricted_70,aggregation,0.6981991938470387,,,0.6422321909494827
7018,1001,13,5,0.55,0.2,1000,restricted_70,aggregation,0.6989895180118593,,,0.6429905160503079
7019,1001,13,5,0.55,0.2,1000,restricted_70,aggregation,0.6986900292454638,,,0.6418653190405275
7020,1001,13,5,0.55,0.2,1000,restricted_70,aggregation,0.6988617569652413,,,0.6427945130872215
7021,1001,13,5,0.55,0.2,1000,restricted_70,aggregation,0.6985912574977585,,,0.6421774785322704
7022,1001,13,5,0.55,0.2,1000,restricted_70,aggregation,0.699753885949807,,,0.643260956890332
7023,1001,13,5,0.55,0.2,1000,restricted_70,aggregation,0.698250690015552,,,0.6415973191854443
7024,1001,13,5,0.55,0.2,1000,restricted_70,aggregation,0.6975132584797085,,,0.6410532490117908
7025,1001,13,5,0.55,0.2,1000,restricted_70,aggregation,0.698055872977825,,,0.6418042809196977
7026,1001,13,5,0.55,0.2,1000,restricted_70,aggregation,0.6974425859532254,,,0.641374985215402
7027,1001,13,5,0.55,0.2,1000,restricted_70,aggregation,0.6982493497761064,,,0.6423758374958376
7028,1001,13,5,0.55,0.2,1000,restricted_70,aggregation,0.6993643903630204,,,0.642420262137554
7029,1001,13,5,0.55,0.2,1000,restricted_70,aggregation,0.6987367722371143,,,0.6433195606862275
7030,1001,13,5,0.55,0.2,1000,restricted_70,aggregation,0.6985936588800156,,,0.6427149363213948
7031,1001,13,5,0.55,0.2,1000,restricted_70,aggregation,0.6985625962091748,,,0.6422514441422776
7032,1001,13,5,0.55,0.2,1000,restricted_70,aggregation,0.6986795420249465,,,0.6424651119482371
7033,1001,13,5,0.55,0.2,1000,restricted_70,aggregation,0.6976911209254274,,,0.641299420949421
7034,1001,13,5,0.55,0.2,1000,restricted_70,aggregation,0.6999670977448158,,,0.6439047332682751
7035,1001,13,5,0.55,0.2,1000,restricted_70,aggregation,0.6984612268887763,,,0.6419233981373565
7036,1001,13,5,0.55,0.2,1000,restricted_70,aggregation,0.6971951472218215,,,0.6408513274457025
7037,1001,13,5,0.55,0.2,1000,restricted_70,aggregation,0.6982607167472913,,,0.6421459395388565
7038,1001,13,5,0.55,0.2,1000,restricted_70,aggregation,0.6992820977901046,,,0.6425910841935842
7039,1001,13,5,0.55,0.2,1000,restricted_70,aggregation,0.6980070588510533,,,0.6420307975820477
7040,1001,13,5,0.55,0.2,1000,restricted_70,aggregation,0.6980181021060721,,,0.6419876987672822
7041,1001,13,5,0.55,0.2,1000,restricted_70,aggregation,0.697527348665941,,,0.6415186741499243
7042,1001,13,5,0.55,0.2,1000,restricted_70,aggregation,0.6979936341093786,,,0.6420334641438808
7043,1001,13,5,0.55,0.2,1000,restricted_70,aggregation,0.6982020493001263,,,0.6416040415757083
7044,1001,13,5,0.55,0.2,1000,restricted_70,aggregation,0.6983062449531712,,,0.6417777793502794
7045,1001,13,5,0.55,0.2,1000,restricted_70,aggregation,0.698497898959639,,,0.6421394310550561
7046,1001,13,5,0.55,0.2,1000,restricted_70,aggregation,0.6988933456241253,,,0.642410287205079
7047,1001,13,5,0.55,0.2,1000,restricted_70,aggregation,0.6988150528316104,,,0.6431449832343583
7048,1001,13,5,0.55,0.2,1000,restricted_70,aggregation,0.6974202281515376,,,0.6411941563914482
7049,1001,13,5,0.55,0.2,1000,restricted_70,aggregation,0.6988179368416628,,,0.642869534547243
7050,1001,13,5,0.55,0.2,1000,restricted_70,aggregation,0.69903130421473,,,0.642624069163861
7051,1001,13,5,0.55,0.2,1000,restricted_70,aggregation,0.6978351692966852,,,0.6413244856994859
7052,1001,13,5,0.55,0.2,1000,restricted_70,aggregation,0.6979687214734486,,,0.6420044870484455
7053,1001,13,5,0.55,0.2,1000,restricted_70,aggregation,0.6989269481266347,,,0.6426201759968428
7054,1001,13,5,0.55,0.2,1000,restricted_70,aggregation,0.6980062728486088,,,0.6420300636092303
7055,1001,13,5,0.55,0.2,1000,restricted_70,aggregation,0.6990329173797137,,,0.6428389407891492
7056,1001,13,5,0.55,0.2,1000,restricted_70,aggregation,0.6983846490659241,,,0.6422928907358075
7057,1001,13,5,0.55,0.2,1000,restricted_70,aggregation,0.6995332355118214,,,0.6436229570429572
7058,1001,13,5,0.55,0.2,1000,restricted_70,aggregation,0.697840941060445,,,0.6417274429968182
7059,1001,13,5,0.55,0.2,1000,restricted_70,aggregation,0.6989106037505732,,,0.6427892344538179
7060,1001,13,5,0.55,0.2,1000,restricted_70,aggregation,0.6982646025539793,,,0.6420772079772081
7061,1001,13,5,0.55,0.2,1000,restricted_70,aggregation,0.6986945668039329,,,0.6423714452908204
7062,1001,13,5,0.55,0.2,1000,restricted_70,aggregation,0.6993187905310178,,,0.643221632564966
7063,1001,13,5,0.55,0.2,1000,restricted_70,aggregation,0.6983801195012876,,,0.6420952411477412
7064,1001,13,5,0.55,0.2,1000,restricted_70,aggregation,0.699079289862765,,,0.6427595403901656
7065,1001,13,5,0.55,0.2,1000,restricted_70,aggregation,0.698123061547581,,,0.6415543509268511
7066,1001,13,5,0.55,0.2,1000,restricted_70,aggregation,0.6981772512410113,,,0.6422305610130611
7067,1001,13,5,0.55,0.2,1000,restricted_70,aggregation,0.6986537830208498,,,0.642088642792393
7068,1001,13,5,0.55,0.2,1000,restricted_70,aggregation,0.6980939163179516,,,0.6419737876706627
7069,1001,13,5,0.55,0.2,1000,restricted_70,aggregation,0.6982756304455747,,,0.6423091323953825
7070,1001,13,5,0.55,0.2,1000,restricted_70,aggregation,0.6981633821299021,,,0.6417543191222359
7071,1001,13,5,0.55,0.2,1000,restricted_70,aggregation,0.6970566847475269,,,0.6415557792207793
7072,1001,13,5,0.55,0.2,1000,restricted_70,aggregation,0.6979698180405859,,,0.6417243320182905
7073,1001,13,5,0.55,0.2,1000,restricted_70,aggregation,0.6987602891657084,,,0.6427408569516904
7074,1001,13,5,0.55,0.2,1000,restricted_70,aggregation,0.6981691035878835,,,0.6414050577277662
7075,1001,13,5,0.55,0.2,1000,restricted_70,aggregation,0.697442628822858,,,0.6410966123614043
7076,1001,13,5,0.55,0.2,1000,restricted_70,aggregation,0.6988766192314049,,,0.6424955970341388
7077,1001,13,5,0.55,0.2,1000,restricted_70,aggregation,0.6979079331586452,,,0.64242118829473
7078,1001,13,5,0.55,0.2,1000,restricted_70,aggregation,0.6990685963660431,,,0.6427664393091477
7079,1001,13,5,0.55,0.2,1000,restricted_70,aggregation,0.6976924337907449,,,0.6414408443639694
7080,1001,13,5,0.55,0.2,1000,restricted_70,aggregation,0.6980347100386923,,,0.6421339465087382
7081,1001,13,5,0.55,0.2,1000,restricted_70,aggregation,0.698524986230048,,,0.6421707829670331
7082,1001,13,5,0.55,0.2,1000,restricted_70,aggregation,0.6978389103172912,,,0.6416444470344472
7083,1001,13,5,0.55,0.2,1000,restricted_70,aggregation,0.6990351645235015,,,0.6433104652754654
7084,1001,13,5,0.55,0.2,1000,restricted_70,aggregation,0.6976651856290141,,,0.6419134493053245
7085,1001,13,5,0.55,0.2,1000,restricted_70,aggregation,0.699296032914861,,,0.6430728436301354
7086,1001,13,5,0.55,0.2,1000,restricted_70,aggregation,0.6985195566016447,,,0.6420745352949522
7087,1001,13,5,0.55,0.2,1000,restricted_70,aggregation,0.6991684219285222,,,0.6429288021083855
7088,1001,13,5,0.55,0.2,1000,restricted_70,aggregation,0.6983452635632135,,,0.6420659304661389
7089,1001,13,5,0.55,0.2,1000,restricted_70,aggregation,0.6985447973997193,,,0.6427584503305338
7090,1001,13,5,0.55,0.2,1000,restricted_70,aggregation,0.6971370831486352,,,0.6406688856590942
7091,1001,13,5,0.55,0.2,1000,restricted_70,aggregation,0.6987833092980695,,,0.6426787842944094
7092,1001,13,5,0.55,0.2,1000,restricted_70,aggregation,0.698063761499786,,,0.6417448517531852
7093,1001,13,5,0.55,0.2,1000,restricted_70,aggregation,0.6985006053795123,,,0.642673447601781
7094,1001,13,5,0.55,0.2,1000,restricted_70,aggregation,0.697874693715663,,,0.6417762316926902
7095,1001,13,5,0.55,0.2,1000,restricted_70,aggregation,0.697496365713725,,,0.6416840924199259
7096,1001,13,5,0.55,0.2,1000,restricted_70,aggregation,0.6983775530640111,,,0.6417306072322742
7097,1001,13,5,0.55,0.2,1000,restricted_70,aggregation,0.6990162222105635,,,0.6425965753922005
7098,1001,13,5,0.55,0.2,1000,restricted_70,aggregation,0.6994775967332193,,,0.6435975293764878
7099,1001,13,5,0.55,0.2,1000,restricted_70,aggregation,0.699163929055168,,,0.6432445225376476
7100,1001,13,5,0.55,0.2,1000,restricted_70,aggregation,0.6988896231714629,,,0.6429593809277144
7101,1001,13,5,0.55,0.2,1000,restricted_70,aggregation,0.6991863794285262,,,0.6433385350374935
7102,1001,13,5,0.55,0.2,1000,restricted_70,aggregation,0.6987707195036683,,,0.642389922245964
7103,1001,13,5,0.55,0.2,1000,restricted_70,aggregation,0.6984143049979282,,,0.641787997588831
7104,1001,13,5,0.55,0.2,1000,restricted_70,aggregation,0.6979105095298616,,,0.6414880875760044
7105,1001,13,5,0.55,0.2,1000,restricted_70,aggregation,0.6986445976394987,,,0.6428909320232238
7106,1001,13,5,0.55,0.2,1000,restricted_70,aggregation,0.6973417682651227,,,0.6408665604996856
7107,1001,13,5,0.55,0.2,1000,restricted_70,aggregation,0.6984078230089724,,,0.6426801877983129
7108,1001,13,5,0.55,0.2,1000,restricted_70,aggregation,0.6986259210288234,,,0.6424483108018526
7109,1001,13,5,0.55,0.2,1000,restricted_70,aggregation,0.6988861118327174,,,0.6430765005904591
7110,1001,13,5,0.55,0.2,1000,restricted_70,aggregation,0.6989007413988746,,,0.6429582543845045
7111,1001,13,5,0.55,0.2,1000,restricted_70,aggregation,0.6980989106287178,,,0.6416229121033289
7112,1001,13,5,0.55,0.2,1000,restricted_70,aggregation,0.6989853077837608,,,0.6424556713656714
7113,1001,13,5,0.55,0.2,1000,restricted_70,aggregation,0.6978681333700382,,,0.641650564150356
7114,1001,13,5,0.55,0.2,1000,restricted_70,aggregation,0.6981260270392698,,,0.6418367533007118
7115,1001,13,5,0.55,0.2,1000,restricted_70,aggregation,0.6970124896547513,,,0.6407750806909142
7116,1001,13,5,0.55,0.2,1000,restricted_70,aggregation,0.6984396625049961,,,0.6423210127372628
7117,1001,13,5,0.55,0.2,1000,restricted_70,aggregation,0.6993572021736381,,,0.6431867091010842
7118,1001,13,5,0.55,0.2,1000,restricted_70,aggregation,0.698210615442493,,,0.6418045104047189
7119,1001,13,5,0.55,0.2,1000,restricted_70,aggregation,0.69893883458794,,,0.6428559181173766
7120,1001,13,5,0.55,0.2,1000,restricted_70,aggregation,0.6985315204992719,,,0.6421920456935043
7121,1001,13,5,0.55,0.2,1000,restricted_70,aggregation,0.6987619854364906,,,0.6426088806255473
7122,1001,13,5,0.55,0.2,1000,restricted_70,aggregation,0.6991989270082065,,,0.6429894674307176
7123,1001,13,5,0.55,0.2,1000,restricted_70,aggregation,0.6980445984461677,,,0.6423392780290698
7124,1001,13,5,0.55,0.2,1000,restricted_70,aggregation,0.6993754982301745,,,0.6434592240706827
7125,1001,13,5,0.55,0.2,1000,restricted_70,aggregation,0.698445373331778,,,0.6424633145403981
7126,1001,13,5,0.55,0.2,1000,restricted_70,aggregation,0.6977010383621656,,,0.6419525045556297
7127,1001,13,5,0.55,0.2,1000,restricted_70,aggregation,0.6985676100212137,,,0.642006496882747
7128,1001,13,5,0.55,0.2,1000,restricted_70,aggregation,0.6992688833799817,,,0.6434689280087199
7129,1001,13,5,0.55,0.2,1000,restricted_70,aggregation,0.6983973247680355,,,0.6421765272073607
7130,1001,13,5,0.55,0.2,1000,restricted_70,aggregation,0.6987675345505323,,,0.6427305365853283
7131,1001,13,5,0.55,0.2,1000,restricted_70,aggregation,0.6983644822683829,,,0.6423670680476932
7132,1001,13,5,0.55,0.2,1000,restricted_70,aggregation,0.6976938325396915,,,0.6417991871246038
7133,1001,13,5,0.55,0.2,1000,restricted_70,aggregation,0.6976550088005666,,,0.6414427462814964
7134,1001,13,5,0.55,0.2,1000,restricted_70,aggregation,0.6999459553945689,,,0.6435757081113331
7135,1001,13,5,0.55,0.2,1000,restricted_70,aggregation,0.6976316247209929,,,0.6414289979850398
7136,1001,13,5,0.55,0.2,1000,restricted_70,aggregation,0.6987901914892088,,,0.6425638707588709
7137,1001,13,5,0.55,0.2,1000,restricted_70,aggregation,0.6980839179910978,,,0.6422130411101246
7138,1001,13,5,0.55,0.2,1000,restricted_70,aggregation,0.6987085077841241,,,0.6428737412818665
7139,1001,13,5,0.55,0.2,1000,restricted_70,aggregation,0.6989060858789209,,,0.6430339239541324
7140,1001,13,5,0.55,0.2,1000,restricted_70,aggregation,0.6973898862468653,,,0.64092714640298
7141,1001,13,5,0.55,0.2,1000,restricted_70,aggregation,0.6993295513162775,,,0.6433850355508689
7142,1001,13,5,0.55,0.2,1000,restricted_70,aggregation,0.6995472217438735,,,0.6431195421939173
7143,1001,13,5,0.55,0.2,1000,restricted_70,aggregation,0.6986234220817211,,,0.6427474951514536
7144,1001,13,5,0.55,0.2,1000,restricted_70,aggregation,0.6987485280843287,,,0.642649858528817
7145,1001,13,5,0.55,0.2,1000,restricted_70,aggregation,0.6983922790658875,,,0.642159755167672
7146,1001,13,5,0.55,0.2,1000,restricted_70,aggregation,0.6993592045799167,,,0.6433352018737436
7147,1001,13,5,0.55,0.2,1000,restricted_70,aggregation,0.6981679886507285,,,0.6422194830169831
7148,1001,13,5,0.55,0.2,1000,restricted_70,aggregation,0.6990139769374989,,,0.6429321403827655
7149,1001,13,5,0.55,0.2,1000,restricted_70,aggregation,0.6971267122725464,,,0.6406963428546764
7150,1001,13,5,0.55,0.2,1000,restricted_70,aggregation,0.698283572703471,,,0.6421109811253563
7151,1001,13,5,0.55,0.2,1000,restricted_70,aggregation,0.6988288557542597,,,0.6426015478271729
7152,1001,13,5,0.55,0.2,1000,restricted_70,aggregation,0.6999674305369032,,,0.6434452258235592
7153,1001,13,5,0.55,0.2,1000,restricted_70,aggregation,0.6983760014175694,,,0.6421602743552745
7154,1001,13,5,0.55,0.2,1000,restricted_70,aggregation,0.6975799241150151,,,0.6415760148262233
7155,1001,13,5,0.55,0.2,1000,restricted_70,aggregation,0.6978065966574597,,,0.6418468817679235
7156,1001,13,5,0.55,0.2,1000,restricted_70,aggregation,0.6985951978070245,,,0.6427203127119795
7157,1001,13,5,0.55,0.2,1000,restricted_70,aggregation,0.6977117368670979,,,0.6417033125285209
7158,1001,13,5,0.55,0.2,1000,restricted_70,aggregation,0.6979334808523674,,,0.6413956795210963
7159,1001,13,5,0.55,0.2,1000,restricted_70,aggregation,0.6983338711357897,,,0.6420289066489067
7160,1001,13,5,0.55,0.2,1000,restricted_70,aggregation,0.6986625627177525,,,0.6424946504498589
7161,1001,13,5,0.55,0.2,1000,restricted_70,aggregation,0.6993991713208462,,,0.643442433816184
7162,1001,13,5,0.55,0.2,1000,restricted_70,aggregation,0.6982865226915325,,,0.6421160055068389
7163,1001,13,5,0.55,0.2,1000,restricted_70,aggregation,0.6987962208979588,,,0.6427759963030798
7164,1001,13,5,0.55,0.2,1000,restricted_70,aggregation,0.6986689918178037,,,0.6423260920021338
7165,1001,13,5,0.55,0.2,1000,restricted_70,aggregation,0.6984275562129563,,,0.641968170178587
7166,1001,13,5,0.55,0.2,1000,restricted_70,aggregation,0.6974692270788365,,,0.6419023133964802
7167,1001,13,5,0.55,0.2,1000,restricted_70,aggregation,0.697680491372447,,,0.6417572651191401
7168,1001,13,5,0.55,0.2,1000,restricted_70,aggregation,0.6982681973119725,,,0.642477748555457
7169,1001,13,5,0.55,0.2,1000,restricted_70,aggregation,0.6971277018030738,,,0.6414110874233794
7170,1001,13,5,0.55,0.2,1000,restricted_70,aggregation,0.6993639028072595,,,0.6427575240191908
7171,1001,13,5,0.55,0.2,1000,restricted_70,aggregation,0.698467927047575,,,0.6424860897667148
7172,1001,13,5,0.55,0.2,1000,restricted_70,aggregation,0.6982346034795286,,,0.6416775304248222
7173,1001,13,5,0.55,0.2,1000,restricted_70,aggregation,0.6981698457719804,,,0.6421557232505151
7174,1001,13,5,0.55,0.2,1000,restricted_70,aggregation,0.6985036835576188,,,0.6419398203031538
7175,1001,13,5,0.55,0.2,1000,restricted_70,aggregation,0.6993676726501622,,,0.6427515986790988
7176,1001,13,5,0.55,0.2,1000,restricted_70,aggregation,0.6985623177532265,,,0.6427784405023991
7177,1001,13,5,0.55,0.2,1000,restricted_70,aggregation,0.6978319987731129,,,0.6414770405905824
7178,1001,13,5,0.55,0.2,1000,restricted_70,aggregation,0.697922568872073,,,0.6417390802099137
7179,1001,13,5,0.55,0.2,1000,restricted_70,aggregation,0.6981856295559132,,,0.6417653955920624
7180,1001,13,5,0.55,0.2,1000,restricted_70,aggregation,0.6989669461554983,,,0.6431358734012903
7181,1001,13,5,0.55,0.2,1000,restricted_70,aggregation,0.6987438533073844,,,0.6424105449103367
7182,1001,13,5,0.55,0.2,1000,restricted_70,aggregation,0.6981996746057065,,,0.6423442074206659
7183,1001,13,5,0.55,0.2,1000,restricted_70,aggregation,0.6986950891654211,,,0.6429505854022521
7184,1001,13,5,0.55,0.2,1000,restricted_70,aggregation,0.6979075342385241,,,0.6419368881735549
7185,1001,13,5,0.55,0.2,1000,restricted_70,aggregation,0.6977361165905872,,,0.6409429697540114
7186,1001,13,5,0.55,0.2,1000,restricted_70,aggregation,0.6976802283583393,,,0.6418212990019241
7187,1001,13,5,0.55,0.2,1000,restricted_70,aggregation,0.6985561503807647,,,0.642176390607849
7188,1001,13,5,0.55,0.2,1000,restricted_70,aggregation,0.6988545201828524,,,0.6422940741974076
7189,1001,13,5,0.55,0.2,1000,restricted_70,aggregation,0.6997222280375976,,,0.6434811739726324
7190,1001,13,5,0.55,0.2,1000,restricted_70,aggregation,0.6995299726804252,,,0.6428988936603521
7191,1001,13,5,0.55,0.2,1000,restricted_70,aggregation,0.6978898344561381,,,0.64164716154987
7192,1001,13,5,0.55,0.2,1000,restricted_70,aggregation,0.6978382067133212,,,0.6412574823633158
7193,1001,13,5,0.55,0.2,1000,restricted_70,aggregation,0.6985131778504958,,,0.6424759178013345
7194,1001,13,5,0.55,0.2,1000,restricted_70,aggregation,0.697962853308866,,,0.6420243770427105
7195,1001,13,5,0.55,0.2,1000,restricted_70,aggregation,0.6992320053892921,,,0.6428981442862695
7196,1001,13,5,0.55,0.2,1000,restricted_70,aggregation,0.6988373553867891,,,0.6426873944959363
7197,1001,13,5,0.55,0.2,1000,restricted_70,aggregation,0.6981435294979116,,,0.6421846700136284
7198,1001,13,5,0.55,0.2,1000,restricted_70,aggregation,0.6982651344256231,,,0.642168517262059
7199,1001,13,5,0.55,0.2,1000,restricted_70,aggregation,0.6991518792445204,,,0.6427766218118303
7200,1001,13,5,0.55,0.2,1000,restricted_70,aggregation,0.6986368323715815,,,0.6424828451640954
7201,1001,13,5,0.55,0.2,1000,restricted_70,aggregation,0.6986467280805121,,,0.6427619229921315
7202,1001,13,5,0.55,0.2,1000,restricted_70,aggregation,0.6987605310575942,,,0.6423863467011385
7203,1001,13,5,0.55,0.2,1000,restricted_70,aggregation,0.6995286484681134,,,0.6432656572362823
7204,1001,13,5,0.55,0.2,1000,restricted_70,aggregation,0.6993782584384647,,,0.6430780991076825
7205,1001,13,5,0.55,0.2,1000,restricted_70,aggregation,0.6989301300456155,,,0.6426827927936263
7206,1001,13,5,0.55,0.2,1000,restricted_70,aggregation,0.6989303535151095,,,0.6426021165794084
7207,1001,13,5,0.55,0.2,1000,restricted_70,aggregation,0.6979736811401699,,,0.6417088765170017
7208,1001,13,5,0.55,0.2,1000,restricted_70,aggregation,0.6975426147059371,,,0.6411550254760673
7209,1001,13,5,0.55,0.2,1000,restricted_70,aggregation,0.6989731119238473,,,0.6430695290897376
7210,1001,13,5,0.55,0.2,1000,restricted_70,aggregation,0.6981145197151876,,,0.641963932055599
7211,1001,13,5,0.55,0.2,1000,restricted_70,aggregation,0.6979114121443744,,,0.6420610923875509
7212,1001,13,5,0.55,0.2,1000,restricted_70,aggregation,0.6997168270710721,,,0.6433163427236346
7213,1001,13,5,0.55,0.2,1000,restricted_70,aggregation,0.6975613660005077,,,0.6409280185940605
7214,1001,13,5,0.55,0.2,1000,restricted_70,aggregation,0.697651282531036,,,0.6416266847427264
7215,1001,13,5,0.55,0.2,1000,restricted_70,aggregation,0.6987895013609058,,,0.6424561699334618
7216,1001,13,5,0.55,0.2,1000,restricted_70,aggregation,0.6979263769036192,,,0.6418449677405929
7217,1001,13,5,0.55,0.2,1000,restricted_70,aggregation,0.6978987705808107,,,0.6415858898431817
7218,1001,13,5,0.55,0.2,1000,restricted_70,aggregation,0.6986351726319077,,,0.6427693706910376
7219,1001,13,5,0.55,0.2,1000,restricted_70,aggregation,0.6989597048568738,,,0.6423427712411046
7220,1001,13,5,0.55,0.2,1000,restricted_70,aggregation,0.6984859794240104,,,0.641920077908203
7221,1001,13,5,0.55,0.2,1000,restricted_70,aggregation,0.6984834032879677,,,0.6419246921905257
7222,1001,13,5,0.55,0.2,1000,restricted_70,aggregation,0.6982829511492938,,,0.6423542089546258
7223,1001,13,5,0.55,0.2,1000,restricted_70,aggregation,0.6986863352026911,,,0.6419401312807563
7224,1001,13,5,0.55,0.2,1000,restricted_70,aggregation,0.6990494891611715,,,0.6426870992587661
7225,1001,13,5,0.55,0.2,1000,restricted_70,aggregation,0.6988555159062152,,,0.6430384975287059
7226,1001,13,5,0.55,0.2,1000,restricted_70,aggregation,0.6987791801699734,,,0.6426807460749129
7227,1001,13,5,0.55,0.2,1000,restricted_70,aggregation,0.6982758647242375,,,0.6419984186107104
7228,1001,13,5,0.55,0.2,1000,restricted_70,aggregation,0.6970291239328215,,,0.6412215440577942
7229,1001,13,5,0.55,0.2,1000,restricted_70,aggregation,0.6990852419834196,,,0.6432044453000705
7230,1001,13,5,0.55,0.2,1000,restricted_70,aggregation,0.6973168056606742,,,0.6409963309684145
7231,1001,13,5,0.55,0.2,1000,restricted_70,aggregation,0.6971457495136637,,,0.6404632681978516
7232,1001,13,5,0.55,0.2,1000,restricted_70,aggregation,0.6979305109230536,,,0.6421118494930996
7233,1001,13,5,0.55,0.2,1000,restricted_70,aggregation,0.6983947682541196,,,0.6424168978089813
7234,1001,13,5,0.55,0.2,1000,restricted_70,aggregation,0.6990901631968637,,,0.643024987882488
7235,1001,13,5,0.55,0.2,1000,restricted_70,aggregation,0.6995733227580002,,,0.6429702659763078
7236,1001,13,5,0.55,0.2,1000,restricted_70,aggregation,0.6986264568682747,,,0.6429267157919243
7237,1001,13,5,0.55,0.2,1000,restricted_70,aggregation,0.6969212390490781,,,0.6413356505994007
7238,1001,13,5,0.55,0.2,1000,restricted_70,aggregation,0.6978897502850221,,,0.6417119868865704
7239,1001,13,5,0.55,0.2,1000,restricted_70,aggregation,0.6974414679303801,,,0.6411027779704863
7240,1001,13,5,0.55,0.2,1000,restricted_70,aggregation,0.6979338602097713,,,0.642169764209556
7241,1001,13,5,0.55,0.2,1000,restricted_70,aggregation,0.6984954057725676,,,0.6427010123826791
7242,1001,13,5,0.55,0.2,1000,restricted_70,aggregation,0.6978971951660363,,,0.6422938894361812
7243,1001,13,5,0.55,0.2,1000,restricted_70,aggregation,0.6984045085496274,,,0.642269133921634
7244,1001,13,5,0.55,0.2,1000,restricted_70,aggregation,0.6990568302126422,,,0.642162465412674
7245,1001,13,5,0.55,0.2,1000,restricted_70,aggregation,0.6980246380204557,,,0.64203004154025
7246,1001,13,5,0.55,0.2,1000,restricted_70,aggregation,0.6983209315989203,,,0.6421333777410861
7247,1001,13,5,0.55,0.2,1000,restricted_70,aggregation,0.6980852579317034,,,0.6421174803128972
7248,1001,13,5,0.55,0.2,1000,restricted_70,aggregation,0.6985517314648526,,,0.6423512412664497
7249,1001,13,5,0.55,0.2,1000,restricted_70,aggregation,0.6983783312172798,,,0.6418497893849978
7250,1001,13,5,0.55,0.2,1000,restricted_70,aggregation,0.6993916911516695,,,0.6431291223437058
7251,1001,13,5,0.55,0.2,1000,restricted_70,aggregation,0.6988391979647195,,,0.6424047161480497
7252,1001,13,5,0.55,0.2,1000,restricted_70,aggregation,0.698180084800381,,,0.6421161507165675
7253,1001,13,5,0.55,0.2,1000,restricted_70,aggregation,0.6975550546912215,,,0.6415892860842862
7254,1001,13,5,0.55,0.2,1000,restricted_70,aggregation,0.6992337763263131,,,0.642746918621502
7255,1001,13,5,0.55,0.2,1000,restricted_70,aggregation,0.69799940662838,,,0.6423870540570542
7256,1001,13,5,0.55,0.2,1000,restricted_70,aggregation,0.698916560151808,,,0.6430698337233756
7257,1001,13,5,0.55,0.2,1000,restricted_70,aggregation,0.6984344427404761,,,0.6424320136576389
7258,1001,13,5,0.55,0.2,1000,restricted_70,aggregation,0.6986105802948673,,,0.642454528850779
7259,1001,13,5,0.55,0.2,1000,restricted_70,aggregation,0.6983015404583811,,,0.6426106249306252
7260,1001,13,5,0.55,0.2,1000,restricted_70,aggregation,0.6987153739798326,,,0.6425009693624278
7261,1001,13,5,0.55,0.2,1000,restricted_70,aggregation,0.6984675389759828,,,0.6419887618554285
7262,1001,13,5,0.55,0.2,1000,restricted_70,aggregation,0.6980017170476156,,,0.6423583270047855
7263,1001,13,5,0.55,0.2,1000,restricted_70,aggregation,0.6982580307202149,,,0.6418515295121546
7264,1001,13,5,0.55,0.2,1000,restricted_70,aggregation,0.6976805311391615,,,0.6414789579093747
7265,1001,13,5,0.55,0.2,1000,restricted_70,aggregation,0.6988497164725282,,,0.6431622136659638
7266,1001,13,5,0.55,0.2,1000,restricted_70,aggregation,0.6978235428882955,,,0.641683813532147
7267,1001,13,5,0.55,0.2,1000,restricted_70,aggregation,0.6979688587535922,,,0.6417053069075987
7268,1001,13,5,0.55,0.2,1000,restricted_70,aggregation,0.6992451388493187,,,0.6429138918411836
7269,1001,13,5,0.55,0.2,1000,restricted_70,aggregation,0.6981415146401098,,,0.642151218511427
7270,1001,13,5,0.55,0.2,1000,restricted_70,aggregation,0.698042438667739,,,0.6422789493222828
7271,1001,13,5,0.55,0.2,1000,restricted_70,aggregation,0.6989943882304908,,,0.6423705628938964
7272,1001,13,5,0.55,0.2,1000,restricted_70,aggregation,0.6982949059029222,,,0.641961848437057
7273,1001,13,5,0.55,0.2,1000,restricted_70,aggregation,0.6984752897244267,,,0.6423156825350576
7274,1001,13,5,0.55,0.2,1000,restricted_70,aggregation,0.6974493760362201,,,0.6412217528227946
7275,1001,13,5,0.55,0.2,1000,restricted_70,aggregation,0.6983764387661151,,,0.6420545223218141
7276,1001,13,5,0.55,0.2,1000,restricted_70,aggregation,0.6982788605224696,,,0.6420646654117489
7277,1001,13,5,0.55,0.2,1000,restricted_70,aggregation,0.6979385209876382,,,0.641640702769453
7278,1001,13,5,0.55,0.2,1000,restricted_70,aggregation,0.6981846227973283,,,0.6422271537875706
7279,1001,13,5,0.55,0.2,1000,restricted_70,aggregation,0.699481006932881,,,0.643051986832612
7280,1001,13,5,0.55,0.2,1000,restricted_70,aggregation,0.6992852987449961,,,0.6431516246870415
7281,1001,13,5,0.55,0.2,1000,restricted_70,aggregation,0.6990832023654684,,,0.6430625297927383
7282,1001,13,5,0.55,0.2,1000,restricted_70,aggregation,0.6984710231105795,,,0.6421932592793009
7283,1001,13,5,0.55,0.2,1000,restricted_70,aggregation,0.6978001286501767,,,0.6412323476600562
7284,1001,13,5,0.55,0.2,1000,restricted_70,aggregation,0.6973598636903637,,,0.6412752258235592
7285,1001,13,5,0.55,0.2,1000,restricted_70,aggregation,0.6980058866102334,,,0.6416635841781676
7286,1001,13,5,0.55,0.2,1000,restricted_70,aggregation,0.6991440420361527,,,0.6427242677384345
7287,1001,13,5,0.55,0.2,1000,restricted_70,aggregation,0.6970743970074255,,,0.6413003932718517
7288,1001,13,5,0.55,0.2,1000,restricted_70,aggregation,0.6981964930740953,,,0.6412169288967207
7289,1001,13,5,0.55,0.2,1000,restricted_70,aggregation,0.6974263136985558,,,0.6412647957829208
7290,1001,13,5,0.55,0.2,1000,restricted_70,aggregation,0.6992300172913873,,,0.642989153292695
7291,1001,13,5,0.55,0.2,1000,restricted_70,aggregation,0.6981057918469432,,,0.6417853840912175
7292,1001,13,5,0.55,0.2,1000,restricted_70,aggregation,0.6981038867406298,,,0.6419030535359702
7293,1001,13,5,0.55,0.2,1000,restricted_70,aggregation,0.6983158083579345,,,0.6419947873731209
7294,1001,13,5,0.55,0.2,1000,restricted_70,aggregation,0.6974903657147317,,,0.641453335291252
7295,1001,13,5,0.55,0.2,1000,restricted_70,aggregation,0.6979338393833824,,,0.6414588604065689
7296,1001,13,5,0.55,0.2,1000,restricted_70,aggregation,0.6984872882229161,,,0.6422404475616976
7297,1001,13,5,0.55,0.2,1000,restricted_70,aggregation,0.6989389151205088,,,0.6428236742732578
7298,1001,13,5,0.55,0.2,1000,restricted_70,aggregation,0.6988007733275733,,,0.6433362255260173
7299,1001,13,5,0.55,0.2,1000,restricted_70,aggregation,0.6976905713807335,,,0.6419990130394299
7300,1001,13,5,0.55,0.2,1000,restricted_70,aggregation,0.6982061945323507,,,0.642470774379941
7301,1001,13,5,0.55,0.2,1000,restricted_70,aggregation,0.6979359073710308,,,0.6422085026547527
7302,1001,13,5,0.55,0.2,1000,restricted_70,aggregation,0.6983824069991351,,,0.6424534923024507
7303,1001,13,5,0.55,0.2,1000,restricted_70,aggregation,0.6987373345807245,,,0.6424810861283778
7304,1001,13,5,0.55,0.2,1000,restricted_70,aggregation,0.6988135095321427,,,0.6428240167702668
7305,1001,13,5,0.55,0.2,1000,restricted_70,aggregation,0.698348504953343,,,0.6415652755809007
7306,1001,13,5,0.55,0.2,1000,restricted_70,aggregation,0.699172277693511,,,0.6426341532310283
7307,1001,13,5,0.55,0.2,1000,restricted_70,aggregation,0.6989221888519532,,,0.6426921009237677
7308,1001,13,5,0.55,0.2,1000,restricted_70,aggregation,0.698094073650899,,,0.6420538718842886
7309,1001,13,5,0.55,0.2,1000,restricted_70,aggregation,0.6979565015452032,,,0.6420602789879875
7310,1001,13,5,0.55,0.2,1000,restricted_70,aggregation,0.6988249965584211,,,0.6425758375420877
7311,1001,13,5,0.55,0.2,1000,restricted_70,aggregation,0.6984556000419024,,,0.6422397589370508
7312,1001,13,5,0.55,0.2,1000,restricted_70,aggregation,0.6978949717963274,,,0.6416353760668345
7313,1001,13,5,0.55,0.2,1000,restricted_70,aggregation,0.6982912287871493,,,0.6418970815989566
7314,1001,13,5,0.55,0.2,1000,restricted_70,aggregation,0.6985023581713857,,,0.6422620262993182
7315,1001,13,5,0.55,0.2,1000,restricted_70,aggregation,0.6990473883842148,,,0.6432853975114393
7316,1001,13,5,0.55,0.2,1000,restricted_70,aggregation,0.697613107221245,,,0.6410713411434246
7317,1001,13,5,0.55,0.2,1000,restricted_70,aggregation,0.6978070628649863,,,0.6419743990191907
7318,1001,13,5,0.55,0.2,1000,restricted_70,aggregation,0.6979014678353301,,,0.641572958846709
7319,1001,13,5,0.55,0.2,1000,restricted_70,aggregation,0.6986868895463747,,,0.6423252177298012
7320,1001,13,5,0.55,0.2,1000,restricted_70,aggregation,0.6986639208025648,,,0.6425929036395704
7321,1001,13,5,0.55,0.2,1000,restricted_70,aggregation,0.6986892779437144,,,0.6427239057007809
7322,1001,13,5,0.55,0.2,1000,restricted_70,aggregation,0.6988514702955905,,,0.6425408426912594
7323,1001,13,5,0.55,0.2,1000,restricted_70,aggregation,0.6982624457059348,,,0.6422465508411344
7324,1001,13,5,0.55,0.2,1000,restricted_70,aggregation,0.6986326997488076,,,0.6423038927738929
7325,1001,13,5,0.55,0.2,1000,restricted_70,aggregation,0.6980392804562476,,,0.6422376393128478
7326,1001,13,5,0.55,0.2,1000,restricted_70,aggregation,0.698382314288537,,,0.6421436647534565
7327,1001,13,5,0.55,0.2,1000,restricted_70,aggregation,0.6987146202785759,,,0.6423238717994969
7328,1001,13,5,0.55,0.2,1000,restricted_70,aggregation,0.6982758792736857,,,0.6415080515240933
7329,1001,13,5,0.55,0.2,1000,restricted_70,aggregation,0.6985552927480437,,,0.642739415838791
7330,1001,13,5,0.55,0.2,1000,restricted_70,aggregation,0.6987634995382328,,,0.642581432602891
7331,1001,13,5,0.55,0.2,1000,restricted_70,aggregation,0.6982603189365271,,,0.6424253122648957
7332,1001,13,5,0.55,0.2,1000,restricted_70,aggregation,0.6990001376753825,,,0.6427540833857502
7333,1001,13,5,0.55,0.2,1000,restricted_70,aggregation,0.6978122987665065,,,0.6415895520837189
7334,1001,13,5,0.55,0.2,1000,restricted_70,aggregation,0.6978416220357271,,,0.6412062032643283
7335,1001,13,5,0.55,0.2,1000,restricted_70,aggregation,0.6990217798623798,,,0.6432571160244079
7336,1001,13,5,0.55,0.2,1000,restricted_70,aggregation,0.6985692066754573,,,0.6427998639015308
7337,1001,13,5,0.55,0.2,1000,restricted_70,aggregation,0.6991017378865015,,,0.6429080612520197
7338,1001,13,5,0.55,0.2,1000,restricted_70,aggregation,0.6977030371512989,,,0.6414341390091391
7339,1001,13,5,0.55,0.2,1000,restricted_70,aggregation,0.6977967919418103,,,0.6415283272899942
7340,1001,13,5,0.55,0.2,1000,restricted_70,aggregation,0.6984993466002685,,,0.6421323794646713
7341,1001,13,5,0.55,0.2,1000,restricted_70,aggregation,0.697988388792757,,,0.6415228001628003
7342,1001,13,5,0.55,0.2,1000,restricted_70,aggregation,0.6999097862407824,,,0.6436729699621369
7343,1001,13,5,0.55,0.2,1000,restricted_70,aggregation,0.6979632164819741,,,0.6417451637251639
7344,1001,13,5,0.55,0.2,1000,restricted_70,aggregation,0.6987909508967601,,,0.6430823301621219
7345,1001,13,5,0.55,0.2,1000,restricted_70,aggregation,0.6987236234358597,,,0.6429124467816136
7346,1001,13,5,0.55,0.2,1000,restricted_70,aggregation,0.6979029352186186,,,0.6420942774586526
7347,1001,13,5,0.55,0.2,1000,restricted_70,aggregation,0.6989544299264053,,,0.6423573426496345
7348,1001,13,5,0.55,0.2,1000,restricted_70,aggregation,0.699469179704294,,,0.6434399621982957
7349,1001,13,5,0.55,0.2,1000,restricted_70,aggregation,0.6985988301208907,,,0.6420363193981945
7350,1001,13,5,0.55,0.2,1000,restricted_70,aggregation,0.6982009556579475,,,0.6417735106251773
7351,1001,13,5,0.55,0.2,1000,restricted_70,aggregation,0.6995467766877669,,,0.6434649526245362
7352,1001,13,5,0.55,0.2,1000,restricted_70,aggregation,0.6984525747533575,,,0.6420471413848498
7353,1001,13,5,0.55,0.2,1000,restricted_70,aggregation,0.6976381687284466,,,0.6412675719959054
7354,1001,13,5,0.55,0.2,1000,restricted_70,aggregation,0.6986822816448662,,,0.6423250598629766
7355,1001,13,5,0.55,0.2,1000,restricted_70,aggregation,0.6986779652884259,,,0.6419839174482926
7356,1001,13,5,0.55,0.2,1000,restricted_70,aggregation,0.6980722150574394,,,0.6416167211954714
7357,1001,13,5,0.55,0.2,1000,restricted_70,aggregation,0.6993487815154111,,,0.643562104616063
7358,1001,13,5,0.55,0.2,1000,restricted_70,aggregation,0.6985398333393277,,,0.6420747109063777
7359,1001,13,5,0.55,0.2,1000,restricted_70,aggregation,0.6985263316863833,,,0.6421886369648871
7360,1001,13,5,0.55,0.2,1000,restricted_70,aggregation,0.6983650721672564,,,0.6420560466616717
7361,1001,13,5,0.55,0.2,1000,restricted_70,aggregation,0.6998453292360463,,,0.6433722148761734
7362,1001,13,5,0.55,0.2,1000,restricted_70,aggregation,0.6978718618002947,,,0.6416923094189761
7363,1001,13,5,0.55,0.2,1000,restricted_70,aggregation,0.6986703012465452,,,0.6420805579065997
7364,1001,13,5,0.55,0.2,1000,restricted_70,aggregation,0.6981303313119339,,,0.6421612103020437
7365,1001,13,5,0.55,0.2,1000,restricted_70,aggregation,0.6975045180507595,,,0.6412566861841864
7366,1001,13,5,0.55,0.2,1000,restricted_70,aggregation,0.6989728628195965,,,0.6427557315832317
7367,1001,13,5,0.55,0.2,1000,restricted_70,aggregation,0.6981042150738616,,,0.6421569583965419
7368,1001,13,5,0.55,0.2,1000,restricted_70,aggregation,0.6979324239413411,,,0.6418799758420594
7369,1001,13,5,0.55,0.2,1000,restricted_70,aggregation,0.6979402968160241,,,0.6416067560217561
7370,1001,13,5,0.55,0.2,1000,restricted_70,aggregation,0.6986062437234254,,,0.6427690183273518
7371,1001,13,5,0.55,0.2,1000,restricted_70,aggregation,0.698121121088456,,,0.6419684220023804
7372,1001,13,5,0.55,0.2,1000,restricted_70,aggregation,0.6993856744657666,,,0.6435010407416659
7373,1001,13,5,0.55,0.2,1000,restricted_70,aggregation,0.699053666243186,,,0.6427409941447443
7374,1001,13,5,0.55,0.2,1000,restricted_70,aggregation,0.6984442208496473,,,0.6423728279899115
7375,1001,13,5,0.55,0.2,1000,restricted_70,aggregation,0.6984136220483269,,,0.641998298561007
7376,1001,13,5,0.55,0.2,1000,restricted_70,aggregation,0.6984582860416729,,,0.6423166525449859
7377,1001,13,5,0.55,0.2,1000,restricted_70,aggregation,0.698639697797315,,,0.6422041524370692
7378,1001,13,5,0.55,0.2,1000,restricted_70,aggregation,0.6986100232245228,,,0.6424404668633836
7379,1001,13,5,0.55,0.2,1000,restricted_70,aggregation,0.6993819958047981,,,0.6430034012592347
7380,1001,13,5,0.55,0.2,1000,restricted_70,aggregation,0.6978521305149669,,,0.6421575537579706
7381,1001,13,5,0.55,0.2,1000,restricted_70,aggregation,0.6994657183979075,,,0.64330360154506
7382,1001,13,5,0.55,0.2,1000,restricted_70,aggregation,0.6988754250455729,,,0.6424391378374713
7383,1001,13,5,0.55,0.2,1000,restricted_70,aggregation,0.6984236669885646,,,0.642013234234901
7384,1001,13,5,0.55,0.2,1000,restricted_70,aggregation,0.698620111434025,,,0.6429352894404978
7385,1001,13,5,0.55,0.2,1000,restricted_70,aggregation,0.6980512461232918,,,0.6418276556314058
7386,1001,13,5,0.55,0.2,1000,restricted_70,aggregation,0.6985906453538655,,,0.6422018608089443
7387,1001,13,5,0.55,0.2,1000,restricted_70,aggregation,0.6985001052368216,,,0.6424839973606641
7388,1001,13,5,0.55,0.2,1000,restricted_70,aggregation,0.6991205251664019,,,0.6433529709873461
7389,1001,13,5,0.55,0.2,1000,restricted_70,aggregation,0.6980532717029886,,,0.6419955424667925
7390,1001,13,5,0.55,0.2,1000,restricted_70,aggregation,0.698990189245866,,,0.6425779053122805
7391,1001,13,5,0.55,0.2,1000,restricted_70,aggregation,0.6975507379521358,,,0.6415723684340352
7392,1001,13,5,0.55,0.2,1000,restricted_70,aggregation,0.697711390170685,,,0.6413831440396025
7393,1001,13,5,0.55,0.2,1000,restricted_70,aggregation,0.6984050150978425,,,0.6422255183859351
7394,1001,13,5,0.55,0.2,1000,restricted_70,aggregation,0.6973413479748699,,,0.6416530531120117
7395,1001,13,5,0.55,0.2,1000,restricted_70,aggregation,0.6986471008105227,,,0.6422335549481385
7396,1001,13,5,0.55,0.2,1000,restricted_70,aggregation,0.6992894744652602,,,0.6425568080145164
7397,1001,13,5,0.55,0.2,1000,restricted_70,aggregation,0.6990560633927994,,,0.6429648283892034
7398,1001,13,5,0.55,0.2,1000,restricted_70,aggregation,0.6982897852017025,,,0.6423392014544099
7399,1001,13,5,0.55,0.2,1000,restricted_70,aggregation,0.6982580887875168,,,0.6422572323047324
7400,1001,13,5,0.55,0.2,1000,restricted_70,aggregation,0.6990741287754119,,,0.6432635015601683
7401,1001,13,5,0.55,0.2,1000,restricted_70,aggregation,0.6988304847305878,,,0.6427240579019747
7402,1001,13,5,0.55,0.2,1000,restricted_70,aggregation,0.6978358134452547,,,0.6419558793058794
7403,1001,13,5,0.55,0.2,1000,restricted_70,aggregation,0.6986578699330968,,,0.6426017650559319
7404,1001,13,5,0.55,0.2,1000,restricted_70,aggregation,0.6992278070477358,,,0.6427337042972461
7405,1001,13,5,0.55,0.2,1000,restricted_70,aggregation,0.6987991932113846,,,0.6423968592904011
7406,1001,13,5,0.55,0.2,1000,restricted_70,aggregation,0.6983769703174464,,,0.6429558948690199
7407,1001,13,5,0.55,0.2,1000,restricted_70,aggregation,0.6991484029874112,,,0.6429286621094956
7408,1001,13,5,0.55,0.2,1000,restricted_70,aggregation,0.6983794578833556,,,0.6421408964954798
7409,1001,13,5,0.55,0.2,1000,restricted_70,aggregation,0.6979219219231814,,,0.6419769782686451
7410,1001,13,5,0.55,0.2,1000,restricted_70,aggregation,0.6980709238638245,,,0.641418147508356
7411,1001,13,5,0.55,0.2,1000,restricted_70,aggregation,0.697334103184042,,,0.6412262108185026
7412,1001,13,5,0.55,0.2,1000,restricted_70,aggregation,0.6977064735269108,,,0.6412535482881317
7413,1001,13,5,0.55,0.2,1000,restricted_70,aggregation,0.6981832190560476,,,0.6424526765518433
7414,1001,13,5,0.55,0.2,1000,restricted_70,aggregation,0.6983669673563119,,,0.6416600014800016
7415,1001,13,5,0.55,0.2,1000,restricted_70,aggregation,0.6984332193205645,,,0.6422597132959635
7416,1001,13,5,0.55,0.2,1000,restricted_70,aggregation,0.698135113394179,,,0.6418693577178995
7417,1001,13,5,0.55,0.2,1000,restricted_70,aggregation,0.6995487204607582,,,0.6434693959127293
7418,1001,13,5,0.55,0.2,1000,restricted_70,aggregation,0.6990559138194626,,,0.6428150004779172
7419,1001,13,5,0.55,0.2,1000,restricted_70,aggregation,0.6983167764960132,,,0.6419477041014542
7420,1001,13,5,0.55,0.2,1000,restricted_70,aggregation,0.6986120973418497,,,0.6422202767525684
7421,1001,13,5,0.55,0.2,1000,restricted_70,aggregation,0.697989126258741,,,0.6420412867842035
7422,1001,13,5,0.55,0.2,1000,restricted_70,aggregation,0.6986127990008453,,,0.6422794506111175
7423,1001,13,5,0.55,0.2,1000,restricted_70,aggregation,0.6981974339467046,,,0.6421543848127182
7424,1001,13,5,0.55,0.2,1000,restricted_70,aggregation,0.6984802745736095,,,0.6426945762570763
7425,1001,13,5,0.55,0.2,1000,restricted_70,aggregation,0.6984586857552157,,,0.6420216963437798
7426,1001,13,5,0.55,0.2,1000,restricted_70,aggregation,0.6980797542932073,,,0.6417239216647551
7427,1001,13,5,0.55,0.2,1000,restricted_70,aggregation,0.6977326117075572,,,0.6415853909053911
7428,1001,13,5,0.55,0.2,1000,restricted_70,aggregation,0.6982044635390149,,,0.6421034633961719
7429,1001,13,5,0.55,0.2,1000,restricted_70,aggregation,0.6985444418789166,,,0.642492431195348
7430,1001,13,5,0.55,0.2,1000,restricted_70,aggregation,0.6985820222573933,,,0.6419983515327267
7431,1001,13,5,0.55,0.2,1000,restricted_70,aggregation,0.698450810923939,,,0.642098198475907
7432,1001,13,5,0.55,0.2,1000,restricted_70,aggregation,0.6988007792166632,,,0.6426891437112272
7433,1001,13,5,0.55,0.2,1000,restricted_70,aggregation,0.6988004606745022,,,0.6426712993873411
7434,1001,13,5,0.55,0.2,1000,restricted_70,aggregation,0.7001039544785548,,,0.6440550635398553
7435,1001,13,5,0.55,0.2,1000,restricted_70,aggregation,0.69868552543178,,,0.6422292480127898
7436,1001,13,5,0.55,0.2,1000,restricted_70,aggregation,0.698562795235394,,,0.6421162441339526
7437,1001,13,5,0.55,0.2,1000,restricted_70,aggregation,0.6991317498840305,,,0.6427157907524575
7438,1001,13,5,0.55,0.2,1000,restricted_70,aggregation,0.6983215940074028,,,0.6421906251695836
7439,1001,13,5,0.55,0.2,1000,restricted_70,aggregation,0.6978350203645252,,,0.6413660225885228
7440,1001,13,5,0.55,0.2,1000,restricted_70,aggregation,0.6990928805196361,,,0.6423041923662759
7441,1001,13,5,0.55,0.2,1000,restricted_70,aggregation,0.6973519820364427,,,0.6408788135475636
7442,1001,13,5,0.55,0.2,1000,restricted_70,aggregation,0.6986807965132547,,,0.6426038325177911
7443,1001,13,5,0.55,0.2,1000,restricted_70,aggregation,0.6981016070868178,,,0.642349079585538
7444,1001,13,5,0.55,0.2,1000,restricted_70,aggregation,0.6983495424210204,,,0.6419036208390376
7445,1001,13,5,0.55,0.2,1000,restricted_70,aggregation,0.6996592558675502,,,0.6435803559018143
7446,1001,13,5,0.55,0.2,1000,restricted_70,aggregation,0.6983229899173643,,,0.6423607537755456
7447,1001,13,5,0.55,0.2,1000,restricted_70,aggregation,0.6989823444770253,,,0.6424491854596023
7448,1001,13,5,0.55,0.2,1000,restricted_70,aggregation,0.6982445066492693,,,0.6420551216684552
7449,1001,13,5,0.55,0.2,1000,restricted_70,aggregation,0.698291167572329,,,0.6423930210915629
7450,1001,13,5,0.55,0.2,1000,restricted_70,aggregation,0.6975235514379164,,,0.6416160281076949
7451,1001,13,5,0.55,0.2,1000,restricted_70,aggregation,0.6985436995417657,,,0.6425477264556432
7452,1001,13,5,0.55,0.2,1000,restricted_70,aggregation,0.6983593845854617,,,0.6421236433242685
7453,1001,13,5,0.55,0.2,1000,restricted_70,aggregation,0.6986012554620604,,,0.64216546320963
7454,1001,13,5,0.55,0.2,1000,restricted_70,aggregation,0.6977149227498662,,,0.6411818361730863
7455,1001,13,5,0.55,0.2,1000,restricted_70,aggregation,0.6987612458610063,,,0.6426780609436861
7456,1001,13,5,0.55,0.2,1000,restricted_70,aggregation,0.697302231844383,,,0.6412480465599216
7457,1001,13,5,0.55,0.2,1000,restricted_70,aggregation,0.6982293956410243,,,0.6417603279051197
7458,1001,13,5,0.55,0.2,1000,restricted_70,aggregation,0.698941306852973,,,0.6425034109871611
7459,1001,13,5,0.55,0.2,1000,restricted_70,aggregation,0.6986177294705186,,,0.6419887367647785
7460,1001,13,5,0.55,0.2,1000,restricted_70,aggregation,0.698710937613794,,,0.6428508905215157
7461,1001,13,5,0.55,0.2,1000,restricted_70,aggregation,0.6995802472502611,,,0.6432756903127738
7462,1001,13,5,0.55,0.2,1000,restricted_70,aggregation,0.6976266009222787,,,0.6418530850785019
7463,1001,13,5,0.55,0.2,1000,restricted_70,aggregation,0.6978160620319144,,,0.6420675248979417
7464,1001,13,5,0.55,0.2,1000,restricted_70,aggregation,0.6990948127660589,,,0.6425407385592803
7465,1001,13,5,0.55,0.2,1000,restricted_70,aggregation,0.6980294933133357,,,0.6419149664147582
7466,1001,13,5,0.55,0.2,1000,restricted_70,aggregation,0.6981547482176439,,,0.6422469209185878
7467,1001,13,5,0.55,0.2,1000,restricted_70,aggregation,0.6981677445413207,,,0.6419355415340834
7468,1001,13,5,0.55,0.2,1000,restricted_70,aggregation,0.6974386164786491,,,0.6415619186908772
7469,1001,13,5,0.55,0.2,1000,restricted_70,aggregation,0.6982467031447434,,,0.6421420670918588
7470,1001,13,5,0.55,0.2,1000,restricted_70,aggregation,0.6982148579495004,,,0.6418195947262615
7471,1001,13,5,0.55,0.2,1000,restricted_70,aggregation,0.6985660393978022,,,0.6427123071295989
7472,1001,13,5,0.55,0.2,1000,restricted_70,aggregation,0.698819570715588,,,0.642041508637967
7473,1001,13,5,0.55,0.2,1000,restricted_70,aggregation,0.69770258131504,,,0.641213769455853
7474,1001,13,5,0.55,0.2,1000,restricted_70,aggregation,0.6978013466221015,,,0.6414563435561352
7475,1001,13,5,0.55,0.2,1000,restricted_70,aggregation,0.6988714860862438,,,0.6429101204197039
7476,1001,13,5,0.55,0.2,1000,restricted_70,aggregation,0.698563020030063,,,0.6423977414329499
7477,1001,13,5,0.55,0.2,1000,restricted_70,aggregation,0.6975465662667543,,,0.641547429137221
7478,1001,13,5,0.55,0.2,1000,restricted_70,aggregation,0.6986879359038212,,,0.642312164486748
7479,1001,13,5,0.55,0.2,1000,restricted_70,aggregation,0.698427664892594,,,0.642060307524266
7480,1001,13,5,0.55,0.2,1000,restricted_70,aggregation,0.6984579125840275,,,0.6419384301886386
7481,1001,13,5,0.55,0.2,1000,restricted_70,aggregation,0.698838428765697,,,0.6419370523458025
7482,1001,13,5,0.55,0.2,1000,restricted_70,aggregation,0.6978458209424454,,,0.6417278994231078
7483,1001,13,5,0.55,0.2,1000,restricted_70,aggregation,0.6981680153982851,,,0.6420946301075469
7484,1001,13,5,0.55,0.2,1000,restricted_70,aggregation,0.6991608602238957,,,0.6429279243904246
7485,1001,13,5,0.55,0.2,1000,restricted_70,aggregation,0.6990969876961879,,,0.6434267840955342
7486,1001,13,5,0.55,0.2,1000,restricted_70,aggregation,0.6990056611872199,,,0.6429642753388588
7487,1001,13,5,0.55,0.2,1000,restricted_70,aggregation,0.6976480578768561,,,0.6416981884088135
7488,1001,13,5,0.55,0.2,1000,restricted_70,aggregation,0.698400170178969,,,0.6425486765240934
7489,1001,13,5,0.55,0.2,1000,restricted_70,aggregation,0.6981294477685154,,,0.642175018415227
7490,1001,13,5,0.55,0.2,1000,restricted_70,aggregation,0.6980792324598667,,,0.6415554961165378
7491,1001,13,5,0.55,0.2,1000,restricted_70,aggregation,0.6981974326117136,,,0.6416738722697056
7492,1001,13,5,0.55,0.2,1000,restricted_70,aggregation,0.697787545728735,,,0.6418734116115367
7493,1001,13,5,0.55,0.2,1000,restricted_70,aggregation,0.6984139543619159,,,0.6423443916577252
7494,1001,13,5,0.55,0.2,1000,restricted_70,aggregation,0.6977839914029713,,,0.6413325664381916
7495,1001,13,5,0.55,0.2,1000,restricted_70,aggregation,0.698352619898735,,,0.6424447116617951
7496,1001,13,5,0.55,0.2,1000,restricted_70,aggregation,0.6978639578103389,,,0.6417131123891542
7497,1001,13,5,0.55,0.2,1000,restricted_70,aggregation,0.6983490764246564,,,0.642144595258137
7498,1001,13,5,0.55,0.2,1000,restricted_70,aggregation,0.6982906776403304,,,0.6421214699652201
7499,1001,13,5,0.55,0.2,1000,restricted_70,aggregation,0.6985187862504522,,,0.6422770351253686
7500,1001,13,5,0.55,0.2,1000,restricted_70,aggregation,0.6981078475843949,,,0.6424365584492668
7501,1001,13,5,0.55,0.2,1000,restricted_70,aggregation,0.6986781118256455,,,0.642643706756207
7502,1001,13,5,0.55,0.2,1000,restricted_70,aggregation,0.6995210593220987,,,0.6435597789479041
7503,1001,13,5,0.55,0.2,1000,restricted_70,aggregation,0.6995458526782606,,,0.643315640910016
7504,1001,13,5,0.55,0.2,1000,restricted_70,aggregation,0.6981253009951363,,,0.6420796561617397
7505,1001,13,5,0.55,0.2,1000,restricted_70,aggregation,0.6986483072382387,,,0.6424369476125728
7506,1001,13,5,0.55,0.2,1000,restricted_70,aggregation,0.6986184873768793,,,0.6425698024275108
7507,1001,13,5,0.55,0.2,1000,restricted_70,aggregation,0.6980017838258159,,,0.6419376333311752
7508,1001,13,5,0.55,0.2,1000,restricted_70,aggregation,0.6987702255485649,,,0.6423642198310949
7509,1001,13,5,0.55,0.2,1000,restricted_70,aggregation,0.6971350214999514,,,0.6407623445150529
7510,1001,13,5,0.55,0.2,1000,restricted_70,aggregation,0.6988622277464975,,,0.6426773594152763
7511,1001,13,5,0.55,0.2,1000,restricted_70,aggregation,0.6991788952354394,,,0.6427822709389378
7512,1001,13,5,0.55,0.2,1000,restricted_70,aggregation,0.6983559311380916,,,0.6426230943130944
7513,1001,13,5,0.55,0.2,1000,restricted_70,aggregation,0.6983745379443715,,,0.6422895138811806
7514,1001,13,5,0.55,0.2,1000,restricted_70,aggregation,0.6975893448425612,,,0.6414914774423109
7515,1001,13,5,0.55,0.2,1000,restricted_70,aggregation,0.6992496944589716,,,0.6430448732132067
7516,1001,13,5,0.55,0.2,1000,restricted_70,aggregation,0.6975759348420401,,,0.641311334622168
7517,1001,13,5,0.55,0.2,1000,restricted_70,aggregation,0.6980163605655515,,,0.6412717694342696
7518,1001,13,5,0.55,0.2,1000,restricted_70,aggregation,0.6979632332486662,,,0.641706655188947
7519,1001,13,5,0.55,0.2,1000,restricted_70,aggregation,0.6982248009267177,,,0.642243304596638
7520,1001,13,5,0.55,0.2,1000,restricted_70,aggregation,0.698135543973315,,,0.6413113426619678
7521,1001,13,5,0.55,0.2,1000,restricted_70,aggregation,0.6990265753294307,,,0.6430669829167748
7522,1001,13,5,0.55,0.2,1000,restricted_70,aggregation,0.6979306464113297,,,0.6412887604987606
7523,1001,13,5,0.55,0.2,1000,restricted_70,aggregation,0.6985443933517058,,,0.6420294385861053
7524,1001,13,5,0.55,0.2,1000,restricted_70,aggregation,0.6984834894442079,,,0.6420847127024211
7525,1001,13,5,0.55,0.2,1000,restricted_70,aggregation,0.6989489239070228,,,0.6427616340218424
7526,1001,13,5,0.55,0.2,1000,restricted_70,aggregation,0.6979410475571145,,,0.6414944462636132
7527,1001,13,5,0.55,0.2,1000,restricted_70,aggregation,0.6977746800086209,,,0.6423589457995709
7528,1001,13,5,0.55,0.2,1000,restricted_70,aggregation,0.6989171279122011,,,0.6421197618893454
7529,1001,13,5,0.55,0.2,1000,restricted_70,aggregation,0.6977016159650309,,,0.6417642975465894
7530,1001,13,5,0.55,0.2,1000,restricted_70,aggregation,0.698132442163823,,,0.6422297024194942
7531,1001,13,5,0.55,0.2,1000,restricted_70,aggregation,0.6980809188307225,,,0.6421247859779111
7532,1001,13,5,0.55,0.2,1000,restricted_70,aggregation,0.6983614561455012,,,0.6422010151422654
7533,1001,13,5,0.55,0.2,1000,restricted_70,aggregation,0.6987329352603351,,,0.6425596590138258
7534,1001,13,5,0.55,0.2,1000,restricted_70,aggregation,0.6984561276772153,,,0.6419057873530791
7535,1001,13,5,0.55,0.2,1000,restricted_70,aggregation,0.6974775070399828,,,0.6412832115184199
7536,1001,13,5,0.55,0.2,1000,restricted_70,aggregation,0.6990980496242039,,,0.6423583657237826
7537,1001,13,5,0.55,0.2,1000,restricted_70,aggregation,0.698131667134812,,,0.6417529448714866
7538,1001,13,5,0.55,0.2,1000,restricted_70,aggregation,0.6989551477603186,,,0.6429177173598009
7539,1001,13,5,0.55,0.2,1000,restricted_70,aggregation,0.6988172974423662,,,0.6429518727106229
7540,1001,13,5,0.55,0.2,1000,restricted_70,aggregation,0.6987266211211267,,,0.6427781204366623
7541,1001,13,5,0.55,0.2,1000,restricted_70,aggregation,0.6975450090030298,,,0.6414844946874115
7542,1001,13,5,0.55,0.2,1000,restricted_70,aggregation,0.6980273371752596,,,0.6417415736501154
7543,1001,13,5,0.55,0.2,1000,restricted_70,aggregation,0.6972444079680443,,,0.6414877071847906
7544,1001,13,5,0.55,0.2,1000,restricted_70,aggregation,0.6991270277355236,,,0.6431036797538883
7545,1001,13,5,0.55,0.2,1000,restricted_70,aggregation,0.6992602862170774,,,0.643327298881674
7546,1001,13,5,0.55,0.2,1000,restricted_70,aggregation,0.6980061208867792,,,0.6416083675352428
7547,1001,13,5,0.55,0.2,1000,restricted_70,aggregation,0.6978404839265155,,,0.6415035043891295
7548,1001,13,5,0.55,0.2,1000,restricted_70,aggregation,0.6988902999200989,,,0.6429738025092193
7549,1001,13,5,0.55,0.2,1000,restricted_70,aggregation,0.6981212925639618,,,0.6418844552746638
7550,1001,13,5,0.55,0.2,1000,restricted_70,aggregation,0.6985479318840174,,,0.6419384991551659
7551,1001,13,5,0.55,0.2,1000,restricted_70,aggregation,0.6989711107490226,,,0.6426630074246742
7552,1001,13,5,0.55,0.2,1000,restricted_70,aggregation,0.6971719091992212,,,0.6411282430917848
7553,1001,13,5,0.55,0.2,1000,restricted_70,aggregation,0.6970147266694245,,,0.641054193792319
7554,1001,13,5,0.55,0.2,1000,restricted_70,aggregation,0.6990670870835728,,,0.6426321162633664
7555,1001,13,5,0.55,0.2,1000,restricted_70,aggregation,0.699524447301836,,,0.6435735816035818
7556,1001,13,5,0.55,0.2,1000,restricted_70,aggregation,0.6982288356989365,,,0.6419944505494508
7557,1001,13,5,0.55,0.2,1000,restricted_70,aggregation,0.698438044127791,,,0.6425777919225837
7558,1001,13,5,0.55,0.2,1000,restricted_70,aggregation,0.6990733444854939,,,0.6426829669327587
7559,1001,13,5,0.55,0.2,1000,restricted_70,aggregation,0.6989253828296061,,,0.6426964606843774
7560,1001,13,5,0.55,0.2,1000,restricted_70,aggregation,0.6981830868355418,,,0.6420391283330867
7561,1001,13,5,0.55,0.2,1000,restricted_70,aggregation,0.6978144960401662,,,0.6417458107016442
7562,1001,13,5,0.55,0.2,1000,restricted_70,aggregation,0.6983422906417265,,,0.6418945492007994
7563,1001,13,5,0.55,0.2,1000,restricted_70,aggregation,0.6985901468622376,,,0.6424363960884796
7564,1001,13,5,0.55,0.2,1000,restricted_70,aggregation,0.6985083567164803,,,0.6424501492720244
7565,1001,13,5,0.55,0.2,1000,restricted_70,aggregation,0.6976055538737218,,,0.6415872599314267
7566,1001,13,5,0.55,0.2,1000,restricted_70,aggregation,0.6982146169487234,,,0.6419129552854553
7567,1001,13,5,0.55,0.2,1000,restricted_70,aggregation,0.6983393576321577,,,0.6414231101074852
7568,1001,13,5,0.55,0.2,1000,restricted_70,aggregation,0.6985687594723595,,,0.6423287033337035
7569,1001,13,5,0.55,0.2,1000,restricted_70,aggregation,0.6985558174858004,,,0.6421641399187235
7570,1001,13,5,0.55,0.2,1000,restricted_70,aggregation,0.6978095170478146,,,0.6421152764750683
7571,1001,13,5,0.55,0.2,1000,restricted_70,aggregation,0.6985793281196326,,,0.642851960570294
7572,1001,13,5,0.55,0.2,1000,restricted_70,aggregation,0.6983677117839548,,,0.6422215696417781
7573,1001,13,5,0.55,0.2,1000,restricted_70,aggregation,0.6982403861350853,,,0.6421049183301268
7574,1001,13,5,0.55,0.2,1000,restricted_70,aggregation,0.6984291725837687,,,0.6419717373675708
7575,1001,13,5,0.55,0.2,1000,restricted_70,aggregation,0.6982028633927763,,,0.6417447123786709
7576,1001,13,5,0.55,0.2,1000,restricted_70,aggregation,0.6987858038091813,,,0.642445019232311
7577,1001,13,5,0.55,0.2,1000,restricted_70,aggregation,0.6979885222485008,,,0.6415832633107634
7578,1001,13,5,0.55,0.2,1000,restricted_70,aggregation,0.6988380391538966,,,0.6428666562218647
7579,1001,13,5,0.55,0.2,1000,restricted_70,aggregation,0.6981925811505152,,,0.6424231776556777
7580,1001,13,5,0.55,0.2,1000,restricted_70,aggregation,0.6989457102526283,,,0.6424412064555816
7581,1001,13,5,0.55,0.2,1000,restricted_70,aggregation,0.698774142726572,,,0.6429017061487896
7582,1001,13,5,0.55,0.2,1000,restricted_70,aggregation,0.6986434440102905,,,0.6422211214325798
7583,1001,13,5,0.55,0.2,1000,restricted_70,aggregation,0.698900571075274,,,0.6429059610220028
7584,1001,13,5,0.55,0.2,1000,restricted_70,aggregation,0.69771822944191,,,0.6419297808056142
7585,1001,13,5,0.55,0.2,1000,restricted_70,aggregation,0.6978397269881499,,,0.641790865893366
7586,1001,13,5,0.55,0.2,1000,restricted_70,aggregation,0.6991223533056092,,,0.6433490241625659
7587,1001,13,5,0.55,0.2,1000,restricted_70,aggregation,0.6985912649087843,,,0.6418081706950458
7588,1001,13,5,0.55,0.2,1000,restricted_70,aggregation,0.6971749488197444,,,0.6411265042596294
7589,1001,13,5,0.55,0.2,1000,restricted_70,aggregation,0.6990558684449978,,,0.642991242245409
7590,1001,13,5,0.55,0.2,1000,restricted_70,aggregation,0.6986688557946071,,,0.6423785290404042
7591,1001,13,5,0.55,0.2,1000,restricted_70,aggregation,0.6987786062501417,,,0.6430108434158435
7592,1001,13,5,0.55,0.2,1000,restricted_70,aggregation,0.6989790400135508,,,0.6425941348620516
7593,1001,13,5,0.55,0.2,1000,restricted_70,aggregation,0.6978378139818748,,,0.6414378457345125
7594,1001,13,5,0.55,0.2,1000,restricted_70,aggregation,0.6981746945086378,,,0.6420997283503534
7595,1001,13,5,0.55,0.2,1000,restricted_70,aggregation,0.6973150414244129,,,0.6414278260397012
7596,1001,13,5,0.55,0.2,1000,restricted_70,aggregation,0.6982592844506531,,,0.6421881306039641
7597,1001,13,5,0.55,0.2,1000,restricted_70,aggregation,0.698382752273605,,,0.6420698719027886
7598,1001,13,5,0.55,0.2,1000,restricted_70,aggregation,0.6982899974189406,,,0.6424520464874632
7599,1001,13,5,0.55,0.2,1000,restricted_70,aggregation,0.6979827669231462,,,0.6416352082793751
7600,1001,13,5,0.55,0.2,1000,restricted_70,aggregation,0.6978600172743049,,,0.6412985355616606
7601,1001,13,5,0.55,0.2,1000,restricted_70,aggregation,0.6986099810012509,,,0.6420703008180094
7602,1001,13,5,0.55,0.2,1000,restricted_70,aggregation,0.6967879074972353,,,0.6405486188271606
7603,1001,13,5,0.55,0.2,1000,restricted_70,aggregation,0.6980794535576438,,,0.6416382067161234
7604,1001,13,5,0.55,0.2,1000,restricted_70,aggregation,0.698490099702776,,,0.6423604016122767
7605,1001,13,5,0.55,0.2,1000,restricted_70,aggregation,0.6989607043370837,,,0.6430406781104698
7606,1001,13,5,0.55,0.2,1000,restricted_70,aggregation,0.6983083300235545,,,0.6423131243293745
7607,1001,13,5,0.55,0.2,1000,restricted_70,aggregation,0.6991633808567334,,,0.642971616924742
7608,1001,13,5,0.55,0.2,1000,restricted_70,aggregation,0.698538577550412,,,0.6420736478413563
7609,1001,13,5,0.55,0.2,1000,restricted_70,aggregation,0.6990370366979113,,,0.6427297605635108
7610,1001,13,5,0.55,0.2,1000,restricted_70,aggregation,0.6980014198169325,,,0.6420837273528941
7611,1001,13,5,0.55,0.2,1000,restricted_70,aggregation,0.699433357088535,,,0.6430788080592247
7612,1001,13,5,0.55,0.2,1000,restricted_70,aggregation,0.699299507797059,,,0.6430741204089123
7613,1001,13,5,0.55,0.2,1000,restricted_70,aggregation,0.6987727816837083,,,0.642714249330916
7614,1001,13,5,0.55,0.2,1000,restricted_70,aggregation,0.6990842062745984,,,0.6426261093381929
7615,1001,13,5,0.55,0.2,1000,restricted_70,aggregation,0.6990326886204817,,,0.6429388948320199
7616,1001,13,5,0.55,0.2,1000,restricted_70,aggregation,0.6983676103212648,,,0.6422433837998422
7617,1001,13,5,0.55,0.2,1000,restricted_70,aggregation,0.6989941132308258,,,0.6426010938521356
7618,1001,13,5,0.55,0.2,1000,restricted_70,aggregation,0.6987833428228238,,,0.6427574249207584
7619,1001,13,5,0.55,0.2,1000,restricted_70,aggregation,0.6978901300028298,,,0.6419928155409407
7620,1001,13,5,0.55,0.2,1000,restricted_70,aggregation,0.6980345519930164,,,0.6417742765567767
7621,1001,13,5,0.55,0.2,1000,restricted_70,aggregation,0.6986982634770197,,,0.6430107703561871
7622,1001,13,5,0.55,0.2,1000,restricted_70,aggregation,0.6989444870648995,,,0.6426906453500203
7623,1001,13,5,0.55,0.2,1000,restricted_70,aggregation,0.6985917288167313,,,0.6428618516360185
7624,1001,13,5,0.55,0.2,1000,restricted_70,aggregation,0.6990111666915325,,,0.6423924350032684
7625,1001,13,5,0.55,0.2,1000,restricted_70,aggregation,0.6989798677481963,,,0.6428991191832861
7626,1001,13,5,0.55,0.2,1000,restricted_70,aggregation,0.6991822111677579,,,0.6433883324622909
7627,1001,13,5,0.55,0.2,1000,restricted_70,aggregation,0.6983483739280021,,,0.6421563688703272
7628,1001,13,5,0.55,0.2,1000,restricted_70,aggregation,0.6993299897321427,,,0.6432651866728951
7629,1001,13,5,0.55,0.2,1000,restricted_70,aggregation,0.6984247812186634,,,0.6424008373262541
7630,1001,13,5,0.55,0.2,1000,restricted_70,aggregation,0.6988731755222046,,,0.6423563218186137
7631,1001,13,5,0.55,0.2,1000,restricted_70,aggregation,0.6986298266073158,,,0.6427016337135089
7632,1001,13,5,0.55,0.2,1000,restricted_70,aggregation,0.6981142660727536,,,0.6420317192298444
7633,1001,13,5,0.55,0.2,1000,restricted_70,aggregation,0.6984917266768157,,,0.6424948660444495
7634,1001,13,5,0.55,0.2,1000,restricted_70,aggregation,0.6983101250550601,,,0.641826576579285
7635,1001,13,5,0.55,0.2,1000,restricted_70,aggregation,0.6980178866363799,,,0.6416107613143031
7636,1001,13,5,0.55,0.2,1000,restricted_70,aggregation,0.6983341860547311,,,0.6421100300239885
7637,1001,13,5,0.55,0.2,1000,restricted_70,aggregation,0.6993170640295989,,,0.6429396752090503
7638,1001,13,5,0.55,0.2,1000,restricted_70,aggregation,0.6992076108915014,,,0.6430388327027912
7639,1001,13,5,0.55,0.2,1000,restricted_70,aggregation,0.6985994467672502,,,0.6425116791773043
7640,1001,13,5,0.55,0.2,1000,restricted_70,aggregation,0.6981756950688266,,,0.6420665225823559
7641,1001,13,5,0.55,0.2,1000,restricted_70,aggregation,0.6975046793243974,,,0.6413616624502042
7642,1001,13,5,0.55,0.2,1000,restricted_70,aggregation,0.6983732692730634,,,0.6418655346197015
7643,1001,13,5,0.55,0.2,1000,restricted_70,aggregation,0.6983830645088022,,,0.6418790466169634
7644,1001,13,5,0.55,0.2,1000,restricted_70,aggregation,0.6976837891185521,,,0.6415437323401908
7645,1001,13,5,0.55,0.2,1000,restricted_70,aggregation,0.6982435800817127,,,0.6425034140936225
7646,1001,13,5,0.55,0.2,1000,restricted_70,aggregation,0.6974377937835556,,,0.6414949253601339
7647,1001,13,5,0.55,0.2,1000,restricted_70,aggregation,0.6979009899277532,,,0.641497638842639
7648,1001,13,5,0.55,0.2,1000,restricted_70,aggregation,0.6993156415361824,,,0.6431230271349022
7649,1001,13,5,0.55,0.2,1000,restricted_70,aggregation,0.6974229851028511,,,0.64110042817522
7650,1001,13,5,0.55,0.2,1000,restricted_70,aggregation,0.698353130093493,,,0.6421966373980957
7651,1001,13,5,0.55,0.2,1000,restricted_70,aggregation,0.6989606136597103,,,0.6424768702593704
7652,1001,13,5,0.55,0.2,1000,restricted_70,aggregation,0.6988853974337651,,,0.6430520259755678
7653,1001,13,5,0.55,0.2,1000,restricted_70,aggregation,0.6993716920756532,,,0.6427272320195239
7654,1001,13,5,0.55,0.2,1000,restricted_70,aggregation,0.699030374430536,,,0.642657292576251
7655,1001,13,5,0.55,0.2,1000,restricted_70,aggregation,0.6971987331924097,,,0.6413353851318436
7656,1001,13,5,0.55,0.2,1000,restricted_70,aggregation,0.6981360381562126,,,0.6420646989661575
7657,1001,13,5,0.55,0.2,1000,restricted_70,aggregation,0.6982417077746659,,,0.6424913587955255
7658,1001,13,5,0.55,0.2,1000,restricted_70,aggregation,0.6993124826323258,,,0.6432823276877444
7659,1001,13,5,0.55,0.2,1000,restricted_70,aggregation,0.6982827624969107,,,0.6426686849107683
7660,1001,13,5,0.55,0.2,1000,restricted_70,aggregation,0.6992096486824185,,,0.6433056263566682
7661,1001,13,5,0.55,0.2,1000,restricted_70,aggregation,0.6991001506104456,,,0.6427784591720009
7662,1001,13,5,0.55,0.2,1000,restricted_70,aggregation,0.6990147446736228,,,0.6421981603350355
7663,1001,13,5,0.55,0.2,1000,restricted_70,aggregation,0.6981903790631427,,,0.6415523200487786
7664,1001,13,5,0.55,0.2,1000,restricted_70,aggregation,0.6978913551104392,,,0.6415735131458049
7665,1001,13,5,0.55,0.2,1000,restricted_70,aggregation,0.6985672982371203,,,0.6425098131729383
7666,1001,13,5,0.55,0.2,1000,restricted_70,aggregation,0.6984533628410151,,,0.6420929428596095
7667,1001,13,5,0.55,0.2,1000,restricted_70,aggregation,0.6985430290883948,,,0.6421443085078503
7668,1001,13,5,0.55,0.2,1000,restricted_70,aggregation,0.6997561582739522,,,0.6438157404324072
7669,1001,13,5,0.55,0.2,1000,restricted_70,aggregation,0.6974010032560094,,,0.6420024414166082
7670,1001,13,5,0.55,0.2,1000,restricted_70,aggregation,0.6979157424519578,,,0.6419118495933082
7671,1001,13,5,0.55,0.2,1000,restricted_70,aggregation,0.6977514741684946,,,0.6414341904083573
7672,1001,13,5,0.55,0.2,1000,restricted_70,aggregation,0.6981342188401193,,,0.6423354555629558
7673,1001,13,5,0.55,0.2,1000,restricted_70,aggregation,0.6973227070074648,,,0.6411990484900902
7674,1001,13,5,0.55,0.2,1000,restricted_70,aggregation,0.6978553062260128,,,0.6418968090011842
7675,1001,13,5,0.55,0.2,1000,restricted_70,aggregation,0.6974581860701886,,,0.64126669657503
7676,1001,13,5,0.55,0.2,1000,restricted_70,aggregation,0.6988460304620163,,,0.6429220480753816
7677,1001,13,5,0.55,0.2,1000,restricted_70,aggregation,0.6984925075589571,,,0.6423142241092242
7678,1001,13,5,0.55,0.2,1000,restricted_70,aggregation,0.6988481591634187,,,0.6429429968873721
7679,1001,13,5,0.55,0.2,1000,restricted_70,aggregation,0.6981448508424523,,,0.6420524776458111
7680,1001,13,5,0.55,0.2,1000,restricted_70,aggregation,0.6979518466372765,,,0.6420493789543791
7681,1001,13,5,0.55,0.2,1000,restricted_70,aggregation,0.6979208144714674,,,0.6416681405245989
7682,1001,13,5,0.55,0.2,1000,restricted_70,aggregation,0.6975018602998058,,,0.6414988414132166
7683,1001,13,5,0.55,0.2,1000,restricted_70,aggregation,0.6991540170366781,,,0.6429460817808735
7684,1001,13,5,0.55,0.2,1000,restricted_70,aggregation,0.697907553251974,,,0.6417366766720936
7685,1001,13,5,0.55,0.2,1000,restricted_70,aggregation,0.6988328890135419,,,0.6430542208794293
7686,1001,13,5,0.55,0.2,1000,restricted_70,aggregation,0.6982492935894263,,,0.6422291470797722
7687,1001,13,5,0.55,0.2,1000,restricted_70,aggregation,0.6984070496231274,,,0.6429208108712277
7688,1001,13,5,0.55,0.2,1000,restricted_70,aggregation,0.6982160191039506,,,0.6418406584619086
7689,1001,13,5,0.55,0.2,1000,restricted_70,aggregation,0.6981029539944372,,,0.6420182010504929
7690,1001,13,5,0.55,0.2,1000,restricted_70,aggregation,0.6980428666837732,,,0.6426466913873166
7691,1001,13,5,0.55,0.2,1000,restricted_70,aggregation,0.6987397986199587,,,0.6429990976693062
7692,1001,13,5,0.55,0.2,1000,restricted_70,aggregation,0.6990540325351077,,,0.6429585779112864
7693,1001,13,5,0.55,0.2,1000,restricted_70,aggregation,0.6989853378993948,,,0.6427428155871907
7694,1001,13,5,0.55,0.2,1000,restricted_70,aggregation,0.6990601219750218,,,0.6426812068409986
7695,1001,13,5,0.55,0.2,1000,restricted_70,aggregation,0.699340997236323,,,0.6426522332220251
7696,1001,13,5,0.55,0.2,1000,restricted_70,aggregation,0.6982601837601661,,,0.641366217971843
7697,1001,13,5,0.55,0.2,1000,restricted_70,aggregation,0.6978002260984946,,,0.6416801402147236
7698,1001,13,5,0.55,0.2,1000,restricted_70,aggregation,0.6986715657551265,,,0.6426127577206745
7699,1001,13,5,0.55,0.2,1000,restricted_70,aggregation,0.6981906256782815,,,0.6418619690032192
7700,1001,13,5,0.55,0.2,1000,restricted_70,aggregation,0.6991276710113773,,,0.6433527713952716
7701,1001,13,5,0.55,0.2,1000,restricted_70,aggregation,0.6986669793776096,,,0.6424412342749843
7702,1001,13,5,0.55,0.2,1000,restricted_70,aggregation,0.6975852608895676,,,0.6418382585701337
7703,1001,13,5,0.55,0.2,1000,restricted_70,aggregation,0.6979967607684409,,,0.6417835179712265
7704,1001,13,5,0.55,0.2,1000,restricted_70,aggregation,0.6982067740831424,,,0.6425224611114196
7705,1001,13,5,0.55,0.2,1000,restricted_70,aggregation,0.6971786388386234,,,0.6411220079072163
7706,1001,13,5,0.55,0.2,1000,restricted_70,aggregation,0.7003258968958213,,,0.6445255279596948
7707,1001,13,5,0.55,0.2,1000,restricted_70,aggregation,0.6986345968007089,,,0.6426310080505915
7708,1001,13,5,0.55,0.2,1000,restricted_70,aggregation,0.6979623225570472,,,0.6417587254026839
7709,1001,13,5,0.55,0.2,1000,restricted_70,aggregation,0.6985427240010266,,,0.6422673835115502
7710,1001,13,5,0.55,0.2,1000,restricted_70,aggregation,0.6979157392968977,,,0.6420254492729494
7711,1001,13,5,0.55,0.2,1000,restricted_70,aggregation,0.6986217284895393,,,0.6425938037194289
7712,1001,13,5,0.55,0.2,1000,restricted_70,aggregation,0.6981411658834242,,,0.6417673516221434
7713,1001,13,5,0.55,0.2,1000,restricted_70,aggregation,0.6984010382835292,,,0.6421332664711833
7714,1001,13,5,0.55,0.2,1000,restricted_70,aggregation,0.6973990954372994,,,0.6410476438993108
7715,1001,13,5,0.55,0.2,1000,restricted_70,aggregation,0.6982338966486064,,,0.6419010796764965
7716,1001,13,5,0.55,0.2,1000,restricted_70,aggregation,0.698775481873009,,,0.6427299916981168
7717,1001,13,5,0.55,0.2,1000,restricted_70,aggregation,0.6991568391564998,,,0.643038870805121
7718,1001,13,5,0.55,0.2,1000,restricted_70,aggregation,0.6994062602529372,,,0.6429374213055464
7719,1001,13,5,0.55,0.2,1000,restricted_70,aggregation,0.6977719138194773,,,0.6420325922919674
7720,1001,13,5,0.55,0.2,1000,restricted_70,aggregation,0.6985326398715573,,,0.6425854538902458
7721,1001,13,5,0.55,0.2,1000,restricted_70,aggregation,0.6984048197171118,,,0.6426418524376859
7722,1001,13,5,0.55,0.2,1000,restricted_70,aggregation,0.6974360830851898,,,0.6420092954653372
7723,1001,13,5,0.55,0.2,1000,restricted_70,aggregation,0.6985234625751695,,,0.642930633926259
7724,1001,13,5,0.55,0.2,1000,restricted_70,aggregation,0.697570954472393,,,0.6417833300418718
7725,1001,13,5,0.55,0.2,1000,restricted_70,aggregation,0.6983134886727345,,,0.6422515161458913
7726,1001,13,5,0.55,0.2,1000,restricted_70,aggregation,0.6984621901353155,,,0.6424340823990825
7727,1001,13,5,0.55,0.2,1000,restricted_70,aggregation,0.6980998267251901,,,0.6414326566643235
7728,1001,13,5,0.55,0.2,1000,restricted_70,aggregation,0.698427800247497,,,0.6417520901860487
7729,1001,13,5,0.55,0.2,1000,restricted_70,aggregation,0.6975479660817065,,,0.6412343152680653
7730,1001,13,5,0.55,0.2,1000,restricted_70,aggregation,0.698746093157151,,,0.6427139431864431
7731,1001,13,5,0.55,0.2,1000,restricted_70,aggregation,0.6977877358384434,,,0.6420732473313725
7732,1001,13,5,0.55,0.2,1000,restricted_70,aggregation,0.6974715614825806,,,0.6414949836351921
7733,1001,13,5,0.55,0.2,1000,restricted_70,aggregation,0.6987552818326255,,,0.6430455822418324
7734,1001,13,5,0.55,0.2,1000,restricted_70,aggregation,0.6984812301622307,,,0.6421612612850114
7735,1001,13,5,0.55,0.2,1000,restricted_70,aggregation,0.6982100767059988,,,0.6420174059428227
7736,1001,13,5,0.55,0.2,1000,restricted_70,aggregation,0.6980531465368627,,,0.6416414308608059
7737,1001,13,5,0.55,0.2,1000,restricted_70,aggregation,0.6981167689716362,,,0.6416379697848449
7738,1001,13,5,0.55,0.2,1000,restricted_70,aggregation,0.6983958810686307,,,0.6422418767343769
7739,1001,13,5,0.55,0.2,1000,restricted_70,aggregation,0.6988649841864347,,,0.6423808495208496
7740,1001,13,5,0.55,0.2,1000,restricted_70,aggregation,0.698230961536319,,,0.6421616556129057
7741,1001,13,5,0.55,0.2,1000,restricted_70,aggregation,0.6980427308915143,,,0.6419454820256906
7742,1001,13,5,0.55,0.2,1000,restricted_70,aggregation,0.6974184204047804,,,0.6414726687278771
7743,1001,13,5,0.55,0.2,1000,restricted_70,aggregation,0.6978777250052485,,,0.6419738696565781
7744,1001,13,5,0.55,0.2,1000,restricted_70,aggregation,0.6989641060691857,,,0.6427430272659441
7745,1001,13,5,0.55,0.2,1000,restricted_70,aggregation,0.6968756045919726,,,0.6413127803446554
7746,1001,13,5,0.55,0.2,1000,restricted_70,aggregation,0.6988879409681198,,,0.6426324560162061
7747,1001,13,5,0.55,0.2,1000,restricted_70,aggregation,0.6983491632052444,,,0.6419452186008437
7748,1001,13,5,0.55,0.2,1000,restricted_70,aggregation,0.6986875384793864,,,0.6420882210305128
7749,1001,13,5,0.55,0.2,1000,restricted_70,aggregation,0.6987142243360236,,,0.6428208392918812
7750,1001,13,5,0.55,0.2,1000,restricted_70,aggregation,0.698657782693783,,,0.6424683070478905
7751,1001,13,5,0.55,0.2,1000,restricted_70,aggregation,0.6982776487848213,,,0.6420128363997115
7752,1001,13,5,0.55,0.2,1000,restricted_70,aggregation,0.6978965117412156,,,0.6420219093329511
7753,1001,13,5,0.55,0.2,1000,restricted_70,aggregation,0.6983180879028382,,,0.6417573720646639
7754,1001,13,5,0.55,0.2,1000,restricted_70,aggregation,0.6978293019661724,,,0.6413249070682405
7755,1001,13,5,0.55,0.2,1000,restricted_70,aggregation,0.6986343999525569,,,0.6422743859304276
7756,1001,13,5,0.55,0.2,1000,restricted_70,aggregation,0.697617847334588,,,0.641306026797277
7757,1001,13,5,0.55,0.2,1000,restricted_70,aggregation,0.6985022695933397,,,0.6422210667958587
7758,1001,13,5,0.55,0.2,1000,restricted_70,aggregation,0.6995898399711882,,,0.6429073899403067
7759,1001,13,5,0.55,0.2,1000,restricted_70,aggregation,0.6984858294575503,,,0.6421628679345347
7760,1001,13,5,0.55,0.2,1000,restricted_70,aggregation,0.6985671904140096,,,0.6422175558083892
7761,1001,13,5,0.55,0.2,1000,restricted_70,aggregation,0.6991080281648885,,,0.6430187595968847
7762,1001,13,5,0.55,0.2,1000,restricted_70,aggregation,0.6986635033485467,,,0.6424510399862484
7763,1001,13,5,0.55,0.2,1000,restricted_70,aggregation,0.6979998065234682,,,0.6417164217726719
7764,1001,13,5,0.55,0.2,1000,restricted_70,aggregation,0.6992559350307022,,,0.642794029589238
7765,1001,13,5,0.55,0.2,1000,restricted_70,aggregation,0.6970045268070709,,,0.6406505834905837
7766,1001,13,5,0.55,0.2,1000,restricted_70,aggregation,0.698620535723599,,,0.6418864071499489
7767,1001,13,5,0.55,0.2,1000,restricted_70,aggregation,0.6987433116719244,,,0.6428957247150998
7768,1001,13,5,0.55,0.2,1000,restricted_70,aggregation,0.6975304868008771,,,0.6407098832263417
7769,1001,13,5,0.55,0.2,1000,restricted_70,aggregation,0.698405790788861,,,0.6417088660644912
7770,1001,13,5,0.55,0.2,1000,restricted_70,aggregation,0.6985053097390364,,,0.6418519978247064
7771,1001,13,5,0.55,0.2,1000,restricted_70,aggregation,0.6978651776683117,,,0.6416219946488697
7772,1001,13,5,0.55,0.2,1000,restricted_70,aggregation,0.6972036411053051,,,0.6410897482918317
7773,1001,13,5,0.55,0.2,1000,restricted_70,aggregation,0.6981760846091828,,,0.6412223144062729
7774,1001,13,5,0.55,0.2,1000,restricted_70,aggregation,0.6979221237058172,,,0.6413544600692519
7775,1001,13,5,0.55,0.2,1000,restricted_70,aggregation,0.6981969566523324,,,0.6423375671319423
7776,1001,13,5,0.55,0.2,1000,restricted_70,aggregation,0.6992232057712614,,,0.6426669304538056
7777,1001,13,5,0.55,0.2,1000,restricted_70,aggregation,0.6990127749260576,,,0.6427826379022213
7778,1001,13,5,0.55,0.2,1000,restricted_70,aggregation,0.6972615598133524,,,0.6410115141417226
7779,1001,13,5,0.55,0.2,1000,restricted_70,aggregation,0.698782955225986,,,0.6428316717695886
7780,1001,13,5,0.55,0.2,1000,restricted_70,aggregation,0.6971277936871655,,,0.6409081173841592
7781,1001,13,5,0.55,0.2,1000,restricted_70,aggregation,0.6987325814485223,,,0.6419723855542606
7782,1001,13,5,0.55,0.2,1000,restricted_70,aggregation,0.6986127247323437,,,0.6425780661776497
7783,1001,13,5,0.55,0.2,1000,restricted_70,aggregation,0.6986906128055187,,,0.6421558533287701
7784,1001,13,5,0.55,0.2,1000,restricted_70,aggregation,0.6988490137925217,,,0.6427363728632479
7785,1001,13,5,0.55,0.2,1000,restricted_70,aggregation,0.6973578415407039,,,0.6408854147241648
7786,1001,13,5,0.55,0.2,1000,restricted_70,aggregation,0.6988813089406091,,,0.6431068237086988
7787,1001,13,5,0.55,0.2,1000,restricted_70,aggregation,0.6982151312932493,,,0.641613384493593
7788,1001,13,5,0.55,0.2,1000,restricted_70,aggregation,0.698042557440143,,,0.6416324150540819
7789,1001,13,5,0.55,0.2,1000,restricted_70,aggregation,0.699578413941175,,,0.6435625098358433
7790,1001,13,5,0.55,0.2,1000,restricted_70,aggregation,0.698281214560524,,,0.6418760500687586
7791,1001,13,5,0.55,0.2,1000,restricted_70,aggregation,0.6991778730730807,,,0.6431084516178268
7792,1001,13,5,0.55,0.2,1000,restricted_70,aggregation,0.6984586461885393,,,0.6422898200796119
7793,1001,13,5,0.55,0.2,1000,restricted_70,aggregation,0.6984650941198888,,,0.6421431629867047
7794,1001,13,5,0.55,0.2,1000,restricted_70,aggregation,0.6984350772885564,,,0.6420573971476057
7795,1001,13,5,0.55,0.2,1000,restricted_70,aggregation,0.6986191804655365,,,0.6423740896988814
7796,1001,13,5,0.55,0.2,1000,restricted_70,aggregation,0.6968643810420825,,,0.6410227760819429
7797,1001,13,5,0.55,0.2,1000,restricted_70,aggregation,0.6975252714347331,,,0.6411467538788373
7798,1001,13,5,0.55,0.2,1000,restricted_70,aggregation,0.698327900767562,,,0.6425494257440093
7799,1001,13,5,0.55,0.2,1000,restricted_70,aggregation,0.6985139554403069,,,0.6422335725616977
7800,1001,13,5,0.55,0.2,1000,restricted_70,aggregation,0.699055794447986,,,0.6427701125571961
7801,1001,13,5,0.55,0.2,1000,restricted_70,aggregation,0.6991217918535461,,,0.6431761373657208
7802,1001,13,5,0.55,0.2,1000,restricted_70,aggregation,0.6985551927541092,,,0.6425233055910141
7803,1001,13,5,0.55,0.2,1000,restricted_70,aggregation,0.6985139558043856,,,0.6420678974960226
7804,1001,13,5,0.55,0.2,1000,restricted_70,aggregation,0.6985180921974097,,,0.6427005798291215
7805,1001,13,5,0.55,0.2,1000,restricted_70,aggregation,0.6988764395082084,,,0.6425924890233226
7806,1001,13,5,0.55,0.2,1000,restricted_70,aggregation,0.6983876487473674,,,0.6429678840372591
7807,1001,13,5,0.55,0.2,1000,restricted_70,aggregation,0.6980619980260643,,,0.6419348931701016
7808,1001,13,5,0.55,0.2,1000,restricted_70,aggregation,0.6981471650580177,,,0.6421227904502906
7809,1001,13,5,0.55,0.2,1000,restricted_70,aggregation,0.6981368071702365,,,0.6421207213080131
7810,1001,13,5,0.55,0.2,1000,restricted_70,aggregation,0.6990201581542796,,,0.6429032045423713
7811,1001,13,5,0.55,0.2,1000,restricted_70,aggregation,0.6981129046733123,,,0.6424112803862805
7812,1001,13,5,0.55,0.2,1000,restricted_70,aggregation,0.6981323534154051,,,0.6414079047958215
7813,1001,13,5,0.55,0.2,1000,restricted_70,aggregation,0.6974764317300608,,,0.6422577857173691
7814,1001,13,5,0.55,0.2,1000,restricted_70,aggregation,0.6987061363495213,,,0.6425464273072607
7815,1001,13,5,0.55,0.2,1000,restricted_70,aggregation,0.6978781328992938,,,0.6415899196636698
7816,1001,13,5,0.55,0.2,1000,restricted_70,aggregation,0.698623392260998,,,0.6427646789784291
7817,1001,13,5,0.55,0.2,1000,restricted_70,aggregation,0.6983768983201046,,,0.6416989671131339
7818,1001,13,5,0.55,0.2,1000,restricted_70,aggregation,0.6974814052276028,,,0.6413857994089245
7819,1001,13,5,0.55,0.2,1000,restricted_70,aggregation,0.6980056321147216,,,0.6423151905270656
7820,1001,13,5,0.55,0.2,1000,restricted_70,aggregation,0.6979981299428641,,,0.6420304216616718
7821,1001,13,5,0.55,0.2,1000,restricted_70,aggregation,0.698209742386787,,,0.6422661537305289
7822,1001,13,5,0.55,0.2,1000,restricted_70,aggregation,0.6985445663690064,,,0.6426563440109274
7823,1001,13,5,0.55,0.2,1000,restricted_70,aggregation,0.6979602787684018,,,0.6413627591544259
7824,1001,13,5,0.55,0.2,1000,restricted_70,aggregation,0.6992613581296931,,,0.642921969812595
7825,1001,13,5,0.55,0.2,1000,restricted_70,aggregation,0.6980553036955397,,,0.6423140623419792
7826,1001,13,5,0.55,0.2,1000,restricted_70,aggregation,0.6990650631057925,,,0.642836104867355
7827,1001,13,5,0.55,0.2,1000,restricted_70,aggregation,0.6984248396263331,,,0.6420924552453721
7828,1001,13,5,0.55,0.2,1000,restricted_70,aggregation,0.6981193382242374,,,0.641864875795501
7829,1001,13,5,0.55,0.2,1000,restricted_70,aggregation,0.6984075120504183,,,0.6425146174042009
7830,1001,13,5,0.55,0.2,1000,restricted_70,aggregation,0.6987765394599736,,,0.6419535010899595
7831,1001,13,5,0.55,0.2,1000,restricted_70,aggregation,0.6994576793885467,,,0.6435482321536489
7832,1001,13,5,0.55,0.2,1000,restricted_70,aggregation,0.6976242207355996,,,0.6411973172121089
7833,1001,13,5,0.55,0.2,1000,restricted_70,aggregation,0.6976717341353703,,,0.6421480935268437
7834,1001,13,5,0.55,0.2,1000,restricted_70,aggregation,0.6983462133115194,,,0.6422647589370508
7835,1001,13,5,0.55,0.2,1000,restricted_70,aggregation,0.6980990056748279,,,0.641872162521121
7836,1001,13,5,0.55,0.2,1000,restricted_70,aggregation,0.6990388431614816,,,0.6425718689027023
7837,1001,13,5,0.55,0.2,1000,restricted_70,aggregation,0.6981218276438733,,,0.6418919795636464
7838,1001,13,5,0.55,0.2,1000,restricted_70,aggregation,0.6994199590043612,,,0.6426918012080514
7839,1001,13,5,0.55,0.2,1000,restricted_70,aggregation,0.6975721567445168,,,0.6411632950074618
7840,1001,13,5,0.55,0.2,1000,restricted_70,aggregation,0.6980535538916532,,,0.6422284904061988
7841,1001,13,5,0.55,0.2,1000,restricted_70,aggregation,0.6985761344298296,,,0.6425549824789409
7842,1001,13,5,0.55,0.2,1000,restricted_70,aggregation,0.6993369455249414,,,0.6427244262681764
7843,1001,13,5,0.55,0.2,1000,restricted_70,aggregation,0.6989012520351748,,,0.6429137969052554
7844,1001,13,5,0.55,0.2,1000,restricted_70,aggregation,0.6988878240643005,,,0.6429685582550168
7845,1001,13,5,0.55,0.2,1000,restricted_70,aggregation,0.698200445242824,,,0.6422776348574266
7846,1001,13,5,0.55,0.2,1000,restricted_70,aggregation,0.6988061190182456,,,0.6422364748368916
7847,1001,13,5,0.55,0.2,1000,restricted_70,aggregation,0.6975891145561158,,,0.6415081467760636
7848,1001,13,5,0.55,0.2,1000,restricted_70,aggregation,0.6980877331870674,,,0.6420827982434234
7849,1001,13,5,0.55,0.2,1000,restricted_70,aggregation,0.6986864270228076,,,0.6423521981567816
7850,1001,13,5,0.55,0.2,1000,restricted_70,aggregation,0.6981323525192518,,,0.6420718846508431
7851,1001,13,5,0.55,0.2,1000,restricted_70,aggregation,0.6979876327647064,,,0.6420966306301725
7852,1001,13,5,0.55,0.2,1000,restricted_70,aggregation,0.6984895277346979,,,0.6420945330980748
7853,1001,13,5,0.55,0.2,1000,restricted_70,aggregation,0.6988536479695994,,,0.6426387958646292
7854,1001,13,5,0.55,0.2,1000,restricted_70,aggregation,0.6989465300556132,,,0.6421658637812806
7855,1001,13,5,0.55,0.2,1000,restricted_70,aggregation,0.6984292502257575,,,0.6422312573845909
7856,1001,13,5,0.55,0.2,1000,restricted_70,aggregation,0.6985405655016815,,,0.6421137952787954
7857,1001,13,5,0.55,0.2,1000,restricted_70,aggregation,0.6988570693276703,,,0.642956129325921
7858,1001,13,5,0.55,0.2,1000,restricted_70,aggregation,0.699121642900048,,,0.64273560492748
7859,1001,13,5,0.55,0.2,1000,restricted_70,aggregation,0.6981950521917852,,,0.6423411794455546
7860,1001,13,5,0.55,0.2,1000,restricted_70,aggregation,0.698232446984015,,,0.6423791543101961
7861,1001,13,5,0.55,0.2,1000,restricted_70,aggregation,0.6973941445788004,,,0.6413699158403328
7862,1001,13,5,0.55,0.2,1000,restricted_70,aggregation,0.698202157265574,,,0.6416630069159237
7863,1001,13,5,0.55,0.2,1000,restricted_70,aggregation,0.6973987897171658,,,0.6413390572467658
7864,1001,13,5,0.55,0.2,1000,restricted_70,aggregation,0.6986632142425258,,,0.6431506661702496
7865,1001,13,5,0.55,0.2,1000,restricted_70,aggregation,0.6986559271032111,,,0.6426394172648342
7866,1001,13,5,0.55,0.2,1000,restricted_70,aggregation,0.6982890247548301,,,0.6418705860420445
7867,1001,13,5,0.55,0.2,1000,restricted_70,aggregation,0.6981172176354793,,,0.6421668242405744
7868,1001,13,5,0.55,0.2,1000,restricted_70,aggregation,0.6992092601576524,,,0.643284800893551
7869,1001,13,5,0.55,0.2,1000,restricted_70,aggregation,0.6983160319700038,,,0.6423470047467966
7870,1001,13,5,0.55,0.2,1000,restricted_70,aggregation,0.6973115541430513,,,0.6415850116010534
7871,1001,13,5,0.55,0.2,1000,restricted_70,aggregation,0.6981910919310567,,,0.6421155542374294
7872,1001,13,5,0.55,0.2,1000,restricted_70,aggregation,0.6980125452677559,,,0.6424470386557889
7873,1001,13,5,0.55,0.2,1000,restricted_70,aggregation,0.6983371390861883,,,0.641910990837866
7874,1001,13,5,0.55,0.2,1000,restricted_70,aggregation,0.6987713171229222,,,0.6428635685071104
7875,1001,13,5,0.55,0.2,1000,restricted_70,aggregation,0.697536017546029,,,0.6409338368575869
7876,1001,13,5,0.55,0.2,1000,restricted_70,aggregation,0.6986891185990364,,,0.6425801128269879
7877,1001,13,5,0.55,0.2,1000,restricted_70,aggregation,0.6983789208469011,,,0.6420693992966912
7878,1001,13,5,0.55,0.2,1000,restricted_70,aggregation,0.6986284515577704,,,0.6426313361869613
7879,1001,13,5,0.55,0.2,1000,restricted_70,aggregation,0.6980420032286789,,,0.6422365876870045
7880,1001,13,5,0.55,0.2,1000,restricted_70,aggregation,0.6986593897211391,,,0.6424031289775041
7881,1001,13,5,0.55,0.2,1000,restricted_70,aggregation,0.697937179733947,,,0.6415478757199592
7882,1001,13,5,0.55,0.2,1000,restricted_70,aggregation,0.698287135200894,,,0.6421794322113075
7883,1001,13,5,0.55,0.2,1000,restricted_70,aggregation,0.6986290146226888,,,0.6422924929006181
7884,1001,13,5,0.55,0.2,1000,restricted_70,aggregation,0.6982480439365285,,,0.6418472028049113
7885,1001,13,5,0.55,0.2,1000,restricted_70,aggregation,0.6984154121253633,,,0.641874261194053
7886,1001,13,5,0.55,0.2,1000,restricted_70,aggregation,0.6989507733316644,,,0.6431081890640226
7887,1001,13,5,0.55,0.2,1000,restricted_70,aggregation,0.6984113401333466,,,0.6423107057834143
7888,1001,13,5,0.55,0.2,1000,restricted_70,aggregation,0.6984581215902937,,,0.6416306036478954
7889,1001,13,5,0.55,0.2,1000,restricted_70,aggregation,0.6986150397623593,,,0.6429587948471283
7890,1001,13,5,0.55,0.2,1000,restricted_70,aggregation,0.6983756269078166,,,0.642338024598858
7891,1001,13,5,0.55,0.2,1000,restricted_70,aggregation,0.698744412726587,,,0.6426029681892184
7892,1001,13,5,0.55,0.2,1000,restricted_70,aggregation,0.6981012128012991,,,0.6424360784046202
7893,1001,13,5,0.55,0.2,1000,restricted_70,aggregation,0.6988193110483446,,,0.643023580840456
7894,1001,13,5,0.55,0.2,1000,restricted_70,aggregation,0.698843270707236,,,0.6427490325800744
7895,1001,13,5,0.55,0.2,1000,restricted_70,aggregation,0.6984860704175251,,,0.6424635029399615
7896,1001,13,5,0.55,0.2,1000,restricted_70,aggregation,0.6980912930059177,,,0.6416986378898879
7897,1001,13,5,0.55,0.2,1000,restricted_70,aggregation,0.6990752957533063,,,0.6429543180045264
7898,1001,13,5,0.55,0.2,1000,restricted_70,aggregation,0.6989572780579545,,,0.6429491645854147
7899,1001,13,5,0.55,0.2,1000,restricted_70,aggregation,0.6992768904949684,,,0.6430341102878605
7900,1001,13,5,0.55,0.2,1000,restricted_70,aggregation,0.6967074823798082,,,0.6409444347858934
7901,1001,13,5,0.55,0.2,1000,restricted_70,aggregation,0.6978672634107562,,,0.6418428595941097
7902,1001,13,5,0.55,0.2,1000,restricted_70,aggregation,0.697747009239332,,,0.6415512260578929
7903,1001,13,5,0.55,0.2,1000,restricted_70,aggregation,0.6983780165967131,,,0.6419658091214343
7904,1001,13,5,0.55,0.2,1000,restricted_70,aggregation,0.697571225681024,,,0.6411473987894822
7905,1001,13,5,0.55,0.2,1000,restricted_70,aggregation,0.6977769680817291,,,0.64189868155764
7906,1001,13,5,0.55,0.2,1000,restricted_70,aggregation,0.6978643671186421,,,0.6418365797474133
7907,1001,13,5,0.55,0.2,1000,restricted_70,aggregation,0.6981692455375118,,,0.6417735574225159
7908,1001,13,5,0.55,0.2,1000,restricted_70,aggregation,0.6978463163259782,,,0.6415684604670022
7909,1001,13,5,0.55,0.2,1000,restricted_70,aggregation,0.6988783025651935,,,0.642340633109175
7910,1001,13,5,0.55,0.2,1000,restricted_70,aggregation,0.6991160353694685,,,0.6429598591300676
7911,1001,13,5,0.55,0.2,1000,restricted_70,aggregation,0.6974095330826483,,,0.6415520732739485
7912,1001,13,5,0.55,0.2,1000,restricted_70,aggregation,0.6987046459942906,,,0.6420592069658737
7913,1001,13,5,0.55,0.2,1000,restricted_70,aggregation,0.697659102080179,,,0.6412177085645837
7914,1001,13,5,0.55,0.2,1000,restricted_70,aggregation,0.6987027176279607,,,0.6424329477158645
7915,1001,13,5,0.55,0.2,1000,restricted_70,aggregation,0.6970677317854788,,,0.6405759572372073
7916,1001,13,5,0.55,0.2,1000,restricted_70,aggregation,0.6988873472121496,,,0.6428023747934165
7917,1001,13,5,0.55,0.2,1000,restricted_70,aggregation,0.6975159291790092,,,0.6410802012185347
7918,1001,13,5,0.55,0.2,1000,restricted_70,aggregation,0.6981586822744194,,,0.6418063535230203
7919,1001,13,5,0.55,0.2,1000,restricted_70,aggregation,0.6979586981464163,,,0.6416086247240415
7920,1001,13,5,0.55,0.2,1000,restricted_70,aggregation,0.6988431961602218,,,0.6425827618060953
7921,1001,13,5,0.55,0.2,1000,restricted_70,aggregation,0.6987820934774528,,,0.6432255279057363
7922,1001,13,5,0.55,0.2,1000,restricted_70,aggregation,0.6992446172750979,,,0.6433566339524674
7923,1001,13,5,0.55,0.2,1000,restricted_70,aggregation,0.6986967042922011,,,0.6422570573022658
7924,1001,13,5,0.55,0.2,1000,restricted_70,aggregation,0.6990254451993854,,,0.642416730275897
7925,1001,13,5,0.55,0.2,1000,restricted_70,aggregation,0.6974349281787324,,,0.6412146290900459
7926,1001,13,5,0.55,0.2,1000,restricted_70,aggregation,0.6981849246713064,,,0.6421448634929887
7927,1001,13,5,0.55,0.2,1000,restricted_70,aggregation,0.698181627080446,,,0.6423471165871167
7928,1001,13,5,0.55,0.2,1000,restricted_70,aggregation,0.6985810438731389,,,0.6427180538288872
7929,1001,13,5,0.55,0.2,1000,restricted_70,aggregation,0.6988679054878959,,,0.6428135303431138
7930,1001,13,5,0.55,0.2,1000,restricted_70,aggregation,0.6977442779758399,,,0.6413821214125383
7931,1001,13,5,0.55,0.2,1000,restricted_70,aggregation,0.6979295124338477,,,0.6417816666435417
7932,1001,13,5,0.55,0.2,1000,restricted_70,aggregation,0.6994528030015738,,,0.6433582882703717
7933,1001,13,5,0.55,0.2,1000,restricted_70,aggregation,0.6981474653836559,,,0.6420374110072029
7934,1001,13,5,0.55,0.2,1000,restricted_70,aggregation,0.6980334760845881,,,0.6421220722333224
7935,1001,13,5,0.55,0.2,1000,restricted_70,aggregation,0.6983276056473682,,,0.6418995426178761
7936,1001,13,5,0.55,0.2,1000,restricted_70,aggregation,0.6983609849780618,,,0.6424387557504225
7937,1001,13,5,0.55,0.2,1000,restricted_70,aggregation,0.6988424276586576,,,0.6425365019625436
7938,1001,13,5,0.55,0.2,1000,restricted_70,aggregation,0.6987053197195823,,,0.6420673589142339
7939,1001,13,5,0.55,0.2,1000,restricted_70,aggregation,0.6988531855635682,,,0.6423482452655371
7940,1001,13,5,0.55,0.2,1000,restricted_70,aggregation,0.6991789494389626,,,0.6424453825110077
7941,1001,13,5,0.55,0.2,1000,restricted_70,aggregation,0.6978225299979655,,,0.6418804970415389
7942,1001,13,5,0.55,0.2,1000,restricted_70,aggregation,0.6979669846539086,,,0.6419939797316881
7943,1001,13,5,0.55,0.2,1000,restricted_70,aggregation,0.6983460111488649,,,0.6422941173178676
7944,1001,13,5,0.55,0.2,1000,restricted_70,aggregation,0.6985449436573726,,,0.6420814770568938
7945,1001,13,5,0.55,0.2,1000,restricted_70,aggregation,0.6986569539950291,,,0.6424206795904714
7946,1001,13,5,0.55,0.2,1000,restricted_70,aggregation,0.6983111191025729,,,0.6422025393510812
7947,1001,13,5,0.55,0.2,1000,restricted_70,aggregation,0.6984760766200925,,,0.6426030243213579
7948,1001,13,5,0.55,0.2,1000,restricted_70,aggregation,0.6997484784820717,,,0.6430457546388798
7949,1001,13,5,0.55,0.2,1000,restricted_70,aggregation,0.6991931717469696,,,0.6430405361999113
7950,1001,13,5,0.55,0.2,1000,restricted_70,aggregation,0.6983404050123302,,,0.6422979502750338
7951,1001,13,5,0.55,0.2,1000,restricted_70,aggregation,0.6984414615442026,,,0.6422804033929035
7952,1001,13,5,0.55,0.2,1000,restricted_70,aggregation,0.6985595898367257,,,0.6426333820962987
7953,1001,13,5,0.55,0.2,1000,restricted_70,aggregation,0.6991180904721386,,,0.6432036960493211
7954,1001,13,5,0.55,0.2,1000,restricted_70,aggregation,0.6987429869198727,,,0.6425276998387416
7955,1001,13,5,0.55,0.2,1000,restricted_70,aggregation,0.698754823645245,,,0.6424259357617691
7956,1001,13,5,0.55,0.2,1000,restricted_70,aggregation,0.6993798813680808,,,0.6427429457039875
7957,1001,13,5,0.55,0.2,1000,restricted_70,aggregation,0.6984152492034568,,,0.6420110440331275
7958,1001,13,5,0.55,0.2,1000,restricted_70,aggregation,0.6979742585189133,,,0.6423413822057573
7959,1001,13,5,0.55,0.2,1000,restricted_70,aggregation,0.6984638882905302,,,0.6425654025295693
7960,1001,13,5,0.55,0.2,1000,restricted_70,aggregation,0.6974655848507568,,,0.6415817094017094
7961,1001,13,5,0.55,0.2,1000,restricted_70,aggregation,0.6984380062860994,,,0.6424000049179217
7962,1001,13,5,0.55,0.2,1000,restricted_70,aggregation,0.6966974267421372,,,0.6409744269619271
7963,1001,13,5,0.55,0.2,1000,restricted_70,aggregation,0.6982699729554924,,,0.6418350991523909
7964,1001,13,5,0.55,0.2,1000,restricted_70,aggregation,0.698964490590753,,,0.6423680273507357
7965,1001,13,5,0.55,0.2,1000,restricted_70,aggregation,0.6978679579977775,,,0.64178899310566
7966,1001,13,5,0.55,0.2,1000,restricted_70,aggregation,0.6979736822766891,,,0.6420440739892825
7967,1001,13,5,0.55,0.2,1000,restricted_70,aggregation,0.698536271644546,,,0.6425554259475095
7968,1001,13,5,0.55,0.2,1000,restricted_70,aggregation,0.6982357241698555,,,0.6420227037314539
7969,1001,13,5,0.55,0.2,1000,restricted_70,aggregation,0.6980056162625263,,,0.641354857310899
7970,1001,13,5,0.55,0.2,1000,restricted_70,aggregation,0.6981480148610385,,,0.6418614383995636
7971,1001,13,5,0.55,0.2,1000,restricted_70,aggregation,0.6991233308356359,,,0.6422342527225863
7972,1001,13,5,0.55,0.2,1000,restricted_70,aggregation,0.6984597717574171,,,0.6420413018925522
7973,1001,13,5,0.55,0.2,1000,restricted_70,aggregation,0.6985354010844825,,,0.6427006177387429
7974,1001,13,5,0.55,0.2,1000,restricted_70,aggregation,0.6983991125762176,,,0.6419208326858328
7975,1001,13,5,0.55,0.2,1000,restricted_70,aggregation,0.6982808525841288,,,0.6417412339204007
7976,1001,13,5,0.55,0.2,1000,restricted_70,aggregation,0.6978932975544003,,,0.6418315075510911
7977,1001,13,5,0.55,0.2,1000,restricted_70,aggregation,0.698548359115201,,,0.6420319689184273
7978,1001,13,5,0.55,0.2,1000,restricted_70,aggregation,0.6985372283549872,,,0.6422936572301157
7979,1001,13,5,0.55,0.2,1000,restricted_70,aggregation,0.699316954158686,,,0.6424916549731136
7980,1001,13,5,0.55,0.2,1000,restricted_70,aggregation,0.6989390372001456,,,0.6424997814454065
7981,1001,13,5,0.55,0.2,1000,restricted_70,aggregation,0.6976368647375671,,,0.641787408455742
7982,1001,13,5,0.55,0.2,1000,restricted_70,aggregation,0.698985056332218,,,0.6428660803933722
7983,1001,13,5,0.55,0.2,1000,restricted_70,aggregation,0.6988052639388482,,,0.6425647716635218
7984,1001,13,5,0.55,0.2,1000,restricted_70,aggregation,0.6989300211928021,,,0.6430505534743035
7985,1001,13,5,0.55,0.2,1000,restricted_70,aggregation,0.6985169271767943,,,0.6424434886101554
7986,1001,13,5,0.55,0.2,1000,restricted_70,aggregation,0.6982086112937458,,,0.6422631295556297
7987,1001,13,5,0.55,0.2,1000,restricted_70,aggregation,0.6985517899560764,,,0.642471847604556
7988,1001,13,5,0.55,0.2,1000,restricted_70,aggregation,0.6982393162472724,,,0.6421695222986891
7989,1001,13,5,0.55,0.2,1000,restricted_70,aggregation,0.6984524771804003,,,0.642452522893773
7990,1001,13,5,0.55,0.2,1000,restricted_70,aggregation,0.6981942826584604,,,0.6421033143785229
7991,1001,13,5,0.55,0.2,1000,restricted_70,aggregation,0.6991631243216452,,,0.6431809952239121
7992,1001,13,5,0.55,0.2,1000,restricted_70,aggregation,0.698577369877979,,,0.6425463115048534
7993,1001,13,5,0.55,0.2,1000,restricted_70,aggregation,0.699992155564937,,,0.6440233681596182
7994,1001,13,5,0.55,0.2,1000,restricted_70,aggregation,0.6984776942130527,,,0.6422459026467361
7995,1001,13,5,0.55,0.2,1000,restricted_70,aggregation,0.698949446025895,,,0.6430994440204858
7996,1001,13,5,0.55,0.2,1000,restricted_70,aggregation,0.6979010804399273,,,0.6417819153839989
7997,1001,13,5,0.55,0.2,1000,restricted_70,aggregation,0.69795449377272,,,0.6420930048809217
7998,1001,13,5,0.55,0.2,1000,restricted_70,aggregation,0.6975788153120162,,,0.6412293682937434
7999,1001,13,5,0.55,0.2,1000,restricted_70,aggregation,0.6986809264363889,,,0.6420018014161766
8000,1001,13,5,0.55,0.2,1000,restricted_80,aggregation,0.7042433122902051,,,0.6504426638947474
8001,1001,13,5,0.55,0.2,1000,restricted_80,aggregation,0.7052326818640196,,,0.6517719636227971
8002,1001,13,5,0.55,0.2,1000,restricted_80,aggregation,0.7043429746951008,,,0.6509557327934413
8003,1001,13,5,0.55,0.2,1000,restricted_80,aggregation,0.7041993418002769,,,0.6509852319054403
8004,1001,13,5,0.55,0.2,1000,restricted_80,aggregation,0.7047733525928274,,,0.6517555388592889
8005,1001,13,5,0.55,0.2,1000,restricted_80,aggregation,0.7049325756516305,,,0.6520365721701139
8006,1001,13,5,0.55,0.2,1000,restricted_80,aggregation,0.7046100599185453,,,0.6511825707702792
8007,1001,13,5,0.55,0.2,1000,restricted_80,aggregation,0.7048534796518617,,,0.6509949102980355
8008,1001,13,5,0.55,0.2,1000,restricted_80,aggregation,0.7051160387511614,,,0.6519733142551893
8009,1001,13,5,0.55,0.2,1000,restricted_80,aggregation,0.7047964469653638,,,0.6514185272520692
8010,1001,13,5,0.55,0.2,1000,restricted_80,aggregation,0.7052159781889658,,,0.6517711337119672
8011,1001,13,5,0.55,0.2,1000,restricted_80,aggregation,0.7038616313861324,,,0.6509354574206659
8012,1001,13,5,0.55,0.2,1000,restricted_80,aggregation,0.7041855151425372,,,0.6514955927791346
8013,1001,13,5,0.55,0.2,1000,restricted_80,aggregation,0.7048310542885793,,,0.6518751351888853
8014,1001,13,5,0.55,0.2,1000,restricted_80,aggregation,0.704849873666581,,,0.6517108123743541
8015,1001,13,5,0.55,0.2,1000,restricted_80,aggregation,0.7050122335885508,,,0.6522586770174271
8016,1001,13,5,0.55,0.2,1000,restricted_80,aggregation,0.705270413069129,,,0.6517150618208952
8017,1001,13,5,0.55,0.2,1000,restricted_80,aggregation,0.7042618088333773,,,0.6507730610824363
8018,1001,13,5,0.55,0.2,1000,restricted_80,aggregation,0.7053165686130701,,,0.6520984669959671
8019,1001,13,5,0.55,0.2,1000,restricted_80,aggregation,0.7052929320952409,,,0.6523027700463119
8020,1001,13,5,0.55,0.2,1000,restricted_80,aggregation,0.7045969468370001,,,0.6516650963388465
8021,1001,13,5,0.55,0.2,1000,restricted_80,aggregation,0.7047153512272982,,,0.6518990940463859
8022,1001,13,5,0.55,0.2,1000,restricted_80,aggregation,0.7050393567084368,,,0.6513586739109657
8023,1001,13,5,0.55,0.2,1000,restricted_80,aggregation,0.7062807688127579,,,0.6526684306203057
8024,1001,13,5,0.55,0.2,1000,restricted_80,aggregation,0.7038290785049954,,,0.6505962356316525
8025,1001,13,5,0.55,0.2,1000,restricted_80,aggregation,0.7052763240430495,,,0.6520899617126702
8026,1001,13,5,0.55,0.2,1000,restricted_80,aggregation,0.704464655617571,,,0.6513088623105291
8027,1001,13,5,0.55,0.2,1000,restricted_80,aggregation,0.7055516775868941,,,0.6524265032035866
8028,1001,13,5,0.55,0.2,1000,restricted_80,aggregation,0.704710258121601,,,0.651482699507283
8029,1001,13,5,0.55,0.2,1000,restricted_80,aggregation,0.7053021503670184,,,0.6519465118831786
8030,1001,13,5,0.55,0.2,1000,restricted_80,aggregation,0.7051061141169311,,,0.6516260189578941
8031,1001,13,5,0.55,0.2,1000,restricted_80,aggregation,0.7048708524282091,,,0.6514998690969527
8032,1001,13,5,0.55,0.2,1000,restricted_80,aggregation,0.7053196526094637,,,0.6520607786349455
8033,1001,13,5,0.55,0.2,1000,restricted_80,aggregation,0.7049274017766562,,,0.6517789847344015
8034,1001,13,5,0.55,0.2,1000,restricted_80,aggregation,0.7058849228608672,,,0.6526285666416918
8035,1001,13,5,0.55,0.2,1000,restricted_80,aggregation,0.7047767469877563,,,0.6513701287755456
8036,1001,13,5,0.55,0.2,1000,restricted_80,aggregation,0.7043902038327102,,,0.6511709545161629
8037,1001,13,5,0.55,0.2,1000,restricted_80,aggregation,0.7046975059849278,,,0.651383832833833
8038,1001,13,5,0.55,0.2,1000,restricted_80,aggregation,0.7050762341649711,,,0.6519143407595492
8039,1001,13,5,0.55,0.2,1000,restricted_80,aggregation,0.7050090928490739,,,0.652283885381594
8040,1001,13,5,0.55,0.2,1000,restricted_80,aggregation,0.7044401659371655,,,0.651171807644516
8041,1001,13,5,0.55,0.2,1000,restricted_80,aggregation,0.7046060097212133,,,0.651447880553089
8042,1001,13,5,0.55,0.2,1000,restricted_80,aggregation,0.7037885748164696,,,0.6503889121603706
8043,1001,13,5,0.55,0.2,1000,restricted_80,aggregation,0.7050469913355479,,,0.6518889593354178
8044,1001,13,5,0.55,0.2,1000,restricted_80,aggregation,0.7050338429659398,,,0.6517646905871908
8045,1001,13,5,0.55,0.2,1000,restricted_80,aggregation,0.7050078862679644,,,0.651796312560896
8046,1001,13,5,0.55,0.2,1000,restricted_80,aggregation,0.7051636305550669,,,0.6516615842876261
8047,1001,13,5,0.55,0.2,1000,restricted_80,aggregation,0.7051773645833851,,,0.6525284103165354
8048,1001,13,5,0.55,0.2,1000,restricted_80,aggregation,0.7045745679908084,,,0.6513454388127305
8049,1001,13,5,0.55,0.2,1000,restricted_80,aggregation,0.7044651205309361,,,0.6516650710246545
8050,1001,13,5,0.55,0.2,1000,restricted_80,aggregation,0.704996384638421,,,0.6519609566976234
8051,1001,13,5,0.55,0.2,1000,restricted_80,aggregation,0.7052165283208931,,,0.651911574228241
8052,1001,13,5,0.55,0.2,1000,restricted_80,aggregation,0.7046768987930994,,,0.6517864163074581
8053,1001,13,5,0.55,0.2,1000,restricted_80,aggregation,0.7041253252137759,,,0.6507466329503832
8054,1001,13,5,0.55,0.2,1000,restricted_80,aggregation,0.7053560188410575,,,0.6524673444225528
8055,1001,13,5,0.55,0.2,1000,restricted_80,aggregation,0.7039124467385627,,,0.6511385373654125
8056,1001,13,5,0.55,0.2,1000,restricted_80,aggregation,0.7056816251440872,,,0.6523249550449551
8057,1001,13,5,0.55,0.2,1000,restricted_80,aggregation,0.7052586763147558,,,0.6523386093459012
8058,1001,13,5,0.55,0.2,1000,restricted_80,aggregation,0.7046613788273416,,,0.6515719491850743
8059,1001,13,5,0.55,0.2,1000,restricted_80,aggregation,0.7050225563603196,,,0.6522921796875966
8060,1001,13,5,0.55,0.2,1000,restricted_80,aggregation,0.7058792822524976,,,0.6525602345262763
8061,1001,13,5,0.55,0.2,1000,restricted_80,aggregation,0.7052714199184792,,,0.651846888535847
8062,1001,13,5,0.55,0.2,1000,restricted_80,aggregation,0.7052637024079519,,,0.6523103134057303
8063,1001,13,5,0.55,0.2,1000,restricted_80,aggregation,0.7032758263399274,,,0.6509145769431187
8064,1001,13,5,0.55,0.2,1000,restricted_80,aggregation,0.7050009752745315,,,0.6516389898527399
8065,1001,13,5,0.55,0.2,1000,restricted_80,aggregation,0.7046197361403987,,,0.6512940015077516
8066,1001,13,5,0.55,0.2,1000,restricted_80,aggregation,0.7044610703761587,,,0.6510624227392978
8067,1001,13,5,0.55,0.2,1000,restricted_80,aggregation,0.7051950840750204,,,0.6516555203823955
8068,1001,13,5,0.55,0.2,1000,restricted_80,aggregation,0.7049216371401061,,,0.6518964981392066
8069,1001,13,5,0.55,0.2,1000,restricted_80,aggregation,0.7051407280437867,,,0.6522331652837905
8070,1001,13,5,0.55,0.2,1000,restricted_80,aggregation,0.70481133718446,,,0.6515972666839336
8071,1001,13,5,0.55,0.2,1000,restricted_80,aggregation,0.704817082424958,,,0.6519239843104427
8072,1001,13,5,0.55,0.2,1000,restricted_80,aggregation,0.7050106779287209,,,0.65198032994783
8073,1001,13,5,0.55,0.2,1000,restricted_80,aggregation,0.7054073349376192,,,0.6523536064475649
8074,1001,13,5,0.55,0.2,1000,restricted_80,aggregation,0.7048597664487071,,,0.6515655350436602
8075,1001,13,5,0.55,0.2,1000,restricted_80,aggregation,0.7042995047708834,,,0.6514591659883328
8076,1001,13,5,0.55,0.2,1000,restricted_80,aggregation,0.7044386359740776,,,0.6511328793660046
8077,1001,13,5,0.55,0.2,1000,restricted_80,aggregation,0.7050131130503676,,,0.6524649810683145
8078,1001,13,5,0.55,0.2,1000,restricted_80,aggregation,0.7050873724032158,,,0.652473644827395
8079,1001,13,5,0.55,0.2,1000,restricted_80,aggregation,0.704724886883011,,,0.6519094057794059
8080,1001,13,5,0.55,0.2,1000,restricted_80,aggregation,0.7050449855959628,,,0.6517660106097607
8081,1001,13,5,0.55,0.2,1000,restricted_80,aggregation,0.7053156654671493,,,0.6525892043758712
8082,1001,13,5,0.55,0.2,1000,restricted_80,aggregation,0.7045400230733319,,,0.6513387455754124
8083,1001,13,5,0.55,0.2,1000,restricted_80,aggregation,0.7042946537930701,,,0.6507749954212456
8084,1001,13,5,0.55,0.2,1000,restricted_80,aggregation,0.7047868259760323,,,0.6516156584310753
8085,1001,13,5,0.55,0.2,1000,restricted_80,aggregation,0.7052702252845642,,,0.6519639115205783
8086,1001,13,5,0.55,0.2,1000,restricted_80,aggregation,0.7049642662158112,,,0.6523607501757502
8087,1001,13,5,0.55,0.2,1000,restricted_80,aggregation,0.704775102746963,,,0.6521049207813793
8088,1001,13,5,0.55,0.2,1000,restricted_80,aggregation,0.704914152389864,,,0.651525341633675
8089,1001,13,5,0.55,0.2,1000,restricted_80,aggregation,0.7048128094214937,,,0.6520265443198777
8090,1001,13,5,0.55,0.2,1000,restricted_80,aggregation,0.7041310156963069,,,0.651140092846968
8091,1001,13,5,0.55,0.2,1000,restricted_80,aggregation,0.7042493232595827,,,0.6512047577268412
8092,1001,13,5,0.55,0.2,1000,restricted_80,aggregation,0.7047577175841372,,,0.6512733853723438
8093,1001,13,5,0.55,0.2,1000,restricted_80,aggregation,0.7046711542284673,,,0.6519228473147224
8094,1001,13,5,0.55,0.2,1000,restricted_80,aggregation,0.7053412761323348,,,0.6522665684469853
8095,1001,13,5,0.55,0.2,1000,restricted_80,aggregation,0.7051759162202772,,,0.6522014717766803
8096,1001,13,5,0.55,0.2,1000,restricted_80,aggregation,0.7054305079958674,,,0.6523790595978097
8097,1001,13,5,0.55,0.2,1000,restricted_80,aggregation,0.7052767170581082,,,0.6524146579963248
8098,1001,13,5,0.55,0.2,1000,restricted_80,aggregation,0.704112405047741,,,0.6504779616525451
8099,1001,13,5,0.55,0.2,1000,restricted_80,aggregation,0.7050186977726483,,,0.651579237483196
8100,1001,13,5,0.55,0.2,1000,restricted_80,aggregation,0.7043313030728423,,,0.6511057559492978
8101,1001,13,5,0.55,0.2,1000,restricted_80,aggregation,0.7044993521639913,,,0.6510950038695874
8102,1001,13,5,0.55,0.2,1000,restricted_80,aggregation,0.7044915276209193,,,0.6514121934624019
8103,1001,13,5,0.55,0.2,1000,restricted_80,aggregation,0.7043501182484216,,,0.6509242872944958
8104,1001,13,5,0.55,0.2,1000,restricted_80,aggregation,0.7047592265008221,,,0.6508774891929061
8105,1001,13,5,0.55,0.2,1000,restricted_80,aggregation,0.7051344547207891,,,0.6519988284554953
8106,1001,13,5,0.55,0.2,1000,restricted_80,aggregation,0.7046307956578364,,,0.6515778076630162
8107,1001,13,5,0.55,0.2,1000,restricted_80,aggregation,0.7048312593963248,,,0.6516288930128515
8108,1001,13,5,0.55,0.2,1000,restricted_80,aggregation,0.704267120367494,,,0.6516460043660045
8109,1001,13,5,0.55,0.2,1000,restricted_80,aggregation,0.7045765827547904,,,0.6518054955923707
8110,1001,13,5,0.55,0.2,1000,restricted_80,aggregation,0.704797090245266,,,0.6518299012792764
8111,1001,13,5,0.55,0.2,1000,restricted_80,aggregation,0.7052577804577163,,,0.6520674102132437
8112,1001,13,5,0.55,0.2,1000,restricted_80,aggregation,0.7045012938276576,,,0.6517023020189688
8113,1001,13,5,0.55,0.2,1000,restricted_80,aggregation,0.7051571572808718,,,0.6518116608931194
8114,1001,13,5,0.55,0.2,1000,restricted_80,aggregation,0.7054360363611895,,,0.652212604239896
8115,1001,13,5,0.55,0.2,1000,restricted_80,aggregation,0.7042247361912354,,,0.6512170704064455
8116,1001,13,5,0.55,0.2,1000,restricted_80,aggregation,0.7047962710532854,,,0.6514590568150986
8117,1001,13,5,0.55,0.2,1000,restricted_80,aggregation,0.7048813393111253,,,0.6514327322754409
8118,1001,13,5,0.55,0.2,1000,restricted_80,aggregation,0.7046159252213283,,,0.6514546663598749
8119,1001,13,5,0.55,0.2,1000,restricted_80,aggregation,0.7052479706821547,,,0.6516436913163998
8120,1001,13,5,0.55,0.2,1000,restricted_80,aggregation,0.704170120442264,,,0.6511895787931206
8121,1001,13,5,0.55,0.2,1000,restricted_80,aggregation,0.7039273686372971,,,0.6505370468960053
8122,1001,13,5,0.55,0.2,1000,restricted_80,aggregation,0.7046398255414895,,,0.6514567548963384
8123,1001,13,5,0.55,0.2,1000,restricted_80,aggregation,0.7051042373777708,,,0.6512586503388587
8124,1001,13,5,0.55,0.2,1000,restricted_80,aggregation,0.7046684852225603,,,0.6511301102061521
8125,1001,13,5,0.55,0.2,1000,restricted_80,aggregation,0.7047685989088406,,,0.6522713624338625
8126,1001,13,5,0.55,0.2,1000,restricted_80,aggregation,0.7041936798347379,,,0.6509407301340636
8127,1001,13,5,0.55,0.2,1000,restricted_80,aggregation,0.7049188485979074,,,0.651885205928331
8128,1001,13,5,0.55,0.2,1000,restricted_80,aggregation,0.7050123222895776,,,0.6516725248054417
8129,1001,13,5,0.55,0.2,1000,restricted_80,aggregation,0.7054095666557694,,,0.651689635965886
8130,1001,13,5,0.55,0.2,1000,restricted_80,aggregation,0.7040982170856146,,,0.6509368396110065
8131,1001,13,5,0.55,0.2,1000,restricted_80,aggregation,0.704584402841035,,,0.6510696047085631
8132,1001,13,5,0.55,0.2,1000,restricted_80,aggregation,0.7046327824579309,,,0.6513092623503042
8133,1001,13,5,0.55,0.2,1000,restricted_80,aggregation,0.7048142968856148,,,0.6522035321854074
8134,1001,13,5,0.55,0.2,1000,restricted_80,aggregation,0.7043159401743588,,,0.6510786045898547
8135,1001,13,5,0.55,0.2,1000,restricted_80,aggregation,0.7054271851816758,,,0.6525693615643616
8136,1001,13,5,0.55,0.2,1000,restricted_80,aggregation,0.7050020053533176,,,0.6519587588337589
8137,1001,13,5,0.55,0.2,1000,restricted_80,aggregation,0.7054779958988755,,,0.6521689773343942
8138,1001,13,5,0.55,0.2,1000,restricted_80,aggregation,0.7047859079598499,,,0.6519130490959658
8139,1001,13,5,0.55,0.2,1000,restricted_80,aggregation,0.7049844204544583,,,0.6518418584964419
8140,1001,13,5,0.55,0.2,1000,restricted_80,aggregation,0.7051516029416571,,,0.651693929303721
8141,1001,13,5,0.55,0.2,1000,restricted_80,aggregation,0.7047762454575287,,,0.6510124452707788
8142,1001,13,5,0.55,0.2,1000,restricted_80,aggregation,0.7045263274830159,,,0.6512518006222174
8143,1001,13,5,0.55,0.2,1000,restricted_80,aggregation,0.7044472220642369,,,0.6514070565776817
8144,1001,13,5,0.55,0.2,1000,restricted_80,aggregation,0.7048105790576371,,,0.6515934604053355
8145,1001,13,5,0.55,0.2,1000,restricted_80,aggregation,0.7050131910943794,,,0.6521871620509121
8146,1001,13,5,0.55,0.2,1000,restricted_80,aggregation,0.7049429001896592,,,0.651860390859141
8147,1001,13,5,0.55,0.2,1000,restricted_80,aggregation,0.7042173045550502,,,0.6510357090209175
8148,1001,13,5,0.55,0.2,1000,restricted_80,aggregation,0.7047395384834028,,,0.6513164915562834
8149,1001,13,5,0.55,0.2,1000,restricted_80,aggregation,0.7053075066593522,,,0.652108192124234
8150,1001,13,5,0.55,0.2,1000,restricted_80,aggregation,0.7044708584933673,,,0.6507030936424688
8151,1001,13,5,0.55,0.2,1000,restricted_80,aggregation,0.7050996426584253,,,0.6519240157681826
8152,1001,13,5,0.55,0.2,1000,restricted_80,aggregation,0.7050801987194408,,,0.6520174999614584
8153,1001,13,5,0.55,0.2,1000,restricted_80,aggregation,0.7048687005432084,,,0.6518285953013038
8154,1001,13,5,0.55,0.2,1000,restricted_80,aggregation,0.7046747283368646,,,0.651930751455335
8155,1001,13,5,0.55,0.2,1000,restricted_80,aggregation,0.7044421666744116,,,0.6509837006974508
8156,1001,13,5,0.55,0.2,1000,restricted_80,aggregation,0.704579267030228,,,0.651398573517532
8157,1001,13,5,0.55,0.2,1000,restricted_80,aggregation,0.7050947429014772,,,0.6515032477013728
8158,1001,13,5,0.55,0.2,1000,restricted_80,aggregation,0.7047332827119479,,,0.6518176496420247
8159,1001,13,5,0.55,0.2,1000,restricted_80,aggregation,0.7043385635083829,,,0.6511804146008313
8160,1001,13,5,0.55,0.2,1000,restricted_80,aggregation,0.7045678525373644,,,0.6514078090813509
8161,1001,13,5,0.55,0.2,1000,restricted_80,aggregation,0.7047015207484101,,,0.6508662195135113
8162,1001,13,5,0.55,0.2,1000,restricted_80,aggregation,0.7056942698225103,,,0.6522700226008561
8163,1001,13,5,0.55,0.2,1000,restricted_80,aggregation,0.7043575824901909,,,0.6514782546774215
8164,1001,13,5,0.55,0.2,1000,restricted_80,aggregation,0.7050699009019015,,,0.652441858658317
8165,1001,13,5,0.55,0.2,1000,restricted_80,aggregation,0.7041544728722336,,,0.6507166073278575
8166,1001,13,5,0.55,0.2,1000,restricted_80,aggregation,0.7047073051826779,,,0.6515531483331485
8167,1001,13,5,0.55,0.2,1000,restricted_80,aggregation,0.7048009749900151,,,0.6521444438046523
8168,1001,13,5,0.55,0.2,1000,restricted_80,aggregation,0.7052636114730821,,,0.6524641055857724
8169,1001,13,5,0.55,0.2,1000,restricted_80,aggregation,0.7055247366229486,,,0.6523586052990221
8170,1001,13,5,0.55,0.2,1000,restricted_80,aggregation,0.7050648565815247,,,0.6518315623496875
8171,1001,13,5,0.55,0.2,1000,restricted_80,aggregation,0.7055232627527349,,,0.6526888980849399
8172,1001,13,5,0.55,0.2,1000,restricted_80,aggregation,0.7057588855440783,,,0.6526753441311777
8173,1001,13,5,0.55,0.2,1000,restricted_80,aggregation,0.7051172581916132,,,0.6523437315770649
8174,1001,13,5,0.55,0.2,1000,restricted_80,aggregation,0.7045634188019849,,,0.6511269502796587
8175,1001,13,5,0.55,0.2,1000,restricted_80,aggregation,0.7059314666971248,,,0.6528038132931885
8176,1001,13,5,0.55,0.2,1000,restricted_80,aggregation,0.7049281906158935,,,0.651275387513721
8177,1001,13,5,0.55,0.2,1000,restricted_80,aggregation,0.7053623631551137,,,0.6524322111684614
8178,1001,13,5,0.55,0.2,1000,restricted_80,aggregation,0.7043646916340207,,,0.6507186375815543
8179,1001,13,5,0.55,0.2,1000,restricted_80,aggregation,0.7048364730081773,,,0.6516437827373245
8180,1001,13,5,0.55,0.2,1000,restricted_80,aggregation,0.7048932720610906,,,0.6515068503564339
8181,1001,13,5,0.55,0.2,1000,restricted_80,aggregation,0.705386806688653,,,0.6520401041936461
8182,1001,13,5,0.55,0.2,1000,restricted_80,aggregation,0.7043791450467207,,,0.6511542366044452
8183,1001,13,5,0.55,0.2,1000,restricted_80,aggregation,0.7045940887238402,,,0.6515962302358136
8184,1001,13,5,0.55,0.2,1000,restricted_80,aggregation,0.7048513432638206,,,0.6516008937975606
8185,1001,13,5,0.55,0.2,1000,restricted_80,aggregation,0.705310060648322,,,0.6522938664961582
8186,1001,13,5,0.55,0.2,1000,restricted_80,aggregation,0.7039497506808521,,,0.6505960838235839
8187,1001,13,5,0.55,0.2,1000,restricted_80,aggregation,0.7048579736365491,,,0.6517723088871007
8188,1001,13,5,0.55,0.2,1000,restricted_80,aggregation,0.7060723556085232,,,0.6530938636132387
8189,1001,13,5,0.55,0.2,1000,restricted_80,aggregation,0.703573554986903,,,0.650904135817886
8190,1001,13,5,0.55,0.2,1000,restricted_80,aggregation,0.7053562718189844,,,0.6525394352792271
8191,1001,13,5,0.55,0.2,1000,restricted_80,aggregation,0.7055974236549819,,,0.6529632659238911
8192,1001,13,5,0.55,0.2,1000,restricted_80,aggregation,0.705072084127371,,,0.6522511701955455
8193,1001,13,5,0.55,0.2,1000,restricted_80,aggregation,0.7055342329264496,,,0.6522103329772081
8194,1001,13,5,0.55,0.2,1000,restricted_80,aggregation,0.7037906187405887,,,0.6511675699763202
8195,1001,13,5,0.55,0.2,1000,restricted_80,aggregation,0.7045081196555649,,,0.651873833512167
8196,1001,13,5,0.55,0.2,1000,restricted_80,aggregation,0.7054516895438462,,,0.6519520615726866
8197,1001,13,5,0.55,0.2,1000,restricted_80,aggregation,0.7047624895394985,,,0.6514110236908154
8198,1001,13,5,0.55,0.2,1000,restricted_80,aggregation,0.7050163130181936,,,0.6520305128590546
8199,1001,13,5,0.55,0.2,1000,restricted_80,aggregation,0.7046315500412038,,,0.6515225781702867
8200,1001,13,5,0.55,0.2,1000,restricted_80,aggregation,0.7051374627976431,,,0.6524142793086545
8201,1001,13,5,0.55,0.2,1000,restricted_80,aggregation,0.7038551252647545,,,0.6507475417637918
8202,1001,13,5,0.55,0.2,1000,restricted_80,aggregation,0.7046062448604358,,,0.6514018456620542
8203,1001,13,5,0.55,0.2,1000,restricted_80,aggregation,0.7056080124748307,,,0.6522148804898805
8204,1001,13,5,0.55,0.2,1000,restricted_80,aggregation,0.7043299310140417,,,0.6511349406149408
8205,1001,13,5,0.55,0.2,1000,restricted_80,aggregation,0.7056021058250369,,,0.6527798890846809
8206,1001,13,5,0.55,0.2,1000,restricted_80,aggregation,0.7053089831206081,,,0.6520265498467583
8207,1001,13,5,0.55,0.2,1000,restricted_80,aggregation,0.7053278399268917,,,0.6521084225034227
8208,1001,13,5,0.55,0.2,1000,restricted_80,aggregation,0.7049652668626912,,,0.6513601653439155
8209,1001,13,5,0.55,0.2,1000,restricted_80,aggregation,0.7050261617386603,,,0.6519591143501561
8210,1001,13,5,0.55,0.2,1000,restricted_80,aggregation,0.7050361727372884,,,0.6515320142820142
8211,1001,13,5,0.55,0.2,1000,restricted_80,aggregation,0.7052096982787094,,,0.6516074203728371
8212,1001,13,5,0.55,0.2,1000,restricted_80,aggregation,0.7049077470993211,,,0.6512917553434222
8213,1001,13,5,0.55,0.2,1000,restricted_80,aggregation,0.7044068787141703,,,0.6508482800070301
8214,1001,13,5,0.55,0.2,1000,restricted_80,aggregation,0.7053395199358022,,,0.6519117166629669
8215,1001,13,5,0.55,0.2,1000,restricted_80,aggregation,0.704874610802764,,,0.651130397164564
8216,1001,13,5,0.55,0.2,1000,restricted_80,aggregation,0.7038123501738119,,,0.6503564479964481
8217,1001,13,5,0.55,0.2,1000,restricted_80,aggregation,0.7046747905895656,,,0.651721694786695
8218,1001,13,5,0.55,0.2,1000,restricted_80,aggregation,0.7049837885752195,,,0.6519262927504597
8219,1001,13,5,0.55,0.2,1000,restricted_80,aggregation,0.7046870255443958,,,0.6519328314047065
8220,1001,13,5,0.55,0.2,1000,restricted_80,aggregation,0.7048865966599911,,,0.6511870190534775
8221,1001,13,5,0.55,0.2,1000,restricted_80,aggregation,0.7049891754936496,,,0.6522091407280992
8222,1001,13,5,0.55,0.2,1000,restricted_80,aggregation,0.7044928679448258,,,0.6507832274823943
8223,1001,13,5,0.55,0.2,1000,restricted_80,aggregation,0.7048984578393329,,,0.6520381842231844
8224,1001,13,5,0.55,0.2,1000,restricted_80,aggregation,0.7051629387547965,,,0.6517229009339428
8225,1001,13,5,0.55,0.2,1000,restricted_80,aggregation,0.7048552999836356,,,0.652041579785955
8226,1001,13,5,0.55,0.2,1000,restricted_80,aggregation,0.704851425098423,,,0.6517279035470703
8227,1001,13,5,0.55,0.2,1000,restricted_80,aggregation,0.7049306662792038,,,0.6518604658227577
8228,1001,13,5,0.55,0.2,1000,restricted_80,aggregation,0.705161455243989,,,0.6519217051158719
8229,1001,13,5,0.55,0.2,1000,restricted_80,aggregation,0.7045217418589573,,,0.651236116329658
8230,1001,13,5,0.55,0.2,1000,restricted_80,aggregation,0.7049619664002399,,,0.6518554265564683
8231,1001,13,5,0.55,0.2,1000,restricted_80,aggregation,0.704401213869327,,,0.6510360709583628
8232,1001,13,5,0.55,0.2,1000,restricted_80,aggregation,0.7046852612718775,,,0.651776021871647
8233,1001,13,5,0.55,0.2,1000,restricted_80,aggregation,0.7045961845403536,,,0.6515318953191871
8234,1001,13,5,0.55,0.2,1000,restricted_80,aggregation,0.7052678058199476,,,0.6516126823253908
8235,1001,13,5,0.55,0.2,1000,restricted_80,aggregation,0.7056147627099221,,,0.6523284675201343
8236,1001,13,5,0.55,0.2,1000,restricted_80,aggregation,0.7056651321926641,,,0.6529132426292844
8237,1001,13,5,0.55,0.2,1000,restricted_80,aggregation,0.7043078814303209,,,0.6509958870990122
8238,1001,13,5,0.55,0.2,1000,restricted_80,aggregation,0.7046306059527055,,,0.6511455927714261
8239,1001,13,5,0.55,0.2,1000,restricted_80,aggregation,0.7051777234529562,,,0.6520904027376946
8240,1001,13,5,0.55,0.2,1000,restricted_80,aggregation,0.7054453600006969,,,0.6522749847220681
8241,1001,13,5,0.55,0.2,1000,restricted_80,aggregation,0.7049994087688829,,,0.6519981172762425
8242,1001,13,5,0.55,0.2,1000,restricted_80,aggregation,0.7040555078313542,,,0.6507131252389586
8243,1001,13,5,0.55,0.2,1000,restricted_80,aggregation,0.7040337654507547,,,0.6513537876937878
8244,1001,13,5,0.55,0.2,1000,restricted_80,aggregation,0.7050708771203638,,,0.6517226080555248
8245,1001,13,5,0.55,0.2,1000,restricted_80,aggregation,0.7053728709478602,,,0.6522283494206411
8246,1001,13,5,0.55,0.2,1000,restricted_80,aggregation,0.7048798090165626,,,0.6519579668865086
8247,1001,13,5,0.55,0.2,1000,restricted_80,aggregation,0.7054405782385531,,,0.6522804073164491
8248,1001,13,5,0.55,0.2,1000,restricted_80,aggregation,0.7050249436943846,,,0.6522817108662944
8249,1001,13,5,0.55,0.2,1000,restricted_80,aggregation,0.704624219491123,,,0.651495943824694
8250,1001,13,5,0.55,0.2,1000,restricted_80,aggregation,0.7041290177265759,,,0.6505699447928616
8251,1001,13,5,0.55,0.2,1000,restricted_80,aggregation,0.7046126582518109,,,0.6515585337424922
8252,1001,13,5,0.55,0.2,1000,restricted_80,aggregation,0.7049447056744101,,,0.6521154914221582
8253,1001,13,5,0.55,0.2,1000,restricted_80,aggregation,0.7045839002814591,,,0.6515370714933217
8254,1001,13,5,0.55,0.2,1000,restricted_80,aggregation,0.7054063975530752,,,0.6522485946152614
8255,1001,13,5,0.55,0.2,1000,restricted_80,aggregation,0.7051876371519047,,,0.651743325547909
8256,1001,13,5,0.55,0.2,1000,restricted_80,aggregation,0.7055584640387061,,,0.6523873626836127
8257,1001,13,5,0.55,0.2,1000,restricted_80,aggregation,0.7045689184049405,,,0.6521366803335554
8258,1001,13,5,0.55,0.2,1000,restricted_80,aggregation,0.7046619412900791,,,0.6512875593773513
8259,1001,13,5,0.55,0.2,1000,restricted_80,aggregation,0.7047972876207188,,,0.6512739493068661
8260,1001,13,5,0.55,0.2,1000,restricted_80,aggregation,0.7049672524417575,,,0.6516712658714744
8261,1001,13,5,0.55,0.2,1000,restricted_80,aggregation,0.7046357865000201,,,0.6514792825846993
8262,1001,13,5,0.55,0.2,1000,restricted_80,aggregation,0.7055328592584992,,,0.6520804164354166
8263,1001,13,5,0.55,0.2,1000,restricted_80,aggregation,0.7054724155308413,,,0.6525556116029033
8264,1001,13,5,0.55,0.2,1000,restricted_80,aggregation,0.7044061915439356,,,0.6510247713860214
8265,1001,13,5,0.55,0.2,1000,restricted_80,aggregation,0.7034996155740567,,,0.6504907864126616
8266,1001,13,5,0.55,0.2,1000,restricted_80,aggregation,0.7053200505898658,,,0.6518675709938211
8267,1001,13,5,0.55,0.2,1000,restricted_80,aggregation,0.7050580058393253,,,0.6516605510153428
8268,1001,13,5,0.55,0.2,1000,restricted_80,aggregation,0.7049706543876008,,,0.6520968133178552
8269,1001,13,5,0.55,0.2,1000,restricted_80,aggregation,0.7046963046058293,,,0.6515229272425108
8270,1001,13,5,0.55,0.2,1000,restricted_80,aggregation,0.7047001298772667,,,0.6513657734934819
8271,1001,13,5,0.55,0.2,1000,restricted_80,aggregation,0.7057396301526303,,,0.6524917351167352
8272,1001,13,5,0.55,0.2,1000,restricted_80,aggregation,0.7052452328860835,,,0.6521643906710574
8273,1001,13,5,0.55,0.2,1000,restricted_80,aggregation,0.704669612395103,,,0.6518711952014036
8274,1001,13,5,0.55,0.2,1000,restricted_80,aggregation,0.7053485833952716,,,0.6522739474491559
8275,1001,13,5,0.55,0.2,1000,restricted_80,aggregation,0.7054619511818455,,,0.6519532460594962
8276,1001,13,5,0.55,0.2,1000,restricted_80,aggregation,0.7047805800267645,,,0.6515849121249123
8277,1001,13,5,0.55,0.2,1000,restricted_80,aggregation,0.7053352904124296,,,0.6524980441395025
8278,1001,13,5,0.55,0.2,1000,restricted_80,aggregation,0.7038078624180916,,,0.6504921851759353
8279,1001,13,5,0.55,0.2,1000,restricted_80,aggregation,0.7053589501448698,,,0.6521429512462846
8280,1001,13,5,0.55,0.2,1000,restricted_80,aggregation,0.7050955382129753,,,0.651462652879528
8281,1001,13,5,0.55,0.2,1000,restricted_80,aggregation,0.7048236212334316,,,0.6515389658412577
8282,1001,13,5,0.55,0.2,1000,restricted_80,aggregation,0.7043871787574963,,,0.6511137722771057
8283,1001,13,5,0.55,0.2,1000,restricted_80,aggregation,0.7048092591315102,,,0.6520014824681492
8284,1001,13,5,0.55,0.2,1000,restricted_80,aggregation,0.7052741332971499,,,0.651832889093931
8285,1001,13,5,0.55,0.2,1000,restricted_80,aggregation,0.7044311069392988,,,0.6511406386591805
8286,1001,13,5,0.55,0.2,1000,restricted_80,aggregation,0.7048662827912586,,,0.651764712949088
8287,1001,13,5,0.55,0.2,1000,restricted_80,aggregation,0.7050545418167763,,,0.6516772380474466
8288,1001,13,5,0.55,0.2,1000,restricted_80,aggregation,0.704480477495607,,,0.6515551142144894
8289,1001,13,5,0.55,0.2,1000,restricted_80,aggregation,0.7050205173659404,,,0.6521767047458715
8290,1001,13,5,0.55,0.2,1000,restricted_80,aggregation,0.7038358151133484,,,0.6510816404120572
8291,1001,13,5,0.55,0.2,1000,restricted_80,aggregation,0.7053916747118654,,,0.6523201008173926
8292,1001,13,5,0.55,0.2,1000,restricted_80,aggregation,0.7050316039764785,,,0.6517580749420334
8293,1001,13,5,0.55,0.2,1000,restricted_80,aggregation,0.7040821371944563,,,0.6508334364863533
8294,1001,13,5,0.55,0.2,1000,restricted_80,aggregation,0.7047322987794992,,,0.6518051486091071
8295,1001,13,5,0.55,0.2,1000,restricted_80,aggregation,0.7050784151696325,,,0.6523506704175456
8296,1001,13,5,0.55,0.2,1000,restricted_80,aggregation,0.7054255130448027,,,0.6526925650506902
8297,1001,13,5,0.55,0.2,1000,restricted_80,aggregation,0.7042921152192225,,,0.651055242134409
8298,1001,13,5,0.55,0.2,1000,restricted_80,aggregation,0.7047925881778949,,,0.6516019543188294
8299,1001,13,5,0.55,0.2,1000,restricted_80,aggregation,0.7050057886895881,,,0.6518023073068908
8300,1001,13,5,0.55,0.2,1000,restricted_80,aggregation,0.7052422735585467,,,0.6516845997135582
8301,1001,13,5,0.55,0.2,1000,restricted_80,aggregation,0.7049012798193612,,,0.6520701072846907
8302,1001,13,5,0.55,0.2,1000,restricted_80,aggregation,0.70501537477048,,,0.6525653726982895
8303,1001,13,5,0.55,0.2,1000,restricted_80,aggregation,0.7049453650994774,,,0.6518893286882872
8304,1001,13,5,0.55,0.2,1000,restricted_80,aggregation,0.7041494531522071,,,0.6509987084597503
8305,1001,13,5,0.55,0.2,1000,restricted_80,aggregation,0.7044528626676645,,,0.6511839870391956
8306,1001,13,5,0.55,0.2,1000,restricted_80,aggregation,0.7052018202257401,,,0.6522733950925619
8307,1001,13,5,0.55,0.2,1000,restricted_80,aggregation,0.705111314886782,,,0.6521334866753618
8308,1001,13,5,0.55,0.2,1000,restricted_80,aggregation,0.7058345555200002,,,0.6527274239186741
8309,1001,13,5,0.55,0.2,1000,restricted_80,aggregation,0.7043113861124293,,,0.6506889664810499
8310,1001,13,5,0.55,0.2,1000,restricted_80,aggregation,0.704809506443937,,,0.6518317517050851
8311,1001,13,5,0.55,0.2,1000,restricted_80,aggregation,0.704743721383253,,,0.6512108880625548
8312,1001,13,5,0.55,0.2,1000,restricted_80,aggregation,0.7052236737297565,,,0.6522596672309173
8313,1001,13,5,0.55,0.2,1000,restricted_80,aggregation,0.7054157772452606,,,0.6526385387066638
8314,1001,13,5,0.55,0.2,1000,restricted_80,aggregation,0.7049602163728358,,,0.6518350803132054
8315,1001,13,5,0.55,0.2,1000,restricted_80,aggregation,0.7046190666044801,,,0.6513508270433271
8316,1001,13,5,0.55,0.2,1000,restricted_80,aggregation,0.7039965025829633,,,0.6507261522813608
8317,1001,13,5,0.55,0.2,1000,restricted_80,aggregation,0.7042912268385049,,,0.6512830470378388
8318,1001,13,5,0.55,0.2,1000,restricted_80,aggregation,0.7053301498240865,,,0.6518574730130982
8319,1001,13,5,0.55,0.2,1000,restricted_80,aggregation,0.7047199649210333,,,0.6515676797662215
8320,1001,13,5,0.55,0.2,1000,restricted_80,aggregation,0.7053392116839002,,,0.6523742882811635
8321,1001,13,5,0.55,0.2,1000,restricted_80,aggregation,0.7049242758221127,,,0.6514364129774548
8322,1001,13,5,0.55,0.2,1000,restricted_80,aggregation,0.7049025780521274,,,0.6519583999796501
8323,1001,13,5,0.55,0.2,1000,restricted_80,aggregation,0.7053082554869349,,,0.6527081283762536
8324,1001,13,5,0.55,0.2,1000,restricted_80,aggregation,0.7051212336109887,,,0.6520483061922646
8325,1001,13,5,0.55,0.2,1000,restricted_80,aggregation,0.7050733205866917,,,0.6525488995957748
8326,1001,13,5,0.55,0.2,1000,restricted_80,aggregation,0.7047504697631257,,,0.6514290095938013
8327,1001,13,5,0.55,0.2,1000,restricted_80,aggregation,0.7051993397003729,,,0.6523756844313094
8328,1001,13,5,0.55,0.2,1000,restricted_80,aggregation,0.7053954689804647,,,0.6526185864983783
8329,1001,13,5,0.55,0.2,1000,restricted_80,aggregation,0.7048569163531492,,,0.651680183049975
8330,1001,13,5,0.55,0.2,1000,restricted_80,aggregation,0.7053336655549132,,,0.6523614913712831
8331,1001,13,5,0.55,0.2,1000,restricted_80,aggregation,0.7041633425938063,,,0.6509880420505422
8332,1001,13,5,0.55,0.2,1000,restricted_80,aggregation,0.7042615893534646,,,0.6512550628152713
8333,1001,13,5,0.55,0.2,1000,restricted_80,aggregation,0.7053316548737497,,,0.6518990793851213
8334,1001,13,5,0.55,0.2,1000,restricted_80,aggregation,0.7052959547325761,,,0.6514068993352329
8335,1001,13,5,0.55,0.2,1000,restricted_80,aggregation,0.7049314301115185,,,0.6515069581807085
8336,1001,13,5,0.55,0.2,1000,restricted_80,aggregation,0.7044708780302332,,,0.6511294310550562
8337,1001,13,5,0.55,0.2,1000,restricted_80,aggregation,0.7042754516159515,,,0.6508533441173026
8338,1001,13,5,0.55,0.2,1000,restricted_80,aggregation,0.7040303290903502,,,0.6505919373296458
8339,1001,13,5,0.55,0.2,1000,restricted_80,aggregation,0.7055630229102837,,,0.6525891999744083
8340,1001,13,5,0.55,0.2,1000,restricted_80,aggregation,0.7050746696589173,,,0.6524674135740804
8341,1001,13,5,0.55,0.2,1000,restricted_80,aggregation,0.7044487185193522,,,0.6508283652150321
8342,1001,13,5,0.55,0.2,1000,restricted_80,aggregation,0.7043753660603957,,,0.6511690682774016
8343,1001,13,5,0.55,0.2,1000,restricted_80,aggregation,0.7041951554917584,,,0.6511700577508912
8344,1001,13,5,0.55,0.2,1000,restricted_80,aggregation,0.7051083964192137,,,0.6519655336715755
8345,1001,13,5,0.55,0.2,1000,restricted_80,aggregation,0.7053113968014639,,,0.6521750742698661
8346,1001,13,5,0.55,0.2,1000,restricted_80,aggregation,0.7046921195369508,,,0.6511535210545628
8347,1001,13,5,0.55,0.2,1000,restricted_80,aggregation,0.7054242495983309,,,0.6521706246068748
8348,1001,13,5,0.55,0.2,1000,restricted_80,aggregation,0.7050116844903471,,,0.6515628532655617
8349,1001,13,5,0.55,0.2,1000,restricted_80,aggregation,0.7043114558546418,,,0.6513253779862115
8350,1001,13,5,0.55,0.2,1000,restricted_80,aggregation,0.7053325601033542,,,0.6523405793126626
8351,1001,13,5,0.55,0.2,1000,restricted_80,aggregation,0.704118646884415,,,0.6508472865406201
8352,1001,13,5,0.55,0.2,1000,restricted_80,aggregation,0.7044069063296409,,,0.6514601628387046
8353,1001,13,5,0.55,0.2,1000,restricted_80,aggregation,0.7048346124453956,,,0.652063281810782
8354,1001,13,5,0.55,0.2,1000,restricted_80,aggregation,0.7052271364838401,,,0.6523657556101308
8355,1001,13,5,0.55,0.2,1000,restricted_80,aggregation,0.70417401490931,,,0.6514195617268537
8356,1001,13,5,0.55,0.2,1000,restricted_80,aggregation,0.7055348541562031,,,0.6523751790416374
8357,1001,13,5,0.55,0.2,1000,restricted_80,aggregation,0.7055204667555639,,,0.6522515887584638
8358,1001,13,5,0.55,0.2,1000,restricted_80,aggregation,0.7042611867653273,,,0.6511036145259064
8359,1001,13,5,0.55,0.2,1000,restricted_80,aggregation,0.7048077000204607,,,0.6515329980359147
8360,1001,13,5,0.55,0.2,1000,restricted_80,aggregation,0.7043946099012226,,,0.6512651900799817
8361,1001,13,5,0.55,0.2,1000,restricted_80,aggregation,0.705325010935169,,,0.65281761825366
8362,1001,13,5,0.55,0.2,1000,restricted_80,aggregation,0.7052851977586927,,,0.6525837177560095
8363,1001,13,5,0.55,0.2,1000,restricted_80,aggregation,0.7045909461751009,,,0.6514828594014013
8364,1001,13,5,0.55,0.2,1000,restricted_80,aggregation,0.7042939618716137,,,0.651757347498181
8365,1001,13,5,0.55,0.2,1000,restricted_80,aggregation,0.7052259605468384,,,0.6519102610121361
8366,1001,13,5,0.55,0.2,1000,restricted_80,aggregation,0.7046842658677974,,,0.6519033045272631
8367,1001,13,5,0.55,0.2,1000,restricted_80,aggregation,0.7044233851251925,,,0.6514249417326502
8368,1001,13,5,0.55,0.2,1000,restricted_80,aggregation,0.7047199414768524,,,0.6507466150978654
8369,1001,13,5,0.55,0.2,1000,restricted_80,aggregation,0.7049315237676747,,,0.6513009005423591
8370,1001,13,5,0.55,0.2,1000,restricted_80,aggregation,0.7052403246652067,,,0.6519879185629187
8371,1001,13,5,0.55,0.2,1000,restricted_80,aggregation,0.7053214570208671,,,0.6523592990574242
8372,1001,13,5,0.55,0.2,1000,restricted_80,aggregation,0.7053732487491193,,,0.6520437602289687
8373,1001,13,5,0.55,0.2,1000,restricted_80,aggregation,0.7042846391557451,,,0.650813878020128
8374,1001,13,5,0.55,0.2,1000,restricted_80,aggregation,0.7043838373712656,,,0.6506425101518852
8375,1001,13,5,0.55,0.2,1000,restricted_80,aggregation,0.7050065932286997,,,0.6516360749358668
8376,1001,13,5,0.55,0.2,1000,restricted_80,aggregation,0.7044312200501842,,,0.652115626757502
8377,1001,13,5,0.55,0.2,1000,restricted_80,aggregation,0.704470021245655,,,0.6516387957567125
8378,1001,13,5,0.55,0.2,1000,restricted_80,aggregation,0.7044674235699466,,,0.6509141661887498
8379,1001,13,5,0.55,0.2,1000,restricted_80,aggregation,0.7049468977544934,,,0.6514271847982265
8380,1001,13,5,0.55,0.2,1000,restricted_80,aggregation,0.7050218230723425,,,0.6517589803098138
8381,1001,13,5,0.55,0.2,1000,restricted_80,aggregation,0.7045809910675621,,,0.6509615296509048
8382,1001,13,5,0.55,0.2,1000,restricted_80,aggregation,0.7050178055304466,,,0.6518021897932316
8383,1001,13,5,0.55,0.2,1000,restricted_80,aggregation,0.7051511565354969,,,0.6518098639246557
8384,1001,13,5,0.55,0.2,1000,restricted_80,aggregation,0.7055440417393415,,,0.6522392588044672
8385,1001,13,5,0.55,0.2,1000,restricted_80,aggregation,0.7043599645584262,,,0.6514155737472406
8386,1001,13,5,0.55,0.2,1000,restricted_80,aggregation,0.7043122949041845,,,0.6511851707012125
8387,1001,13,5,0.55,0.2,1000,restricted_80,aggregation,0.7056538743069534,,,0.6528459381898967
8388,1001,13,5,0.55,0.2,1000,restricted_80,aggregation,0.7052916264104724,,,0.652156703874829
8389,1001,13,5,0.55,0.2,1000,restricted_80,aggregation,0.7054766461781308,,,0.6515612731866899
8390,1001,13,5,0.55,0.2,1000,restricted_80,aggregation,0.7051855537768265,,,0.6517620472197557
8391,1001,13,5,0.55,0.2,1000,restricted_80,aggregation,0.7045808256792077,,,0.6511328469524305
8392,1001,13,5,0.55,0.2,1000,restricted_80,aggregation,0.7042515406536478,,,0.6513656229110397
8393,1001,13,5,0.55,0.2,1000,restricted_80,aggregation,0.7052155304204277,,,0.651963020891146
8394,1001,13,5,0.55,0.2,1000,restricted_80,aggregation,0.7055133239073496,,,0.6523345600156019
8395,1001,13,5,0.55,0.2,1000,restricted_80,aggregation,0.7050941966307062,,,0.652020666833167
8396,1001,13,5,0.55,0.2,1000,restricted_80,aggregation,0.7049237239097017,,,0.6517745473970474
8397,1001,13,5,0.55,0.2,1000,restricted_80,aggregation,0.7046803645637699,,,0.6513208030935116
8398,1001,13,5,0.55,0.2,1000,restricted_80,aggregation,0.7049349482222977,,,0.6520006264568766
8399,1001,13,5,0.55,0.2,1000,restricted_80,aggregation,0.7054575131206214,,,0.6516719248190083
8400,1001,13,5,0.55,0.2,1000,restricted_80,aggregation,0.7046665174936527,,,0.6519291036432704
8401,1001,13,5,0.55,0.2,1000,restricted_80,aggregation,0.7049479778113416,,,0.6518784729468065
8402,1001,13,5,0.55,0.2,1000,restricted_80,aggregation,0.7049431149718398,,,0.651893997537956
8403,1001,13,5,0.55,0.2,1000,restricted_80,aggregation,0.7038561742573431,,,0.6504300848302934
8404,1001,13,5,0.55,0.2,1000,restricted_80,aggregation,0.7050536196067109,,,0.6520084943066193
8405,1001,13,5,0.55,0.2,1000,restricted_80,aggregation,0.7044495049424184,,,0.651737280643739
8406,1001,13,5,0.55,0.2,1000,restricted_80,aggregation,0.7044224227132885,,,0.6512799690433025
8407,1001,13,5,0.55,0.2,1000,restricted_80,aggregation,0.7055489821479142,,,0.6522027748871501
8408,1001,13,5,0.55,0.2,1000,restricted_80,aggregation,0.70504855184804,,,0.6521561214094548
8409,1001,13,5,0.55,0.2,1000,restricted_80,aggregation,0.7049568583221811,,,0.6519506361770946
8410,1001,13,5,0.55,0.2,1000,restricted_80,aggregation,0.7047763719169122,,,0.651591980480939
8411,1001,13,5,0.55,0.2,1000,restricted_80,aggregation,0.7048281574542946,,,0.6512856001560169
8412,1001,13,5,0.55,0.2,1000,restricted_80,aggregation,0.7043016307254207,,,0.6513373246429499
8413,1001,13,5,0.55,0.2,1000,restricted_80,aggregation,0.7039183763513167,,,0.6509985421214589
8414,1001,13,5,0.55,0.2,1000,restricted_80,aggregation,0.7050480440848582,,,0.6519236034490201
8415,1001,13,5,0.55,0.2,1000,restricted_80,aggregation,0.7055482048331317,,,0.6519564951483704
8416,1001,13,5,0.55,0.2,1000,restricted_80,aggregation,0.7049929037587589,,,0.6516174989747907
8417,1001,13,5,0.55,0.2,1000,restricted_80,aggregation,0.7051393634467733,,,0.6519534818730653
8418,1001,13,5,0.55,0.2,1000,restricted_80,aggregation,0.7055087345855554,,,0.6523103693297445
8419,1001,13,5,0.55,0.2,1000,restricted_80,aggregation,0.7049401403229515,,,0.6519473743154995
8420,1001,13,5,0.55,0.2,1000,restricted_80,aggregation,0.7053529546766953,,,0.6523947322430658
8421,1001,13,5,0.55,0.2,1000,restricted_80,aggregation,0.7051136441859017,,,0.6521734891728643
8422,1001,13,5,0.55,0.2,1000,restricted_80,aggregation,0.7048476116943202,,,0.6516816404197655
8423,1001,13,5,0.55,0.2,1000,restricted_80,aggregation,0.7051313003312493,,,0.6521901923385258
8424,1001,13,5,0.55,0.2,1000,restricted_80,aggregation,0.7044925035401074,,,0.6514592089546257
8425,1001,13,5,0.55,0.2,1000,restricted_80,aggregation,0.7050637692664997,,,0.6516049088257423
8426,1001,13,5,0.55,0.2,1000,restricted_80,aggregation,0.7043998425000673,,,0.6519051574659909
8427,1001,13,5,0.55,0.2,1000,restricted_80,aggregation,0.7052402497162794,,,0.6517813014685931
8428,1001,13,5,0.55,0.2,1000,restricted_80,aggregation,0.7048343723685996,,,0.6513047370530706
8429,1001,13,5,0.55,0.2,1000,restricted_80,aggregation,0.7049690548629256,,,0.6518045163709748
8430,1001,13,5,0.55,0.2,1000,restricted_80,aggregation,0.70455815206123,,,0.6508728270263687
8431,1001,13,5,0.55,0.2,1000,restricted_80,aggregation,0.7045442941832785,,,0.6511943164088998
8432,1001,13,5,0.55,0.2,1000,restricted_80,aggregation,0.7046646234832493,,,0.6515517053702472
8433,1001,13,5,0.55,0.2,1000,restricted_80,aggregation,0.704705255929062,,,0.6516277291150209
8434,1001,13,5,0.55,0.2,1000,restricted_80,aggregation,0.7044021486531543,,,0.6511553116867702
8435,1001,13,5,0.55,0.2,1000,restricted_80,aggregation,0.7048535062934459,,,0.6512899800353968
8436,1001,13,5,0.55,0.2,1000,restricted_80,aggregation,0.7051150018423665,,,0.6519295220520221
8437,1001,13,5,0.55,0.2,1000,restricted_80,aggregation,0.7047993527153473,,,0.6518280802839137
8438,1001,13,5,0.55,0.2,1000,restricted_80,aggregation,0.7048837434828804,,,0.6511797043234544
8439,1001,13,5,0.55,0.2,1000,restricted_80,aggregation,0.7050115099132428,,,0.6519781789660958
8440,1001,13,5,0.55,0.2,1000,restricted_80,aggregation,0.7046255668195456,,,0.6517462920490005
8441,1001,13,5,0.55,0.2,1000,restricted_80,aggregation,0.7047546653290538,,,0.6513826466049385
8442,1001,13,5,0.55,0.2,1000,restricted_80,aggregation,0.7043913285626069,,,0.6506243847895933
8443,1001,13,5,0.55,0.2,1000,restricted_80,aggregation,0.704494013986236,,,0.6513143519828938
8444,1001,13,5,0.55,0.2,1000,restricted_80,aggregation,0.7050884898308246,,,0.6523757722216058
8445,1001,13,5,0.55,0.2,1000,restricted_80,aggregation,0.7048825708549756,,,0.6521570033747118
8446,1001,13,5,0.55,0.2,1000,restricted_80,aggregation,0.7054538098869957,,,0.6521459315144733
8447,1001,13,5,0.55,0.2,1000,restricted_80,aggregation,0.7053254395398906,,,0.6521055210761462
8448,1001,13,5,0.55,0.2,1000,restricted_80,aggregation,0.7055242251258397,,,0.6519319049160718
8449,1001,13,5,0.55,0.2,1000,restricted_80,aggregation,0.7043216446236682,,,0.6514152811463229
8450,1001,13,5,0.55,0.2,1000,restricted_80,aggregation,0.7047053887384207,,,0.6516424658135076
8451,1001,13,5,0.55,0.2,1000,restricted_80,aggregation,0.7045114524176559,,,0.6511167603846773
8452,1001,13,5,0.55,0.2,1000,restricted_80,aggregation,0.704048383726343,,,0.6507522394657812
8453,1001,13,5,0.55,0.2,1000,restricted_80,aggregation,0.7046568534021468,,,0.6511655417961669
8454,1001,13,5,0.55,0.2,1000,restricted_80,aggregation,0.7051998882562108,,,0.6517968469724722
8455,1001,13,5,0.55,0.2,1000,restricted_80,aggregation,0.7049278703786571,,,0.651726859197901
8456,1001,13,5,0.55,0.2,1000,restricted_80,aggregation,0.7055037339070581,,,0.6519741099872353
8457,1001,13,5,0.55,0.2,1000,restricted_80,aggregation,0.7051440845889242,,,0.652001445845821
8458,1001,13,5,0.55,0.2,1000,restricted_80,aggregation,0.7045921929229139,,,0.6508616904391905
8459,1001,13,5,0.55,0.2,1000,restricted_80,aggregation,0.7041145320423648,,,0.6514381959013211
8460,1001,13,5,0.55,0.2,1000,restricted_80,aggregation,0.7052526969802512,,,0.6521537480729149
8461,1001,13,5,0.55,0.2,1000,restricted_80,aggregation,0.7051198595307366,,,0.6515047159476327
8462,1001,13,5,0.55,0.2,1000,restricted_80,aggregation,0.7045613460623857,,,0.6511592930063765
8463,1001,13,5,0.55,0.2,1000,restricted_80,aggregation,0.7048653611675686,,,0.6520097323972325
8464,1001,13,5,0.55,0.2,1000,restricted_80,aggregation,0.705316087260324,,,0.6522384416894835
8465,1001,13,5,0.55,0.2,1000,restricted_80,aggregation,0.705018104254532,,,0.6526759666645083
8466,1001,13,5,0.55,0.2,1000,restricted_80,aggregation,0.704487214255103,,,0.6511457044498712
8467,1001,13,5,0.55,0.2,1000,restricted_80,aggregation,0.7049709006310779,,,0.6519251097282348
8468,1001,13,5,0.55,0.2,1000,restricted_80,aggregation,0.7046484377056432,,,0.6511682983837151
8469,1001,13,5,0.55,0.2,1000,restricted_80,aggregation,0.7045832466705321,,,0.6510283080422665
8470,1001,13,5,0.55,0.2,1000,restricted_80,aggregation,0.705153553696372,,,0.6518694104814939
8471,1001,13,5,0.55,0.2,1000,restricted_80,aggregation,0.7047044686977632,,,0.6509987687312689
8472,1001,13,5,0.55,0.2,1000,restricted_80,aggregation,0.7047568568506006,,,0.651998106099148
8473,1001,13,5,0.55,0.2,1000,restricted_80,aggregation,0.7044273808278322,,,0.6514942537246705
8474,1001,13,5,0.55,0.2,1000,restricted_80,aggregation,0.7053547178451427,,,0.6521213383452968
8475,1001,13,5,0.55,0.2,1000,restricted_80,aggregation,0.7051063674881496,,,0.6522208289318707
8476,1001,13,5,0.55,0.2,1000,restricted_80,aggregation,0.7045037865617642,,,0.6516356776556778
8477,1001,13,5,0.55,0.2,1000,restricted_80,aggregation,0.7054150089931084,,,0.6523293307849559
8478,1001,13,5,0.55,0.2,1000,restricted_80,aggregation,0.7048882183151775,,,0.65154231990232
8479,1001,13,5,0.55,0.2,1000,restricted_80,aggregation,0.7053458109554471,,,0.6520158887794305
8480,1001,13,5,0.55,0.2,1000,restricted_80,aggregation,0.7049870833716464,,,0.6516139572695824
8481,1001,13,5,0.55,0.2,1000,restricted_80,aggregation,0.7049484458981572,,,0.6516346699673785
8482,1001,13,5,0.55,0.2,1000,restricted_80,aggregation,0.7056687659213402,,,0.6528105259632344
8483,1001,13,5,0.55,0.2,1000,restricted_80,aggregation,0.7042380238493846,,,0.6508853502824338
8484,1001,13,5,0.55,0.2,1000,restricted_80,aggregation,0.7037882386372384,,,0.6508053317978318
8485,1001,13,5,0.55,0.2,1000,restricted_80,aggregation,0.7046984024552707,,,0.6518276458957709
8486,1001,13,5,0.55,0.2,1000,restricted_80,aggregation,0.7050452011930124,,,0.6520095551824721
8487,1001,13,5,0.55,0.2,1000,restricted_80,aggregation,0.7047075954413771,,,0.6514789994264996
8488,1001,13,5,0.55,0.2,1000,restricted_80,aggregation,0.7045240589454784,,,0.6508924299234717
8489,1001,13,5,0.55,0.2,1000,restricted_80,aggregation,0.7032082912098887,,,0.6499646588673673
8490,1001,13,5,0.55,0.2,1000,restricted_80,aggregation,0.7047495323331491,,,0.6515038013375515
8491,1001,13,5,0.55,0.2,1000,restricted_80,aggregation,0.7043011234876002,,,0.6509167996124248
8492,1001,13,5,0.55,0.2,1000,restricted_80,aggregation,0.7048486835727111,,,0.6518586767013851
8493,1001,13,5,0.55,0.2,1000,restricted_80,aggregation,0.7046342981960986,,,0.6512993911643913
8494,1001,13,5,0.55,0.2,1000,restricted_80,aggregation,0.7047657273230022,,,0.651481517155684
8495,1001,13,5,0.55,0.2,1000,restricted_80,aggregation,0.7046806738835529,,,0.6519161444959364
8496,1001,13,5,0.55,0.2,1000,restricted_80,aggregation,0.7045531153374862,,,0.6513017993657578
8497,1001,13,5,0.55,0.2,1000,restricted_80,aggregation,0.7051120406926787,,,0.6521523756644592
8498,1001,13,5,0.55,0.2,1000,restricted_80,aggregation,0.7043486817467693,,,0.65128753498816
8499,1001,13,5,0.55,0.2,1000,restricted_80,aggregation,0.7056487190742784,,,0.6527463586413588
8500,1001,13,5,0.55,0.2,1000,restricted_80,aggregation,0.7045641362570352,,,0.6516375752025754
8501,1001,13,5,0.55,0.2,1000,restricted_80,aggregation,0.7056787508420505,,,0.6524894832713584
8502,1001,13,5,0.55,0.2,1000,restricted_80,aggregation,0.7048948396958536,,,0.6523401066448984
8503,1001,13,5,0.55,0.2,1000,restricted_80,aggregation,0.7051209773369163,,,0.6520242713690632
8504,1001,13,5,0.55,0.2,1000,restricted_80,aggregation,0.705097259830868,,,0.6521930662161914
8505,1001,13,5,0.55,0.2,1000,restricted_80,aggregation,0.704929852275658,,,0.6520311460221878
8506,1001,13,5,0.55,0.2,1000,restricted_80,aggregation,0.7052852651689168,,,0.6520140132167217
8507,1001,13,5,0.55,0.2,1000,restricted_80,aggregation,0.7062902958190601,,,0.6531576953293622
8508,1001,13,5,0.55,0.2,1000,restricted_80,aggregation,0.7054507220534725,,,0.6526501451634786
8509,1001,13,5,0.55,0.2,1000,restricted_80,aggregation,0.7060623039769589,,,0.6527254820873573
8510,1001,13,5,0.55,0.2,1000,restricted_80,aggregation,0.705137458780015,,,0.651660027750028
8511,1001,13,5,0.55,0.2,1000,restricted_80,aggregation,0.7046938221759717,,,0.6515294180202514
8512,1001,13,5,0.55,0.2,1000,restricted_80,aggregation,0.7060545287658091,,,0.6533408275443693
8513,1001,13,5,0.55,0.2,1000,restricted_80,aggregation,0.7051568192094848,,,0.6522993440047609
8514,1001,13,5,0.55,0.2,1000,restricted_80,aggregation,0.7053435665089485,,,0.6524377346187765
8515,1001,13,5,0.55,0.2,1000,restricted_80,aggregation,0.7045615228725778,,,0.6515730745643247
8516,1001,13,5,0.55,0.2,1000,restricted_80,aggregation,0.7046391821970501,,,0.6515502587381756
8517,1001,13,5,0.55,0.2,1000,restricted_80,aggregation,0.7056999057870706,,,0.6528947759956094
8518,1001,13,5,0.55,0.2,1000,restricted_80,aggregation,0.7045105371517779,,,0.6513386920795254
8519,1001,13,5,0.55,0.2,1000,restricted_80,aggregation,0.7049945280183595,,,0.6518480640732724
8520,1001,13,5,0.55,0.2,1000,restricted_80,aggregation,0.7046575790194813,,,0.6515091322489241
8521,1001,13,5,0.55,0.2,1000,restricted_80,aggregation,0.705092324498041,,,0.6515838643146978
8522,1001,13,5,0.55,0.2,1000,restricted_80,aggregation,0.7046905437972224,,,0.6511020129484715
8523,1001,13,5,0.55,0.2,1000,restricted_80,aggregation,0.7057890096045045,,,0.652863308843934
8524,1001,13,5,0.55,0.2,1000,restricted_80,aggregation,0.7045044765787347,,,0.6508632547313797
8525,1001,13,5,0.55,0.2,1000,restricted_80,aggregation,0.7046717623445103,,,0.6514664014149433
8526,1001,13,5,0.55,0.2,1000,restricted_80,aggregation,0.7051873164585752,,,0.6524635181793517
8527,1001,13,5,0.55,0.2,1000,restricted_80,aggregation,0.7048858745015885,,,0.6515068156303573
8528,1001,13,5,0.55,0.2,1000,restricted_80,aggregation,0.7047553579044896,,,0.651730437510021
8529,1001,13,5,0.55,0.2,1000,restricted_80,aggregation,0.7053230810080908,,,0.652320192569776
8530,1001,13,5,0.55,0.2,1000,restricted_80,aggregation,0.7051415373046539,,,0.652638247886373
8531,1001,13,5,0.55,0.2,1000,restricted_80,aggregation,0.7053503172963891,,,0.6527592706984376
8532,1001,13,5,0.55,0.2,1000,restricted_80,aggregation,0.7048769192747272,,,0.6518923536879788
8533,1001,13,5,0.55,0.2,1000,restricted_80,aggregation,0.7052018194592553,,,0.6519653885080969
8534,1001,13,5,0.55,0.2,1000,restricted_80,aggregation,0.7057657971872363,,,0.6526003856174691
8535,1001,13,5,0.55,0.2,1000,restricted_80,aggregation,0.7040089319711655,,,0.6508260370185371
8536,1001,13,5,0.55,0.2,1000,restricted_80,aggregation,0.705750471519721,,,0.6523131722675475
8537,1001,13,5,0.55,0.2,1000,restricted_80,aggregation,0.7041501429091407,,,0.6511246794871797
8538,1001,13,5,0.55,0.2,1000,restricted_80,aggregation,0.7050280316243633,,,0.6520094569936238
8539,1001,13,5,0.55,0.2,1000,restricted_80,aggregation,0.7051906272488762,,,0.6522369422706924
8540,1001,13,5,0.55,0.2,1000,restricted_80,aggregation,0.7044018035547739,,,0.6510020169259754
8541,1001,13,5,0.55,0.2,1000,restricted_80,aggregation,0.7045370193813365,,,0.651364735187652
8542,1001,13,5,0.55,0.2,1000,restricted_80,aggregation,0.7045675561909058,,,0.6513843664129082
8543,1001,13,5,0.55,0.2,1000,restricted_80,aggregation,0.7049123555036044,,,0.6521863691247025
8544,1001,13,5,0.55,0.2,1000,restricted_80,aggregation,0.7050170048931728,,,0.6516796445761031
8545,1001,13,5,0.55,0.2,1000,restricted_80,aggregation,0.7054033440084139,,,0.6522310695169029
8546,1001,13,5,0.55,0.2,1000,restricted_80,aggregation,0.7052367564846441,,,0.652155683197975
8547,1001,13,5,0.55,0.2,1000,restricted_80,aggregation,0.7050084329674091,,,0.6520877802367386
8548,1001,13,5,0.55,0.2,1000,restricted_80,aggregation,0.7048814762426575,,,0.6524838479730148
8549,1001,13,5,0.55,0.2,1000,restricted_80,aggregation,0.7042322017767774,,,0.6512317293971462
8550,1001,13,5,0.55,0.2,1000,restricted_80,aggregation,0.7049175907032816,,,0.6516570296909882
8551,1001,13,5,0.55,0.2,1000,restricted_80,aggregation,0.704471602336301,,,0.6517224862251947
8552,1001,13,5,0.55,0.2,1000,restricted_80,aggregation,0.7041225598024646,,,0.6508648172275258
8553,1001,13,5,0.55,0.2,1000,restricted_80,aggregation,0.7046490203754401,,,0.6521068350322519
8554,1001,13,5,0.55,0.2,1000,restricted_80,aggregation,0.7052274710313419,,,0.6522775632083967
8555,1001,13,5,0.55,0.2,1000,restricted_80,aggregation,0.7045477988050379,,,0.6513215566455149
8556,1001,13,5,0.55,0.2,1000,restricted_80,aggregation,0.7050714006071036,,,0.65179057663016
8557,1001,13,5,0.55,0.2,1000,restricted_80,aggregation,0.7050993303152063,,,0.6514434935049519
8558,1001,13,5,0.55,0.2,1000,restricted_80,aggregation,0.704783496067944,,,0.6516154116562451
8559,1001,13,5,0.55,0.2,1000,restricted_80,aggregation,0.705277494790925,,,0.6520373316035817
8560,1001,13,5,0.55,0.2,1000,restricted_80,aggregation,0.7051362312695222,,,0.6522005881695466
8561,1001,13,5,0.55,0.2,1000,restricted_80,aggregation,0.704375274781952,,,0.6509539665427166
8562,1001,13,5,0.55,0.2,1000,restricted_80,aggregation,0.7039908367538951,,,0.6508784641747144
8563,1001,13,5,0.55,0.2,1000,restricted_80,aggregation,0.7052431619475324,,,0.6517277432444101
8564,1001,13,5,0.55,0.2,1000,restricted_80,aggregation,0.7053063567538147,,,0.651813630158422
8565,1001,13,5,0.55,0.2,1000,restricted_80,aggregation,0.7052652825369775,,,0.651929088673672
8566,1001,13,5,0.55,0.2,1000,restricted_80,aggregation,0.704227575583307,,,0.6509935723458641
8567,1001,13,5,0.55,0.2,1000,restricted_80,aggregation,0.7038475686081259,,,0.6499330047036298
8568,1001,13,5,0.55,0.2,1000,restricted_80,aggregation,0.7051986910474438,,,0.6517702272573107
8569,1001,13,5,0.55,0.2,1000,restricted_80,aggregation,0.705271325585966,,,0.6516157902282903
8570,1001,13,5,0.55,0.2,1000,restricted_80,aggregation,0.7052506222273942,,,0.6518882023686192
8571,1001,13,5,0.55,0.2,1000,restricted_80,aggregation,0.7052449043267349,,,0.6520033427606347
8572,1001,13,5,0.55,0.2,1000,restricted_80,aggregation,0.7053029689288575,,,0.6522347959216711
8573,1001,13,5,0.55,0.2,1000,restricted_80,aggregation,0.7054018561055072,,,0.6525130478086728
8574,1001,13,5,0.55,0.2,1000,restricted_80,aggregation,0.7051163891644848,,,0.6518389466551967
8575,1001,13,5,0.55,0.2,1000,restricted_80,aggregation,0.7049310505107569,,,0.6516985245849831
8576,1001,13,5,0.55,0.2,1000,restricted_80,aggregation,0.7043110618073325,,,0.651193788557122
8577,1001,13,5,0.55,0.2,1000,restricted_80,aggregation,0.7050985871768167,,,0.6521236089296507
8578,1001,13,5,0.55,0.2,1000,restricted_80,aggregation,0.7057934292974368,,,0.6528922345016097
8579,1001,13,5,0.55,0.2,1000,restricted_80,aggregation,0.7052185881517615,,,0.6518401189474109
8580,1001,13,5,0.55,0.2,1000,restricted_80,aggregation,0.7049100560617331,,,0.6521058847556765
8581,1001,13,5,0.55,0.2,1000,restricted_80,aggregation,0.7051909905153554,,,0.6518546725727977
8582,1001,13,5,0.55,0.2,1000,restricted_80,aggregation,0.7048146002916302,,,0.6513693790006292
8583,1001,13,5,0.55,0.2,1000,restricted_80,aggregation,0.7057806746041663,,,0.6525010377122878
8584,1001,13,5,0.55,0.2,1000,restricted_80,aggregation,0.7047133367054843,,,0.6516543471805973
8585,1001,13,5,0.55,0.2,1000,restricted_80,aggregation,0.7046642964951181,,,0.6514026592234928
8586,1001,13,5,0.55,0.2,1000,restricted_80,aggregation,0.7045763179626274,,,0.6511068187753606
8587,1001,13,5,0.55,0.2,1000,restricted_80,aggregation,0.7043150983694278,,,0.6515926760662178
8588,1001,13,5,0.55,0.2,1000,restricted_80,aggregation,0.705590576615772,,,0.6529027249216834
8589,1001,13,5,0.55,0.2,1000,restricted_80,aggregation,0.7047339947245563,,,0.6517808563735648
8590,1001,13,5,0.55,0.2,1000,restricted_80,aggregation,0.7049001241889012,,,0.6520076736457987
8591,1001,13,5,0.55,0.2,1000,restricted_80,aggregation,0.7052582284807539,,,0.6517210785664953
8592,1001,13,5,0.55,0.2,1000,restricted_80,aggregation,0.7049681423064,,,0.6517433568052319
8593,1001,13,5,0.55,0.2,1000,restricted_80,aggregation,0.7052188554510407,,,0.652548481726607
8594,1001,13,5,0.55,0.2,1000,restricted_80,aggregation,0.7044326857176263,,,0.6515417284181869
8595,1001,13,5,0.55,0.2,1000,restricted_80,aggregation,0.7047461830323852,,,0.6511756112174865
8596,1001,13,5,0.55,0.2,1000,restricted_80,aggregation,0.7050379511064874,,,0.6519857659393077
8597,1001,13,5,0.55,0.2,1000,restricted_80,aggregation,0.7045634457807347,,,0.6511354173218757
8598,1001,13,5,0.55,0.2,1000,restricted_80,aggregation,0.704977208019002,,,0.6517797481762067
8599,1001,13,5,0.55,0.2,1000,restricted_80,aggregation,0.7047804928769167,,,0.6515562622100124
8600,1001,13,5,0.55,0.2,1000,restricted_80,aggregation,0.704741351154554,,,0.6515021842586428
8601,1001,13,5,0.55,0.2,1000,restricted_80,aggregation,0.7048578315162397,,,0.6527509096690349
8602,1001,13,5,0.55,0.2,1000,restricted_80,aggregation,0.7047182464651093,,,0.6518682145092564
8603,1001,13,5,0.55,0.2,1000,restricted_80,aggregation,0.7052561272256046,,,0.6521912381445717
8604,1001,13,5,0.55,0.2,1000,restricted_80,aggregation,0.7041962927272822,,,0.6509841301830886
8605,1001,13,5,0.55,0.2,1000,restricted_80,aggregation,0.7047104533966786,,,0.6517025075002159
8606,1001,13,5,0.55,0.2,1000,restricted_80,aggregation,0.7042595265808433,,,0.6513015827459578
8607,1001,13,5,0.55,0.2,1000,restricted_80,aggregation,0.7051018130823247,,,0.6519726838824758
8608,1001,13,5,0.55,0.2,1000,restricted_80,aggregation,0.7050332614863839,,,0.651723821895697
8609,1001,13,5,0.55,0.2,1000,restricted_80,aggregation,0.7045744442950597,,,0.6517820251276503
8610,1001,13,5,0.55,0.2,1000,restricted_80,aggregation,0.7054123539801413,,,0.6522380214076049
8611,1001,13,5,0.55,0.2,1000,restricted_80,aggregation,0.7046749071144833,,,0.6510379356754358
8612,1001,13,5,0.55,0.2,1000,restricted_80,aggregation,0.7047616031924014,,,0.6514022210968046
8613,1001,13,5,0.55,0.2,1000,restricted_80,aggregation,0.7053717447452403,,,0.6522843449143452
8614,1001,13,5,0.55,0.2,1000,restricted_80,aggregation,0.7048785271279371,,,0.6521530058984227
8615,1001,13,5,0.55,0.2,1000,restricted_80,aggregation,0.7036448237086447,,,0.6507187974910893
8616,1001,13,5,0.55,0.2,1000,restricted_80,aggregation,0.7055169800168831,,,0.6526088635669888
8617,1001,13,5,0.55,0.2,1000,restricted_80,aggregation,0.7055415361058605,,,0.6527622410768245
8618,1001,13,5,0.55,0.2,1000,restricted_80,aggregation,0.7056243737395507,,,0.65231781159427
8619,1001,13,5,0.55,0.2,1000,restricted_80,aggregation,0.7047324435466154,,,0.6509762822594074
8620,1001,13,5,0.55,0.2,1000,restricted_80,aggregation,0.7049838782306246,,,0.6519061087138172
8621,1001,13,5,0.55,0.2,1000,restricted_80,aggregation,0.7057873910283462,,,0.652867471132263
8622,1001,13,5,0.55,0.2,1000,restricted_80,aggregation,0.7059182466258729,,,0.6525923507896425
8623,1001,13,5,0.55,0.2,1000,restricted_80,aggregation,0.7052875528595871,,,0.6525500092345927
8624,1001,13,5,0.55,0.2,1000,restricted_80,aggregation,0.704572141085378,,,0.6511331512083598
8625,1001,13,5,0.55,0.2,1000,restricted_80,aggregation,0.7054411745267273,,,0.652562493894994
8626,1001,13,5,0.55,0.2,1000,restricted_80,aggregation,0.7039449933196206,,,0.6506255774087025
8627,1001,13,5,0.55,0.2,1000,restricted_80,aggregation,0.704549268077292,,,0.6510320500872585
8628,1001,13,5,0.55,0.2,1000,restricted_80,aggregation,0.7050850119914412,,,0.6519129856177774
8629,1001,13,5,0.55,0.2,1000,restricted_80,aggregation,0.7043472184820174,,,0.6510367076750411
8630,1001,13,5,0.55,0.2,1000,restricted_80,aggregation,0.7043510829312615,,,0.6512395610022694
8631,1001,13,5,0.55,0.2,1000,restricted_80,aggregation,0.7048404241623845,,,0.651648576068993
8632,1001,13,5,0.55,0.2,1000,restricted_80,aggregation,0.7051354072175211,,,0.6521881231499983
8633,1001,13,5,0.55,0.2,1000,restricted_80,aggregation,0.7049032278316011,,,0.6519481389829308
8634,1001,13,5,0.55,0.2,1000,restricted_80,aggregation,0.7042796843920537,,,0.6514904089043674
8635,1001,13,5,0.55,0.2,1000,restricted_80,aggregation,0.7041723470909979,,,0.6512472617968452
8636,1001,13,5,0.55,0.2,1000,restricted_80,aggregation,0.7037433037467782,,,0.6507715316936151
8637,1001,13,5,0.55,0.2,1000,restricted_80,aggregation,0.7048083285625859,,,0.6513890628815631
8638,1001,13,5,0.55,0.2,1000,restricted_80,aggregation,0.705061552878442,,,0.6523911794840962
8639,1001,13,5,0.55,0.2,1000,restricted_80,aggregation,0.7047303516829168,,,0.6521343115988951
8640,1001,13,5,0.55,0.2,1000,restricted_80,aggregation,0.7053664868959063,,,0.6518577197416782
8641,1001,13,5,0.55,0.2,1000,restricted_80,aggregation,0.7038781759722743,,,0.6509854886317388
8642,1001,13,5,0.55,0.2,1000,restricted_80,aggregation,0.7047258374386398,,,0.6516225325369077
8643,1001,13,5,0.55,0.2,1000,restricted_80,aggregation,0.704728727162159,,,0.6517013534613535
8644,1001,13,5,0.55,0.2,1000,restricted_80,aggregation,0.7039145680274459,,,0.6511560096616348
8645,1001,13,5,0.55,0.2,1000,restricted_80,aggregation,0.7041129843396351,,,0.6513437894358729
8646,1001,13,5,0.55,0.2,1000,restricted_80,aggregation,0.7046123408939999,,,0.6512937064787067
8647,1001,13,5,0.55,0.2,1000,restricted_80,aggregation,0.705073365200065,,,0.6520082630795131
8648,1001,13,5,0.55,0.2,1000,restricted_80,aggregation,0.7042036951450109,,,0.6508604739242241
8649,1001,13,5,0.55,0.2,1000,restricted_80,aggregation,0.7049435328443794,,,0.6517970731660316
8650,1001,13,5,0.55,0.2,1000,restricted_80,aggregation,0.7048236030098645,,,0.6515476627616213
8651,1001,13,5,0.55,0.2,1000,restricted_80,aggregation,0.7046721559769434,,,0.6517058219943639
8652,1001,13,5,0.55,0.2,1000,restricted_80,aggregation,0.7047428648473485,,,0.6511707377499045
8653,1001,13,5,0.55,0.2,1000,restricted_80,aggregation,0.704894746452092,,,0.6516956009653928
8654,1001,13,5,0.55,0.2,1000,restricted_80,aggregation,0.7051739934043636,,,0.6519555682511934
8655,1001,13,5,0.55,0.2,1000,restricted_80,aggregation,0.7051542901531889,,,0.6522563738884574
8656,1001,13,5,0.55,0.2,1000,restricted_80,aggregation,0.7045313606851785,,,0.6518681901277736
8657,1001,13,5,0.55,0.2,1000,restricted_80,aggregation,0.7038136024126932,,,0.6512860432854185
8658,1001,13,5,0.55,0.2,1000,restricted_80,aggregation,0.7050664539008618,,,0.6518493170409839
8659,1001,13,5,0.55,0.2,1000,restricted_80,aggregation,0.7042787287548179,,,0.6512965849042933
8660,1001,13,5,0.55,0.2,1000,restricted_80,aggregation,0.7052989913938446,,,0.6518360454977123
8661,1001,13,5,0.55,0.2,1000,restricted_80,aggregation,0.7046711658453539,,,0.6514140632901051
8662,1001,13,5,0.55,0.2,1000,restricted_80,aggregation,0.704727279894462,,,0.6516568661970745
8663,1001,13,5,0.55,0.2,1000,restricted_80,aggregation,0.7056937044019239,,,0.65254923658132
8664,1001,13,5,0.55,0.2,1000,restricted_80,aggregation,0.7047092530410539,,,0.6518772026969945
8665,1001,13,5,0.55,0.2,1000,restricted_80,aggregation,0.7053931101867725,,,0.6521583232585317
8666,1001,13,5,0.55,0.2,1000,restricted_80,aggregation,0.7048484011870509,,,0.6516707294942712
8667,1001,13,5,0.55,0.2,1000,restricted_80,aggregation,0.7045224351917588,,,0.6512578653214071
8668,1001,13,5,0.55,0.2,1000,restricted_80,aggregation,0.7050607068395246,,,0.6519530276899028
8669,1001,13,5,0.55,0.2,1000,restricted_80,aggregation,0.7046201200996906,,,0.6515433964106881
8670,1001,13,5,0.55,0.2,1000,restricted_80,aggregation,0.7048684114831052,,,0.6512963316467485
8671,1001,13,5,0.55,0.2,1000,restricted_80,aggregation,0.7053375766657544,,,0.6522338877865962
8672,1001,13,5,0.55,0.2,1000,restricted_80,aggregation,0.7042065351359146,,,0.6509964647620899
8673,1001,13,5,0.55,0.2,1000,restricted_80,aggregation,0.7044408828678408,,,0.6514132534209618
8674,1001,13,5,0.55,0.2,1000,restricted_80,aggregation,0.7049477078947238,,,0.6517744420471504
8675,1001,13,5,0.55,0.2,1000,restricted_80,aggregation,0.7044064831740073,,,0.6516892002904504
8676,1001,13,5,0.55,0.2,1000,restricted_80,aggregation,0.7039615341080898,,,0.6503142539790457
8677,1001,13,5,0.55,0.2,1000,restricted_80,aggregation,0.7047223418151997,,,0.6518431349514684
8678,1001,13,5,0.55,0.2,1000,restricted_80,aggregation,0.7051833450684906,,,0.6521679644275479
8679,1001,13,5,0.55,0.2,1000,restricted_80,aggregation,0.7048443715002876,,,0.65123346154617
8680,1001,13,5,0.55,0.2,1000,restricted_80,aggregation,0.7050653267840671,,,0.6514328817864234
8681,1001,13,5,0.55,0.2,1000,restricted_80,aggregation,0.7044076644743402,,,0.6512688420453004
8682,1001,13,5,0.55,0.2,1000,restricted_80,aggregation,0.7056864476258371,,,0.6522113387615472
8683,1001,13,5,0.55,0.2,1000,restricted_80,aggregation,0.7055942104520635,,,0.6524473927923928
8684,1001,13,5,0.55,0.2,1000,restricted_80,aggregation,0.7046772115226091,,,0.6511767927288763
8685,1001,13,5,0.55,0.2,1000,restricted_80,aggregation,0.7047523536640065,,,0.6515311653547071
8686,1001,13,5,0.55,0.2,1000,restricted_80,aggregation,0.704763918704351,,,0.651305887230054
8687,1001,13,5,0.55,0.2,1000,restricted_80,aggregation,0.7049574784189963,,,0.6516509156738325
8688,1001,13,5,0.55,0.2,1000,restricted_80,aggregation,0.7044202046080064,,,0.65124200157096
8689,1001,13,5,0.55,0.2,1000,restricted_80,aggregation,0.7046343633197485,,,0.6514251516616101
8690,1001,13,5,0.55,0.2,1000,restricted_80,aggregation,0.7043574106086175,,,0.6510394883049051
8691,1001,13,5,0.55,0.2,1000,restricted_80,aggregation,0.704815487405564,,,0.651391488156905
8692,1001,13,5,0.55,0.2,1000,restricted_80,aggregation,0.7051416850210062,,,0.6519676756499674
8693,1001,13,5,0.55,0.2,1000,restricted_80,aggregation,0.7052140929233316,,,0.6520293304843306
8694,1001,13,5,0.55,0.2,1000,restricted_80,aggregation,0.7047562825926555,,,0.6512078874520542
8695,1001,13,5,0.55,0.2,1000,restricted_80,aggregation,0.7045939394837737,,,0.6518642262906849
8696,1001,13,5,0.55,0.2,1000,restricted_80,aggregation,0.7045220106234211,,,0.6512893831400084
8697,1001,13,5,0.55,0.2,1000,restricted_80,aggregation,0.7044831168314647,,,0.6515264571385407
8698,1001,13,5,0.55,0.2,1000,restricted_80,aggregation,0.7042756119256811,,,0.6514043202476536
8699,1001,13,5,0.55,0.2,1000,restricted_80,aggregation,0.7043003405359276,,,0.6507766544412379
8700,1001,13,5,0.55,0.2,1000,restricted_80,aggregation,0.7049095209027745,,,0.6517050438065023
8701,1001,13,5,0.55,0.2,1000,restricted_80,aggregation,0.7041247199919551,,,0.6515208466225134
8702,1001,13,5,0.55,0.2,1000,restricted_80,aggregation,0.7046908112775656,,,0.6512019063498231
8703,1001,13,5,0.55,0.2,1000,restricted_80,aggregation,0.7049972953219028,,,0.6514503074857243
8704,1001,13,5,0.55,0.2,1000,restricted_80,aggregation,0.7051702131578803,,,0.651881279515238
8705,1001,13,5,0.55,0.2,1000,restricted_80,aggregation,0.7048139154179489,,,0.6517288195369446
8706,1001,13,5,0.55,0.2,1000,restricted_80,aggregation,0.7051000670783215,,,0.6524275310491978
8707,1001,13,5,0.55,0.2,1000,restricted_80,aggregation,0.7053755154184288,,,0.6521192546111297
8708,1001,13,5,0.55,0.2,1000,restricted_80,aggregation,0.7042284530529977,,,0.6509491997431582
8709,1001,13,5,0.55,0.2,1000,restricted_80,aggregation,0.7042250884435015,,,0.6516201812924731
8710,1001,13,5,0.55,0.2,1000,restricted_80,aggregation,0.7050957632581205,,,0.6516205740632826
8711,1001,13,5,0.55,0.2,1000,restricted_80,aggregation,0.7043592737180764,,,0.6508161528209446
8712,1001,13,5,0.55,0.2,1000,restricted_80,aggregation,0.7056170137658977,,,0.6522027440383692
8713,1001,13,5,0.55,0.2,1000,restricted_80,aggregation,0.7043206742466296,,,0.6514964195141278
8714,1001,13,5,0.55,0.2,1000,restricted_80,aggregation,0.7041215440967136,,,0.6508543967683552
8715,1001,13,5,0.55,0.2,1000,restricted_80,aggregation,0.7041821050295436,,,0.6509461732017984
8716,1001,13,5,0.55,0.2,1000,restricted_80,aggregation,0.7049278966764371,,,0.651491433867059
8717,1001,13,5,0.55,0.2,1000,restricted_80,aggregation,0.7055553093834864,,,0.6525740093394261
8718,1001,13,5,0.55,0.2,1000,restricted_80,aggregation,0.7048194168359708,,,0.6519049100051185
8719,1001,13,5,0.55,0.2,1000,restricted_80,aggregation,0.7044716779633025,,,0.6518461331646749
8720,1001,13,5,0.55,0.2,1000,restricted_80,aggregation,0.7041912887500741,,,0.6514911613849115
8721,1001,13,5,0.55,0.2,1000,restricted_80,aggregation,0.7047275053248251,,,0.6514593533241452
8722,1001,13,5,0.55,0.2,1000,restricted_80,aggregation,0.7048079874309591,,,0.6513957209303044
8723,1001,13,5,0.55,0.2,1000,restricted_80,aggregation,0.703876298828027,,,0.6501768571320656
8724,1001,13,5,0.55,0.2,1000,restricted_80,aggregation,0.7040177040649319,,,0.6507010673816925
8725,1001,13,5,0.55,0.2,1000,restricted_80,aggregation,0.703978284744053,,,0.6511494650334234
8726,1001,13,5,0.55,0.2,1000,restricted_80,aggregation,0.7047806834401537,,,0.6517933139468558
8727,1001,13,5,0.55,0.2,1000,restricted_80,aggregation,0.705181485153019,,,0.6521830973810141
8728,1001,13,5,0.55,0.2,1000,restricted_80,aggregation,0.7038159530127365,,,0.6505704812086063
8729,1001,13,5,0.55,0.2,1000,restricted_80,aggregation,0.7051215665293487,,,0.6517989258503842
8730,1001,13,5,0.55,0.2,1000,restricted_80,aggregation,0.7045391090686999,,,0.651139928551387
8731,1001,13,5,0.55,0.2,1000,restricted_80,aggregation,0.7044339801306971,,,0.650695421307088
8732,1001,13,5,0.55,0.2,1000,restricted_80,aggregation,0.7046701282353026,,,0.6509726666543334
8733,1001,13,5,0.55,0.2,1000,restricted_80,aggregation,0.7050461090237199,,,0.651695008294175
8734,1001,13,5,0.55,0.2,1000,restricted_80,aggregation,0.705122007504304,,,0.6517462749904418
8735,1001,13,5,0.55,0.2,1000,restricted_80,aggregation,0.705227560049304,,,0.6521078113090614
8736,1001,13,5,0.55,0.2,1000,restricted_80,aggregation,0.7041556560934923,,,0.6507778227096979
8737,1001,13,5,0.55,0.2,1000,restricted_80,aggregation,0.704289201014003,,,0.6503154812548564
8738,1001,13,5,0.55,0.2,1000,restricted_80,aggregation,0.7045478369710957,,,0.6512877512225429
8739,1001,13,5,0.55,0.2,1000,restricted_80,aggregation,0.7049845705047334,,,0.6515169686255105
8740,1001,13,5,0.55,0.2,1000,restricted_80,aggregation,0.7042895917369685,,,0.6508880061450896
8741,1001,13,5,0.55,0.2,1000,restricted_80,aggregation,0.7047130444697451,,,0.6514326864724783
8742,1001,13,5,0.55,0.2,1000,restricted_80,aggregation,0.704705400228392,,,0.651716927547761
8743,1001,13,5,0.55,0.2,1000,restricted_80,aggregation,0.7060318375746422,,,0.6522768616799868
8744,1001,13,5,0.55,0.2,1000,restricted_80,aggregation,0.7048768734683898,,,0.6518810089678841
8745,1001,13,5,0.55,0.2,1000,restricted_80,aggregation,0.7048333605075936,,,0.6519314426083177
8746,1001,13,5,0.55,0.2,1000,restricted_80,aggregation,0.7045665509508998,,,0.6519637264047681
8747,1001,13,5,0.55,0.2,1000,restricted_80,aggregation,0.7058324666898601,,,0.6529744431340265
8748,1001,13,5,0.55,0.2,1000,restricted_80,aggregation,0.7046417799660417,,,0.6509598160943995
8749,1001,13,5,0.55,0.2,1000,restricted_80,aggregation,0.705231851061177,,,0.6523500337779506
8750,1001,13,5,0.55,0.2,1000,restricted_80,aggregation,0.7051211968659528,,,0.652033939471023
8751,1001,13,5,0.55,0.2,1000,restricted_80,aggregation,0.7047649706239286,,,0.6516866888821057
8752,1001,13,5,0.55,0.2,1000,restricted_80,aggregation,0.7040638814043645,,,0.6506332846320347
8753,1001,13,5,0.55,0.2,1000,restricted_80,aggregation,0.704175830635307,,,0.6506172950814618
8754,1001,13,5,0.55,0.2,1000,restricted_80,aggregation,0.7049042260106546,,,0.6518229948909117
8755,1001,13,5,0.55,0.2,1000,restricted_80,aggregation,0.7054086534215761,,,0.6528517569544654
8756,1001,13,5,0.55,0.2,1000,restricted_80,aggregation,0.7047194748512524,,,0.6514374852076937
8757,1001,13,5,0.55,0.2,1000,restricted_80,aggregation,0.705913514826222,,,0.653123883531592
8758,1001,13,5,0.55,0.2,1000,restricted_80,aggregation,0.7047958824405764,,,0.6513036607451191
8759,1001,13,5,0.55,0.2,1000,restricted_80,aggregation,0.7046439241413928,,,0.6511844242871326
8760,1001,13,5,0.55,0.2,1000,restricted_80,aggregation,0.7050402434201224,,,0.6517052829269496
8761,1001,13,5,0.55,0.2,1000,restricted_80,aggregation,0.7052026138793588,,,0.6523419727725979
8762,1001,13,5,0.55,0.2,1000,restricted_80,aggregation,0.7048274786350679,,,0.6519263912861831
8763,1001,13,5,0.55,0.2,1000,restricted_80,aggregation,0.7049274606296114,,,0.6516085201141453
8764,1001,13,5,0.55,0.2,1000,restricted_80,aggregation,0.7050130090555176,,,0.6522531680048348
8765,1001,13,5,0.55,0.2,1000,restricted_80,aggregation,0.705090710427158,,,0.6523024562782898
8766,1001,13,5,0.55,0.2,1000,restricted_80,aggregation,0.7046727709955769,,,0.6508871405908907
8767,1001,13,5,0.55,0.2,1000,restricted_80,aggregation,0.7046334443487893,,,0.6517038147346482
8768,1001,13,5,0.55,0.2,1000,restricted_80,aggregation,0.7053813980359593,,,0.6520059384982303
8769,1001,13,5,0.55,0.2,1000,restricted_80,aggregation,0.7052067691997833,,,0.6525700214523132
8770,1001,13,5,0.55,0.2,1000,restricted_80,aggregation,0.7052228699190719,,,0.6511139726245977
8771,1001,13,5,0.55,0.2,1000,restricted_80,aggregation,0.7046288020338619,,,0.6515317883736635
8772,1001,13,5,0.55,0.2,1000,restricted_80,aggregation,0.7047574959988913,,,0.6519209707961792
8773,1001,13,5,0.55,0.2,1000,restricted_80,aggregation,0.7051197839861822,,,0.6519480062915483
8774,1001,13,5,0.55,0.2,1000,restricted_80,aggregation,0.7050509309639325,,,0.651599146262688
8775,1001,13,5,0.55,0.2,1000,restricted_80,aggregation,0.7052339483008463,,,0.6523842179810931
8776,1001,13,5,0.55,0.2,1000,restricted_80,aggregation,0.7050431379445989,,,0.6520134961026629
8777,1001,13,5,0.55,0.2,1000,restricted_80,aggregation,0.7049175759488511,,,0.6516830157805159
8778,1001,13,5,0.55,0.2,1000,restricted_80,aggregation,0.7046993410910953,,,0.651657318884819
8779,1001,13,5,0.55,0.2,1000,restricted_80,aggregation,0.7043054424486878,,,0.6510005752195336
8780,1001,13,5,0.55,0.2,1000,restricted_80,aggregation,0.7047531966672039,,,0.6517291774891776
8781,1001,13,5,0.55,0.2,1000,restricted_80,aggregation,0.7043517441841629,,,0.6511215991724326
8782,1001,13,5,0.55,0.2,1000,restricted_80,aggregation,0.7036423651081016,,,0.6506474002617754
8783,1001,13,5,0.55,0.2,1000,restricted_80,aggregation,0.7041974755984797,,,0.6508899202726289
8784,1001,13,5,0.55,0.2,1000,restricted_80,aggregation,0.7044009816950283,,,0.651411356182398
8785,1001,13,5,0.55,0.2,1000,restricted_80,aggregation,0.7048667488500893,,,0.6513722511978763
8786,1001,13,5,0.55,0.2,1000,restricted_80,aggregation,0.7050880263214142,,,0.6524056972811142
8787,1001,13,5,0.55,0.2,1000,restricted_80,aggregation,0.7048131901190421,,,0.6524087428620764
8788,1001,13,5,0.55,0.2,1000,restricted_80,aggregation,0.7052121193612041,,,0.6517902956148791
8789,1001,13,5,0.55,0.2,1000,restricted_80,aggregation,0.7050235468401385,,,0.6518608581619
8790,1001,13,5,0.55,0.2,1000,restricted_80,aggregation,0.7044808783604686,,,0.650829179778555
8791,1001,13,5,0.55,0.2,1000,restricted_80,aggregation,0.7053120858978289,,,0.6524444087933673
8792,1001,13,5,0.55,0.2,1000,restricted_80,aggregation,0.7047692522347891,,,0.6512349956756209
8793,1001,13,5,0.55,0.2,1000,restricted_80,aggregation,0.7050586486406037,,,0.6519613667351168
8794,1001,13,5,0.55,0.2,1000,restricted_80,aggregation,0.7047137087400683,,,0.6516671817688485
8795,1001,13,5,0.55,0.2,1000,restricted_80,aggregation,0.7047566709978139,,,0.6513895017559602
8796,1001,13,5,0.55,0.2,1000,restricted_80,aggregation,0.7041571607389581,,,0.6511164811346063
8797,1001,13,5,0.55,0.2,1000,restricted_80,aggregation,0.7050123626722101,,,0.6523664643689645
8798,1001,13,5,0.55,0.2,1000,restricted_80,aggregation,0.7050760871290062,,,0.6513442079756664
8799,1001,13,5,0.55,0.2,1000,restricted_80,aggregation,0.7047111964220373,,,0.6516682215623885
8800,1001,13,5,0.55,0.2,1000,restricted_80,aggregation,0.7049645892730914,,,0.6519525852850855
8801,1001,13,5,0.55,0.2,1000,restricted_80,aggregation,0.7053617147351137,,,0.652236429211221
8802,1001,13,5,0.55,0.2,1000,restricted_80,aggregation,0.705381789363873,,,0.6526111489359406
8803,1001,13,5,0.55,0.2,1000,restricted_80,aggregation,0.7050153579983529,,,0.6521861590724091
8804,1001,13,5,0.55,0.2,1000,restricted_80,aggregation,0.7045185832655513,,,0.6508060976600561
8805,1001,13,5,0.55,0.2,1000,restricted_80,aggregation,0.7053904647305811,,,0.6522166953648204
8806,1001,13,5,0.55,0.2,1000,restricted_80,aggregation,0.7046498687402502,,,0.6515415823990824
8807,1001,13,5,0.55,0.2,1000,restricted_80,aggregation,0.7045542996873856,,,0.6514274870114455
8808,1001,13,5,0.55,0.2,1000,restricted_80,aggregation,0.704862950871583,,,0.652275023525857
8809,1001,13,5,0.55,0.2,1000,restricted_80,aggregation,0.7042471196680469,,,0.6512030037786289
8810,1001,13,5,0.55,0.2,1000,restricted_80,aggregation,0.704976236787501,,,0.6521293980016898
8811,1001,13,5,0.55,0.2,1000,restricted_80,aggregation,0.7046703130573337,,,0.6518359607676277
8812,1001,13,5,0.55,0.2,1000,restricted_80,aggregation,0.7049357654732563,,,0.6517213529757281
8813,1001,13,5,0.55,0.2,1000,restricted_80,aggregation,0.7050103390342398,,,0.6514390254190255
8814,1001,13,5,0.55,0.2,1000,restricted_80,aggregation,0.7051630759635549,,,0.6522425944348863
8815,1001,13,5,0.55,0.2,1000,restricted_80,aggregation,0.705204375307476,,,0.6520555468451303
8816,1001,13,5,0.55,0.2,1000,restricted_80,aggregation,0.7045561142994367,,,0.651079001060668
8817,1001,13,5,0.55,0.2,1000,restricted_80,aggregation,0.7054285965709298,,,0.6527032854105772
8818,1001,13,5,0.55,0.2,1000,restricted_80,aggregation,0.7048798476596374,,,0.6513670268466103
8819,1001,13,5,0.55,0.2,1000,restricted_80,aggregation,0.704332123714503,,,0.6508414247403832
8820,1001,13,5,0.55,0.2,1000,restricted_80,aggregation,0.7053656488927149,,,0.6524558335877086
8821,1001,13,5,0.55,0.2,1000,restricted_80,aggregation,0.7042837731323291,,,0.6507726935564436
8822,1001,13,5,0.55,0.2,1000,restricted_80,aggregation,0.7046417634175203,,,0.6515086241459159
8823,1001,13,5,0.55,0.2,1000,restricted_80,aggregation,0.7051227297693936,,,0.6523861134236135
8824,1001,13,5,0.55,0.2,1000,restricted_80,aggregation,0.7044134792255327,,,0.651035002435836
8825,1001,13,5,0.55,0.2,1000,restricted_80,aggregation,0.7048020539535773,,,0.6515866728256313
8826,1001,13,5,0.55,0.2,1000,restricted_80,aggregation,0.7049133364418922,,,0.6516605028150864
8827,1001,13,5,0.55,0.2,1000,restricted_80,aggregation,0.7046671143741252,,,0.6518234553794972
8828,1001,13,5,0.55,0.2,1000,restricted_80,aggregation,0.7049873978614846,,,0.6514498223458641
8829,1001,13,5,0.55,0.2,1000,restricted_80,aggregation,0.7047825271391686,,,0.6516869175037926
8830,1001,13,5,0.55,0.2,1000,restricted_80,aggregation,0.7041426500601786,,,0.6507372619972621
8831,1001,13,5,0.55,0.2,1000,restricted_80,aggregation,0.7054793594728708,,,0.6525198688425773
8832,1001,13,5,0.55,0.2,1000,restricted_80,aggregation,0.7052391400731226,,,0.651943451440535
8833,1001,13,5,0.55,0.2,1000,restricted_80,aggregation,0.7052970308732206,,,0.6525684031477783
8834,1001,13,5,0.55,0.2,1000,restricted_80,aggregation,0.7048089920263068,,,0.6522240449905036
8835,1001,13,5,0.55,0.2,1000,restricted_80,aggregation,0.7038159511858881,,,0.6508225746629915
8836,1001,13,5,0.55,0.2,1000,restricted_80,aggregation,0.7051370093027843,,,0.6519334522036607
8837,1001,13,5,0.55,0.2,1000,restricted_80,aggregation,0.7044290824599464,,,0.6512242184821353
8838,1001,13,5,0.55,0.2,1000,restricted_80,aggregation,0.7037400532243006,,,0.6505977843915345
8839,1001,13,5,0.55,0.2,1000,restricted_80,aggregation,0.7054345741353443,,,0.6525068421008007
8840,1001,13,5,0.55,0.2,1000,restricted_80,aggregation,0.7047316224568693,,,0.6514586864293115
8841,1001,13,5,0.55,0.2,1000,restricted_80,aggregation,0.705220240773662,,,0.6527284624326292
8842,1001,13,5,0.55,0.2,1000,restricted_80,aggregation,0.7053137608199763,,,0.6516227213141796
8843,1001,13,5,0.55,0.2,1000,restricted_80,aggregation,0.704574469771798,,,0.6518267684861435
8844,1001,13,5,0.55,0.2,1000,restricted_80,aggregation,0.7052701249516192,,,0.6521907375880293
8845,1001,13,5,0.55,0.2,1000,restricted_80,aggregation,0.7045179835183533,,,0.6506467362267363
8846,1001,13,5,0.55,0.2,1000,restricted_80,aggregation,0.7040606955881606,,,0.650965449419408
8847,1001,13,5,0.55,0.2,1000,restricted_80,aggregation,0.7045944423341745,,,0.6509895095876347
8848,1001,13,5,0.55,0.2,1000,restricted_80,aggregation,0.7048023867418609,,,0.6514125201418952
8849,1001,13,5,0.55,0.2,1000,restricted_80,aggregation,0.7042195613513611,,,0.6514618623274874
8850,1001,13,5,0.55,0.2,1000,restricted_80,aggregation,0.7048847290632015,,,0.651475553713262
8851,1001,13,5,0.55,0.2,1000,restricted_80,aggregation,0.7047148976563012,,,0.6514633621548207
8852,1001,13,5,0.55,0.2,1000,restricted_80,aggregation,0.7053609233997883,,,0.6524027708942294
8853,1001,13,5,0.55,0.2,1000,restricted_80,aggregation,0.7042857656238792,,,0.6504878715266217
8854,1001,13,5,0.55,0.2,1000,restricted_80,aggregation,0.7045874415826311,,,0.6517055866278784
8855,1001,13,5,0.55,0.2,1000,restricted_80,aggregation,0.704977674488811,,,0.6520953230026149
8856,1001,13,5,0.55,0.2,1000,restricted_80,aggregation,0.703907001083834,,,0.6504932670261838
8857,1001,13,5,0.55,0.2,1000,restricted_80,aggregation,0.7042691511377647,,,0.6511988598053182
8858,1001,13,5,0.55,0.2,1000,restricted_80,aggregation,0.7047250750318488,,,0.651385827289994
8859,1001,13,5,0.55,0.2,1000,restricted_80,aggregation,0.7050436017405648,,,0.651850150235567
8860,1001,13,5,0.55,0.2,1000,restricted_80,aggregation,0.7050294178482015,,,0.6519802791498627
8861,1001,13,5,0.55,0.2,1000,restricted_80,aggregation,0.7043349208934959,,,0.6510384388605223
8862,1001,13,5,0.55,0.2,1000,restricted_80,aggregation,0.705299743060176,,,0.6520365731028233
8863,1001,13,5,0.55,0.2,1000,restricted_80,aggregation,0.704585220598925,,,0.6517178262786598
8864,1001,13,5,0.55,0.2,1000,restricted_80,aggregation,0.7046635544481245,,,0.6515495573639325
8865,1001,13,5,0.55,0.2,1000,restricted_80,aggregation,0.7049838640872336,,,0.6517556179391597
8866,1001,13,5,0.55,0.2,1000,restricted_80,aggregation,0.7048335950953587,,,0.6518513196988199
8867,1001,13,5,0.55,0.2,1000,restricted_80,aggregation,0.7054191628211469,,,0.6520010388299974
8868,1001,13,5,0.55,0.2,1000,restricted_80,aggregation,0.7049177416524339,,,0.6516665953182621
8869,1001,13,5,0.55,0.2,1000,restricted_80,aggregation,0.7055483804946607,,,0.6517501361061778
8870,1001,13,5,0.55,0.2,1000,restricted_80,aggregation,0.7047511209486169,,,0.6515791955652375
8871,1001,13,5,0.55,0.2,1000,restricted_80,aggregation,0.7048557363785083,,,0.6518495268851521
8872,1001,13,5,0.55,0.2,1000,restricted_80,aggregation,0.7051081722703176,,,0.6523336501230252
8873,1001,13,5,0.55,0.2,1000,restricted_80,aggregation,0.7040208342698474,,,0.6510199354966023
8874,1001,13,5,0.55,0.2,1000,restricted_80,aggregation,0.7049159819542512,,,0.6519880189178107
8875,1001,13,5,0.55,0.2,1000,restricted_80,aggregation,0.7041786023959143,,,0.6512594518907021
8876,1001,13,5,0.55,0.2,1000,restricted_80,aggregation,0.7053766303769574,,,0.6518826694447528
8877,1001,13,5,0.55,0.2,1000,restricted_80,aggregation,0.7038184874590873,,,0.650182508856884
8878,1001,13,5,0.55,0.2,1000,restricted_80,aggregation,0.7044176223177665,,,0.6512830771389106
8879,1001,13,5,0.55,0.2,1000,restricted_80,aggregation,0.7049073064099945,,,0.6519517454227872
8880,1001,13,5,0.55,0.2,1000,restricted_80,aggregation,0.7058457502135319,,,0.6531275893627979
8881,1001,13,5,0.55,0.2,1000,restricted_80,aggregation,0.7049521208394783,,,0.6519406478552313
8882,1001,13,5,0.55,0.2,1000,restricted_80,aggregation,0.7047967047721333,,,0.6517492611092613
8883,1001,13,5,0.55,0.2,1000,restricted_80,aggregation,0.7053876783828942,,,0.6520197394272396
8884,1001,13,5,0.55,0.2,1000,restricted_80,aggregation,0.7049514825728708,,,0.6515808663327414
8885,1001,13,5,0.55,0.2,1000,restricted_80,aggregation,0.7047490621804907,,,0.6510766185743271
8886,1001,13,5,0.55,0.2,1000,restricted_80,aggregation,0.7041387254147792,,,0.6510955030232115
8887,1001,13,5,0.55,0.2,1000,restricted_80,aggregation,0.7046207382511928,,,0.6515865622571875
8888,1001,13,5,0.55,0.2,1000,restricted_80,aggregation,0.7040729898328364,,,0.6512342377067378
8889,1001,13,5,0.55,0.2,1000,restricted_80,aggregation,0.7049314232903612,,,0.6517997995060497
8890,1001,13,5,0.55,0.2,1000,restricted_80,aggregation,0.7049375594815989,,,0.6520094913342831
8891,1001,13,5,0.55,0.2,1000,restricted_80,aggregation,0.7039734090066703,,,0.6508595322732823
8892,1001,13,5,0.55,0.2,1000,restricted_80,aggregation,0.7050583198349128,,,0.65174630157651
8893,1001,13,5,0.55,0.2,1000,restricted_80,aggregation,0.7051626668485812,,,0.6522709495288662
8894,1001,13,5,0.55,0.2,1000,restricted_80,aggregation,0.7045962548764724,,,0.6513103514309766
8895,1001,13,5,0.55,0.2,1000,restricted_80,aggregation,0.7052826070745173,,,0.652177988932364
8896,1001,13,5,0.55,0.2,1000,restricted_80,aggregation,0.7040846200244381,,,0.6508004917382002
8897,1001,13,5,0.55,0.2,1000,restricted_80,aggregation,0.704177882683145,,,0.6504475970711388
8898,1001,13,5,0.55,0.2,1000,restricted_80,aggregation,0.7050343238810156,,,0.6519292636298888
8899,1001,13,5,0.55,0.2,1000,restricted_80,aggregation,0.7048613995323771,,,0.652048720839346
8900,1001,13,5,0.55,0.2,1000,restricted_80,aggregation,0.7051324767189198,,,0.6523671698671699
8901,1001,13,5,0.55,0.2,1000,restricted_80,aggregation,0.7050404540924495,,,0.651743654254696
8902,1001,13,5,0.55,0.2,1000,restricted_80,aggregation,0.7044833694474312,,,0.6512526179067847
8903,1001,13,5,0.55,0.2,1000,restricted_80,aggregation,0.7050515821668052,,,0.651456333874459
8904,1001,13,5,0.55,0.2,1000,restricted_80,aggregation,0.7045832844838856,,,0.6511907322153156
8905,1001,13,5,0.55,0.2,1000,restricted_80,aggregation,0.7048072314062268,,,0.651624005539214
8906,1001,13,5,0.55,0.2,1000,restricted_80,aggregation,0.7054153478911596,,,0.6525250591383925
8907,1001,13,5,0.55,0.2,1000,restricted_80,aggregation,0.704717084088536,,,0.6515272233553484
8908,1001,13,5,0.55,0.2,1000,restricted_80,aggregation,0.7054961649596887,,,0.6522721696898781
8909,1001,13,5,0.55,0.2,1000,restricted_80,aggregation,0.7053363971789279,,,0.652521184425143
8910,1001,13,5,0.55,0.2,1000,restricted_80,aggregation,0.7042817113897379,,,0.6513241545954047
8911,1001,13,5,0.55,0.2,1000,restricted_80,aggregation,0.7045376286835268,,,0.6511639097091181
8912,1001,13,5,0.55,0.2,1000,restricted_80,aggregation,0.7044204750017082,,,0.6508384976751646
8913,1001,13,5,0.55,0.2,1000,restricted_80,aggregation,0.7044505231433587,,,0.6516077737617322
8914,1001,13,5,0.55,0.2,1000,restricted_80,aggregation,0.7039071558104056,,,0.6510086755605506
8915,1001,13,5,0.55,0.2,1000,restricted_80,aggregation,0.7047578459374845,,,0.6517284907068241
8916,1001,13,5,0.55,0.2,1000,restricted_80,aggregation,0.7042057602610281,,,0.6511311746432581
8917,1001,13,5,0.55,0.2,1000,restricted_80,aggregation,0.7053574484032528,,,0.6522757562576313
8918,1001,13,5,0.55,0.2,1000,restricted_80,aggregation,0.7045324111997454,,,0.6511726279353365
8919,1001,13,5,0.55,0.2,1000,restricted_80,aggregation,0.7044718214476134,,,0.6515466227368311
8920,1001,13,5,0.55,0.2,1000,restricted_80,aggregation,0.7047867162797498,,,0.6514425706931959
8921,1001,13,5,0.55,0.2,1000,restricted_80,aggregation,0.7052036959525609,,,0.651882425159717
8922,1001,13,5,0.55,0.2,1000,restricted_80,aggregation,0.7049715206459536,,,0.6520558127828963
8923,1001,13,5,0.55,0.2,1000,restricted_80,aggregation,0.7048268779000985,,,0.6519594843196928
8924,1001,13,5,0.55,0.2,1000,restricted_80,aggregation,0.704377785574507,,,0.6510584231894649
8925,1001,13,5,0.55,0.2,1000,restricted_80,aggregation,0.7054513568771009,,,0.6524896996444914
8926,1001,13,5,0.55,0.2,1000,restricted_80,aggregation,0.7044362752948361,,,0.6508638353930022
8927,1001,13,5,0.55,0.2,1000,restricted_80,aggregation,0.704789065429259,,,0.6516444292667211
8928,1001,13,5,0.55,0.2,1000,restricted_80,aggregation,0.704110717960942,,,0.6509400560242228
8929,1001,13,5,0.55,0.2,1000,restricted_80,aggregation,0.7046632283683326,,,0.6516847000530336
8930,1001,13,5,0.55,0.2,1000,restricted_80,aggregation,0.7048868582230144,,,0.6516851545984881
8931,1001,13,5,0.55,0.2,1000,restricted_80,aggregation,0.7054207937543989,,,0.6523774846912348
8932,1001,13,5,0.55,0.2,1000,restricted_80,aggregation,0.7048356098681431,,,0.6516837074499576
8933,1001,13,5,0.55,0.2,1000,restricted_80,aggregation,0.7039649943499952,,,0.6506063630119882
8934,1001,13,5,0.55,0.2,1000,restricted_80,aggregation,0.7051144189340396,,,0.6518554607892109
8935,1001,13,5,0.55,0.2,1000,restricted_80,aggregation,0.7045447207359412,,,0.651241856962482
8936,1001,13,5,0.55,0.2,1000,restricted_80,aggregation,0.7048024965764909,,,0.6521062131695465
8937,1001,13,5,0.55,0.2,1000,restricted_80,aggregation,0.7043296972292933,,,0.6506556125818627
8938,1001,13,5,0.55,0.2,1000,restricted_80,aggregation,0.7046921069567047,,,0.6516530347892849
8939,1001,13,5,0.55,0.2,1000,restricted_80,aggregation,0.7050832457880797,,,0.6519661474867725
8940,1001,13,5,0.55,0.2,1000,restricted_80,aggregation,0.7044308526726843,,,0.6511626130274049
8941,1001,13,5,0.55,0.2,1000,restricted_80,aggregation,0.7048052150239741,,,0.6516647589678841
8942,1001,13,5,0.55,0.2,1000,restricted_80,aggregation,0.7045923469435454,,,0.6513049995606247
8943,1001,13,5,0.55,0.2,1000,restricted_80,aggregation,0.7043860163717768,,,0.6515499039232374
8944,1001,13,5,0.55,0.2,1000,restricted_80,aggregation,0.7040244659347181,,,0.6512980313128232
8945,1001,13,5,0.55,0.2,1000,restricted_80,aggregation,0.7043802339552679,,,0.6511390460465463
8946,1001,13,5,0.55,0.2,1000,restricted_80,aggregation,0.704631790040391,,,0.6515030398767899
8947,1001,13,5,0.55,0.2,1000,restricted_80,aggregation,0.7047348606395838,,,0.6517814296737215
8948,1001,13,5,0.55,0.2,1000,restricted_80,aggregation,0.7052156793498234,,,0.6519365505559257
8949,1001,13,5,0.55,0.2,1000,restricted_80,aggregation,0.7045353744073208,,,0.6514018273162024
8950,1001,13,5,0.55,0.2,1000,restricted_80,aggregation,0.704407312363739,,,0.6507132853489106
8951,1001,13,5,0.55,0.2,1000,restricted_80,aggregation,0.7051574614453792,,,0.6520014118366203
8952,1001,13,5,0.55,0.2,1000,restricted_80,aggregation,0.7046205360779555,,,0.6516156006262258
8953,1001,13,5,0.55,0.2,1000,restricted_80,aggregation,0.7045648524751484,,,0.6513081713194215
8954,1001,13,5,0.55,0.2,1000,restricted_80,aggregation,0.7046583981442861,,,0.6514698127412712
8955,1001,13,5,0.55,0.2,1000,restricted_80,aggregation,0.7048690327193802,,,0.6518996555990307
8956,1001,13,5,0.55,0.2,1000,restricted_80,aggregation,0.704470111829232,,,0.6510400483621318
8957,1001,13,5,0.55,0.2,1000,restricted_80,aggregation,0.704813777741796,,,0.6514287839012841
8958,1001,13,5,0.55,0.2,1000,restricted_80,aggregation,0.7050593091543761,,,0.651647779296321
8959,1001,13,5,0.55,0.2,1000,restricted_80,aggregation,0.7040227509003938,,,0.6511732973662141
8960,1001,13,5,0.55,0.2,1000,restricted_80,aggregation,0.7046332133519159,,,0.6519385495522997
8961,1001,13,5,0.55,0.2,1000,restricted_80,aggregation,0.7049680476613222,,,0.6515911310448811
8962,1001,13,5,0.55,0.2,1000,restricted_80,aggregation,0.7049993900200308,,,0.652210680284222
8963,1001,13,5,0.55,0.2,1000,restricted_80,aggregation,0.7052614626443614,,,0.6522121451079786
8964,1001,13,5,0.55,0.2,1000,restricted_80,aggregation,0.7050412416854762,,,0.6521249763045597
8965,1001,13,5,0.55,0.2,1000,restricted_80,aggregation,0.7049105176671383,,,0.6520048500881834
8966,1001,13,5,0.55,0.2,1000,restricted_80,aggregation,0.704298846704099,,,0.6509421090021091
8967,1001,13,5,0.55,0.2,1000,restricted_80,aggregation,0.7054782300034923,,,0.6527547470739139
8968,1001,13,5,0.55,0.2,1000,restricted_80,aggregation,0.704546411255781,,,0.651889090523674
8969,1001,13,5,0.55,0.2,1000,restricted_80,aggregation,0.705696472371981,,,0.6521768104272272
8970,1001,13,5,0.55,0.2,1000,restricted_80,aggregation,0.704212727891121,,,0.6510276522628607
8971,1001,13,5,0.55,0.2,1000,restricted_80,aggregation,0.7057192148559254,,,0.6524747531635033
8972,1001,13,5,0.55,0.2,1000,restricted_80,aggregation,0.7053085893641069,,,0.6525221014248098
8973,1001,13,5,0.55,0.2,1000,restricted_80,aggregation,0.704292833240415,,,0.6509008113876865
8974,1001,13,5,0.55,0.2,1000,restricted_80,aggregation,0.704478580257152,,,0.6510966483516485
8975,1001,13,5,0.55,0.2,1000,restricted_80,aggregation,0.7051184353256211,,,0.6521474018111518
8976,1001,13,5,0.55,0.2,1000,restricted_80,aggregation,0.7051147697040278,,,0.6520503382805467
8977,1001,13,5,0.55,0.2,1000,restricted_80,aggregation,0.7060444234890112,,,0.652864369573328
8978,1001,13,5,0.55,0.2,1000,restricted_80,aggregation,0.7044100846271778,,,0.6509770751547836
8979,1001,13,5,0.55,0.2,1000,restricted_80,aggregation,0.7041131337278015,,,0.6506817841572009
8980,1001,13,5,0.55,0.2,1000,restricted_80,aggregation,0.7053104236015708,,,0.651601490777741
8981,1001,13,5,0.55,0.2,1000,restricted_80,aggregation,0.7046965268153726,,,0.6515944833253168
8982,1001,13,5,0.55,0.2,1000,restricted_80,aggregation,0.70435871058115,,,0.6511255833441251
8983,1001,13,5,0.55,0.2,1000,restricted_80,aggregation,0.7051162549952709,,,0.6524043326426661
8984,1001,13,5,0.55,0.2,1000,restricted_80,aggregation,0.7055254788292634,,,0.6524698451394285
8985,1001,13,5,0.55,0.2,1000,restricted_80,aggregation,0.7045340896293244,,,0.6520141690639609
8986,1001,13,5,0.55,0.2,1000,restricted_80,aggregation,0.7044929487325186,,,0.6514044746303082
8987,1001,13,5,0.55,0.2,1000,restricted_80,aggregation,0.7046671759587371,,,0.6514292737663572
8988,1001,13,5,0.55,0.2,1000,restricted_80,aggregation,0.7045775465159764,,,0.6514928957616458
8989,1001,13,5,0.55,0.2,1000,restricted_80,aggregation,0.7048787421311795,,,0.6516354330545998
8990,1001,13,5,0.55,0.2,1000,restricted_80,aggregation,0.7057915817474583,,,0.6524563476878062
8991,1001,13,5,0.55,0.2,1000,restricted_80,aggregation,0.7056195603466563,,,0.6529094090554509
8992,1001,13,5,0.55,0.2,1000,restricted_80,aggregation,0.7046422537140244,,,0.6510916059480644
8993,1001,13,5,0.55,0.2,1000,restricted_80,aggregation,0.7050077512430551,,,0.6520781061608146
8994,1001,13,5,0.55,0.2,1000,restricted_80,aggregation,0.7044033125296675,,,0.651686945246112
8995,1001,13,5,0.55,0.2,1000,restricted_80,aggregation,0.7053688797335328,,,0.6522398712938299
8996,1001,13,5,0.55,0.2,1000,restricted_80,aggregation,0.7050535248925444,,,0.6518592960126296
8997,1001,13,5,0.55,0.2,1000,restricted_80,aggregation,0.7052715751830042,,,0.6518998647571566
8998,1001,13,5,0.55,0.2,1000,restricted_80,aggregation,0.7039163797119006,,,0.6509637732483566
8999,1001,13,5,0.55,0.2,1000,restricted_80,aggregation,0.7043636001794769,,,0.6510295906331325
9000,1001,13,5,0.55,0.2,1000,restricted_90,aggregation,0.7115622408851185,,,0.6657217185823437
9001,1001,13,5,0.55,0.2,1000,restricted_90,aggregation,0.7112742679498036,,,0.6651043078218078
9002,1001,13,5,0.55,0.2,1000,restricted_90,aggregation,0.7117969276214704,,,0.6654501431284766
9003,1001,13,5,0.55,0.2,1000,restricted_90,aggregation,0.7117992560223823,,,0.6655652962084214
9004,1001,13,5,0.55,0.2,1000,restricted_90,aggregation,0.7119887222932735,,,0.6651291594516596
9005,1001,13,5,0.55,0.2,1000,restricted_90,aggregation,0.7116278976585987,,,0.6653186646994982
9006,1001,13,5,0.55,0.2,1000,restricted_90,aggregation,0.7110662505315727,,,0.6644382048815384
9007,1001,13,5,0.55,0.2,1000,restricted_90,aggregation,0.7112147180776337,,,0.665437845904096
9008,1001,13,5,0.55,0.2,1000,restricted_90,aggregation,0.710588186953837,,,0.6640580405782489
9009,1001,13,5,0.55,0.2,1000,restricted_90,aggregation,0.7113086021392296,,,0.6648386047440216
9010,1001,13,5,0.55,0.2,1000,restricted_90,aggregation,0.7114105762417963,,,0.6649429545839964
9011,1001,13,5,0.55,0.2,1000,restricted_90,aggregation,0.7114687586765059,,,0.6650727645117229
9012,1001,13,5,0.55,0.2,1000,restricted_90,aggregation,0.7114812810910384,,,0.6652764633514636
9013,1001,13,5,0.55,0.2,1000,restricted_90,aggregation,0.7118847970428016,,,0.6653965203238122
9014,1001,13,5,0.55,0.2,1000,restricted_90,aggregation,0.7117176956643554,,,0.6652856181241599
9015,1001,13,5,0.55,0.2,1000,restricted_90,aggregation,0.7120909982699786,,,0.6649466064645233
9016,1001,13,5,0.55,0.2,1000,restricted_90,aggregation,0.7115751415902337,,,0.6649059224263393
9017,1001,13,5,0.55,0.2,1000,restricted_90,aggregation,0.7108691651335731,,,0.66416328484016
9018,1001,13,5,0.55,0.2,1000,restricted_90,aggregation,0.7115658254650176,,,0.6651113138867305
9019,1001,13,5,0.55,0.2,1000,restricted_90,aggregation,0.7111393216673179,,,0.6645458934506853
9020,1001,13,5,0.55,0.2,1000,restricted_90,aggregation,0.7116658198227743,,,0.6653047241184743
9021,1001,13,5,0.55,0.2,1000,restricted_90,aggregation,0.7116240844740959,,,0.6649266592435344
9022,1001,13,5,0.55,0.2,1000,restricted_90,aggregation,0.7112882540661163,,,0.6650950357127442
9023,1001,13,5,0.55,0.2,1000,restricted_90,aggregation,0.7111534363299905,,,0.6645189412208163
9024,1001,13,5,0.55,0.2,1000,restricted_90,aggregation,0.7115002539053632,,,0.6653850950669702
9025,1001,13,5,0.55,0.2,1000,restricted_90,aggregation,0.7114410880819501,,,0.6651731993006994
9026,1001,13,5,0.55,0.2,1000,restricted_90,aggregation,0.7118920767436943,,,0.665343563866689
9027,1001,13,5,0.55,0.2,1000,restricted_90,aggregation,0.711587527795041,,,0.6643661668270003
9028,1001,13,5,0.55,0.2,1000,restricted_90,aggregation,0.7115591917589001,,,0.6653172502266254
9029,1001,13,5,0.55,0.2,1000,restricted_90,aggregation,0.7111713952798144,,,0.6648599059813646
9030,1001,13,5,0.55,0.2,1000,restricted_90,aggregation,0.7115640083930623,,,0.6652327567879653
9031,1001,13,5,0.55,0.2,1000,restricted_90,aggregation,0.7119113572324912,,,0.6657440477732146
9032,1001,13,5,0.55,0.2,1000,restricted_90,aggregation,0.7113373570772665,,,0.6645220889218807
9033,1001,13,5,0.55,0.2,1000,restricted_90,aggregation,0.7116985604130112,,,0.6657685769014937
9034,1001,13,5,0.55,0.2,1000,restricted_90,aggregation,0.7116041193802705,,,0.6651903959158127
9035,1001,13,5,0.55,0.2,1000,restricted_90,aggregation,0.7113746640445374,,,0.6648388998424415
9036,1001,13,5,0.55,0.2,1000,restricted_90,aggregation,0.7114679386213563,,,0.6648246120546121
9037,1001,13,5,0.55,0.2,1000,restricted_90,aggregation,0.7113769661368479,,,0.665013086257878
9038,1001,13,5,0.55,0.2,1000,restricted_90,aggregation,0.7117410553690666,,,0.6652501252759588
9039,1001,13,5,0.55,0.2,1000,restricted_90,aggregation,0.7115144445678723,,,0.6648012248091417
9040,1001,13,5,0.55,0.2,1000,restricted_90,aggregation,0.7113497313081355,,,0.6649050643106893
9041,1001,13,5,0.55,0.2,1000,restricted_90,aggregation,0.711723310523134,,,0.6652318383314217
9042,1001,13,5,0.55,0.2,1000,restricted_90,aggregation,0.7105872511573472,,,0.6642058426218843
9043,1001,13,5,0.55,0.2,1000,restricted_90,aggregation,0.7115564762001396,,,0.6647664352083102
9044,1001,13,5,0.55,0.2,1000,restricted_90,aggregation,0.7117512639606075,,,0.66532737319779
9045,1001,13,5,0.55,0.2,1000,restricted_90,aggregation,0.7116158445820241,,,0.664957997018414
9046,1001,13,5,0.55,0.2,1000,restricted_90,aggregation,0.7121389376556558,,,0.6657049905649907
9047,1001,13,5,0.55,0.2,1000,restricted_90,aggregation,0.7112046485432609,,,0.6647766686168771
9048,1001,13,5,0.55,0.2,1000,restricted_90,aggregation,0.7114810254758118,,,0.6649590732646985
9049,1001,13,5,0.55,0.2,1000,restricted_90,aggregation,0.7116711158839615,,,0.6653943236393237
9050,1001,13,5,0.55,0.2,1000,restricted_90,aggregation,0.711766587091869,,,0.6651093538637289
9051,1001,13,5,0.55,0.2,1000,restricted_90,aggregation,0.7117963578176151,,,0.6650884004652756
9052,1001,13,5,0.55,0.2,1000,restricted_90,aggregation,0.7115639513830668,,,0.6649423659134077
9053,1001,13,5,0.55,0.2,1000,restricted_90,aggregation,0.7116930637715546,,,0.66544092144738
9054,1001,13,5,0.55,0.2,1000,restricted_90,aggregation,0.7116740257364671,,,0.6658396604321605
9055,1001,13,5,0.55,0.2,1000,restricted_90,aggregation,0.7112387361752358,,,0.6648615088152589
9056,1001,13,5,0.55,0.2,1000,restricted_90,aggregation,0.7110838696063609,,,0.6651326377711796
9057,1001,13,5,0.55,0.2,1000,restricted_90,aggregation,0.7116076725496752,,,0.6651280608126443
9058,1001,13,5,0.55,0.2,1000,restricted_90,aggregation,0.7117431895331611,,,0.6653016298053799
9059,1001,13,5,0.55,0.2,1000,restricted_90,aggregation,0.7118697841738151,,,0.6658835798614967
9060,1001,13,5,0.55,0.2,1000,restricted_90,aggregation,0.7117526110714344,,,0.6656120610485194
9061,1001,13,5,0.55,0.2,1000,restricted_90,aggregation,0.7114366767651473,,,0.6653096765040517
9062,1001,13,5,0.55,0.2,1000,restricted_90,aggregation,0.7113017198738433,,,0.6642131291470877
9063,1001,13,5,0.55,0.2,1000,restricted_90,aggregation,0.7113826713439217,,,0.6650083076414328
9064,1001,13,5,0.55,0.2,1000,restricted_90,aggregation,0.7111271398270554,,,0.6647799235717987
9065,1001,13,5,0.55,0.2,1000,restricted_90,aggregation,0.7117331658099666,,,0.6653289264516349
9066,1001,13,5,0.55,0.2,1000,restricted_90,aggregation,0.711344021559304,,,0.6651832080959166
9067,1001,13,5,0.55,0.2,1000,restricted_90,aggregation,0.7117033941120475,,,0.6654629674415092
9068,1001,13,5,0.55,0.2,1000,restricted_90,aggregation,0.7114914604566284,,,0.6653378304411639
9069,1001,13,5,0.55,0.2,1000,restricted_90,aggregation,0.7113440211615478,,,0.6649153420345089
9070,1001,13,5,0.55,0.2,1000,restricted_90,aggregation,0.7113752188687157,,,0.6647811298963384
9071,1001,13,5,0.55,0.2,1000,restricted_90,aggregation,0.7111887956059048,,,0.6646518733735401
9072,1001,13,5,0.55,0.2,1000,restricted_90,aggregation,0.7115948271244468,,,0.6652237302589388
9073,1001,13,5,0.55,0.2,1000,restricted_90,aggregation,0.7114474034974383,,,0.6648539949787866
9074,1001,13,5,0.55,0.2,1000,restricted_90,aggregation,0.7114153135560621,,,0.6650805770309938
9075,1001,13,5,0.55,0.2,1000,restricted_90,aggregation,0.7116015279932295,,,0.66501418500481
9076,1001,13,5,0.55,0.2,1000,restricted_90,aggregation,0.7113278095864048,,,0.6649771476131894
9077,1001,13,5,0.55,0.2,1000,restricted_90,aggregation,0.711155079541773,,,0.6648123583592335
9078,1001,13,5,0.55,0.2,1000,restricted_90,aggregation,0.7121295300127463,,,0.6660804108237444
9079,1001,13,5,0.55,0.2,1000,restricted_90,aggregation,0.7113648571336445,,,0.6646477776621529
9080,1001,13,5,0.55,0.2,1000,restricted_90,aggregation,0.7117394178262093,,,0.6651399237105489
9081,1001,13,5,0.55,0.2,1000,restricted_90,aggregation,0.7117698973573127,,,0.6651710320774905
9082,1001,13,5,0.55,0.2,1000,restricted_90,aggregation,0.7113069105787888,,,0.6646030075634243
9083,1001,13,5,0.55,0.2,1000,restricted_90,aggregation,0.7115064531315614,,,0.6652111187038271
9084,1001,13,5,0.55,0.2,1000,restricted_90,aggregation,0.7111609660512304,,,0.6646729367700203
9085,1001,13,5,0.55,0.2,1000,restricted_90,aggregation,0.711287585521494,,,0.6647470452926705
9086,1001,13,5,0.55,0.2,1000,restricted_90,aggregation,0.7114036412704352,,,0.6646257702097287
9087,1001,13,5,0.55,0.2,1000,restricted_90,aggregation,0.7116846239516517,,,0.6652560577385579
9088,1001,13,5,0.55,0.2,1000,restricted_90,aggregation,0.7116190734925044,,,0.6654693016243017
9089,1001,13,5,0.55,0.2,1000,restricted_90,aggregation,0.7116229809565344,,,0.6652404143927062
9090,1001,13,5,0.55,0.2,1000,restricted_90,aggregation,0.7114977676166966,,,0.6645274347566015
9091,1001,13,5,0.55,0.2,1000,restricted_90,aggregation,0.7113120157650584,,,0.6651654521019105
9092,1001,13,5,0.55,0.2,1000,restricted_90,aggregation,0.7118687588926392,,,0.665733590714841
9093,1001,13,5,0.55,0.2,1000,restricted_90,aggregation,0.7111018907080618,,,0.6645518527614362
9094,1001,13,5,0.55,0.2,1000,restricted_90,aggregation,0.7111462456283466,,,0.6649539415908168
9095,1001,13,5,0.55,0.2,1000,restricted_90,aggregation,0.711297548322961,,,0.664071025826026
9096,1001,13,5,0.55,0.2,1000,restricted_90,aggregation,0.7115842856236764,,,0.6649956420431421
9097,1001,13,5,0.55,0.2,1000,restricted_90,aggregation,0.7113510908323667,,,0.6643338804636723
9098,1001,13,5,0.55,0.2,1000,restricted_90,aggregation,0.7110428030584524,,,0.6642453857870525
9099,1001,13,5,0.55,0.2,1000,restricted_90,aggregation,0.7116240822006185,,,0.6657349940568692
9100,1001,13,5,0.55,0.2,1000,restricted_90,aggregation,0.7116928702802946,,,0.6651055695616114
9101,1001,13,5,0.55,0.2,1000,restricted_90,aggregation,0.7115584208998209,,,0.6651973622056957
9102,1001,13,5,0.55,0.2,1000,restricted_90,aggregation,0.7114288535977821,,,0.6647985751362836
9103,1001,13,5,0.55,0.2,1000,restricted_90,aggregation,0.7112976355140009,,,0.6650758634729469
9104,1001,13,5,0.55,0.2,1000,restricted_90,aggregation,0.7115000892573027,,,0.6653964407737326
9105,1001,13,5,0.55,0.2,1000,restricted_90,aggregation,0.7113415923454969,,,0.6645376859560195
9106,1001,13,5,0.55,0.2,1000,restricted_90,aggregation,0.7114082317758033,,,0.6649392162929664
9107,1001,13,5,0.55,0.2,1000,restricted_90,aggregation,0.7120884548955114,,,0.6657962522970858
9108,1001,13,5,0.55,0.2,1000,restricted_90,aggregation,0.7115040704281029,,,0.6645472888531223
9109,1001,13,5,0.55,0.2,1000,restricted_90,aggregation,0.7122143072149711,,,0.6655819160854579
9110,1001,13,5,0.55,0.2,1000,restricted_90,aggregation,0.711543721234335,,,0.664763396811522
9111,1001,13,5,0.55,0.2,1000,restricted_90,aggregation,0.7116655048444687,,,0.6654855390519976
9112,1001,13,5,0.55,0.2,1000,restricted_90,aggregation,0.711477988136891,,,0.6649610665723167
9113,1001,13,5,0.55,0.2,1000,restricted_90,aggregation,0.71169562701554,,,0.6651672553218386
9114,1001,13,5,0.55,0.2,1000,restricted_90,aggregation,0.7115603413251482,,,0.6648448647109065
9115,1001,13,5,0.55,0.2,1000,restricted_90,aggregation,0.7114321294516581,,,0.6644037263662266
9116,1001,13,5,0.55,0.2,1000,restricted_90,aggregation,0.711282253914936,,,0.6652489091078677
9117,1001,13,5,0.55,0.2,1000,restricted_90,aggregation,0.7113908806572344,,,0.6654068185364019
9118,1001,13,5,0.55,0.2,1000,restricted_90,aggregation,0.7120493449878716,,,0.6655192125312961
9119,1001,13,5,0.55,0.2,1000,restricted_90,aggregation,0.7118346824643509,,,0.6655139166389168
9120,1001,13,5,0.55,0.2,1000,restricted_90,aggregation,0.7116407136912232,,,0.6658077009256178
9121,1001,13,5,0.55,0.2,1000,restricted_90,aggregation,0.7118220139167043,,,0.6651514814043982
9122,1001,13,5,0.55,0.2,1000,restricted_90,aggregation,0.7115040072121898,,,0.6648601502818171
9123,1001,13,5,0.55,0.2,1000,restricted_90,aggregation,0.7118780404392032,,,0.6655859574915827
9124,1001,13,5,0.55,0.2,1000,restricted_90,aggregation,0.7116387528411467,,,0.6650754243595912
9125,1001,13,5,0.55,0.2,1000,restricted_90,aggregation,0.7111239036928827,,,0.6649463103100604
9126,1001,13,5,0.55,0.2,1000,restricted_90,aggregation,0.7114649190887189,,,0.6655332388521973
9127,1001,13,5,0.55,0.2,1000,restricted_90,aggregation,0.7117617731872238,,,0.6652367474423727
9128,1001,13,5,0.55,0.2,1000,restricted_90,aggregation,0.7116431599981752,,,0.665704343102885
9129,1001,13,5,0.55,0.2,1000,restricted_90,aggregation,0.7116040002933022,,,0.6655581917156919
9130,1001,13,5,0.55,0.2,1000,restricted_90,aggregation,0.7119656497515574,,,0.6658256048041465
9131,1001,13,5,0.55,0.2,1000,restricted_90,aggregation,0.7108122897769921,,,0.6646145847825016
9132,1001,13,5,0.55,0.2,1000,restricted_90,aggregation,0.7119803989113775,,,0.6654697097732515
9133,1001,13,5,0.55,0.2,1000,restricted_90,aggregation,0.7113629012340634,,,0.6646470316026567
9134,1001,13,5,0.55,0.2,1000,restricted_90,aggregation,0.7112292756610703,,,0.6648532204678038
9135,1001,13,5,0.55,0.2,1000,restricted_90,aggregation,0.7121570227984643,,,0.6656916538014456
9136,1001,13,5,0.55,0.2,1000,restricted_90,aggregation,0.7114037598917967,,,0.66492707651916
9137,1001,13,5,0.55,0.2,1000,restricted_90,aggregation,0.7115243994101411,,,0.6651223995063581
9138,1001,13,5,0.55,0.2,1000,restricted_90,aggregation,0.7113987423620332,,,0.6655175330302415
9139,1001,13,5,0.55,0.2,1000,restricted_90,aggregation,0.7116875787020364,,,0.6647929578060828
9140,1001,13,5,0.55,0.2,1000,restricted_90,aggregation,0.7114356223831043,,,0.6648611944614029
9141,1001,13,5,0.55,0.2,1000,restricted_90,aggregation,0.7115414509901276,,,0.6654137071570406
9142,1001,13,5,0.55,0.2,1000,restricted_90,aggregation,0.7112987075994927,,,0.6650936070179821
9143,1001,13,5,0.55,0.2,1000,restricted_90,aggregation,0.7112761771671724,,,0.6652624811993563
9144,1001,13,5,0.55,0.2,1000,restricted_90,aggregation,0.7116710814062827,,,0.665797723603557
9145,1001,13,5,0.55,0.2,1000,restricted_90,aggregation,0.7112264997944685,,,0.6650725206275209
9146,1001,13,5,0.55,0.2,1000,restricted_90,aggregation,0.7111937937051392,,,0.6648030421276256
9147,1001,13,5,0.55,0.2,1000,restricted_90,aggregation,0.711736628637397,,,0.6647952457264958
9148,1001,13,5,0.55,0.2,1000,restricted_90,aggregation,0.7111323846075351,,,0.6652748652119487
9149,1001,13,5,0.55,0.2,1000,restricted_90,aggregation,0.7110657378241823,,,0.6650451318280486
9150,1001,13,5,0.55,0.2,1000,restricted_90,aggregation,0.7117050944480479,,,0.6654799244042995
9151,1001,13,5,0.55,0.2,1000,restricted_90,aggregation,0.7114687261656668,,,0.6646281436773105
9152,1001,13,5,0.55,0.2,1000,restricted_90,aggregation,0.7116238918378779,,,0.6652950614046448
9153,1001,13,5,0.55,0.2,1000,restricted_90,aggregation,0.7114017414164369,,,0.664874079446788
9154,1001,13,5,0.55,0.2,1000,restricted_90,aggregation,0.711295638389199,,,0.6650514304137222
9155,1001,13,5,0.55,0.2,1000,restricted_90,aggregation,0.7113517594958071,,,0.6652711815268066
9156,1001,13,5,0.55,0.2,1000,restricted_90,aggregation,0.7115890604804396,,,0.6647467860611612
9157,1001,13,5,0.55,0.2,1000,restricted_90,aggregation,0.7114897438332388,,,0.665388142420851
9158,1001,13,5,0.55,0.2,1000,restricted_90,aggregation,0.7114283229926033,,,0.6648068818758404
9159,1001,13,5,0.55,0.2,1000,restricted_90,aggregation,0.7115451700997841,,,0.6652516910481494
9160,1001,13,5,0.55,0.2,1000,restricted_90,aggregation,0.7119391593360122,,,0.6651257978903814
9161,1001,13,5,0.55,0.2,1000,restricted_90,aggregation,0.7114656880590705,,,0.6656600241271076
9162,1001,13,5,0.55,0.2,1000,restricted_90,aggregation,0.7115777169749911,,,0.6650847370068205
9163,1001,13,5,0.55,0.2,1000,restricted_90,aggregation,0.7116603987084021,,,0.6651197970393804
9164,1001,13,5,0.55,0.2,1000,restricted_90,aggregation,0.7111876327910407,,,0.6649687890735808
9165,1001,13,5,0.55,0.2,1000,restricted_90,aggregation,0.7117522572882639,,,0.6651552300400219
9166,1001,13,5,0.55,0.2,1000,restricted_90,aggregation,0.7116213227333723,,,0.6653536197213282
9167,1001,13,5,0.55,0.2,1000,restricted_90,aggregation,0.7118737405070523,,,0.6656091121686956
9168,1001,13,5,0.55,0.2,1000,restricted_90,aggregation,0.7112033168942099,,,0.6646696805432224
9169,1001,13,5,0.55,0.2,1000,restricted_90,aggregation,0.7110464771004963,,,0.6652905314438649
9170,1001,13,5,0.55,0.2,1000,restricted_90,aggregation,0.7113905901833847,,,0.6649581070010239
9171,1001,13,5,0.55,0.2,1000,restricted_90,aggregation,0.7111709161589804,,,0.6648566238930823
9172,1001,13,5,0.55,0.2,1000,restricted_90,aggregation,0.7115191570033325,,,0.6653005873370458
9173,1001,13,5,0.55,0.2,1000,restricted_90,aggregation,0.7108672935332934,,,0.6645774912895748
9174,1001,13,5,0.55,0.2,1000,restricted_90,aggregation,0.7110834502883775,,,0.6646048280962865
9175,1001,13,5,0.55,0.2,1000,restricted_90,aggregation,0.7124217761430666,,,0.6661298197481531
9176,1001,13,5,0.55,0.2,1000,restricted_90,aggregation,0.7112066815548657,,,0.6650608654462823
9177,1001,13,5,0.55,0.2,1000,restricted_90,aggregation,0.7117931188982468,,,0.6653655545843048
9178,1001,13,5,0.55,0.2,1000,restricted_90,aggregation,0.7115843242926584,,,0.6648185594960596
9179,1001,13,5,0.55,0.2,1000,restricted_90,aggregation,0.7119500761412862,,,0.6658171969774054
9180,1001,13,5,0.55,0.2,1000,restricted_90,aggregation,0.7118428057288324,,,0.6656989089382841
9181,1001,13,5,0.55,0.2,1000,restricted_90,aggregation,0.7116387809536175,,,0.6655808963567299
9182,1001,13,5,0.55,0.2,1000,restricted_90,aggregation,0.7115526985566373,,,0.665928734922485
9183,1001,13,5,0.55,0.2,1000,restricted_90,aggregation,0.7114270061915681,,,0.6651683475783478
9184,1001,13,5,0.55,0.2,1000,restricted_90,aggregation,0.7112837299960386,,,0.6642761210702878
9185,1001,13,5,0.55,0.2,1000,restricted_90,aggregation,0.7117812904493411,,,0.6651495623589375
9186,1001,13,5,0.55,0.2,1000,restricted_90,aggregation,0.7119526058012849,,,0.6656201806449724
9187,1001,13,5,0.55,0.2,1000,restricted_90,aggregation,0.7119008761507178,,,0.6655556379885547
9188,1001,13,5,0.55,0.2,1000,restricted_90,aggregation,0.7111557612717718,,,0.6647294665905085
9189,1001,13,5,0.55,0.2,1000,restricted_90,aggregation,0.711553156029191,,,0.665403628054045
9190,1001,13,5,0.55,0.2,1000,restricted_90,aggregation,0.7108586899146657,,,0.664105302097594
9191,1001,13,5,0.55,0.2,1000,restricted_90,aggregation,0.7116279225802595,,,0.6657426318974237
9192,1001,13,5,0.55,0.2,1000,restricted_90,aggregation,0.7115963476457994,,,0.6647309935743271
9193,1001,13,5,0.55,0.2,1000,restricted_90,aggregation,0.7112347210911044,,,0.6644025616281869
9194,1001,13,5,0.55,0.2,1000,restricted_90,aggregation,0.7118241381655722,,,0.6659897773060274
9195,1001,13,5,0.55,0.2,1000,restricted_90,aggregation,0.7114958370248712,,,0.6649283104241439
9196,1001,13,5,0.55,0.2,1000,restricted_90,aggregation,0.712061148640292,,,0.6655237539466707
9197,1001,13,5,0.55,0.2,1000,restricted_90,aggregation,0.7113198809651102,,,0.6649182853257855
9198,1001,13,5,0.55,0.2,1000,restricted_90,aggregation,0.7114171227155559,,,0.6651822950120868
9199,1001,13,5,0.55,0.2,1000,restricted_90,aggregation,0.7109245578302057,,,0.6650207348284433
9200,1001,13,5,0.55,0.2,1000,restricted_90,aggregation,0.7115315825876443,,,0.6651044038908623
9201,1001,13,5,0.55,0.2,1000,restricted_90,aggregation,0.7120911419162408,,,0.6651454596483765
9202,1001,13,5,0.55,0.2,1000,restricted_90,aggregation,0.711346684487357,,,0.6653244508269509
9203,1001,13,5,0.55,0.2,1000,restricted_90,aggregation,0.7113589819229063,,,0.6650006836990171
9204,1001,13,5,0.55,0.2,1000,restricted_90,aggregation,0.7115498375072876,,,0.665489904547613
9205,1001,13,5,0.55,0.2,1000,restricted_90,aggregation,0.7114501856331903,,,0.6649733402477154
9206,1001,13,5,0.55,0.2,1000,restricted_90,aggregation,0.7111065832024643,,,0.6647932586240921
9207,1001,13,5,0.55,0.2,1000,restricted_90,aggregation,0.7106345137343668,,,0.6645766443587279
9208,1001,13,5,0.55,0.2,1000,restricted_90,aggregation,0.7114829825512033,,,0.6656217312548565
9209,1001,13,5,0.55,0.2,1000,restricted_90,aggregation,0.7117548770314127,,,0.6653044438046523
9210,1001,13,5,0.55,0.2,1000,restricted_90,aggregation,0.7113356849039925,,,0.6644873487083904
9211,1001,13,5,0.55,0.2,1000,restricted_90,aggregation,0.7110811211645607,,,0.6643252478848314
9212,1001,13,5,0.55,0.2,1000,restricted_90,aggregation,0.711234589069968,,,0.6642967115523366
9213,1001,13,5,0.55,0.2,1000,restricted_90,aggregation,0.7109346514459178,,,0.6651566581720749
9214,1001,13,5,0.55,0.2,1000,restricted_90,aggregation,0.7119880958829936,,,0.6655918826235494
9215,1001,13,5,0.55,0.2,1000,restricted_90,aggregation,0.7114949646742403,,,0.6645270405674574
9216,1001,13,5,0.55,0.2,1000,restricted_90,aggregation,0.7116238394713486,,,0.6655230462053381
9217,1001,13,5,0.55,0.2,1000,restricted_90,aggregation,0.7118030443217992,,,0.6648953734382902
9218,1001,13,5,0.55,0.2,1000,restricted_90,aggregation,0.7116195776684557,,,0.6652173382173383
9219,1001,13,5,0.55,0.2,1000,restricted_90,aggregation,0.7115837870791584,,,0.6646596645946647
9220,1001,13,5,0.55,0.2,1000,restricted_90,aggregation,0.7114629442068148,,,0.6647370554599723
9221,1001,13,5,0.55,0.2,1000,restricted_90,aggregation,0.7115505017367691,,,0.6648307712195213
9222,1001,13,5,0.55,0.2,1000,restricted_90,aggregation,0.7116533993820474,,,0.6647112830842
9223,1001,13,5,0.55,0.2,1000,restricted_90,aggregation,0.7118890019469474,,,0.6650816509647761
9224,1001,13,5,0.55,0.2,1000,restricted_90,aggregation,0.7119355227838629,,,0.6648015698884451
9225,1001,13,5,0.55,0.2,1000,restricted_90,aggregation,0.7116450448993306,,,0.6656574646803816
9226,1001,13,5,0.55,0.2,1000,restricted_90,aggregation,0.7109398583745283,,,0.6650584800538969
9227,1001,13,5,0.55,0.2,1000,restricted_90,aggregation,0.711024028716606,,,0.6646630136530137
9228,1001,13,5,0.55,0.2,1000,restricted_90,aggregation,0.7113649567024024,,,0.6651481916000667
9229,1001,13,5,0.55,0.2,1000,restricted_90,aggregation,0.7117187776517598,,,0.6651586976911978
9230,1001,13,5,0.55,0.2,1000,restricted_90,aggregation,0.711561456923219,,,0.6651625040931292
9231,1001,13,5,0.55,0.2,1000,restricted_90,aggregation,0.7115083932674197,,,0.6652056283300034
9232,1001,13,5,0.55,0.2,1000,restricted_90,aggregation,0.7112076903317123,,,0.6644708770627521
9233,1001,13,5,0.55,0.2,1000,restricted_90,aggregation,0.7113530073719799,,,0.6653581252775004
9234,1001,13,5,0.55,0.2,1000,restricted_90,aggregation,0.7117360990570495,,,0.6657984841855676
9235,1001,13,5,0.55,0.2,1000,restricted_90,aggregation,0.7118286245573693,,,0.6655905865585033
9236,1001,13,5,0.55,0.2,1000,restricted_90,aggregation,0.7112342813828014,,,0.6646662819973238
9237,1001,13,5,0.55,0.2,1000,restricted_90,aggregation,0.7112766143765978,,,0.6644445886983388
9238,1001,13,5,0.55,0.2,1000,restricted_90,aggregation,0.7115138089582811,,,0.6651820002990838
9239,1001,13,5,0.55,0.2,1000,restricted_90,aggregation,0.7113249004291824,,,0.665213632463216
9240,1001,13,5,0.55,0.2,1000,restricted_90,aggregation,0.7110912527100897,,,0.6651885090449675
9241,1001,13,5,0.55,0.2,1000,restricted_90,aggregation,0.7113201287409315,,,0.6655429110935362
9242,1001,13,5,0.55,0.2,1000,restricted_90,aggregation,0.7119110459297349,,,0.665572825947201
9243,1001,13,5,0.55,0.2,1000,restricted_90,aggregation,0.7115450617256641,,,0.6651270806508308
9244,1001,13,5,0.55,0.2,1000,restricted_90,aggregation,0.7113489791045148,,,0.6644546778067614
9245,1001,13,5,0.55,0.2,1000,restricted_90,aggregation,0.7118559057706093,,,0.665278023604482
9246,1001,13,5,0.55,0.2,1000,restricted_90,aggregation,0.711425532568618,,,0.6653031001560169
9247,1001,13,5,0.55,0.2,1000,restricted_90,aggregation,0.7117822613034849,,,0.6661446715938385
9248,1001,13,5,0.55,0.2,1000,restricted_90,aggregation,0.7112016989321684,,,0.6651056904515239
9249,1001,13,5,0.55,0.2,1000,restricted_90,aggregation,0.7115024941923316,,,0.6652534316994735
9250,1001,13,5,0.55,0.2,1000,restricted_90,aggregation,0.7115992702935422,,,0.6654775038233374
9251,1001,13,5,0.55,0.2,1000,restricted_90,aggregation,0.7112287349075702,,,0.6646545739291575
9252,1001,13,5,0.55,0.2,1000,restricted_90,aggregation,0.7114613929078468,,,0.6645282202365538
9253,1001,13,5,0.55,0.2,1000,restricted_90,aggregation,0.7114438255507677,,,0.6646524601787104
9254,1001,13,5,0.55,0.2,1000,restricted_90,aggregation,0.7117139340923542,,,0.6654332974124643
9255,1001,13,5,0.55,0.2,1000,restricted_90,aggregation,0.7113257691939003,,,0.6653530171988508
9256,1001,13,5,0.55,0.2,1000,restricted_90,aggregation,0.7121414865354427,,,0.6652672148761732
9257,1001,13,5,0.55,0.2,1000,restricted_90,aggregation,0.7112455768460815,,,0.6644965819828321
9258,1001,13,5,0.55,0.2,1000,restricted_90,aggregation,0.711504072984456,,,0.6649747526701695
9259,1001,13,5,0.55,0.2,1000,restricted_90,aggregation,0.7114844072364408,,,0.6649022627603879
9260,1001,13,5,0.55,0.2,1000,restricted_90,aggregation,0.7113496465688184,,,0.665050583112875
9261,1001,13,5,0.55,0.2,1000,restricted_90,aggregation,0.7116087141637418,,,0.6655405178771847
9262,1001,13,5,0.55,0.2,1000,restricted_90,aggregation,0.7115357786104783,,,0.6655155819412071
9263,1001,13,5,0.55,0.2,1000,restricted_90,aggregation,0.7113623721308668,,,0.6649913767867935
9264,1001,13,5,0.55,0.2,1000,restricted_90,aggregation,0.7111559255531923,,,0.665161601777852
9265,1001,13,5,0.55,0.2,1000,restricted_90,aggregation,0.7116464483525642,,,0.6654434432311517
9266,1001,13,5,0.55,0.2,1000,restricted_90,aggregation,0.7116491241489465,,,0.6655412967433801
9267,1001,13,5,0.55,0.2,1000,restricted_90,aggregation,0.7114607007709177,,,0.6646848809832145
9268,1001,13,5,0.55,0.2,1000,restricted_90,aggregation,0.712153489837349,,,0.665766510919636
9269,1001,13,5,0.55,0.2,1000,restricted_90,aggregation,0.7112406541128958,,,0.6647289418066502
9270,1001,13,5,0.55,0.2,1000,restricted_90,aggregation,0.7117068314949415,,,0.6650983120737288
9271,1001,13,5,0.55,0.2,1000,restricted_90,aggregation,0.7117562965287315,,,0.6651165537780124
9272,1001,13,5,0.55,0.2,1000,restricted_90,aggregation,0.711312576053112,,,0.6650277290225208
9273,1001,13,5,0.55,0.2,1000,restricted_90,aggregation,0.7117765099301849,,,0.6653200312881564
9274,1001,13,5,0.55,0.2,1000,restricted_90,aggregation,0.7115896918412818,,,0.6656865477038396
9275,1001,13,5,0.55,0.2,1000,restricted_90,aggregation,0.7117212327350121,,,0.6656080012734181
9276,1001,13,5,0.55,0.2,1000,restricted_90,aggregation,0.7111554102159677,,,0.6644482263492681
9277,1001,13,5,0.55,0.2,1000,restricted_90,aggregation,0.711818520664892,,,0.6651060148724734
9278,1001,13,5,0.55,0.2,1000,restricted_90,aggregation,0.710857673537503,,,0.6642051091809427
9279,1001,13,5,0.55,0.2,1000,restricted_90,aggregation,0.7118579059496691,,,0.6654148844211346
9280,1001,13,5,0.55,0.2,1000,restricted_90,aggregation,0.7111947245377228,,,0.665027401857402
9281,1001,13,5,0.55,0.2,1000,restricted_90,aggregation,0.7108880662927571,,,0.6645754998319582
9282,1001,13,5,0.55,0.2,1000,restricted_90,aggregation,0.7113871072908926,,,0.6651550297156549
9283,1001,13,5,0.55,0.2,1000,restricted_90,aggregation,0.7119348762359705,,,0.6652883323774993
9284,1001,13,5,0.55,0.2,1000,restricted_90,aggregation,0.7109816610798958,,,0.6640477946513363
9285,1001,13,5,0.55,0.2,1000,restricted_90,aggregation,0.7114699168837906,,,0.6645403004403005
9286,1001,13,5,0.55,0.2,1000,restricted_90,aggregation,0.7115995292778383,,,0.6661895034055453
9287,1001,13,5,0.55,0.2,1000,restricted_90,aggregation,0.7114536076981738,,,0.6651143447216366
9288,1001,13,5,0.55,0.2,1000,restricted_90,aggregation,0.7119375606537275,,,0.6652165552194721
9289,1001,13,5,0.55,0.2,1000,restricted_90,aggregation,0.7115441515455261,,,0.6650332554174223
9290,1001,13,5,0.55,0.2,1000,restricted_90,aggregation,0.7118859344857301,,,0.6657464130468298
9291,1001,13,5,0.55,0.2,1000,restricted_90,aggregation,0.7115856400745161,,,0.6656225223002308
9292,1001,13,5,0.55,0.2,1000,restricted_90,aggregation,0.711591548532508,,,0.6652463046752631
9293,1001,13,5,0.55,0.2,1000,restricted_90,aggregation,0.7119060565152459,,,0.6662868196695283
9294,1001,13,5,0.55,0.2,1000,restricted_90,aggregation,0.7114125252311388,,,0.6651357999408001
9295,1001,13,5,0.55,0.2,1000,restricted_90,aggregation,0.711939691070523,,,0.6654725698838201
9296,1001,13,5,0.55,0.2,1000,restricted_90,aggregation,0.7116051619768862,,,0.6655510100701769
9297,1001,13,5,0.55,0.2,1000,restricted_90,aggregation,0.7111489690685974,,,0.6645300599708934
9298,1001,13,5,0.55,0.2,1000,restricted_90,aggregation,0.7113673491515727,,,0.6650016709756295
9299,1001,13,5,0.55,0.2,1000,restricted_90,aggregation,0.7117281155045492,,,0.665165473901099
9300,1001,13,5,0.55,0.2,1000,restricted_90,aggregation,0.7121198417286801,,,0.6656382496669998
9301,1001,13,5,0.55,0.2,1000,restricted_90,aggregation,0.7116115143382805,,,0.6652510123364291
9302,1001,13,5,0.55,0.2,1000,restricted_90,aggregation,0.7111413429926978,,,0.6650851709787128
9303,1001,13,5,0.55,0.2,1000,restricted_90,aggregation,0.711695085164492,,,0.6653514186893356
9304,1001,13,5,0.55,0.2,1000,restricted_90,aggregation,0.7112834705899066,,,0.6644783911767246
9305,1001,13,5,0.55,0.2,1000,restricted_90,aggregation,0.710492875805014,,,0.6645872345864013
9306,1001,13,5,0.55,0.2,1000,restricted_90,aggregation,0.7112486393152113,,,0.6642561261192513
9307,1001,13,5,0.55,0.2,1000,restricted_90,aggregation,0.7115743480090215,,,0.664997821152613
9308,1001,13,5,0.55,0.2,1000,restricted_90,aggregation,0.7114211117611794,,,0.6651932899893318
9309,1001,13,5,0.55,0.2,1000,restricted_90,aggregation,0.7116503352587279,,,0.6655607097686266
9310,1001,13,5,0.55,0.2,1000,restricted_90,aggregation,0.7115706127921041,,,0.6650032647753483
9311,1001,13,5,0.55,0.2,1000,restricted_90,aggregation,0.7114519000196843,,,0.6644498540579792
9312,1001,13,5,0.55,0.2,1000,restricted_90,aggregation,0.7116531172569704,,,0.665218417516126
9313,1001,13,5,0.55,0.2,1000,restricted_90,aggregation,0.7113882179524343,,,0.665499675340092
9314,1001,13,5,0.55,0.2,1000,restricted_90,aggregation,0.7109970169512515,,,0.6641773918828087
9315,1001,13,5,0.55,0.2,1000,restricted_90,aggregation,0.7117501319687748,,,0.6655369485684071
9316,1001,13,5,0.55,0.2,1000,restricted_90,aggregation,0.711227971478853,,,0.6649279248606333
9317,1001,13,5,0.55,0.2,1000,restricted_90,aggregation,0.7117232569162044,,,0.6651520319803654
9318,1001,13,5,0.55,0.2,1000,restricted_90,aggregation,0.7117877744456078,,,0.6653374992291661
9319,1001,13,5,0.55,0.2,1000,restricted_90,aggregation,0.7117033511735261,,,0.6657266604614522
9320,1001,13,5,0.55,0.2,1000,restricted_90,aggregation,0.7114511928498437,,,0.6654531642200393
9321,1001,13,5,0.55,0.2,1000,restricted_90,aggregation,0.7115562705491754,,,0.6657213727090812
9322,1001,13,5,0.55,0.2,1000,restricted_90,aggregation,0.7116281980403951,,,0.6655081735317153
9323,1001,13,5,0.55,0.2,1000,restricted_90,aggregation,0.7110421870480975,,,0.6639591983864902
9324,1001,13,5,0.55,0.2,1000,restricted_90,aggregation,0.7114351860074813,,,0.6650897918902086
9325,1001,13,5,0.55,0.2,1000,restricted_90,aggregation,0.711582282634634,,,0.6651749240497159
9326,1001,13,5,0.55,0.2,1000,restricted_90,aggregation,0.7115177033147946,,,0.6647084572911658
9327,1001,13,5,0.55,0.2,1000,restricted_90,aggregation,0.7111890784618055,,,0.6647030303955305
9328,1001,13,5,0.55,0.2,1000,restricted_90,aggregation,0.7110574358756999,,,0.6644723517686019
9329,1001,13,5,0.55,0.2,1000,restricted_90,aggregation,0.7115511809660633,,,0.6647584967193302
9330,1001,13,5,0.55,0.2,1000,restricted_90,aggregation,0.7114215130988952,,,0.665615454190871
9331,1001,13,5,0.55,0.2,1000,restricted_90,aggregation,0.7117659476947507,,,0.6656977053424972
9332,1001,13,5,0.55,0.2,1000,restricted_90,aggregation,0.7116671088800282,,,0.6652267743059411
9333,1001,13,5,0.55,0.2,1000,restricted_90,aggregation,0.7112544025865976,,,0.6648735733171152
9334,1001,13,5,0.55,0.2,1000,restricted_90,aggregation,0.711496868300679,,,0.6651129841686093
9335,1001,13,5,0.55,0.2,1000,restricted_90,aggregation,0.7120500338310594,,,0.6655320871720873
9336,1001,13,5,0.55,0.2,1000,restricted_90,aggregation,0.7113038456335785,,,0.665039696877197
9337,1001,13,5,0.55,0.2,1000,restricted_90,aggregation,0.7115656219277114,,,0.6651236316692568
9338,1001,13,5,0.55,0.2,1000,restricted_90,aggregation,0.7112776570746279,,,0.6642265145425563
9339,1001,13,5,0.55,0.2,1000,restricted_90,aggregation,0.7116877354798078,,,0.6654189049222384
9340,1001,13,5,0.55,0.2,1000,restricted_90,aggregation,0.7115188204265462,,,0.6649945537410122
9341,1001,13,5,0.55,0.2,1000,restricted_90,aggregation,0.7116892930810339,,,0.6652732614222199
9342,1001,13,5,0.55,0.2,1000,restricted_90,aggregation,0.7116847737374338,,,0.6652832682132684
9343,1001,13,5,0.55,0.2,1000,restricted_90,aggregation,0.7115330391553872,,,0.664666643772894
9344,1001,13,5,0.55,0.2,1000,restricted_90,aggregation,0.7114202564722653,,,0.6650292429561181
9345,1001,13,5,0.55,0.2,1000,restricted_90,aggregation,0.7108961908563519,,,0.6646892089546258
9346,1001,13,5,0.55,0.2,1000,restricted_90,aggregation,0.7119299627093325,,,0.6652728940812275
9347,1001,13,5,0.55,0.2,1000,restricted_90,aggregation,0.7120293892206914,,,0.6656578825110077
9348,1001,13,5,0.55,0.2,1000,restricted_90,aggregation,0.711180782625462,,,0.6644969548352881
9349,1001,13,5,0.55,0.2,1000,restricted_90,aggregation,0.711787336634135,,,0.6653414103412021
9350,1001,13,5,0.55,0.2,1000,restricted_90,aggregation,0.711146876424101,,,0.664903942569776
9351,1001,13,5,0.55,0.2,1000,restricted_90,aggregation,0.711961483839748,,,0.665515336954712
9352,1001,13,5,0.55,0.2,1000,restricted_90,aggregation,0.7116039938013329,,,0.6650489421997756
9353,1001,13,5,0.55,0.2,1000,restricted_90,aggregation,0.7109161494270891,,,0.6641933620083622
9354,1001,13,5,0.55,0.2,1000,restricted_90,aggregation,0.7117562297920397,,,0.6653483432077183
9355,1001,13,5,0.55,0.2,1000,restricted_90,aggregation,0.7117806855420443,,,0.6654603496888915
9356,1001,13,5,0.55,0.2,1000,restricted_90,aggregation,0.7112175134825995,,,0.664996216861842
9357,1001,13,5,0.55,0.2,1000,restricted_90,aggregation,0.7115491986502769,,,0.6655322491859993
9358,1001,13,5,0.55,0.2,1000,restricted_90,aggregation,0.7116176724057927,,,0.6648052689286024
9359,1001,13,5,0.55,0.2,1000,restricted_90,aggregation,0.7109649737504337,,,0.664655165536624
9360,1001,13,5,0.55,0.2,1000,restricted_90,aggregation,0.7117657807443623,,,0.6654774102055354
9361,1001,13,5,0.55,0.2,1000,restricted_90,aggregation,0.7111538584382667,,,0.6654902475379559
9362,1001,13,5,0.55,0.2,1000,restricted_90,aggregation,0.7112737029192367,,,0.664767183834684
9363,1001,13,5,0.55,0.2,1000,restricted_90,aggregation,0.7111848764517575,,,0.6649685991785993
9364,1001,13,5,0.55,0.2,1000,restricted_90,aggregation,0.711288899542638,,,0.6646299217063801
9365,1001,13,5,0.55,0.2,1000,restricted_90,aggregation,0.7119963424037302,,,0.666021612492446
9366,1001,13,5,0.55,0.2,1000,restricted_90,aggregation,0.7118622708856434,,,0.6656529995852913
9367,1001,13,5,0.55,0.2,1000,restricted_90,aggregation,0.712000172302673,,,0.665160320520529
9368,1001,13,5,0.55,0.2,1000,restricted_90,aggregation,0.7114942913577963,,,0.6650790974688893
9369,1001,13,5,0.55,0.2,1000,restricted_90,aggregation,0.7114569418749408,,,0.6654529463052382
9370,1001,13,5,0.55,0.2,1000,restricted_90,aggregation,0.7118006630320309,,,0.6652668343693344
9371,1001,13,5,0.55,0.2,1000,restricted_90,aggregation,0.7111821914472259,,,0.664622515069807
9372,1001,13,5,0.55,0.2,1000,restricted_90,aggregation,0.7117300939735809,,,0.6652134789207707
9373,1001,13,5,0.55,0.2,1000,restricted_90,aggregation,0.7109557186574177,,,0.6649033709346212
9374,1001,13,5,0.55,0.2,1000,restricted_90,aggregation,0.7113012053666743,,,0.6654100116164701
9375,1001,13,5,0.55,0.2,1000,restricted_90,aggregation,0.7112623411380592,,,0.664678285518494
9376,1001,13,5,0.55,0.2,1000,restricted_90,aggregation,0.7112436969468222,,,0.6650319647867566
9377,1001,13,5,0.55,0.2,1000,restricted_90,aggregation,0.7117885794738049,,,0.6655329475462809
9378,1001,13,5,0.55,0.2,1000,restricted_90,aggregation,0.7112886468407617,,,0.6647156354062604
9379,1001,13,5,0.55,0.2,1000,restricted_90,aggregation,0.7113953512984798,,,0.6648605614986867
9380,1001,13,5,0.55,0.2,1000,restricted_90,aggregation,0.7115992841688841,,,0.6644828208442793
9381,1001,13,5,0.55,0.2,1000,restricted_90,aggregation,0.7113833456505023,,,0.6652806789121375
9382,1001,13,5,0.55,0.2,1000,restricted_90,aggregation,0.7107340581867786,,,0.6640749352961854
9383,1001,13,5,0.55,0.2,1000,restricted_90,aggregation,0.7117082037005424,,,0.6652076435370187
9384,1001,13,5,0.55,0.2,1000,restricted_90,aggregation,0.710998269542399,,,0.6652618333132918
9385,1001,13,5,0.55,0.2,1000,restricted_90,aggregation,0.7116333640984501,,,0.6651091672216674
9386,1001,13,5,0.55,0.2,1000,restricted_90,aggregation,0.7105433383831344,,,0.6633877951061286
9387,1001,13,5,0.55,0.2,1000,restricted_90,aggregation,0.7117176524615398,,,0.6653351964162382
9388,1001,13,5,0.55,0.2,1000,restricted_90,aggregation,0.7116213364280287,,,0.6650821858928111
9389,1001,13,5,0.55,0.2,1000,restricted_90,aggregation,0.7116719035621073,,,0.6653302334008586
9390,1001,13,5,0.55,0.2,1000,restricted_90,aggregation,0.7116453468761347,,,0.665521984234901
9391,1001,13,5,0.55,0.2,1000,restricted_90,aggregation,0.7109059768753994,,,0.6647028509838927
9392,1001,13,5,0.55,0.2,1000,restricted_90,aggregation,0.7113683702304762,,,0.6648045923752175
9393,1001,13,5,0.55,0.2,1000,restricted_90,aggregation,0.7114740642724757,,,0.6649095766116601
9394,1001,13,5,0.55,0.2,1000,restricted_90,aggregation,0.7113135544538258,,,0.6652527681115181
9395,1001,13,5,0.55,0.2,1000,restricted_90,aggregation,0.7112631619133473,,,0.6647354221241722
9396,1001,13,5,0.55,0.2,1000,restricted_90,aggregation,0.7116674927559573,,,0.665077821245113
9397,1001,13,5,0.55,0.2,1000,restricted_90,aggregation,0.7109292814439836,,,0.664096275175442
9398,1001,13,5,0.55,0.2,1000,restricted_90,aggregation,0.7115669759575125,,,0.6652618340687092
9399,1001,13,5,0.55,0.2,1000,restricted_90,aggregation,0.7116420569657751,,,0.664976767476351
9400,1001,13,5,0.55,0.2,1000,restricted_90,aggregation,0.7116062865038788,,,0.6653255056440475
9401,1001,13,5,0.55,0.2,1000,restricted_90,aggregation,0.711140353556685,,,0.6643030483867984
9402,1001,13,5,0.55,0.2,1000,restricted_90,aggregation,0.7117337377406577,,,0.665406296442755
9403,1001,13,5,0.55,0.2,1000,restricted_90,aggregation,0.7114079948778598,,,0.6649414108422443
9404,1001,13,5,0.55,0.2,1000,restricted_90,aggregation,0.712000709023381,,,0.6654323622519458
9405,1001,13,5,0.55,0.2,1000,restricted_90,aggregation,0.7116121789596495,,,0.6648503642191144
9406,1001,13,5,0.55,0.2,1000,restricted_90,aggregation,0.7121985099420374,,,0.6652300102752189
9407,1001,13,5,0.55,0.2,1000,restricted_90,aggregation,0.7119700932291942,,,0.665534233891109
9408,1001,13,5,0.55,0.2,1000,restricted_90,aggregation,0.7114600546676928,,,0.6654113543940628
9409,1001,13,5,0.55,0.2,1000,restricted_90,aggregation,0.7115923976038138,,,0.665492239280781
9410,1001,13,5,0.55,0.2,1000,restricted_90,aggregation,0.711880171125156,,,0.6648425853698772
9411,1001,13,5,0.55,0.2,1000,restricted_90,aggregation,0.7112232970162035,,,0.6647428408551327
9412,1001,13,5,0.55,0.2,1000,restricted_90,aggregation,0.7112188148249071,,,0.6648190686165689
9413,1001,13,5,0.55,0.2,1000,restricted_90,aggregation,0.7112126951780403,,,0.6644805707178625
9414,1001,13,5,0.55,0.2,1000,restricted_90,aggregation,0.7118113898021062,,,0.6660763584255253
9415,1001,13,5,0.55,0.2,1000,restricted_90,aggregation,0.711479278294663,,,0.6647075958840544
9416,1001,13,5,0.55,0.2,1000,restricted_90,aggregation,0.7122142112178197,,,0.6658402693525612
9417,1001,13,5,0.55,0.2,1000,restricted_90,aggregation,0.7118349124192389,,,0.6654050929703015
9418,1001,13,5,0.55,0.2,1000,restricted_90,aggregation,0.7114921659426204,,,0.664988004572588
9419,1001,13,5,0.55,0.2,1000,restricted_90,aggregation,0.7111274488891686,,,0.6647614270066355
9420,1001,13,5,0.55,0.2,1000,restricted_90,aggregation,0.7116282993887576,,,0.6654878346190848
9421,1001,13,5,0.55,0.2,1000,restricted_90,aggregation,0.7113715971969586,,,0.6649202088960423
9422,1001,13,5,0.55,0.2,1000,restricted_90,aggregation,0.711902424742682,,,0.6656292850976187
9423,1001,13,5,0.55,0.2,1000,restricted_90,aggregation,0.7112058131352733,,,0.6648949357355609
9424,1001,13,5,0.55,0.2,1000,restricted_90,aggregation,0.7112646116622984,,,0.6650324367376452
9425,1001,13,5,0.55,0.2,1000,restricted_90,aggregation,0.7109778335210445,,,0.6646090370432038
9426,1001,13,5,0.55,0.2,1000,restricted_90,aggregation,0.7114467541091969,,,0.6649673339083758
9427,1001,13,5,0.55,0.2,1000,restricted_90,aggregation,0.7109541889721182,,,0.6645165841565843
9428,1001,13,5,0.55,0.2,1000,restricted_90,aggregation,0.7117060251814451,,,0.6659594560300812
9429,1001,13,5,0.55,0.2,1000,restricted_90,aggregation,0.7111387077821208,,,0.6647692384544469
9430,1001,13,5,0.55,0.2,1000,restricted_90,aggregation,0.7113540584702855,,,0.6657847184143019
9431,1001,13,5,0.55,0.2,1000,restricted_90,aggregation,0.7112815369077446,,,0.6654360532291784
9432,1001,13,5,0.55,0.2,1000,restricted_90,aggregation,0.7111337183147399,,,0.6647114786987705
9433,1001,13,5,0.55,0.2,1000,restricted_90,aggregation,0.7115568086018588,,,0.6644195295984882
9434,1001,13,5,0.55,0.2,1000,restricted_90,aggregation,0.7108527469690157,,,0.6644665928901347
9435,1001,13,5,0.55,0.2,1000,restricted_90,aggregation,0.7114822603893638,,,0.6647653541597293
9436,1001,13,5,0.55,0.2,1000,restricted_90,aggregation,0.7118890436523689,,,0.6651469985030403
9437,1001,13,5,0.55,0.2,1000,restricted_90,aggregation,0.711405157906571,,,0.6650387362020697
9438,1001,13,5,0.55,0.2,1000,restricted_90,aggregation,0.7118171821824794,,,0.6656383300187467
9439,1001,13,5,0.55,0.2,1000,restricted_90,aggregation,0.7114085472917046,,,0.6644887370576955
9440,1001,13,5,0.55,0.2,1000,restricted_90,aggregation,0.7116678578970874,,,0.664987779180696
9441,1001,13,5,0.55,0.2,1000,restricted_90,aggregation,0.7115548331052327,,,0.6652961201375786
9442,1001,13,5,0.55,0.2,1000,restricted_90,aggregation,0.7114993103982956,,,0.6654184159975829
9443,1001,13,5,0.55,0.2,1000,restricted_90,aggregation,0.7119116744386312,,,0.6653024315653483
9444,1001,13,5,0.55,0.2,1000,restricted_90,aggregation,0.7116514899013916,,,0.6652305150559319
9445,1001,13,5,0.55,0.2,1000,restricted_90,aggregation,0.7118255605159652,,,0.6650824286438871
9446,1001,13,5,0.55,0.2,1000,restricted_90,aggregation,0.7112934703033356,,,0.6641564073889076
9447,1001,13,5,0.55,0.2,1000,restricted_90,aggregation,0.711497219083826,,,0.6651180157650992
9448,1001,13,5,0.55,0.2,1000,restricted_90,aggregation,0.7115024308164641,,,0.6650407598497183
9449,1001,13,5,0.55,0.2,1000,restricted_90,aggregation,0.7111825540190979,,,0.6648494887596973
9450,1001,13,5,0.55,0.2,1000,restricted_90,aggregation,0.7115433896520852,,,0.6653531337952173
9451,1001,13,5,0.55,0.2,1000,restricted_90,aggregation,0.7113698450315523,,,0.6652183211926963
9452,1001,13,5,0.55,0.2,1000,restricted_90,aggregation,0.7117319105598867,,,0.6652328558401477
9453,1001,13,5,0.55,0.2,1000,restricted_90,aggregation,0.7113781870556001,,,0.6646933948458951
9454,1001,13,5,0.55,0.2,1000,restricted_90,aggregation,0.711600612179992,,,0.6651414737654323
9455,1001,13,5,0.55,0.2,1000,restricted_90,aggregation,0.7112771954257989,,,0.6648990295044462
9456,1001,13,5,0.55,0.2,1000,restricted_90,aggregation,0.7115021058725615,,,0.6647655180467682
9457,1001,13,5,0.55,0.2,1000,restricted_90,aggregation,0.7119000862785184,,,0.6653761664107498
9458,1001,13,5,0.55,0.2,1000,restricted_90,aggregation,0.7117185800666816,,,0.6650571184602436
9459,1001,13,5,0.55,0.2,1000,restricted_90,aggregation,0.7111980445662478,,,0.6650510987315156
9460,1001,13,5,0.55,0.2,1000,restricted_90,aggregation,0.7114772899623487,,,0.6656521740373826
9461,1001,13,5,0.55,0.2,1000,restricted_90,aggregation,0.7118320000938742,,,0.6647357712503547
9462,1001,13,5,0.55,0.2,1000,restricted_90,aggregation,0.7112544417963573,,,0.6653246587440338
9463,1001,13,5,0.55,0.2,1000,restricted_90,aggregation,0.71136318425944,,,0.6649090595901014
9464,1001,13,5,0.55,0.2,1000,restricted_90,aggregation,0.7112782938867658,,,0.6651264347381015
9465,1001,13,5,0.55,0.2,1000,restricted_90,aggregation,0.711536082182158,,,0.6648345245263997
9466,1001,13,5,0.55,0.2,1000,restricted_90,aggregation,0.7112863447991304,,,0.665136595295137
9467,1001,13,5,0.55,0.2,1000,restricted_90,aggregation,0.7112740773264471,,,0.6650353804991306
9468,1001,13,5,0.55,0.2,1000,restricted_90,aggregation,0.7113460334540626,,,0.6649817831936583
9469,1001,13,5,0.55,0.2,1000,restricted_90,aggregation,0.7114493658892039,,,0.6653591262826681
9470,1001,13,5,0.55,0.2,1000,restricted_90,aggregation,0.7111998513871982,,,0.6643108155964408
9471,1001,13,5,0.55,0.2,1000,restricted_90,aggregation,0.7114716673842034,,,0.6654850553613055
9472,1001,13,5,0.55,0.2,1000,restricted_90,aggregation,0.7118525152811462,,,0.6651730098296766
9473,1001,13,5,0.55,0.2,1000,restricted_90,aggregation,0.7114527816937157,,,0.6648409032479867
9474,1001,13,5,0.55,0.2,1000,restricted_90,aggregation,0.7117197100846347,,,0.6648429744329747
9475,1001,13,5,0.55,0.2,1000,restricted_90,aggregation,0.7114834007684185,,,0.6650497292213959
9476,1001,13,5,0.55,0.2,1000,restricted_90,aggregation,0.7109535328696063,,,0.6645479102147854
9477,1001,13,5,0.55,0.2,1000,restricted_90,aggregation,0.7109092103136154,,,0.6648120940248026
9478,1001,13,5,0.55,0.2,1000,restricted_90,aggregation,0.7108723562055985,,,0.6648923994755246
9479,1001,13,5,0.55,0.2,1000,restricted_90,aggregation,0.7117804957149728,,,0.6655083189958193
9480,1001,13,5,0.55,0.2,1000,restricted_90,aggregation,0.7113716821764461,,,0.664986231145398
9481,1001,13,5,0.55,0.2,1000,restricted_90,aggregation,0.7110991944412288,,,0.6646672561620479
9482,1001,13,5,0.55,0.2,1000,restricted_90,aggregation,0.7115411724175202,,,0.6652678207671959
9483,1001,13,5,0.55,0.2,1000,restricted_90,aggregation,0.7115597183386673,,,0.6655321580811165
9484,1001,13,5,0.55,0.2,1000,restricted_90,aggregation,0.7113305797762778,,,0.6648523018108436
9485,1001,13,5,0.55,0.2,1000,restricted_90,aggregation,0.7110330507474166,,,0.6643306998942416
9486,1001,13,5,0.55,0.2,1000,restricted_90,aggregation,0.7109990645247517,,,0.6648707451267869
9487,1001,13,5,0.55,0.2,1000,restricted_90,aggregation,0.7113214232784056,,,0.665162325143992
9488,1001,13,5,0.55,0.2,1000,restricted_90,aggregation,0.7114225613347697,,,0.6650986356159274
9489,1001,13,5,0.55,0.2,1000,restricted_90,aggregation,0.7116005480394579,,,0.6650182311130228
9490,1001,13,5,0.55,0.2,1000,restricted_90,aggregation,0.7116748331826599,,,0.6649195342928678
9491,1001,13,5,0.55,0.2,1000,restricted_90,aggregation,0.7117774201811199,,,0.6649236095617347
9492,1001,13,5,0.55,0.2,1000,restricted_90,aggregation,0.7115198456248687,,,0.6655090711834463
9493,1001,13,5,0.55,0.2,1000,restricted_90,aggregation,0.7117679519833985,,,0.6652398977180228
9494,1001,13,5,0.55,0.2,1000,restricted_90,aggregation,0.7115705127371696,,,0.6653528188555273
9495,1001,13,5,0.55,0.2,1000,restricted_90,aggregation,0.7107159645905478,,,0.6646508348981267
9496,1001,13,5,0.55,0.2,1000,restricted_90,aggregation,0.7114860077149848,,,0.6647695484145485
9497,1001,13,5,0.55,0.2,1000,restricted_90,aggregation,0.7111551778551584,,,0.6646421790555124
9498,1001,13,5,0.55,0.2,1000,restricted_90,aggregation,0.7112890566808147,,,0.6646832820959906
9499,1001,13,5,0.55,0.2,1000,restricted_90,aggregation,0.7119921006788439,,,0.6657913041279709
9500,1001,13,5,0.55,0.2,1000,restricted_90,aggregation,0.7116656211313921,,,0.6657552298318966
9501,1001,13,5,0.55,0.2,1000,restricted_90,aggregation,0.711695955524509,,,0.665927782549241
9502,1001,13,5,0.55,0.2,1000,restricted_90,aggregation,0.7115043859302465,,,0.6646986600051186
9503,1001,13,5,0.55,0.2,1000,restricted_90,aggregation,0.7119204802962327,,,0.6656611654163739
9504,1001,13,5,0.55,0.2,1000,restricted_90,aggregation,0.711546190102421,,,0.6648362302203971
9505,1001,13,5,0.55,0.2,1000,restricted_90,aggregation,0.7119549269405931,,,0.6657369002062752
9506,1001,13,5,0.55,0.2,1000,restricted_90,aggregation,0.7112149469879332,,,0.6646136400944737
9507,1001,13,5,0.55,0.2,1000,restricted_90,aggregation,0.7114585141092848,,,0.6645135553720972
9508,1001,13,5,0.55,0.2,1000,restricted_90,aggregation,0.7117126833353314,,,0.6651243506416424
9509,1001,13,5,0.55,0.2,1000,restricted_90,aggregation,0.7112239467734434,,,0.6649144811669814
9510,1001,13,5,0.55,0.2,1000,restricted_90,aggregation,0.7114384924041102,,,0.6652939048297383
9511,1001,13,5,0.55,0.2,1000,restricted_90,aggregation,0.7117236540882075,,,0.6658862651237653
9512,1001,13,5,0.55,0.2,1000,restricted_90,aggregation,0.7109718711832012,,,0.6644512789448209
9513,1001,13,5,0.55,0.2,1000,restricted_90,aggregation,0.7111930091455968,,,0.664571502332544
9514,1001,13,5,0.55,0.2,1000,restricted_90,aggregation,0.7114382573315385,,,0.6654905606661858
9515,1001,13,5,0.55,0.2,1000,restricted_90,aggregation,0.7112929176685903,,,0.6644968478589314
9516,1001,13,5,0.55,0.2,1000,restricted_90,aggregation,0.7113981759324245,,,0.6651410249781085
9517,1001,13,5,0.55,0.2,1000,restricted_90,aggregation,0.7117950846247211,,,0.6655041187824523
9518,1001,13,5,0.55,0.2,1000,restricted_90,aggregation,0.7117209413926145,,,0.6651283246999916
9519,1001,13,5,0.55,0.2,1000,restricted_90,aggregation,0.7113435774123759,,,0.6649155447022115
9520,1001,13,5,0.55,0.2,1000,restricted_90,aggregation,0.71171962934297,,,0.6654209301423886
9521,1001,13,5,0.55,0.2,1000,restricted_90,aggregation,0.7113346092601488,,,0.6651134625945044
9522,1001,13,5,0.55,0.2,1000,restricted_90,aggregation,0.71094742088965,,,0.6642591051309803
9523,1001,13,5,0.55,0.2,1000,restricted_90,aggregation,0.7112884901503446,,,0.6649682707724377
9524,1001,13,5,0.55,0.2,1000,restricted_90,aggregation,0.7114356946611106,,,0.6649262208547626
9525,1001,13,5,0.55,0.2,1000,restricted_90,aggregation,0.7116752269821428,,,0.6649067444669529
9526,1001,13,5,0.55,0.2,1000,restricted_90,aggregation,0.711510676632663,,,0.6650851088880257
9527,1001,13,5,0.55,0.2,1000,restricted_90,aggregation,0.7122252052108227,,,0.6658603076707246
9528,1001,13,5,0.55,0.2,1000,restricted_90,aggregation,0.7119424723745035,,,0.6655426009176011
9529,1001,13,5,0.55,0.2,1000,restricted_90,aggregation,0.7109338855559123,,,0.664221695850446
9530,1001,13,5,0.55,0.2,1000,restricted_90,aggregation,0.7113656707588468,,,0.6649651689591275
9531,1001,13,5,0.55,0.2,1000,restricted_90,aggregation,0.711678097144519,,,0.6651095577878912
9532,1001,13,5,0.55,0.2,1000,restricted_90,aggregation,0.7118573783176323,,,0.6653638940766025
9533,1001,13,5,0.55,0.2,1000,restricted_90,aggregation,0.7116603899784707,,,0.6651576201267869
9534,1001,13,5,0.55,0.2,1000,restricted_90,aggregation,0.7118336167522628,,,0.6651712456062459
9535,1001,13,5,0.55,0.2,1000,restricted_90,aggregation,0.7115488475085888,,,0.6645799030753199
9536,1001,13,5,0.55,0.2,1000,restricted_90,aggregation,0.7111966214827752,,,0.664504492482826
9537,1001,13,5,0.55,0.2,1000,restricted_90,aggregation,0.7112331433525959,,,0.6650496882669801
9538,1001,13,5,0.55,0.2,1000,restricted_90,aggregation,0.7115886363400087,,,0.6659127901188319
9539,1001,13,5,0.55,0.2,1000,restricted_90,aggregation,0.7118543903734278,,,0.664785356117648
9540,1001,13,5,0.55,0.2,1000,restricted_90,aggregation,0.7118666597981717,,,0.6653462841325343
9541,1001,13,5,0.55,0.2,1000,restricted_90,aggregation,0.7114142464892785,,,0.6653410163216414
9542,1001,13,5,0.55,0.2,1000,restricted_90,aggregation,0.7116888928656603,,,0.6651722189461774
9543,1001,13,5,0.55,0.2,1000,restricted_90,aggregation,0.7113858036432981,,,0.6653386249630002
9544,1001,13,5,0.55,0.2,1000,restricted_90,aggregation,0.7110578224796509,,,0.6647741031499366
9545,1001,13,5,0.55,0.2,1000,restricted_90,aggregation,0.7117488910878513,,,0.6653265725169892
9546,1001,13,5,0.55,0.2,1000,restricted_90,aggregation,0.7113460995305257,,,0.6653122169111754
9547,1001,13,5,0.55,0.2,1000,restricted_90,aggregation,0.7114270296860243,,,0.6649861620555372
9548,1001,13,5,0.55,0.2,1000,restricted_90,aggregation,0.7112009756521134,,,0.6644346174196175
9549,1001,13,5,0.55,0.2,1000,restricted_90,aggregation,0.7118341270846423,,,0.6654135602746021
9550,1001,13,5,0.55,0.2,1000,restricted_90,aggregation,0.711360886548895,,,0.6649218523297692
9551,1001,13,5,0.55,0.2,1000,restricted_90,aggregation,0.7112804951462525,,,0.6647639857596109
9552,1001,13,5,0.55,0.2,1000,restricted_90,aggregation,0.7108120371654177,,,0.6644578417801336
9553,1001,13,5,0.55,0.2,1000,restricted_90,aggregation,0.7109993252705151,,,0.6644111618628287
9554,1001,13,5,0.55,0.2,1000,restricted_90,aggregation,0.7107801141300726,,,0.6647734044890296
9555,1001,13,5,0.55,0.2,1000,restricted_90,aggregation,0.7113882432651205,,,0.6651722302928554
9556,1001,13,5,0.55,0.2,1000,restricted_90,aggregation,0.7115479623927901,,,0.6647823204419039
9557,1001,13,5,0.55,0.2,1000,restricted_90,aggregation,0.711217206274466,,,0.6649424904262405
9558,1001,13,5,0.55,0.2,1000,restricted_90,aggregation,0.7116081188239562,,,0.6650569522375774
9559,1001,13,5,0.55,0.2,1000,restricted_90,aggregation,0.7115952374057533,,,0.6654825068604237
9560,1001,13,5,0.55,0.2,1000,restricted_90,aggregation,0.7112404027129569,,,0.664152468418927
9561,1001,13,5,0.55,0.2,1000,restricted_90,aggregation,0.7117227080039472,,,0.665573339877715
9562,1001,13,5,0.55,0.2,1000,restricted_90,aggregation,0.7110871268617415,,,0.6644533651841987
9563,1001,13,5,0.55,0.2,1000,restricted_90,aggregation,0.7116266269928052,,,0.6646303729680815
9564,1001,13,5,0.55,0.2,1000,restricted_90,aggregation,0.7114411562793547,,,0.6654615105342191
9565,1001,13,5,0.55,0.2,1000,restricted_90,aggregation,0.7115881642470655,,,0.665264370814371
9566,1001,13,5,0.55,0.2,1000,restricted_90,aggregation,0.7112971631853948,,,0.6652027431904518
9567,1001,13,5,0.55,0.2,1000,restricted_90,aggregation,0.7116122236988052,,,0.6655604655992158
9568,1001,13,5,0.55,0.2,1000,restricted_90,aggregation,0.7114401858441388,,,0.6648659377119795
9569,1001,13,5,0.55,0.2,1000,restricted_90,aggregation,0.7112508819202905,,,0.6646671080616915
9570,1001,13,5,0.55,0.2,1000,restricted_90,aggregation,0.7114471266125494,,,0.6648512383372802
9571,1001,13,5,0.55,0.2,1000,restricted_90,aggregation,0.7117753394700104,,,0.665637567895068
9572,1001,13,5,0.55,0.2,1000,restricted_90,aggregation,0.7118015555912168,,,0.665677878741629
9573,1001,13,5,0.55,0.2,1000,restricted_90,aggregation,0.7111130270955015,,,0.6647823743000827
9574,1001,13,5,0.55,0.2,1000,restricted_90,aggregation,0.7115365400700101,,,0.6654933815335901
9575,1001,13,5,0.55,0.2,1000,restricted_90,aggregation,0.7110081876268345,,,0.6645759922253673
9576,1001,13,5,0.55,0.2,1000,restricted_90,aggregation,0.7118008833762884,,,0.6651845030278365
9577,1001,13,5,0.55,0.2,1000,restricted_90,aggregation,0.7113209498370289,,,0.665315094858845
9578,1001,13,5,0.55,0.2,1000,restricted_90,aggregation,0.7114837764004631,,,0.6647391045991048
9579,1001,13,5,0.55,0.2,1000,restricted_90,aggregation,0.711268771354007,,,0.6652435321468656
9580,1001,13,5,0.55,0.2,1000,restricted_90,aggregation,0.711973657153624,,,0.6656614227362146
9581,1001,13,5,0.55,0.2,1000,restricted_90,aggregation,0.7117055256497209,,,0.6652307404246989
9582,1001,13,5,0.55,0.2,1000,restricted_90,aggregation,0.7110704666801205,,,0.6645682109711278
9583,1001,13,5,0.55,0.2,1000,restricted_90,aggregation,0.7119242298873415,,,0.6652702217920968
9584,1001,13,5,0.55,0.2,1000,restricted_90,aggregation,0.7119559739808015,,,0.6656585620706454
9585,1001,13,5,0.55,0.2,1000,restricted_90,aggregation,0.7111088714039061,,,0.6648431231114567
9586,1001,13,5,0.55,0.2,1000,restricted_90,aggregation,0.7112936355028681,,,0.664844740591199
9587,1001,13,5,0.55,0.2,1000,restricted_90,aggregation,0.7121010325286735,,,0.6658229089352006
9588,1001,13,5,0.55,0.2,1000,restricted_90,aggregation,0.7109885767913573,,,0.6642734467538635
9589,1001,13,5,0.55,0.2,1000,restricted_90,aggregation,0.711588394754703,,,0.6650302027987446
9590,1001,13,5,0.55,0.2,1000,restricted_90,aggregation,0.711700939782454,,,0.6650897411924497
9591,1001,13,5,0.55,0.2,1000,restricted_90,aggregation,0.7113038978875125,,,0.6653303814087149
9592,1001,13,5,0.55,0.2,1000,restricted_90,aggregation,0.711200059380092,,,0.6648202364379449
9593,1001,13,5,0.55,0.2,1000,restricted_90,aggregation,0.7112830120569927,,,0.6647162290333125
9594,1001,13,5,0.55,0.2,1000,restricted_90,aggregation,0.7114904352761253,,,0.6648068635454054
9595,1001,13,5,0.55,0.2,1000,restricted_90,aggregation,0.711939936928524,,,0.6656417345154846
9596,1001,13,5,0.55,0.2,1000,restricted_90,aggregation,0.7116348368958142,,,0.6649077313196065
9597,1001,13,5,0.55,0.2,1000,restricted_90,aggregation,0.7115152958073744,,,0.6651766072353574
9598,1001,13,5,0.55,0.2,1000,restricted_90,aggregation,0.7116516547282011,,,0.6650328550230635
9599,1001,13,5,0.55,0.2,1000,restricted_90,aggregation,0.7109951658504057,,,0.6643398624909043
9600,1001,13,5,0.55,0.2,1000,restricted_90,aggregation,0.7115268786687933,,,0.6651225273723192
9601,1001,13,5,0.55,0.2,1000,restricted_90,aggregation,0.7117438440057827,,,0.6653477192714694
9602,1001,13,5,0.55,0.2,1000,restricted_90,aggregation,0.7114852928739116,,,0.6651772923835425
9603,1001,13,5,0.55,0.2,1000,restricted_90,aggregation,0.7117658213433005,,,0.6653299037459456
9604,1001,13,5,0.55,0.2,1000,restricted_90,aggregation,0.7116379529977688,,,0.6649928519088937
9605,1001,13,5,0.55,0.2,1000,restricted_90,aggregation,0.7113578891813263,,,0.6651378153482321
9606,1001,13,5,0.55,0.2,1000,restricted_90,aggregation,0.7109849492668179,,,0.6649229713188047
9607,1001,13,5,0.55,0.2,1000,restricted_90,aggregation,0.7118645669614585,,,0.665727723896474
9608,1001,13,5,0.55,0.2,1000,restricted_90,aggregation,0.7109937088130552,,,0.6643669677698846
9609,1001,13,5,0.55,0.2,1000,restricted_90,aggregation,0.7115974196128477,,,0.6651548386567138
9610,1001,13,5,0.55,0.2,1000,restricted_90,aggregation,0.7113981705757669,,,0.6647186856430608
9611,1001,13,5,0.55,0.2,1000,restricted_90,aggregation,0.7119933542644964,,,0.6658150539738042
9612,1001,13,5,0.55,0.2,1000,restricted_90,aggregation,0.710812316710194,,,0.6645307038100791
9613,1001,13,5,0.55,0.2,1000,restricted_90,aggregation,0.7112863590209532,,,0.664979952485786
9614,1001,13,5,0.55,0.2,1000,restricted_90,aggregation,0.7115803064919108,,,0.6646894705140539
9615,1001,13,5,0.55,0.2,1000,restricted_90,aggregation,0.7122124920035131,,,0.6657054242593826
9616,1001,13,5,0.55,0.2,1000,restricted_90,aggregation,0.7113291460144001,,,0.6647409882093217
9617,1001,13,5,0.55,0.2,1000,restricted_90,aggregation,0.7107754061455223,,,0.6651969703290539
9618,1001,13,5,0.55,0.2,1000,restricted_90,aggregation,0.7115490719198028,,,0.6652626805062223
9619,1001,13,5,0.55,0.2,1000,restricted_90,aggregation,0.7114513901438152,,,0.6649119042069044
9620,1001,13,5,0.55,0.2,1000,restricted_90,aggregation,0.7115419627944805,,,0.6648823514911016
9621,1001,13,5,0.55,0.2,1000,restricted_90,aggregation,0.7119981114082213,,,0.66565030155801
9622,1001,13,5,0.55,0.2,1000,restricted_90,aggregation,0.7120120191999288,,,0.6652698714634132
9623,1001,13,5,0.55,0.2,1000,restricted_90,aggregation,0.7119223000362309,,,0.6653347821237406
9624,1001,13,5,0.55,0.2,1000,restricted_90,aggregation,0.7118004413573266,,,0.6648236787595123
9625,1001,13,5,0.55,0.2,1000,restricted_90,aggregation,0.7118384607795184,,,0.6656760423295841
9626,1001,13,5,0.55,0.2,1000,restricted_90,aggregation,0.7113618354958716,,,0.6644336685074186
9627,1001,13,5,0.55,0.2,1000,restricted_90,aggregation,0.7118001853200691,,,0.6654576257307508
9628,1001,13,5,0.55,0.2,1000,restricted_90,aggregation,0.7111361104416816,,,0.6650523044239712
9629,1001,13,5,0.55,0.2,1000,restricted_90,aggregation,0.7116919474431319,,,0.6648732663093081
9630,1001,13,5,0.55,0.2,1000,restricted_90,aggregation,0.7119158203153586,,,0.6657928644118228
9631,1001,13,5,0.55,0.2,1000,restricted_90,aggregation,0.7115985638999609,,,0.6652862906846242
9632,1001,13,5,0.55,0.2,1000,restricted_90,aggregation,0.7118098521909679,,,0.6655189792537711
9633,1001,13,5,0.55,0.2,1000,restricted_90,aggregation,0.7111052924906249,,,0.6648374639480892
9634,1001,13,5,0.55,0.2,1000,restricted_90,aggregation,0.7114371730226666,,,0.6646012984083818
9635,1001,13,5,0.55,0.2,1000,restricted_90,aggregation,0.7112899645048244,,,0.6645446000835585
9636,1001,13,5,0.55,0.2,1000,restricted_90,aggregation,0.7117100483044171,,,0.6654285242381078
9637,1001,13,5,0.55,0.2,1000,restricted_90,aggregation,0.7117920367222073,,,0.6651259889647392
9638,1001,13,5,0.55,0.2,1000,restricted_90,aggregation,0.7118713878259588,,,0.6657511310525895
9639,1001,13,5,0.55,0.2,1000,restricted_90,aggregation,0.7114470790327022,,,0.6649098624369459
9640,1001,13,5,0.55,0.2,1000,restricted_90,aggregation,0.7113466001541426,,,0.6649817508957093
9641,1001,13,5,0.55,0.2,1000,restricted_90,aggregation,0.7114842490095294,,,0.6648216231299565
9642,1001,13,5,0.55,0.2,1000,restricted_90,aggregation,0.7117686271814084,,,0.6653415617715619
9643,1001,13,5,0.55,0.2,1000,restricted_90,aggregation,0.7114126920106576,,,0.6648544323577659
9644,1001,13,5,0.55,0.2,1000,restricted_90,aggregation,0.7115372896647111,,,0.6651555225253144
9645,1001,13,5,0.55,0.2,1000,restricted_90,aggregation,0.7108478744923077,,,0.6646518169947339
9646,1001,13,5,0.55,0.2,1000,restricted_90,aggregation,0.7115962644716041,,,0.6653931114256115
9647,1001,13,5,0.55,0.2,1000,restricted_90,aggregation,0.7113968772154294,,,0.6653628761824597
9648,1001,13,5,0.55,0.2,1000,restricted_90,aggregation,0.7115160772670931,,,0.6653158480254315
9649,1001,13,5,0.55,0.2,1000,restricted_90,aggregation,0.7115219846524515,,,0.665238651880527
9650,1001,13,5,0.55,0.2,1000,restricted_90,aggregation,0.7111914968980115,,,0.6646857466915801
9651,1001,13,5,0.55,0.2,1000,restricted_90,aggregation,0.7118142195512512,,,0.6654392274315193
9652,1001,13,5,0.55,0.2,1000,restricted_90,aggregation,0.7116079785260876,,,0.6651380217544802
9653,1001,13,5,0.55,0.2,1000,restricted_90,aggregation,0.7112334447946321,,,0.664774442463401
9654,1001,13,5,0.55,0.2,1000,restricted_90,aggregation,0.7113592970107562,,,0.6649678357830442
9655,1001,13,5,0.55,0.2,1000,restricted_90,aggregation,0.7117528372528751,,,0.6651406862427697
9656,1001,13,5,0.55,0.2,1000,restricted_90,aggregation,0.7115627425701911,,,0.66558318494006
9657,1001,13,5,0.55,0.2,1000,restricted_90,aggregation,0.7114971826710561,,,0.6651315337748672
9658,1001,13,5,0.55,0.2,1000,restricted_90,aggregation,0.7115219167988502,,,0.6654612746435664
9659,1001,13,5,0.55,0.2,1000,restricted_90,aggregation,0.7115840467477619,,,0.665153470248887
9660,1001,13,5,0.55,0.2,1000,restricted_90,aggregation,0.711305213219477,,,0.66435947973323
9661,1001,13,5,0.55,0.2,1000,restricted_90,aggregation,0.7114001113916285,,,0.6649102530879616
9662,1001,13,5,0.55,0.2,1000,restricted_90,aggregation,0.7113983817269869,,,0.6649095863935449
9663,1001,13,5,0.55,0.2,1000,restricted_90,aggregation,0.7111079094042734,,,0.6646931664169166
9664,1001,13,5,0.55,0.2,1000,restricted_90,aggregation,0.7112484720769322,,,0.6649419010079428
9665,1001,13,5,0.55,0.2,1000,restricted_90,aggregation,0.7113930218200409,,,0.6651608141703976
9666,1001,13,5,0.55,0.2,1000,restricted_90,aggregation,0.711367707442606,,,0.6647303915220584
9667,1001,13,5,0.55,0.2,1000,restricted_90,aggregation,0.7114644940412338,,,0.6650084936437022
9668,1001,13,5,0.55,0.2,1000,restricted_90,aggregation,0.7112030946901656,,,0.6656083615844034
9669,1001,13,5,0.55,0.2,1000,restricted_90,aggregation,0.7115265191188849,,,0.6646861863830614
9670,1001,13,5,0.55,0.2,1000,restricted_90,aggregation,0.7112655002806254,,,0.6650740633903135
9671,1001,13,5,0.55,0.2,1000,restricted_90,aggregation,0.7109145176433221,,,0.6651182074407076
9672,1001,13,5,0.55,0.2,1000,restricted_90,aggregation,0.7108933839304145,,,0.6650310881633801
9673,1001,13,5,0.55,0.2,1000,restricted_90,aggregation,0.7117183503252538,,,0.6653657514013764
9674,1001,13,5,0.55,0.2,1000,restricted_90,aggregation,0.7115261712208896,,,0.6648481688912942
9675,1001,13,5,0.55,0.2,1000,restricted_90,aggregation,0.7121611960724974,,,0.6660354709025543
9676,1001,13,5,0.55,0.2,1000,restricted_90,aggregation,0.7114377825837607,,,0.6650392679388515
9677,1001,13,5,0.55,0.2,1000,restricted_90,aggregation,0.7118587934428395,,,0.6655412767710686
9678,1001,13,5,0.55,0.2,1000,restricted_90,aggregation,0.7112623499883457,,,0.6644657241215575
9679,1001,13,5,0.55,0.2,1000,restricted_90,aggregation,0.7112522850952357,,,0.6651898286744121
9680,1001,13,5,0.55,0.2,1000,restricted_90,aggregation,0.7113306696592117,,,0.6651325226856478
9681,1001,13,5,0.55,0.2,1000,restricted_90,aggregation,0.711554351140776,,,0.665378617640076
9682,1001,13,5,0.55,0.2,1000,restricted_90,aggregation,0.7118197056537983,,,0.665567565813816
9683,1001,13,5,0.55,0.2,1000,restricted_90,aggregation,0.7110627081223844,,,0.6641157734703569
9684,1001,13,5,0.55,0.2,1000,restricted_90,aggregation,0.7114210242124834,,,0.6648029153870821
9685,1001,13,5,0.55,0.2,1000,restricted_90,aggregation,0.7114858945830432,,,0.6648961977451562
9686,1001,13,5,0.55,0.2,1000,restricted_90,aggregation,0.7118742714776575,,,0.6659049599166268
9687,1001,13,5,0.55,0.2,1000,restricted_90,aggregation,0.7109288015790423,,,0.6646760913931749
9688,1001,13,5,0.55,0.2,1000,restricted_90,aggregation,0.7120151018943764,,,0.6652374774299777
9689,1001,13,5,0.55,0.2,1000,restricted_90,aggregation,0.7113813496980449,,,0.6645918848127182
9690,1001,13,5,0.55,0.2,1000,restricted_90,aggregation,0.7114457291453673,,,0.6651250045864631
9691,1001,13,5,0.55,0.2,1000,restricted_90,aggregation,0.7117317671271687,,,0.6652967782449034
9692,1001,13,5,0.55,0.2,1000,restricted_90,aggregation,0.7116031992497364,,,0.6652427887544556
9693,1001,13,5,0.55,0.2,1000,restricted_90,aggregation,0.7114073652367121,,,0.6652196802657221
9694,1001,13,5,0.55,0.2,1000,restricted_90,aggregation,0.7117389342858281,,,0.6648146533713201
9695,1001,13,5,0.55,0.2,1000,restricted_90,aggregation,0.7118063552206813,,,0.6654369703675955
9696,1001,13,5,0.55,0.2,1000,restricted_90,aggregation,0.7115419624844694,,,0.6655522299999385
9697,1001,13,5,0.55,0.2,1000,restricted_90,aggregation,0.7115536653330812,,,0.6652458545158545
9698,1001,13,5,0.55,0.2,1000,restricted_90,aggregation,0.7109731571363903,,,0.6644400461729629
9699,1001,13,5,0.55,0.2,1000,restricted_90,aggregation,0.7119369933984278,,,0.6658860349064518
9700,1001,13,5,0.55,0.2,1000,restricted_90,aggregation,0.7114470646900911,,,0.6652499805210222
9701,1001,13,5,0.55,0.2,1000,restricted_90,aggregation,0.7113803707417939,,,0.6646085701489869
9702,1001,13,5,0.55,0.2,1000,restricted_90,aggregation,0.7117585501649873,,,0.6654597805589473
9703,1001,13,5,0.55,0.2,1000,restricted_90,aggregation,0.7118014883641568,,,0.6652146928457345
9704,1001,13,5,0.55,0.2,1000,restricted_90,aggregation,0.7113189146698661,,,0.6650460144793481
9705,1001,13,5,0.55,0.2,1000,restricted_90,aggregation,0.711840902924915,,,0.6656787732175233
9706,1001,13,5,0.55,0.2,1000,restricted_90,aggregation,0.7117830789525909,,,0.6654950743623662
9707,1001,13,5,0.55,0.2,1000,restricted_90,aggregation,0.7118213960820375,,,0.6650266931756516
9708,1001,13,5,0.55,0.2,1000,restricted_90,aggregation,0.7117961195783058,,,0.6655482098688351
9709,1001,13,5,0.55,0.2,1000,restricted_90,aggregation,0.7116871319114169,,,0.6652411618782454
9710,1001,13,5,0.55,0.2,1000,restricted_90,aggregation,0.7112857347348686,,,0.6649142577715496
9711,1001,13,5,0.55,0.2,1000,restricted_90,aggregation,0.7119419350468534,,,0.6649440190981858
9712,1001,13,5,0.55,0.2,1000,restricted_90,aggregation,0.7114210196269923,,,0.6653864209247544
9713,1001,13,5,0.55,0.2,1000,restricted_90,aggregation,0.712117079306657,,,0.6659658503456423
9714,1001,13,5,0.55,0.2,1000,restricted_90,aggregation,0.7117178315798557,,,0.6657140753074087
9715,1001,13,5,0.55,0.2,1000,restricted_90,aggregation,0.7118044701523819,,,0.6653794524765358
9716,1001,13,5,0.55,0.2,1000,restricted_90,aggregation,0.7118026736282097,,,0.6653023309714978
9717,1001,13,5,0.55,0.2,1000,restricted_90,aggregation,0.711439982490975,,,0.6651182667795169
9718,1001,13,5,0.55,0.2,1000,restricted_90,aggregation,0.7111234827734576,,,0.6647598515065184
9719,1001,13,5,0.55,0.2,1000,restricted_90,aggregation,0.7117445976922139,,,0.6657555712805714
9720,1001,13,5,0.55,0.2,1000,restricted_90,aggregation,0.7116449538237107,,,0.6652811393853062
9721,1001,13,5,0.55,0.2,1000,restricted_90,aggregation,0.7116470323018087,,,0.6648826939341523
9722,1001,13,5,0.55,0.2,1000,restricted_90,aggregation,0.711382398236777,,,0.6652164836244004
9723,1001,13,5,0.55,0.2,1000,restricted_90,aggregation,0.7112784227013939,,,0.6650923223535725
9724,1001,13,5,0.55,0.2,1000,restricted_90,aggregation,0.7114870166995125,,,0.6651321154462823
9725,1001,13,5,0.55,0.2,1000,restricted_90,aggregation,0.7115562189000065,,,0.6652630046034215
9726,1001,13,5,0.55,0.2,1000,restricted_90,aggregation,0.7116603456895044,,,0.6653039410589412
9727,1001,13,5,0.55,0.2,1000,restricted_90,aggregation,0.7114789378763875,,,0.6651468919968921
9728,1001,13,5,0.55,0.2,1000,restricted_90,aggregation,0.7114226142776232,,,0.6653209392998978
9729,1001,13,5,0.55,0.2,1000,restricted_90,aggregation,0.7117548718267482,,,0.6646984730855565
9730,1001,13,5,0.55,0.2,1000,restricted_90,aggregation,0.7119099597403787,,,0.6662240536932204
9731,1001,13,5,0.55,0.2,1000,restricted_90,aggregation,0.7112885246305917,,,0.6647308578073162
9732,1001,13,5,0.55,0.2,1000,restricted_90,aggregation,0.711575384057009,,,0.6654095430880848
9733,1001,13,5,0.55,0.2,1000,restricted_90,aggregation,0.7120267763873448,,,0.6658500151083486
9734,1001,13,5,0.55,0.2,1000,restricted_90,aggregation,0.7117721154098852,,,0.6657669388173556
9735,1001,13,5,0.55,0.2,1000,restricted_90,aggregation,0.711047214867643,,,0.6645776872741459
9736,1001,13,5,0.55,0.2,1000,restricted_90,aggregation,0.7115573198746895,,,0.6650906647904565
9737,1001,13,5,0.55,0.2,1000,restricted_90,aggregation,0.7112780005520497,,,0.664797651769527
9738,1001,13,5,0.55,0.2,1000,restricted_90,aggregation,0.7120600776703746,,,0.6656629633869218
9739,1001,13,5,0.55,0.2,1000,restricted_90,aggregation,0.7121340685798988,,,0.6659512134701719
9740,1001,13,5,0.55,0.2,1000,restricted_90,aggregation,0.7117598348556147,,,0.6654632346742764
9741,1001,13,5,0.55,0.2,1000,restricted_90,aggregation,0.7116732441012926,,,0.664566527962778
9742,1001,13,5,0.55,0.2,1000,restricted_90,aggregation,0.711450471641433,,,0.6649243352403771
9743,1001,13,5,0.55,0.2,1000,restricted_90,aggregation,0.7112841591853971,,,0.6648158139314391
9744,1001,13,5,0.55,0.2,1000,restricted_90,aggregation,0.7118976589837022,,,0.664960200524784
9745,1001,13,5,0.55,0.2,1000,restricted_90,aggregation,0.7114795906036311,,,0.6646848186535689
9746,1001,13,5,0.55,0.2,1000,restricted_90,aggregation,0.7118431424926104,,,0.665334131277673
9747,1001,13,5,0.55,0.2,1000,restricted_90,aggregation,0.7113544836680642,,,0.6651747541887126
9748,1001,13,5,0.55,0.2,1000,restricted_90,aggregation,0.7117143129299249,,,0.6656860983229735
9749,1001,13,5,0.55,0.2,1000,restricted_90,aggregation,0.7115177950013711,,,0.6650778232415734
9750,1001,13,5,0.55,0.2,1000,restricted_90,aggregation,0.7117316766362743,,,0.6651927769606938
9751,1001,13,5,0.55,0.2,1000,restricted_90,aggregation,0.7112745325818415,,,0.6648053801985053
9752,1001,13,5,0.55,0.2,1000,restricted_90,aggregation,0.7111503940524628,,,0.6643804302256388
9753,1001,13,5,0.55,0.2,1000,restricted_90,aggregation,0.7115188510947992,,,0.6651682440630359
9754,1001,13,5,0.55,0.2,1000,restricted_90,aggregation,0.7111545916318802,,,0.6647041818983487
9755,1001,13,5,0.55,0.2,1000,restricted_90,aggregation,0.7114793724680746,,,0.6648107585007587
9756,1001,13,5,0.55,0.2,1000,restricted_90,aggregation,0.7116357475131622,,,0.6651162896979566
9757,1001,13,5,0.55,0.2,1000,restricted_90,aggregation,0.7116802522280111,,,0.6656561383600968
9758,1001,13,5,0.55,0.2,1000,restricted_90,aggregation,0.7114997258711251,,,0.6645327650281819
9759,1001,13,5,0.55,0.2,1000,restricted_90,aggregation,0.7116729514787077,,,0.665516448512907
9760,1001,13,5,0.55,0.2,1000,restricted_90,aggregation,0.7108192436772186,,,0.6645743230380732
9761,1001,13,5,0.55,0.2,1000,restricted_90,aggregation,0.7112216097280607,,,0.6643956984450736
9762,1001,13,5,0.55,0.2,1000,restricted_90,aggregation,0.7115722946934373,,,0.6653098236100322
9763,1001,13,5,0.55,0.2,1000,restricted_90,aggregation,0.7115442450086787,,,0.664642383866134
9764,1001,13,5,0.55,0.2,1000,restricted_90,aggregation,0.7114446188148683,,,0.6653529161733329
9765,1001,13,5,0.55,0.2,1000,restricted_90,aggregation,0.7112146061979261,,,0.6646017265142267
9766,1001,13,5,0.55,0.2,1000,restricted_90,aggregation,0.7107798280378862,,,0.6650098286667038
9767,1001,13,5,0.55,0.2,1000,restricted_90,aggregation,0.7114040419830236,,,0.6648161135623636
9768,1001,13,5,0.55,0.2,1000,restricted_90,aggregation,0.7117010538131712,,,0.6657189289799709
9769,1001,13,5,0.55,0.2,1000,restricted_90,aggregation,0.7112123351342122,,,0.6652776221540807
9770,1001,13,5,0.55,0.2,1000,restricted_90,aggregation,0.7121349033730431,,,0.6658508221485305
9771,1001,13,5,0.55,0.2,1000,restricted_90,aggregation,0.7114429615626322,,,0.6653440305296556
9772,1001,13,5,0.55,0.2,1000,restricted_90,aggregation,0.7113600162041326,,,0.6647403293311629
9773,1001,13,5,0.55,0.2,1000,restricted_90,aggregation,0.7119135648579725,,,0.6655964250487169
9774,1001,13,5,0.55,0.2,1000,restricted_90,aggregation,0.7113616889905989,,,0.6649828913678916
9775,1001,13,5,0.55,0.2,1000,restricted_90,aggregation,0.7118001309757325,,,0.6650874496568248
9776,1001,13,5,0.55,0.2,1000,restricted_90,aggregation,0.711488006495641,,,0.6649948602863188
9777,1001,13,5,0.55,0.2,1000,restricted_90,aggregation,0.7115400597684152,,,0.6650203275582444
9778,1001,13,5,0.55,0.2,1000,restricted_90,aggregation,0.7114031014108603,,,0.665143107910608
9779,1001,13,5,0.55,0.2,1000,restricted_90,aggregation,0.7117932319254897,,,0.6652791680695849
9780,1001,13,5,0.55,0.2,1000,restricted_90,aggregation,0.7113469298285048,,,0.6654248380246298
9781,1001,13,5,0.55,0.2,1000,restricted_90,aggregation,0.7110945348702387,,,0.6650106705254624
9782,1001,13,5,0.55,0.2,1000,restricted_90,aggregation,0.7114801329057874,,,0.6651473798038383
9783,1001,13,5,0.55,0.2,1000,restricted_90,aggregation,0.7110790267422229,,,0.6648579455189874
9784,1001,13,5,0.55,0.2,1000,restricted_90,aggregation,0.7112895938489279,,,0.6648010837387922
9785,1001,13,5,0.55,0.2,1000,restricted_90,aggregation,0.7114722941525812,,,0.6646460462993798
9786,1001,13,5,0.55,0.2,1000,restricted_90,aggregation,0.7110327908847965,,,0.6649391865541867
9787,1001,13,5,0.55,0.2,1000,restricted_90,aggregation,0.7111710546806939,,,0.6646868307772476
9788,1001,13,5,0.55,0.2,1000,restricted_90,aggregation,0.7118185098101488,,,0.6657781414650166
9789,1001,13,5,0.55,0.2,1000,restricted_90,aggregation,0.7117380925951259,,,0.6653545513899682
9790,1001,13,5,0.55,0.2,1000,restricted_90,aggregation,0.7112244674833346,,,0.6643725954832207
9791,1001,13,5,0.55,0.2,1000,restricted_90,aggregation,0.711174033422614,,,0.6651203165121916
9792,1001,13,5,0.55,0.2,1000,restricted_90,aggregation,0.7113374757948162,,,0.6651852782171533
9793,1001,13,5,0.55,0.2,1000,restricted_90,aggregation,0.7113248215002491,,,0.665086697885448
9794,1001,13,5,0.55,0.2,1000,restricted_90,aggregation,0.7114445292395398,,,0.6651812190047609
9795,1001,13,5,0.55,0.2,1000,restricted_90,aggregation,0.7111613507649001,,,0.6651132154727989
9796,1001,13,5,0.55,0.2,1000,restricted_90,aggregation,0.7117248770235702,,,0.66520206662165
9797,1001,13,5,0.55,0.2,1000,restricted_90,aggregation,0.711700584438149,,,0.6655872227618063
9798,1001,13,5,0.55,0.2,1000,restricted_90,aggregation,0.7113560782632429,,,0.6646875208125209
9799,1001,13,5,0.55,0.2,1000,restricted_90,aggregation,0.7110490687915605,,,0.6647843157922326
9800,1001,13,5,0.55,0.2,1000,restricted_90,aggregation,0.7115483846849004,,,0.6655645943023029
9801,1001,13,5,0.55,0.2,1000,restricted_90,aggregation,0.7112759745064244,,,0.6647809129296629
9802,1001,13,5,0.55,0.2,1000,restricted_90,aggregation,0.7111632957270887,,,0.6647122582972586
9803,1001,13,5,0.55,0.2,1000,restricted_90,aggregation,0.7118728152444043,,,0.6660830787653707
9804,1001,13,5,0.55,0.2,1000,restricted_90,aggregation,0.7115196538252648,,,0.6645538058315144
9805,1001,13,5,0.55,0.2,1000,restricted_90,aggregation,0.7116134288755241,,,0.6654216028724363
9806,1001,13,5,0.55,0.2,1000,restricted_90,aggregation,0.7109790096856745,,,0.6641601371545123
9807,1001,13,5,0.55,0.2,1000,restricted_90,aggregation,0.7111553730655416,,,0.6647438353390438
9808,1001,13,5,0.55,0.2,1000,restricted_90,aggregation,0.7109232841618324,,,0.6642233940365193
9809,1001,13,5,0.55,0.2,1000,restricted_90,aggregation,0.7111344620022213,,,0.6647993709608294
9810,1001,13,5,0.55,0.2,1000,restricted_90,aggregation,0.7114801777431974,,,0.6645842346773598
9811,1001,13,5,0.55,0.2,1000,restricted_90,aggregation,0.7116558544515987,,,0.6649883116189368
9812,1001,13,5,0.55,0.2,1000,restricted_90,aggregation,0.7116873054382405,,,0.6653124977106227
9813,1001,13,5,0.55,0.2,1000,restricted_90,aggregation,0.7116936739389967,,,0.6659595409914162
9814,1001,13,5,0.55,0.2,1000,restricted_90,aggregation,0.7115528561440699,,,0.6645895787391622
9815,1001,13,5,0.55,0.2,1000,restricted_90,aggregation,0.7118952563006821,,,0.6650794412531913
9816,1001,13,5,0.55,0.2,1000,restricted_90,aggregation,0.7115601994841075,,,0.6652328584918169
9817,1001,13,5,0.55,0.2,1000,restricted_90,aggregation,0.7111511650856708,,,0.6645961784357618
9818,1001,13,5,0.55,0.2,1000,restricted_90,aggregation,0.7115178638840447,,,0.665366299834425
9819,1001,13,5,0.55,0.2,1000,restricted_90,aggregation,0.7110711672627612,,,0.6647617219585971
9820,1001,13,5,0.55,0.2,1000,restricted_90,aggregation,0.7115238300257888,,,0.6647970084159669
9821,1001,13,5,0.55,0.2,1000,restricted_90,aggregation,0.711617675140451,,,0.6647044393106895
9822,1001,13,5,0.55,0.2,1000,restricted_90,aggregation,0.7116662724162945,,,0.6648645530164282
9823,1001,13,5,0.55,0.2,1000,restricted_90,aggregation,0.7115803295097729,,,0.6654438706201208
9824,1001,13,5,0.55,0.2,1000,restricted_90,aggregation,0.7112888749799519,,,0.6648374977877062
9825,1001,13,5,0.55,0.2,1000,restricted_90,aggregation,0.711970668179516,,,0.6651438232215316
9826,1001,13,5,0.55,0.2,1000,restricted_90,aggregation,0.7114728217284281,,,0.6653014653402155
9827,1001,13,5,0.55,0.2,1000,restricted_90,aggregation,0.7110762533353414,,,0.6648335281539449
9828,1001,13,5,0.55,0.2,1000,restricted_90,aggregation,0.7114662882671668,,,0.6650068795093796
9829,1001,13,5,0.55,0.2,1000,restricted_90,aggregation,0.7114369437472693,,,0.6655275733911152
9830,1001,13,5,0.55,0.2,1000,restricted_90,aggregation,0.7111938687146295,,,0.6643629129897881
9831,1001,13,5,0.55,0.2,1000,restricted_90,aggregation,0.7106770609686364,,,0.66444354481167
9832,1001,13,5,0.55,0.2,1000,restricted_90,aggregation,0.7116489403818176,,,0.6653014482122817
9833,1001,13,5,0.55,0.2,1000,restricted_90,aggregation,0.7111010266708163,,,0.6644755452649204
9834,1001,13,5,0.55,0.2,1000,restricted_90,aggregation,0.7113161328793268,,,0.6649750791800793
9835,1001,13,5,0.55,0.2,1000,restricted_90,aggregation,0.7115434880774351,,,0.6651602880067464
9836,1001,13,5,0.55,0.2,1000,restricted_90,aggregation,0.7114921478740476,,,0.6648198006468842
9837,1001,13,5,0.55,0.2,1000,restricted_90,aggregation,0.7119156498314636,,,0.6656062315153982
9838,1001,13,5,0.55,0.2,1000,restricted_90,aggregation,0.7116472794140242,,,0.6656162809104478
9839,1001,13,5,0.55,0.2,1000,restricted_90,aggregation,0.7111861216524695,,,0.6639513729942897
9840,1001,13,5,0.55,0.2,1000,restricted_90,aggregation,0.7119566761498962,,,0.665794794927295
9841,1001,13,5,0.55,0.2,1000,restricted_90,aggregation,0.7116552225370594,,,0.6655198418556754
9842,1001,13,5,0.55,0.2,1000,restricted_90,aggregation,0.7108452847673673,,,0.6643061661409579
9843,1001,13,5,0.55,0.2,1000,restricted_90,aggregation,0.7117498636944967,,,0.6648729764371433
9844,1001,13,5,0.55,0.2,1000,restricted_90,aggregation,0.7116624772102135,,,0.6652783956783958
9845,1001,13,5,0.55,0.2,1000,restricted_90,aggregation,0.7114136151925655,,,0.6648133891031809
9846,1001,13,5,0.55,0.2,1000,restricted_90,aggregation,0.7110956671329585,,,0.6645192708448959
9847,1001,13,5,0.55,0.2,1000,restricted_90,aggregation,0.7115011983710698,,,0.665710114006364
9848,1001,13,5,0.55,0.2,1000,restricted_90,aggregation,0.7110917523908532,,,0.665342332782958
9849,1001,13,5,0.55,0.2,1000,restricted_90,aggregation,0.7116499214335297,,,0.6652744816757319
9850,1001,13,5,0.55,0.2,1000,restricted_90,aggregation,0.7109336503445942,,,0.664264448067365
9851,1001,13,5,0.55,0.2,1000,restricted_90,aggregation,0.7116676930478537,,,0.6651986723153392
9852,1001,13,5,0.55,0.2,1000,restricted_90,aggregation,0.711039843568575,,,0.6646563990484826
9853,1001,13,5,0.55,0.2,1000,restricted_90,aggregation,0.7118052436418232,,,0.6655291756623009
9854,1001,13,5,0.55,0.2,1000,restricted_90,aggregation,0.7114353857070306,,,0.6648790033346286
9855,1001,13,5,0.55,0.2,1000,restricted_90,aggregation,0.711624446421491,,,0.6653677610044277
9856,1001,13,5,0.55,0.2,1000,restricted_90,aggregation,0.7108856506081963,,,0.6646480592401427
9857,1001,13,5,0.55,0.2,1000,restricted_90,aggregation,0.7112405473054356,,,0.6648850777617447
9858,1001,13,5,0.55,0.2,1000,restricted_90,aggregation,0.7113466497334016,,,0.6650416846425181
9859,1001,13,5,0.55,0.2,1000,restricted_90,aggregation,0.7110102760780311,,,0.6640263904382656
9860,1001,13,5,0.55,0.2,1000,restricted_90,aggregation,0.7114060369833796,,,0.665505556079723
9861,1001,13,5,0.55,0.2,1000,restricted_90,aggregation,0.7114939747616025,,,0.6649183011433013
9862,1001,13,5,0.55,0.2,1000,restricted_90,aggregation,0.7115144894794541,,,0.6655615978774313
9863,1001,13,5,0.55,0.2,1000,restricted_90,aggregation,0.7111587030297127,,,0.665253506840382
9864,1001,13,5,0.55,0.2,1000,restricted_90,aggregation,0.7118190172609665,,,0.665824292181584
9865,1001,13,5,0.55,0.2,1000,restricted_90,aggregation,0.7115174601227107,,,0.6657454805379807
9866,1001,13,5,0.55,0.2,1000,restricted_90,aggregation,0.7113573434983007,,,0.6649852172827175
9867,1001,13,5,0.55,0.2,1000,restricted_90,aggregation,0.7112028598530475,,,0.6648145304309889
9868,1001,13,5,0.55,0.2,1000,restricted_90,aggregation,0.7120180483200318,,,0.6651100829494581
9869,1001,13,5,0.55,0.2,1000,restricted_90,aggregation,0.7109807542765842,,,0.6647775989211406
9870,1001,13,5,0.55,0.2,1000,restricted_90,aggregation,0.711288875393482,,,0.665414566305608
9871,1001,13,5,0.55,0.2,1000,restricted_90,aggregation,0.7116542515274433,,,0.6650599441376527
9872,1001,13,5,0.55,0.2,1000,restricted_90,aggregation,0.711786770933499,,,0.6653167892524143
9873,1001,13,5,0.55,0.2,1000,restricted_90,aggregation,0.7114227510895615,,,0.6656019924211592
9874,1001,13,5,0.55,0.2,1000,restricted_90,aggregation,0.7112664414167975,,,0.6649914858444027
9875,1001,13,5,0.55,0.2,1000,restricted_90,aggregation,0.7116292658621911,,,0.6654688366186285
9876,1001,13,5,0.55,0.2,1000,restricted_90,aggregation,0.7114274961717969,,,0.6648360955788041
9877,1001,13,5,0.55,0.2,1000,restricted_90,aggregation,0.711634045944957,,,0.6652521010856429
9878,1001,13,5,0.55,0.2,1000,restricted_90,aggregation,0.7112397626100192,,,0.6654537228512231
9879,1001,13,5,0.55,0.2,1000,restricted_90,aggregation,0.7117021251702133,,,0.6657847618353869
9880,1001,13,5,0.55,0.2,1000,restricted_90,aggregation,0.7115916568894263,,,0.6653622773985276
9881,1001,13,5,0.55,0.2,1000,restricted_90,aggregation,0.7116856020226598,,,0.6647368370749622
9882,1001,13,5,0.55,0.2,1000,restricted_90,aggregation,0.7115838653002529,,,0.6653953651055736
9883,1001,13,5,0.55,0.2,1000,restricted_90,aggregation,0.7112632235926427,,,0.6649166683239601
9884,1001,13,5,0.55,0.2,1000,restricted_90,aggregation,0.7115271997744311,,,0.6650113235067403
9885,1001,13,5,0.55,0.2,1000,restricted_90,aggregation,0.711077701989722,,,0.6645192799099051
9886,1001,13,5,0.55,0.2,1000,restricted_90,aggregation,0.7114812038660003,,,0.6655658405791741
9887,1001,13,5,0.55,0.2,1000,restricted_90,aggregation,0.7116670793007134,,,0.6651030984755987
9888,1001,13,5,0.55,0.2,1000,restricted_90,aggregation,0.7111131109412062,,,0.664061075937951
9889,1001,13,5,0.55,0.2,1000,restricted_90,aggregation,0.711384789303718,,,0.6648396200789952
9890,1001,13,5,0.55,0.2,1000,restricted_90,aggregation,0.7117827681595481,,,0.6647420612566447
9891,1001,13,5,0.55,0.2,1000,restricted_90,aggregation,0.7115214697144338,,,0.6651727126808379
9892,1001,13,5,0.55,0.2,1000,restricted_90,aggregation,0.7112258443038398,,,0.6652529902890321
9893,1001,13,5,0.55,0.2,1000,restricted_90,aggregation,0.7111984707117958,,,0.665016614689323
9894,1001,13,5,0.55,0.2,1000,restricted_90,aggregation,0.711767438888266,,,0.6654773340394174
9895,1001,13,5,0.55,0.2,1000,restricted_90,aggregation,0.7115425725687505,,,0.6654873494483913
9896,1001,13,5,0.55,0.2,1000,restricted_90,aggregation,0.7112033035451911,,,0.6645625503817172
9897,1001,13,5,0.55,0.2,1000,restricted_90,aggregation,0.7109352647433423,,,0.6649126125109458
9898,1001,13,5,0.55,0.2,1000,restricted_90,aggregation,0.7118864184767585,,,0.6648928180230266
9899,1001,13,5,0.55,0.2,1000,restricted_90,aggregation,0.7111918299700233,,,0.6646475986205155
9900,1001,13,5,0.55,0.2,1000,restricted_90,aggregation,0.7115555348479418,,,0.6647547068209569
9901,1001,13,5,0.55,0.2,1000,restricted_90,aggregation,0.7117418318206897,,,0.6656757748964001
9902,1001,13,5,0.55,0.2,1000,restricted_90,aggregation,0.7113757140968766,,,0.6648051527716113
9903,1001,13,5,0.55,0.2,1000,restricted_90,aggregation,0.7109482261444675,,,0.6636677678648514
9904,1001,13,5,0.55,0.2,1000,restricted_90,aggregation,0.7117119836919406,,,0.6651419496167414
9905,1001,13,5,0.55,0.2,1000,restricted_90,aggregation,0.7116895630052765,,,0.6657188053304721
9906,1001,13,5,0.55,0.2,1000,restricted_90,aggregation,0.71106173545253,,,0.6648562325791494
9907,1001,13,5,0.55,0.2,1000,restricted_90,aggregation,0.7115082370698405,,,0.6647424418097335
9908,1001,13,5,0.55,0.2,1000,restricted_90,aggregation,0.7111007361188145,,,0.664484696106363
9909,1001,13,5,0.55,0.2,1000,restricted_90,aggregation,0.7113493358339076,,,0.6651193985489819
9910,1001,13,5,0.55,0.2,1000,restricted_90,aggregation,0.7114758614467339,,,0.6647770166561834
9911,1001,13,5,0.55,0.2,1000,restricted_90,aggregation,0.7114780030719875,,,0.6656841590662425
9912,1001,13,5,0.55,0.2,1000,restricted_90,aggregation,0.7114732419243144,,,0.6648494650950902
9913,1001,13,5,0.55,0.2,1000,restricted_90,aggregation,0.7118269871066359,,,0.6657199120786622
9914,1001,13,5,0.55,0.2,1000,restricted_90,aggregation,0.7114358308824659,,,0.6651634714128465
9915,1001,13,5,0.55,0.2,1000,restricted_90,aggregation,0.7117744567720712,,,0.6654559909149493
9916,1001,13,5,0.55,0.2,1000,restricted_90,aggregation,0.7112433714254683,,,0.6644731438777274
9917,1001,13,5,0.55,0.2,1000,restricted_90,aggregation,0.7119517325334601,,,0.6655585175241427
9918,1001,13,5,0.55,0.2,1000,restricted_90,aggregation,0.7114008442013144,,,0.6645974528172445
9919,1001,13,5,0.55,0.2,1000,restricted_90,aggregation,0.7116551251733176,,,0.6650169065656567
9920,1001,13,5,0.55,0.2,1000,restricted_90,aggregation,0.7116253719246045,,,0.6653744957897043
9921,1001,13,5,0.55,0.2,1000,restricted_90,aggregation,0.71113695377864,,,0.6643494709303044
9922,1001,13,5,0.55,0.2,1000,restricted_90,aggregation,0.7112527742710186,,,0.6648406087662339
9923,1001,13,5,0.55,0.2,1000,restricted_90,aggregation,0.7119000266438038,,,0.6651819063575314
9924,1001,13,5,0.55,0.2,1000,restricted_90,aggregation,0.7115663294263277,,,0.6647857852949521
9925,1001,13,5,0.55,0.2,1000,restricted_90,aggregation,0.7116813466615463,,,0.6658074320432655
9926,1001,13,5,0.55,0.2,1000,restricted_90,aggregation,0.711382372512136,,,0.6649590056471307
9927,1001,13,5,0.55,0.2,1000,restricted_90,aggregation,0.7116765451993221,,,0.6657241384926803
9928,1001,13,5,0.55,0.2,1000,restricted_90,aggregation,0.7115118691667804,,,0.6649145897235481
9929,1001,13,5,0.55,0.2,1000,restricted_90,aggregation,0.7110201420445685,,,0.6650939261278845
9930,1001,13,5,0.55,0.2,1000,restricted_90,aggregation,0.7114251672218237,,,0.6646991493228994
9931,1001,13,5,0.55,0.2,1000,restricted_90,aggregation,0.7111331761695123,,,0.6642351279892948
9932,1001,13,5,0.55,0.2,1000,restricted_90,aggregation,0.7114351718658667,,,0.665555249549833
9933,1001,13,5,0.55,0.2,1000,restricted_90,aggregation,0.7110621087594129,,,0.6649442316479818
9934,1001,13,5,0.55,0.2,1000,restricted_90,aggregation,0.7114608682670326,,,0.6647354580296249
9935,1001,13,5,0.55,0.2,1000,restricted_90,aggregation,0.71155655142778,,,0.665409523786399
9936,1001,13,5,0.55,0.2,1000,restricted_90,aggregation,0.7115679802156919,,,0.6651931358225109
9937,1001,13,5,0.55,0.2,1000,restricted_90,aggregation,0.7109184408612661,,,0.6641093919660587
9938,1001,13,5,0.55,0.2,1000,restricted_90,aggregation,0.7114414015731365,,,0.6649566901693986
9939,1001,13,5,0.55,0.2,1000,restricted_90,aggregation,0.7115152550083975,,,0.6652781738477572
9940,1001,13,5,0.55,0.2,1000,restricted_90,aggregation,0.7115106358968393,,,0.6643680272196941
9941,1001,13,5,0.55,0.2,1000,restricted_90,aggregation,0.7115235877742249,,,0.6648246982955318
9942,1001,13,5,0.55,0.2,1000,restricted_90,aggregation,0.711360891952228,,,0.6650529516085768
9943,1001,13,5,0.55,0.2,1000,restricted_90,aggregation,0.7115700404612756,,,0.6653624972866642
9944,1001,13,5,0.55,0.2,1000,restricted_90,aggregation,0.7113284843224082,,,0.6648747496407914
9945,1001,13,5,0.55,0.2,1000,restricted_90,aggregation,0.7115180887597568,,,0.6655705828739163
9946,1001,13,5,0.55,0.2,1000,restricted_90,aggregation,0.7112092014749027,,,0.6650056031391448
9947,1001,13,5,0.55,0.2,1000,restricted_90,aggregation,0.7112636456090324,,,0.6649052145462563
9948,1001,13,5,0.55,0.2,1000,restricted_90,aggregation,0.7114556877323062,,,0.6647626168738671
9949,1001,13,5,0.55,0.2,1000,restricted_90,aggregation,0.711458219697059,,,0.6649304839604842
9950,1001,13,5,0.55,0.2,1000,restricted_90,aggregation,0.7117518634639024,,,0.6655028897568482
9951,1001,13,5,0.55,0.2,1000,restricted_90,aggregation,0.7108509334408324,,,0.6645657583157585
9952,1001,13,5,0.55,0.2,1000,restricted_90,aggregation,0.7113779548210732,,,0.6651995845281263
9953,1001,13,5,0.55,0.2,1000,restricted_90,aggregation,0.7118755330603628,,,0.6654178271419939
9954,1001,13,5,0.55,0.2,1000,restricted_90,aggregation,0.7116514267756839,,,0.6655725205812707
9955,1001,13,5,0.55,0.2,1000,restricted_90,aggregation,0.7115429408113396,,,0.6651567363886115
9956,1001,13,5,0.55,0.2,1000,restricted_90,aggregation,0.7116280966241815,,,0.6653191106655691
9957,1001,13,5,0.55,0.2,1000,restricted_90,aggregation,0.7115500289184921,,,0.6649043860768862
9958,1001,13,5,0.55,0.2,1000,restricted_90,aggregation,0.7122593709753042,,,0.6658538275921612
9959,1001,13,5,0.55,0.2,1000,restricted_90,aggregation,0.712025710908225,,,0.6657146616886201
9960,1001,13,5,0.55,0.2,1000,restricted_90,aggregation,0.7114889788750195,,,0.6647103900266401
9961,1001,13,5,0.55,0.2,1000,restricted_90,aggregation,0.7112985056603253,,,0.6647683684525353
9962,1001,13,5,0.55,0.2,1000,restricted_90,aggregation,0.7109810109160162,,,0.6646545913808415
9963,1001,13,5,0.55,0.2,1000,restricted_90,aggregation,0.7115583434820855,,,0.665161147856773
9964,1001,13,5,0.55,0.2,1000,restricted_90,aggregation,0.7114073094579814,,,0.665001656229573
9965,1001,13,5,0.55,0.2,1000,restricted_90,aggregation,0.7111286800054456,,,0.6643939295966381
9966,1001,13,5,0.55,0.2,1000,restricted_90,aggregation,0.711679489330904,,,0.6657806007958093
9967,1001,13,5,0.55,0.2,1000,restricted_90,aggregation,0.7117456055480148,,,0.6654466904623156
9968,1001,13,5,0.55,0.2,1000,restricted_90,aggregation,0.7110762744090082,,,0.6644972410305745
9969,1001,13,5,0.55,0.2,1000,restricted_90,aggregation,0.711814604386317,,,0.6656991872171041
9970,1001,13,5,0.55,0.2,1000,restricted_90,aggregation,0.7118458335260912,,,0.6654075164110581
9971,1001,13,5,0.55,0.2,1000,restricted_90,aggregation,0.7114118195250767,,,0.6648469186523355
9972,1001,13,5,0.55,0.2,1000,restricted_90,aggregation,0.7112720378754971,,,0.6650129814552733
9973,1001,13,5,0.55,0.2,1000,restricted_90,aggregation,0.7117747652336968,,,0.6659953153405238
9974,1001,13,5,0.55,0.2,1000,restricted_90,aggregation,0.7116174582935583,,,0.665314991112283
9975,1001,13,5,0.55,0.2,1000,restricted_90,aggregation,0.7114613327778625,,,0.6652800989134323
9976,1001,13,5,0.55,0.2,1000,restricted_90,aggregation,0.7118468764712044,,,0.66576955491268
9977,1001,13,5,0.55,0.2,1000,restricted_90,aggregation,0.7117464518398984,,,0.6652453753885005
9978,1001,13,5,0.55,0.2,1000,restricted_90,aggregation,0.7114483878324452,,,0.6648733493358495
9979,1001,13,5,0.55,0.2,1000,restricted_90,aggregation,0.7118147578475843,,,0.6657571871955207
9980,1001,13,5,0.55,0.2,1000,restricted_90,aggregation,0.7112986446428217,,,0.6649712074962076
9981,1001,13,5,0.55,0.2,1000,restricted_90,aggregation,0.7103868945533591,,,0.663984715909091
9982,1001,13,5,0.55,0.2,1000,restricted_90,aggregation,0.7114533586191872,,,0.6650797375695293
9983,1001,13,5,0.55,0.2,1000,restricted_90,aggregation,0.7117429320464527,,,0.6652759899282819
9984,1001,13,5,0.55,0.2,1000,restricted_90,aggregation,0.7118446107941389,,,0.6654351930168598
9985,1001,13,5,0.55,0.2,1000,restricted_90,aggregation,0.7114884609507753,,,0.6653758088747673
9986,1001,13,5,0.55,0.2,1000,restricted_90,aggregation,0.7113192342036065,,,0.6650492382000716
9987,1001,13,5,0.55,0.2,1000,restricted_90,aggregation,0.7114041113093218,,,0.6650430413567915
9988,1001,13,5,0.55,0.2,1000,restricted_90,aggregation,0.7112889164177911,,,0.6654218446676782
9989,1001,13,5,0.55,0.2,1000,restricted_90,aggregation,0.7109660936082479,,,0.664240804211221
9990,1001,13,5,0.55,0.2,1000,restricted_90,aggregation,0.7118489745858807,,,0.6655233887948472
9991,1001,13,5,0.55,0.2,1000,restricted_90,aggregation,0.7117265457507409,,,0.66594837660796
9992,1001,13,5,0.55,0.2,1000,restricted_90,aggregation,0.7119256685356575,,,0.6654827734688152
9993,1001,13,5,0.55,0.2,1000,restricted_90,aggregation,0.7118753294517077,,,0.6656959314990566
9994,1001,13,5,0.55,0.2,1000,restricted_90,aggregation,0.7114674301686978,,,0.6646395710616545
9995,1001,13,5,0.55,0.2,1000,restricted_90,aggregation,0.7114019072992696,,,0.6650260742960745
9996,1001,13,5,0.55,0.2,1000,restricted_90,aggregation,0.710965512712621,,,0.6645475650969402
9997,1001,13,5,0.55,0.2,1000,restricted_90,aggregation,0.7118454740164405,,,0.665121478506062
9998,1001,13,5,0.55,0.2,1000,restricted_90,aggregation,0.7113604767968749,,,0.6652023867490537
9999,1001,13,5,0.55,0.2,1000,restricted_90,aggregation,0.7116949582937473,,,0.6655608413422998
