,group_size,n_sources,heuristic_size,reliability_mean,reliability_range,n_samples,group_type,procedure,accuracy,precision,diversity,average
0,1001,13,5,0.6,0.2,1000,diverse,aggregation,0.773033226853774,,,0.6826176076161493
1,1001,13,5,0.6,0.2,1000,diverse,aggregation,0.773033226853774,,,0.6806535307901975
2,1001,13,5,0.6,0.2,1000,diverse,aggregation,0.773033226853774,,,0.6812957020679938
3,1001,13,5,0.6,0.2,1000,diverse,aggregation,0.773033226853774,,,0.682976868602077
4,1001,13,5,0.6,0.2,1000,diverse,aggregation,0.773033226853774,,,0.6845371795180129
5,1001,13,5,0.6,0.2,1000,diverse,aggregation,0.773033226853774,,,0.6821993837412588
6,1001,13,5,0.6,0.2,1000,diverse,aggregation,0.773033226853774,,,0.6817584368255202
7,1001,13,5,0.6,0.2,1000,diverse,aggregation,0.773033226853774,,,0.6832724406149406
8,1001,13,5,0.6,0.2,1000,diverse,aggregation,0.773033226853774,,,0.6842056463906464
9,1001,13,5,0.6,0.2,1000,diverse,aggregation,0.773033226853774,,,0.6835754085729085
10,1001,13,5,0.6,0.2,1000,diverse,aggregation,0.773033226853774,,,0.6810667654953071
11,1001,13,5,0.6,0.2,1000,diverse,aggregation,0.773033226853774,,,0.6823081965411132
12,1001,13,5,0.6,0.2,1000,diverse,aggregation,0.773033226853774,,,0.6824626361370111
13,1001,13,5,0.6,0.2,1000,diverse,aggregation,0.773033226853774,,,0.6826214698418864
14,1001,13,5,0.6,0.2,1000,diverse,aggregation,0.773033226853774,,,0.6836168143276476
15,1001,13,5,0.6,0.2,1000,diverse,aggregation,0.773033226853774,,,0.6833467220742221
16,1001,13,5,0.6,0.2,1000,diverse,aggregation,0.773033226853774,,,0.6835690810192894
17,1001,13,5,0.6,0.2,1000,diverse,aggregation,0.773033226853774,,,0.685727608579692
18,1001,13,5,0.6,0.2,1000,diverse,aggregation,0.773033226853774,,,0.6827315512342597
19,1001,13,5,0.6,0.2,1000,diverse,aggregation,0.773033226853774,,,0.6832524944962444
20,1001,13,5,0.6,0.2,1000,diverse,aggregation,0.773033226853774,,,0.6808351664230832
21,1001,13,5,0.6,0.2,1000,diverse,aggregation,0.773033226853774,,,0.6827327475071225
22,1001,13,5,0.6,0.2,1000,diverse,aggregation,0.773033226853774,,,0.6824514247172581
23,1001,13,5,0.6,0.2,1000,diverse,aggregation,0.773033226853774,,,0.6828703642036975
24,1001,13,5,0.6,0.2,1000,diverse,aggregation,0.773033226853774,,,0.6808536763853431
25,1001,13,5,0.6,0.2,1000,diverse,aggregation,0.773033226853774,,,0.682278470025345
26,1001,13,5,0.6,0.2,1000,diverse,aggregation,0.773033226853774,,,0.6810031000635166
27,1001,13,5,0.6,0.2,1000,diverse,aggregation,0.773033226853774,,,0.6823520882589633
28,1001,13,5,0.6,0.2,1000,diverse,aggregation,0.773033226853774,,,0.6842913398946732
29,1001,13,5,0.6,0.2,1000,diverse,aggregation,0.773033226853774,,,0.6825876110617778
30,1001,13,5,0.6,0.2,1000,diverse,aggregation,0.773033226853774,,,0.6837975969786386
31,1001,13,5,0.6,0.2,1000,diverse,aggregation,0.773033226853774,,,0.6847022845518679
32,1001,13,5,0.6,0.2,1000,diverse,aggregation,0.773033226853774,,,0.6813426083407333
33,1001,13,5,0.6,0.2,1000,diverse,aggregation,0.773033226853774,,,0.6821699583518332
34,1001,13,5,0.6,0.2,1000,diverse,aggregation,0.773033226853774,,,0.6839074619439204
35,1001,13,5,0.6,0.2,1000,diverse,aggregation,0.773033226853774,,,0.6840272665914332
36,1001,13,5,0.6,0.2,1000,diverse,aggregation,0.773033226853774,,,0.6838596654271655
37,1001,13,5,0.6,0.2,1000,diverse,aggregation,0.773033226853774,,,0.6815105503370086
38,1001,13,5,0.6,0.2,1000,diverse,aggregation,0.773033226853774,,,0.6824530349126183
39,1001,13,5,0.6,0.2,1000,diverse,aggregation,0.773033226853774,,,0.6821760360010359
40,1001,13,5,0.6,0.2,1000,diverse,aggregation,0.773033226853774,,,0.6849317835636586
41,1001,13,5,0.6,0.2,1000,diverse,aggregation,0.773033226853774,,,0.6850892011769094
42,1001,13,5,0.6,0.2,1000,diverse,aggregation,0.773033226853774,,,0.6829031454887704
43,1001,13,5,0.6,0.2,1000,diverse,aggregation,0.773033226853774,,,0.6848078175451092
44,1001,13,5,0.6,0.2,1000,diverse,aggregation,0.773033226853774,,,0.6835488456759291
45,1001,13,5,0.6,0.2,1000,diverse,aggregation,0.773033226853774,,,0.6820071182983684
46,1001,13,5,0.6,0.2,1000,diverse,aggregation,0.773033226853774,,,0.6848635123210124
47,1001,13,5,0.6,0.2,1000,diverse,aggregation,0.773033226853774,,,0.6834291413910165
48,1001,13,5,0.6,0.2,1000,diverse,aggregation,0.773033226853774,,,0.6820236129225712
49,1001,13,5,0.6,0.2,1000,diverse,aggregation,0.773033226853774,,,0.6825094671917589
50,1001,13,5,0.6,0.2,1000,diverse,aggregation,0.773033226853774,,,0.682687933648142
51,1001,13,5,0.6,0.2,1000,diverse,aggregation,0.773033226853774,,,0.681494116678075
52,1001,13,5,0.6,0.2,1000,diverse,aggregation,0.773033226853774,,,0.6814317354173605
53,1001,13,5,0.6,0.2,1000,diverse,aggregation,0.773033226853774,,,0.6830350643569394
54,1001,13,5,0.6,0.2,1000,diverse,aggregation,0.773033226853774,,,0.6827957456047039
55,1001,13,5,0.6,0.2,1000,diverse,aggregation,0.773033226853774,,,0.6806702007174924
56,1001,13,5,0.6,0.2,1000,diverse,aggregation,0.773033226853774,,,0.6818205107007189
57,1001,13,5,0.6,0.2,1000,diverse,aggregation,0.773033226853774,,,0.6819927397371147
58,1001,13,5,0.6,0.2,1000,diverse,aggregation,0.773033226853774,,,0.6816333971121471
59,1001,13,5,0.6,0.2,1000,diverse,aggregation,0.773033226853774,,,0.6838140221506888
60,1001,13,5,0.6,0.2,1000,diverse,aggregation,0.773033226853774,,,0.6832643665054082
61,1001,13,5,0.6,0.2,1000,diverse,aggregation,0.773033226853774,,,0.6834052299012716
62,1001,13,5,0.6,0.2,1000,diverse,aggregation,0.773033226853774,,,0.6826465525446775
63,1001,13,5,0.6,0.2,1000,diverse,aggregation,0.773033226853774,,,0.6833614891821141
64,1001,13,5,0.6,0.2,1000,diverse,aggregation,0.773033226853774,,,0.6830350671936088
65,1001,13,5,0.6,0.2,1000,diverse,aggregation,0.773033226853774,,,0.684554506612215
66,1001,13,5,0.6,0.2,1000,diverse,aggregation,0.773033226853774,,,0.6834048264081598
67,1001,13,5,0.6,0.2,1000,diverse,aggregation,0.773033226853774,,,0.6799184625251292
68,1001,13,5,0.6,0.2,1000,diverse,aggregation,0.773033226853774,,,0.6836279944438278
69,1001,13,5,0.6,0.2,1000,diverse,aggregation,0.773033226853774,,,0.6826779195804196
70,1001,13,5,0.6,0.2,1000,diverse,aggregation,0.773033226853774,,,0.682807857998483
71,1001,13,5,0.6,0.2,1000,diverse,aggregation,0.773033226853774,,,0.6829277331156498
72,1001,13,5,0.6,0.2,1000,diverse,aggregation,0.773033226853774,,,0.6819909631572132
73,1001,13,5,0.6,0.2,1000,diverse,aggregation,0.773033226853774,,,0.6822846553215304
74,1001,13,5,0.6,0.2,1000,diverse,aggregation,0.773033226853774,,,0.6839786552413637
75,1001,13,5,0.6,0.2,1000,diverse,aggregation,0.773033226853774,,,0.6826699716410133
76,1001,13,5,0.6,0.2,1000,diverse,aggregation,0.773033226853774,,,0.681189200691284
77,1001,13,5,0.6,0.2,1000,diverse,aggregation,0.773033226853774,,,0.6827031073324823
78,1001,13,5,0.6,0.2,1000,diverse,aggregation,0.773033226853774,,,0.6853591447903948
79,1001,13,5,0.6,0.2,1000,diverse,aggregation,0.773033226853774,,,0.6825234242609244
80,1001,13,5,0.6,0.2,1000,diverse,aggregation,0.773033226853774,,,0.6812183428068845
81,1001,13,5,0.6,0.2,1000,diverse,aggregation,0.773033226853774,,,0.6821143169947337
82,1001,13,5,0.6,0.2,1000,diverse,aggregation,0.773033226853774,,,0.6824341101105685
83,1001,13,5,0.6,0.2,1000,diverse,aggregation,0.773033226853774,,,0.6841552326685659
84,1001,13,5,0.6,0.2,1000,diverse,aggregation,0.773033226853774,,,0.6836391563914482
85,1001,13,5,0.6,0.2,1000,diverse,aggregation,0.773033226853774,,,0.6828556484564818
86,1001,13,5,0.6,0.2,1000,diverse,aggregation,0.773033226853774,,,0.6822663778967946
87,1001,13,5,0.6,0.2,1000,diverse,aggregation,0.773033226853774,,,0.6835066466558133
88,1001,13,5,0.6,0.2,1000,diverse,aggregation,0.773033226853774,,,0.6848266538631123
89,1001,13,5,0.6,0.2,1000,diverse,aggregation,0.773033226853774,,,0.6809424597162098
90,1001,13,5,0.6,0.2,1000,diverse,aggregation,0.773033226853774,,,0.6835749101901186
91,1001,13,5,0.6,0.2,1000,diverse,aggregation,0.773033226853774,,,0.6832202388506555
92,1001,13,5,0.6,0.2,1000,diverse,aggregation,0.773033226853774,,,0.6809761067558984
93,1001,13,5,0.6,0.2,1000,diverse,aggregation,0.773033226853774,,,0.6845413541705209
94,1001,13,5,0.6,0.2,1000,diverse,aggregation,0.773033226853774,,,0.6833351248365832
95,1001,13,5,0.6,0.2,1000,diverse,aggregation,0.773033226853774,,,0.6853507223563474
96,1001,13,5,0.6,0.2,1000,diverse,aggregation,0.773033226853774,,,0.6833744508809092
97,1001,13,5,0.6,0.2,1000,diverse,aggregation,0.773033226853774,,,0.6802636403873904
98,1001,13,5,0.6,0.2,1000,diverse,aggregation,0.773033226853774,,,0.6826808836688003
99,1001,13,5,0.6,0.2,1000,diverse,aggregation,0.773033226853774,,,0.6812196712007129
100,1001,13,5,0.6,0.2,1000,diverse,aggregation,0.773033226853774,,,0.6856083779029613
101,1001,13,5,0.6,0.2,1000,diverse,aggregation,0.773033226853774,,,0.6824566083299417
102,1001,13,5,0.6,0.2,1000,diverse,aggregation,0.773033226853774,,,0.6809518966218967
103,1001,13,5,0.6,0.2,1000,diverse,aggregation,0.773033226853774,,,0.6808917706521873
104,1001,13,5,0.6,0.2,1000,diverse,aggregation,0.773033226853774,,,0.6834729010881095
105,1001,13,5,0.6,0.2,1000,diverse,aggregation,0.773033226853774,,,0.6820791851281436
106,1001,13,5,0.6,0.2,1000,diverse,aggregation,0.773033226853774,,,0.6834882861120363
107,1001,13,5,0.6,0.2,1000,diverse,aggregation,0.773033226853774,,,0.6829677850621602
108,1001,13,5,0.6,0.2,1000,diverse,aggregation,0.773033226853774,,,0.6812386652699153
109,1001,13,5,0.6,0.2,1000,diverse,aggregation,0.773033226853774,,,0.6857395248347332
110,1001,13,5,0.6,0.2,1000,diverse,aggregation,0.773033226853774,,,0.6817339492529075
111,1001,13,5,0.6,0.2,1000,diverse,aggregation,0.773033226853774,,,0.6837574512832847
112,1001,13,5,0.6,0.2,1000,diverse,aggregation,0.773033226853774,,,0.6833673294606628
113,1001,13,5,0.6,0.2,1000,diverse,aggregation,0.773033226853774,,,0.6821042323186074
114,1001,13,5,0.6,0.2,1000,diverse,aggregation,0.773033226853774,,,0.6832824629845464
115,1001,13,5,0.6,0.2,1000,diverse,aggregation,0.773033226853774,,,0.683475629563338
116,1001,13,5,0.6,0.2,1000,diverse,aggregation,0.773033226853774,,,0.6841313201536119
117,1001,13,5,0.6,0.2,1000,diverse,aggregation,0.773033226853774,,,0.6821439638370889
118,1001,13,5,0.6,0.2,1000,diverse,aggregation,0.773033226853774,,,0.682478122533331
119,1001,13,5,0.6,0.2,1000,diverse,aggregation,0.773033226853774,,,0.6822054762367262
120,1001,13,5,0.6,0.2,1000,diverse,aggregation,0.773033226853774,,,0.6818137241385158
121,1001,13,5,0.6,0.2,1000,diverse,aggregation,0.773033226853774,,,0.6833471381010965
122,1001,13,5,0.6,0.2,1000,diverse,aggregation,0.773033226853774,,,0.6806816025563942
123,1001,13,5,0.6,0.2,1000,diverse,aggregation,0.773033226853774,,,0.6828408032708033
124,1001,13,5,0.6,0.2,1000,diverse,aggregation,0.773033226853774,,,0.6829671559073642
125,1001,13,5,0.6,0.2,1000,diverse,aggregation,0.773033226853774,,,0.6819132310821894
126,1001,13,5,0.6,0.2,1000,diverse,aggregation,0.773033226853774,,,0.6837131502216919
127,1001,13,5,0.6,0.2,1000,diverse,aggregation,0.773033226853774,,,0.6835364001353584
128,1001,13,5,0.6,0.2,1000,diverse,aggregation,0.773033226853774,,,0.6836545868252119
129,1001,13,5,0.6,0.2,1000,diverse,aggregation,0.773033226853774,,,0.684173621686955
130,1001,13,5,0.6,0.2,1000,diverse,aggregation,0.773033226853774,,,0.6819100915288415
131,1001,13,5,0.6,0.2,1000,diverse,aggregation,0.773033226853774,,,0.6814324753718504
132,1001,13,5,0.6,0.2,1000,diverse,aggregation,0.773033226853774,,,0.6830168087930588
133,1001,13,5,0.6,0.2,1000,diverse,aggregation,0.773033226853774,,,0.6839927171439673
134,1001,13,5,0.6,0.2,1000,diverse,aggregation,0.773033226853774,,,0.6834979716733883
135,1001,13,5,0.6,0.2,1000,diverse,aggregation,0.773033226853774,,,0.6829951801747635
136,1001,13,5,0.6,0.2,1000,diverse,aggregation,0.773033226853774,,,0.6828496727115476
137,1001,13,5,0.6,0.2,1000,diverse,aggregation,0.773033226853774,,,0.6855461687078355
138,1001,13,5,0.6,0.2,1000,diverse,aggregation,0.773033226853774,,,0.6838640805644971
139,1001,13,5,0.6,0.2,1000,diverse,aggregation,0.773033226853774,,,0.6846287313920648
140,1001,13,5,0.6,0.2,1000,diverse,aggregation,0.773033226853774,,,0.6818198358277525
141,1001,13,5,0.6,0.2,1000,diverse,aggregation,0.773033226853774,,,0.684056354239896
142,1001,13,5,0.6,0.2,1000,diverse,aggregation,0.773033226853774,,,0.6829973270402436
143,1001,13,5,0.6,0.2,1000,diverse,aggregation,0.773033226853774,,,0.6807293160157744
144,1001,13,5,0.6,0.2,1000,diverse,aggregation,0.773033226853774,,,0.6831279752192253
145,1001,13,5,0.6,0.2,1000,diverse,aggregation,0.773033226853774,,,0.6822865045217129
146,1001,13,5,0.6,0.2,1000,diverse,aggregation,0.773033226853774,,,0.6823895945104278
147,1001,13,5,0.6,0.2,1000,diverse,aggregation,0.773033226853774,,,0.6800487174322591
148,1001,13,5,0.6,0.2,1000,diverse,aggregation,0.773033226853774,,,0.6825922180057596
149,1001,13,5,0.6,0.2,1000,diverse,aggregation,0.773033226853774,,,0.6826537407808241
150,1001,13,5,0.6,0.2,1000,diverse,aggregation,0.773033226853774,,,0.682973285564744
151,1001,13,5,0.6,0.2,1000,diverse,aggregation,0.773033226853774,,,0.6843820728422811
152,1001,13,5,0.6,0.2,1000,diverse,aggregation,0.773033226853774,,,0.6821653653907821
153,1001,13,5,0.6,0.2,1000,diverse,aggregation,0.773033226853774,,,0.6807760734712819
154,1001,13,5,0.6,0.2,1000,diverse,aggregation,0.773033226853774,,,0.6841672382941133
155,1001,13,5,0.6,0.2,1000,diverse,aggregation,0.773033226853774,,,0.680652747245039
156,1001,13,5,0.6,0.2,1000,diverse,aggregation,0.773033226853774,,,0.6856595181824348
157,1001,13,5,0.6,0.2,1000,diverse,aggregation,0.773033226853774,,,0.6815067969299219
158,1001,13,5,0.6,0.2,1000,diverse,aggregation,0.773033226853774,,,0.6829677286602286
159,1001,13,5,0.6,0.2,1000,diverse,aggregation,0.773033226853774,,,0.6837981657231658
160,1001,13,5,0.6,0.2,1000,diverse,aggregation,0.773033226853774,,,0.6831213269369519
161,1001,13,5,0.6,0.2,1000,diverse,aggregation,0.773033226853774,,,0.6804458643208643
162,1001,13,5,0.6,0.2,1000,diverse,aggregation,0.773033226853774,,,0.6832883992165242
163,1001,13,5,0.6,0.2,1000,diverse,aggregation,0.773033226853774,,,0.6803301165346999
164,1001,13,5,0.6,0.2,1000,diverse,aggregation,0.773033226853774,,,0.6828693539176873
165,1001,13,5,0.6,0.2,1000,diverse,aggregation,0.773033226853774,,,0.682152027247444
166,1001,13,5,0.6,0.2,1000,diverse,aggregation,0.773033226853774,,,0.6841295712389462
167,1001,13,5,0.6,0.2,1000,diverse,aggregation,0.773033226853774,,,0.6838237882487882
168,1001,13,5,0.6,0.2,1000,diverse,aggregation,0.773033226853774,,,0.6816358633958634
169,1001,13,5,0.6,0.2,1000,diverse,aggregation,0.773033226853774,,,0.684488848659057
170,1001,13,5,0.6,0.2,1000,diverse,aggregation,0.773033226853774,,,0.6822607501217919
171,1001,13,5,0.6,0.2,1000,diverse,aggregation,0.773033226853774,,,0.6824710846715014
172,1001,13,5,0.6,0.2,1000,diverse,aggregation,0.773033226853774,,,0.6827538519042686
173,1001,13,5,0.6,0.2,1000,diverse,aggregation,0.773033226853774,,,0.6835426135515719
174,1001,13,5,0.6,0.2,1000,diverse,aggregation,0.773033226853774,,,0.6824655886320471
175,1001,13,5,0.6,0.2,1000,diverse,aggregation,0.773033226853774,,,0.6809098394969229
176,1001,13,5,0.6,0.2,1000,diverse,aggregation,0.773033226853774,,,0.679933680994931
177,1001,13,5,0.6,0.2,1000,diverse,aggregation,0.773033226853774,,,0.6841929492112825
178,1001,13,5,0.6,0.2,1000,diverse,aggregation,0.773033226853774,,,0.683625458916084
179,1001,13,5,0.6,0.2,1000,diverse,aggregation,0.773033226853774,,,0.6815551037003121
180,1001,13,5,0.6,0.2,1000,diverse,aggregation,0.773033226853774,,,0.6863114031801533
181,1001,13,5,0.6,0.2,1000,diverse,aggregation,0.773033226853774,,,0.6807530802299552
182,1001,13,5,0.6,0.2,1000,diverse,aggregation,0.773033226853774,,,0.6835889824835658
183,1001,13,5,0.6,0.2,1000,diverse,aggregation,0.773033226853774,,,0.6848806144781145
184,1001,13,5,0.6,0.2,1000,diverse,aggregation,0.773033226853774,,,0.682594605410022
185,1001,13,5,0.6,0.2,1000,diverse,aggregation,0.773033226853774,,,0.6831992971149221
186,1001,13,5,0.6,0.2,1000,diverse,aggregation,0.773033226853774,,,0.6817600852388354
187,1001,13,5,0.6,0.2,1000,diverse,aggregation,0.773033226853774,,,0.6826618008226342
188,1001,13,5,0.6,0.2,1000,diverse,aggregation,0.773033226853774,,,0.6800322008932426
189,1001,13,5,0.6,0.2,1000,diverse,aggregation,0.773033226853774,,,0.6851373557306891
190,1001,13,5,0.6,0.2,1000,diverse,aggregation,0.773033226853774,,,0.6841502560556728
191,1001,13,5,0.6,0.2,1000,diverse,aggregation,0.773033226853774,,,0.6842012036266203
192,1001,13,5,0.6,0.2,1000,diverse,aggregation,0.773033226853774,,,0.6855998116621033
193,1001,13,5,0.6,0.2,1000,diverse,aggregation,0.773033226853774,,,0.6812763491678075
194,1001,13,5,0.6,0.2,1000,diverse,aggregation,0.773033226853774,,,0.6830611957872376
195,1001,13,5,0.6,0.2,1000,diverse,aggregation,0.773033226853774,,,0.6821274352961854
196,1001,13,5,0.6,0.2,1000,diverse,aggregation,0.773033226853774,,,0.6836078639184889
197,1001,13,5,0.6,0.2,1000,diverse,aggregation,0.773033226853774,,,0.6810824692437192
198,1001,13,5,0.6,0.2,1000,diverse,aggregation,0.773033226853774,,,0.6828314435024853
199,1001,13,5,0.6,0.2,1000,diverse,aggregation,0.773033226853774,,,0.6825850348031598
200,1001,13,5,0.6,0.2,1000,diverse,aggregation,0.773033226853774,,,0.6808697114459615
201,1001,13,5,0.6,0.2,1000,diverse,aggregation,0.773033226853774,,,0.6831210394466644
202,1001,13,5,0.6,0.2,1000,diverse,aggregation,0.773033226853774,,,0.6839771187917021
203,1001,13,5,0.6,0.2,1000,diverse,aggregation,0.773033226853774,,,0.6816602665467248
204,1001,13,5,0.6,0.2,1000,diverse,aggregation,0.773033226853774,,,0.6838250463733798
205,1001,13,5,0.6,0.2,1000,diverse,aggregation,0.773033226853774,,,0.6822478067534318
206,1001,13,5,0.6,0.2,1000,diverse,aggregation,0.773033226853774,,,0.6826503722203722
207,1001,13,5,0.6,0.2,1000,diverse,aggregation,0.773033226853774,,,0.6829726759505927
208,1001,13,5,0.6,0.2,1000,diverse,aggregation,0.773033226853774,,,0.6811121138737806
209,1001,13,5,0.6,0.2,1000,diverse,aggregation,0.773033226853774,,,0.681933000864876
210,1001,13,5,0.6,0.2,1000,diverse,aggregation,0.773033226853774,,,0.6828911414973915
211,1001,13,5,0.6,0.2,1000,diverse,aggregation,0.773033226853774,,,0.6850838235452819
212,1001,13,5,0.6,0.2,1000,diverse,aggregation,0.773033226853774,,,0.6796115479967564
213,1001,13,5,0.6,0.2,1000,diverse,aggregation,0.773033226853774,,,0.6829565065027565
214,1001,13,5,0.6,0.2,1000,diverse,aggregation,0.773033226853774,,,0.6828366113747364
215,1001,13,5,0.6,0.2,1000,diverse,aggregation,0.773033226853774,,,0.6822861858357692
216,1001,13,5,0.6,0.2,1000,diverse,aggregation,0.773033226853774,,,0.683077472966848
217,1001,13,5,0.6,0.2,1000,diverse,aggregation,0.773033226853774,,,0.6836334609603361
218,1001,13,5,0.6,0.2,1000,diverse,aggregation,0.773033226853774,,,0.6824237867996202
219,1001,13,5,0.6,0.2,1000,diverse,aggregation,0.773033226853774,,,0.6824358994708996
220,1001,13,5,0.6,0.2,1000,diverse,aggregation,0.773033226853774,,,0.6819383014516348
221,1001,13,5,0.6,0.2,1000,diverse,aggregation,0.773033226853774,,,0.6830915893288809
222,1001,13,5,0.6,0.2,1000,diverse,aggregation,0.773033226853774,,,0.6818232457049124
223,1001,13,5,0.6,0.2,1000,diverse,aggregation,0.773033226853774,,,0.6841587425537425
224,1001,13,5,0.6,0.2,1000,diverse,aggregation,0.773033226853774,,,0.6844719870099036
225,1001,13,5,0.6,0.2,1000,diverse,aggregation,0.773033226853774,,,0.683002682217474
226,1001,13,5,0.6,0.2,1000,diverse,aggregation,0.773033226853774,,,0.6825634015444433
227,1001,13,5,0.6,0.2,1000,diverse,aggregation,0.773033226853774,,,0.6847077320518988
228,1001,13,5,0.6,0.2,1000,diverse,aggregation,0.773033226853774,,,0.6831476187161604
229,1001,13,5,0.6,0.2,1000,diverse,aggregation,0.773033226853774,,,0.6828549401447318
230,1001,13,5,0.6,0.2,1000,diverse,aggregation,0.773033226853774,,,0.6818414145499563
231,1001,13,5,0.6,0.2,1000,diverse,aggregation,0.773033226853774,,,0.6844396402131819
232,1001,13,5,0.6,0.2,1000,diverse,aggregation,0.773033226853774,,,0.6855793487222654
233,1001,13,5,0.6,0.2,1000,diverse,aggregation,0.773033226853774,,,0.6831476250755417
234,1001,13,5,0.6,0.2,1000,diverse,aggregation,0.773033226853774,,,0.6848371069748155
235,1001,13,5,0.6,0.2,1000,diverse,aggregation,0.773033226853774,,,0.6816461461146878
236,1001,13,5,0.6,0.2,1000,diverse,aggregation,0.773033226853774,,,0.6840675940494689
237,1001,13,5,0.6,0.2,1000,diverse,aggregation,0.773033226853774,,,0.6835655075711327
238,1001,13,5,0.6,0.2,1000,diverse,aggregation,0.773033226853774,,,0.6847934220948804
239,1001,13,5,0.6,0.2,1000,diverse,aggregation,0.773033226853774,,,0.6849563671436587
240,1001,13,5,0.6,0.2,1000,diverse,aggregation,0.773033226853774,,,0.6806928445628445
241,1001,13,5,0.6,0.2,1000,diverse,aggregation,0.773033226853774,,,0.6808669756401007
242,1001,13,5,0.6,0.2,1000,diverse,aggregation,0.773033226853774,,,0.683642534286701
243,1001,13,5,0.6,0.2,1000,diverse,aggregation,0.773033226853774,,,0.6838167539405039
244,1001,13,5,0.6,0.2,1000,diverse,aggregation,0.773033226853774,,,0.6809653695455777
245,1001,13,5,0.6,0.2,1000,diverse,aggregation,0.773033226853774,,,0.6845527320673155
246,1001,13,5,0.6,0.2,1000,diverse,aggregation,0.773033226853774,,,0.683303482613066
247,1001,13,5,0.6,0.2,1000,diverse,aggregation,0.773033226853774,,,0.6827663202229869
248,1001,13,5,0.6,0.2,1000,diverse,aggregation,0.773033226853774,,,0.6822565807340807
249,1001,13,5,0.6,0.2,1000,diverse,aggregation,0.773033226853774,,,0.6815491986639903
250,1001,13,5,0.6,0.2,1000,diverse,aggregation,0.773033226853774,,,0.6831074837893589
251,1001,13,5,0.6,0.2,1000,diverse,aggregation,0.773033226853774,,,0.6824069847436516
252,1001,13,5,0.6,0.2,1000,diverse,aggregation,0.773033226853774,,,0.6823309312600979
253,1001,13,5,0.6,0.2,1000,diverse,aggregation,0.773033226853774,,,0.6845959305971806
254,1001,13,5,0.6,0.2,1000,diverse,aggregation,0.773033226853774,,,0.6838975284669035
255,1001,13,5,0.6,0.2,1000,diverse,aggregation,0.773033226853774,,,0.6819679947521614
256,1001,13,5,0.6,0.2,1000,diverse,aggregation,0.773033226853774,,,0.6817490404040404
257,1001,13,5,0.6,0.2,1000,diverse,aggregation,0.773033226853774,,,0.6833143221901555
258,1001,13,5,0.6,0.2,1000,diverse,aggregation,0.773033226853774,,,0.6820096485458986
259,1001,13,5,0.6,0.2,1000,diverse,aggregation,0.773033226853774,,,0.6820459765388931
260,1001,13,5,0.6,0.2,1000,diverse,aggregation,0.773033226853774,,,0.6829606507458591
261,1001,13,5,0.6,0.2,1000,diverse,aggregation,0.773033226853774,,,0.68090470490158
262,1001,13,5,0.6,0.2,1000,diverse,aggregation,0.773033226853774,,,0.6827343451224702
263,1001,13,5,0.6,0.2,1000,diverse,aggregation,0.773033226853774,,,0.686215875097125
264,1001,13,5,0.6,0.2,1000,diverse,aggregation,0.773033226853774,,,0.6815830840455842
265,1001,13,5,0.6,0.2,1000,diverse,aggregation,0.773033226853774,,,0.6811158159433159
266,1001,13,5,0.6,0.2,1000,diverse,aggregation,0.773033226853774,,,0.6851040624421875
267,1001,13,5,0.6,0.2,1000,diverse,aggregation,0.773033226853774,,,0.6843973780000863
268,1001,13,5,0.6,0.2,1000,diverse,aggregation,0.773033226853774,,,0.6854762236066403
269,1001,13,5,0.6,0.2,1000,diverse,aggregation,0.773033226853774,,,0.6839744822846907
270,1001,13,5,0.6,0.2,1000,diverse,aggregation,0.773033226853774,,,0.6829301245513746
271,1001,13,5,0.6,0.2,1000,diverse,aggregation,0.773033226853774,,,0.6828915019548354
272,1001,13,5,0.6,0.2,1000,diverse,aggregation,0.773033226853774,,,0.6833191766489684
273,1001,13,5,0.6,0.2,1000,diverse,aggregation,0.773033226853774,,,0.6849786934361934
274,1001,13,5,0.6,0.2,1000,diverse,aggregation,0.773033226853774,,,0.6827405054127971
275,1001,13,5,0.6,0.2,1000,diverse,aggregation,0.773033226853774,,,0.6868542794782379
276,1001,13,5,0.6,0.2,1000,diverse,aggregation,0.773033226853774,,,0.6837941892366893
277,1001,13,5,0.6,0.2,1000,diverse,aggregation,0.773033226853774,,,0.6802164639681306
278,1001,13,5,0.6,0.2,1000,diverse,aggregation,0.773033226853774,,,0.6801307337338588
279,1001,13,5,0.6,0.2,1000,diverse,aggregation,0.773033226853774,,,0.6844613539546873
280,1001,13,5,0.6,0.2,1000,diverse,aggregation,0.773033226853774,,,0.6840002886619553
281,1001,13,5,0.6,0.2,1000,diverse,aggregation,0.773033226853774,,,0.6800255806230806
282,1001,13,5,0.6,0.2,1000,diverse,aggregation,0.773033226853774,,,0.6839921295833796
283,1001,13,5,0.6,0.2,1000,diverse,aggregation,0.773033226853774,,,0.6837872177359677
284,1001,13,5,0.6,0.2,1000,diverse,aggregation,0.773033226853774,,,0.6831689909087826
285,1001,13,5,0.6,0.2,1000,diverse,aggregation,0.773033226853774,,,0.6822884169071669
286,1001,13,5,0.6,0.2,1000,diverse,aggregation,0.773033226853774,,,0.6844435306976974
287,1001,13,5,0.6,0.2,1000,diverse,aggregation,0.773033226853774,,,0.6820748192702359
288,1001,13,5,0.6,0.2,1000,diverse,aggregation,0.773033226853774,,,0.6817044883126133
289,1001,13,5,0.6,0.2,1000,diverse,aggregation,0.773033226853774,,,0.6824352050264552
290,1001,13,5,0.6,0.2,1000,diverse,aggregation,0.773033226853774,,,0.6818541381226798
291,1001,13,5,0.6,0.2,1000,diverse,aggregation,0.773033226853774,,,0.6836098814380065
292,1001,13,5,0.6,0.2,1000,diverse,aggregation,0.773033226853774,,,0.6837821343702594
293,1001,13,5,0.6,0.2,1000,diverse,aggregation,0.773033226853774,,,0.681765859071484
294,1001,13,5,0.6,0.2,1000,diverse,aggregation,0.773033226853774,,,0.6849992811817812
295,1001,13,5,0.6,0.2,1000,diverse,aggregation,0.773033226853774,,,0.6856599605641273
296,1001,13,5,0.6,0.2,1000,diverse,aggregation,0.773033226853774,,,0.6827847065897066
297,1001,13,5,0.6,0.2,1000,diverse,aggregation,0.773033226853774,,,0.6833154898188232
298,1001,13,5,0.6,0.2,1000,diverse,aggregation,0.773033226853774,,,0.6827771086012753
299,1001,13,5,0.6,0.2,1000,diverse,aggregation,0.773033226853774,,,0.682251532757366
300,1001,13,5,0.6,0.2,1000,diverse,aggregation,0.773033226853774,,,0.684115019301686
301,1001,13,5,0.6,0.2,1000,diverse,aggregation,0.773033226853774,,,0.6845270504418423
302,1001,13,5,0.6,0.2,1000,diverse,aggregation,0.773033226853774,,,0.682449230591939
303,1001,13,5,0.6,0.2,1000,diverse,aggregation,0.773033226853774,,,0.6819898797652965
304,1001,13,5,0.6,0.2,1000,diverse,aggregation,0.773033226853774,,,0.6822467810044894
305,1001,13,5,0.6,0.2,1000,diverse,aggregation,0.773033226853774,,,0.6861415704049036
306,1001,13,5,0.6,0.2,1000,diverse,aggregation,0.773033226853774,,,0.682500616027491
307,1001,13,5,0.6,0.2,1000,diverse,aggregation,0.773033226853774,,,0.6857115110275528
308,1001,13,5,0.6,0.2,1000,diverse,aggregation,0.773033226853774,,,0.6831712081745416
309,1001,13,5,0.6,0.2,1000,diverse,aggregation,0.773033226853774,,,0.6822586690547107
310,1001,13,5,0.6,0.2,1000,diverse,aggregation,0.773033226853774,,,0.6809117974772142
311,1001,13,5,0.6,0.2,1000,diverse,aggregation,0.773033226853774,,,0.6836004904586155
312,1001,13,5,0.6,0.2,1000,diverse,aggregation,0.773033226853774,,,0.6840352312733562
313,1001,13,5,0.6,0.2,1000,diverse,aggregation,0.773033226853774,,,0.6852928959774793
314,1001,13,5,0.6,0.2,1000,diverse,aggregation,0.773033226853774,,,0.6825396066664817
315,1001,13,5,0.6,0.2,1000,diverse,aggregation,0.773033226853774,,,0.6829822876197877
316,1001,13,5,0.6,0.2,1000,diverse,aggregation,0.773033226853774,,,0.6833587302203968
317,1001,13,5,0.6,0.2,1000,diverse,aggregation,0.773033226853774,,,0.6838240993805578
318,1001,13,5,0.6,0.2,1000,diverse,aggregation,0.773033226853774,,,0.6853596788088455
319,1001,13,5,0.6,0.2,1000,diverse,aggregation,0.773033226853774,,,0.683137747337539
320,1001,13,5,0.6,0.2,1000,diverse,aggregation,0.773033226853774,,,0.6803915948943032
321,1001,13,5,0.6,0.2,1000,diverse,aggregation,0.773033226853774,,,0.682546858072483
322,1001,13,5,0.6,0.2,1000,diverse,aggregation,0.773033226853774,,,0.6833850211285628
323,1001,13,5,0.6,0.2,1000,diverse,aggregation,0.773033226853774,,,0.6811268720322887
324,1001,13,5,0.6,0.2,1000,diverse,aggregation,0.773033226853774,,,0.6841139893285727
325,1001,13,5,0.6,0.2,1000,diverse,aggregation,0.773033226853774,,,0.6805589095780763
326,1001,13,5,0.6,0.2,1000,diverse,aggregation,0.773033226853774,,,0.6827261957949458
327,1001,13,5,0.6,0.2,1000,diverse,aggregation,0.773033226853774,,,0.6818531836142252
328,1001,13,5,0.6,0.2,1000,diverse,aggregation,0.773033226853774,,,0.6843103386042969
329,1001,13,5,0.6,0.2,1000,diverse,aggregation,0.773033226853774,,,0.6842488893128476
330,1001,13,5,0.6,0.2,1000,diverse,aggregation,0.773033226853774,,,0.6848779858721525
331,1001,13,5,0.6,0.2,1000,diverse,aggregation,0.773033226853774,,,0.6834672347020264
332,1001,13,5,0.6,0.2,1000,diverse,aggregation,0.773033226853774,,,0.68371751998002
333,1001,13,5,0.6,0.2,1000,diverse,aggregation,0.773033226853774,,,0.6834196549129883
334,1001,13,5,0.6,0.2,1000,diverse,aggregation,0.773033226853774,,,0.6833626194484528
335,1001,13,5,0.6,0.2,1000,diverse,aggregation,0.773033226853774,,,0.6837737765012765
336,1001,13,5,0.6,0.2,1000,diverse,aggregation,0.773033226853774,,,0.6818387870231621
337,1001,13,5,0.6,0.2,1000,diverse,aggregation,0.773033226853774,,,0.6842804934032019
338,1001,13,5,0.6,0.2,1000,diverse,aggregation,0.773033226853774,,,0.6814721496790247
339,1001,13,5,0.6,0.2,1000,diverse,aggregation,0.773033226853774,,,0.6836781316831319
340,1001,13,5,0.6,0.2,1000,diverse,aggregation,0.773033226853774,,,0.684584609071484
341,1001,13,5,0.6,0.2,1000,diverse,aggregation,0.773033226853774,,,0.683936943935694
342,1001,13,5,0.6,0.2,1000,diverse,aggregation,0.773033226853774,,,0.6819078030765531
343,1001,13,5,0.6,0.2,1000,diverse,aggregation,0.773033226853774,,,0.6851462621945955
344,1001,13,5,0.6,0.2,1000,diverse,aggregation,0.773033226853774,,,0.6822673711242462
345,1001,13,5,0.6,0.2,1000,diverse,aggregation,0.773033226853774,,,0.6821494718398885
346,1001,13,5,0.6,0.2,1000,diverse,aggregation,0.773033226853774,,,0.6836492347467348
347,1001,13,5,0.6,0.2,1000,diverse,aggregation,0.773033226853774,,,0.6828696348173432
348,1001,13,5,0.6,0.2,1000,diverse,aggregation,0.773033226853774,,,0.6815395287659872
349,1001,13,5,0.6,0.2,1000,diverse,aggregation,0.773033226853774,,,0.6823624305401388
350,1001,13,5,0.6,0.2,1000,diverse,aggregation,0.773033226853774,,,0.6839025075464659
351,1001,13,5,0.6,0.2,1000,diverse,aggregation,0.773033226853774,,,0.6831563573771906
352,1001,13,5,0.6,0.2,1000,diverse,aggregation,0.773033226853774,,,0.6845595837495838
353,1001,13,5,0.6,0.2,1000,diverse,aggregation,0.773033226853774,,,0.6838410650383567
354,1001,13,5,0.6,0.2,1000,diverse,aggregation,0.773033226853774,,,0.6823454912988247
355,1001,13,5,0.6,0.2,1000,diverse,aggregation,0.773033226853774,,,0.6834252065449983
356,1001,13,5,0.6,0.2,1000,diverse,aggregation,0.773033226853774,,,0.6838324243349243
357,1001,13,5,0.6,0.2,1000,diverse,aggregation,0.773033226853774,,,0.6824930771312022
358,1001,13,5,0.6,0.2,1000,diverse,aggregation,0.773033226853774,,,0.6856023279189946
359,1001,13,5,0.6,0.2,1000,diverse,aggregation,0.773033226853774,,,0.6844502552077553
360,1001,13,5,0.6,0.2,1000,diverse,aggregation,0.773033226853774,,,0.6819441390862224
361,1001,13,5,0.6,0.2,1000,diverse,aggregation,0.773033226853774,,,0.6840721859082275
362,1001,13,5,0.6,0.2,1000,diverse,aggregation,0.773033226853774,,,0.6837723869880119
363,1001,13,5,0.6,0.2,1000,diverse,aggregation,0.773033226853774,,,0.6826929464825299
364,1001,13,5,0.6,0.2,1000,diverse,aggregation,0.773033226853774,,,0.6833278073161407
365,1001,13,5,0.6,0.2,1000,diverse,aggregation,0.773033226853774,,,0.6842191942394026
366,1001,13,5,0.6,0.2,1000,diverse,aggregation,0.773033226853774,,,0.6843424517689101
367,1001,13,5,0.6,0.2,1000,diverse,aggregation,0.773033226853774,,,0.6853329229952146
368,1001,13,5,0.6,0.2,1000,diverse,aggregation,0.773033226853774,,,0.683956804908055
369,1001,13,5,0.6,0.2,1000,diverse,aggregation,0.773033226853774,,,0.682494888683847
370,1001,13,5,0.6,0.2,1000,diverse,aggregation,0.773033226853774,,,0.6830972354034854
371,1001,13,5,0.6,0.2,1000,diverse,aggregation,0.773033226853774,,,0.6837573482690149
372,1001,13,5,0.6,0.2,1000,diverse,aggregation,0.773033226853774,,,0.6838310411810412
373,1001,13,5,0.6,0.2,1000,diverse,aggregation,0.773033226853774,,,0.6829239880181547
374,1001,13,5,0.6,0.2,1000,diverse,aggregation,0.773033226853774,,,0.6833240866463784
375,1001,13,5,0.6,0.2,1000,diverse,aggregation,0.773033226853774,,,0.6821008416043832
376,1001,13,5,0.6,0.2,1000,diverse,aggregation,0.773033226853774,,,0.6840150230864814
377,1001,13,5,0.6,0.2,1000,diverse,aggregation,0.773033226853774,,,0.6840380055207138
378,1001,13,5,0.6,0.2,1000,diverse,aggregation,0.773033226853774,,,0.6839439903152403
379,1001,13,5,0.6,0.2,1000,diverse,aggregation,0.773033226853774,,,0.6846126650355817
380,1001,13,5,0.6,0.2,1000,diverse,aggregation,0.773033226853774,,,0.6827942441509108
381,1001,13,5,0.6,0.2,1000,diverse,aggregation,0.773033226853774,,,0.682445841303758
382,1001,13,5,0.6,0.2,1000,diverse,aggregation,0.773033226853774,,,0.683519598287515
383,1001,13,5,0.6,0.2,1000,diverse,aggregation,0.773033226853774,,,0.6840717218506802
384,1001,13,5,0.6,0.2,1000,diverse,aggregation,0.773033226853774,,,0.6812664040897374
385,1001,13,5,0.6,0.2,1000,diverse,aggregation,0.773033226853774,,,0.6826841731570898
386,1001,13,5,0.6,0.2,1000,diverse,aggregation,0.773033226853774,,,0.6816691247564165
387,1001,13,5,0.6,0.2,1000,diverse,aggregation,0.773033226853774,,,0.6830012123910042
388,1001,13,5,0.6,0.2,1000,diverse,aggregation,0.773033226853774,,,0.6820172786164452
389,1001,13,5,0.6,0.2,1000,diverse,aggregation,0.773033226853774,,,0.6825434750126417
390,1001,13,5,0.6,0.2,1000,diverse,aggregation,0.773033226853774,,,0.6835899765049764
391,1001,13,5,0.6,0.2,1000,diverse,aggregation,0.773033226853774,,,0.6818583252087418
392,1001,13,5,0.6,0.2,1000,diverse,aggregation,0.773033226853774,,,0.6829658081039331
393,1001,13,5,0.6,0.2,1000,diverse,aggregation,0.773033226853774,,,0.6831077831967415
394,1001,13,5,0.6,0.2,1000,diverse,aggregation,0.773033226853774,,,0.6816354816017316
395,1001,13,5,0.6,0.2,1000,diverse,aggregation,0.773033226853774,,,0.6848657155267571
396,1001,13,5,0.6,0.2,1000,diverse,aggregation,0.773033226853774,,,0.6838780975814309
397,1001,13,5,0.6,0.2,1000,diverse,aggregation,0.773033226853774,,,0.681348478119103
398,1001,13,5,0.6,0.2,1000,diverse,aggregation,0.773033226853774,,,0.6842385282156116
399,1001,13,5,0.6,0.2,1000,diverse,aggregation,0.773033226853774,,,0.6811540710986544
400,1001,13,5,0.6,0.2,1000,diverse,aggregation,0.773033226853774,,,0.6835219345700596
401,1001,13,5,0.6,0.2,1000,diverse,aggregation,0.773033226853774,,,0.681600836355003
402,1001,13,5,0.6,0.2,1000,diverse,aggregation,0.773033226853774,,,0.683924180056055
403,1001,13,5,0.6,0.2,1000,diverse,aggregation,0.773033226853774,,,0.6841477645425562
404,1001,13,5,0.6,0.2,1000,diverse,aggregation,0.773033226853774,,,0.6862932570053403
405,1001,13,5,0.6,0.2,1000,diverse,aggregation,0.773033226853774,,,0.6839267847584514
406,1001,13,5,0.6,0.2,1000,diverse,aggregation,0.773033226853774,,,0.6820320756789506
407,1001,13,5,0.6,0.2,1000,diverse,aggregation,0.773033226853774,,,0.6840698518842269
408,1001,13,5,0.6,0.2,1000,diverse,aggregation,0.773033226853774,,,0.6854859195588363
409,1001,13,5,0.6,0.2,1000,diverse,aggregation,0.773033226853774,,,0.6818208251702002
410,1001,13,5,0.6,0.2,1000,diverse,aggregation,0.773033226853774,,,0.6837703729989147
411,1001,13,5,0.6,0.2,1000,diverse,aggregation,0.773033226853774,,,0.6834894717473884
412,1001,13,5,0.6,0.2,1000,diverse,aggregation,0.773033226853774,,,0.6824292299290216
413,1001,13,5,0.6,0.2,1000,diverse,aggregation,0.773033226853774,,,0.6851061581242831
414,1001,13,5,0.6,0.2,1000,diverse,aggregation,0.773033226853774,,,0.6850413024706775
415,1001,13,5,0.6,0.2,1000,diverse,aggregation,0.773033226853774,,,0.681182015022015
416,1001,13,5,0.6,0.2,1000,diverse,aggregation,0.773033226853774,,,0.6840103472068055
417,1001,13,5,0.6,0.2,1000,diverse,aggregation,0.773033226853774,,,0.6851182670955588
418,1001,13,5,0.6,0.2,1000,diverse,aggregation,0.773033226853774,,,0.6835813810032559
419,1001,13,5,0.6,0.2,1000,diverse,aggregation,0.773033226853774,,,0.6853418160234828
420,1001,13,5,0.6,0.2,1000,diverse,aggregation,0.773033226853774,,,0.6852405518786768
421,1001,13,5,0.6,0.2,1000,diverse,aggregation,0.773033226853774,,,0.6841640172096423
422,1001,13,5,0.6,0.2,1000,diverse,aggregation,0.773033226853774,,,0.6831808249929083
423,1001,13,5,0.6,0.2,1000,diverse,aggregation,0.773033226853774,,,0.6822410449966699
424,1001,13,5,0.6,0.2,1000,diverse,aggregation,0.773033226853774,,,0.6823509107482024
425,1001,13,5,0.6,0.2,1000,diverse,aggregation,0.773033226853774,,,0.6837988802786719
426,1001,13,5,0.6,0.2,1000,diverse,aggregation,0.773033226853774,,,0.6843800235643985
427,1001,13,5,0.6,0.2,1000,diverse,aggregation,0.773033226853774,,,0.6830329970107053
428,1001,13,5,0.6,0.2,1000,diverse,aggregation,0.773033226853774,,,0.6817483741721242
429,1001,13,5,0.6,0.2,1000,diverse,aggregation,0.773033226853774,,,0.6834295956358457
430,1001,13,5,0.6,0.2,1000,diverse,aggregation,0.773033226853774,,,0.6854096342083842
431,1001,13,5,0.6,0.2,1000,diverse,aggregation,0.773033226853774,,,0.6843447740608158
432,1001,13,5,0.6,0.2,1000,diverse,aggregation,0.773033226853774,,,0.6847977342102342
433,1001,13,5,0.6,0.2,1000,diverse,aggregation,0.773033226853774,,,0.6825318929604346
434,1001,13,5,0.6,0.2,1000,diverse,aggregation,0.773033226853774,,,0.683554167738126
435,1001,13,5,0.6,0.2,1000,diverse,aggregation,0.773033226853774,,,0.6855621956901123
436,1001,13,5,0.6,0.2,1000,diverse,aggregation,0.773033226853774,,,0.6832394002833587
437,1001,13,5,0.6,0.2,1000,diverse,aggregation,0.773033226853774,,,0.6839933932194349
438,1001,13,5,0.6,0.2,1000,diverse,aggregation,0.773033226853774,,,0.6834218394105894
439,1001,13,5,0.6,0.2,1000,diverse,aggregation,0.773033226853774,,,0.6832956073556073
440,1001,13,5,0.6,0.2,1000,diverse,aggregation,0.773033226853774,,,0.6826012431858265
441,1001,13,5,0.6,0.2,1000,diverse,aggregation,0.773033226853774,,,0.6847389575085409
442,1001,13,5,0.6,0.2,1000,diverse,aggregation,0.773033226853774,,,0.6834159418205251
443,1001,13,5,0.6,0.2,1000,diverse,aggregation,0.773033226853774,,,0.6821934477867811
444,1001,13,5,0.6,0.2,1000,diverse,aggregation,0.773033226853774,,,0.6818390046065046
445,1001,13,5,0.6,0.2,1000,diverse,aggregation,0.773033226853774,,,0.684857560934436
446,1001,13,5,0.6,0.2,1000,diverse,aggregation,0.773033226853774,,,0.6822073650346567
447,1001,13,5,0.6,0.2,1000,diverse,aggregation,0.773033226853774,,,0.6843335852881686
448,1001,13,5,0.6,0.2,1000,diverse,aggregation,0.773033226853774,,,0.683366517679851
449,1001,13,5,0.6,0.2,1000,diverse,aggregation,0.773033226853774,,,0.681591551311343
450,1001,13,5,0.6,0.2,1000,diverse,aggregation,0.773033226853774,,,0.6825828672870339
451,1001,13,5,0.6,0.2,1000,diverse,aggregation,0.773033226853774,,,0.6826340413752913
452,1001,13,5,0.6,0.2,1000,diverse,aggregation,0.773033226853774,,,0.6815622218522218
453,1001,13,5,0.6,0.2,1000,diverse,aggregation,0.773033226853774,,,0.6826946326821327
454,1001,13,5,0.6,0.2,1000,diverse,aggregation,0.773033226853774,,,0.6831848546592297
455,1001,13,5,0.6,0.2,1000,diverse,aggregation,0.773033226853774,,,0.6841175889388389
456,1001,13,5,0.6,0.2,1000,diverse,aggregation,0.773033226853774,,,0.6850402276812694
457,1001,13,5,0.6,0.2,1000,diverse,aggregation,0.773033226853774,,,0.682562893664977
458,1001,13,5,0.6,0.2,1000,diverse,aggregation,0.773033226853774,,,0.680871266950642
459,1001,13,5,0.6,0.2,1000,diverse,aggregation,0.773033226853774,,,0.6838663753145003
460,1001,13,5,0.6,0.2,1000,diverse,aggregation,0.773033226853774,,,0.681961008066008
461,1001,13,5,0.6,0.2,1000,diverse,aggregation,0.773033226853774,,,0.6832731493275244
462,1001,13,5,0.6,0.2,1000,diverse,aggregation,0.773033226853774,,,0.6819102704779788
463,1001,13,5,0.6,0.2,1000,diverse,aggregation,0.773033226853774,,,0.6828921681327932
464,1001,13,5,0.6,0.2,1000,diverse,aggregation,0.773033226853774,,,0.6829342105502524
465,1001,13,5,0.6,0.2,1000,diverse,aggregation,0.773033226853774,,,0.6814478857022607
466,1001,13,5,0.6,0.2,1000,diverse,aggregation,0.773033226853774,,,0.6826644763801014
467,1001,13,5,0.6,0.2,1000,diverse,aggregation,0.773033226853774,,,0.6830170089015923
468,1001,13,5,0.6,0.2,1000,diverse,aggregation,0.773033226853774,,,0.6826541571006154
469,1001,13,5,0.6,0.2,1000,diverse,aggregation,0.773033226853774,,,0.682017438541397
470,1001,13,5,0.6,0.2,1000,diverse,aggregation,0.773033226853774,,,0.6851119067969068
471,1001,13,5,0.6,0.2,1000,diverse,aggregation,0.773033226853774,,,0.6817834854343188
472,1001,13,5,0.6,0.2,1000,diverse,aggregation,0.773033226853774,,,0.6847673803125887
473,1001,13,5,0.6,0.2,1000,diverse,aggregation,0.773033226853774,,,0.6858128922543506
474,1001,13,5,0.6,0.2,1000,diverse,aggregation,0.773033226853774,,,0.6834240967211801
475,1001,13,5,0.6,0.2,1000,diverse,aggregation,0.773033226853774,,,0.6821062313920647
476,1001,13,5,0.6,0.2,1000,diverse,aggregation,0.773033226853774,,,0.6830259116809116
477,1001,13,5,0.6,0.2,1000,diverse,aggregation,0.773033226853774,,,0.6817663788526288
478,1001,13,5,0.6,0.2,1000,diverse,aggregation,0.773033226853774,,,0.683814704176996
479,1001,13,5,0.6,0.2,1000,diverse,aggregation,0.773033226853774,,,0.6834250686119435
480,1001,13,5,0.6,0.2,1000,diverse,aggregation,0.773033226853774,,,0.6844775602946436
481,1001,13,5,0.6,0.2,1000,diverse,aggregation,0.773033226853774,,,0.6829756106316522
482,1001,13,5,0.6,0.2,1000,diverse,aggregation,0.773033226853774,,,0.6844326341020092
483,1001,13,5,0.6,0.2,1000,diverse,aggregation,0.773033226853774,,,0.6849248879053045
484,1001,13,5,0.6,0.2,1000,diverse,aggregation,0.773033226853774,,,0.6838490816744983
485,1001,13,5,0.6,0.2,1000,diverse,aggregation,0.773033226853774,,,0.6827659531749115
486,1001,13,5,0.6,0.2,1000,diverse,aggregation,0.773033226853774,,,0.6822476479538979
487,1001,13,5,0.6,0.2,1000,diverse,aggregation,0.773033226853774,,,0.6836587866300367
488,1001,13,5,0.6,0.2,1000,diverse,aggregation,0.773033226853774,,,0.6831444008229424
489,1001,13,5,0.6,0.2,1000,diverse,aggregation,0.773033226853774,,,0.6814135916783833
490,1001,13,5,0.6,0.2,1000,diverse,aggregation,0.773033226853774,,,0.6839733495902247
491,1001,13,5,0.6,0.2,1000,diverse,aggregation,0.773033226853774,,,0.6840198424569258
492,1001,13,5,0.6,0.2,1000,diverse,aggregation,0.773033226853774,,,0.6823677602721353
493,1001,13,5,0.6,0.2,1000,diverse,aggregation,0.773033226853774,,,0.6833385868683786
494,1001,13,5,0.6,0.2,1000,diverse,aggregation,0.773033226853774,,,0.6823156140695724
495,1001,13,5,0.6,0.2,1000,diverse,aggregation,0.773033226853774,,,0.6811364801710635
496,1001,13,5,0.6,0.2,1000,diverse,aggregation,0.773033226853774,,,0.6834586154817405
497,1001,13,5,0.6,0.2,1000,diverse,aggregation,0.773033226853774,,,0.683087263130388
498,1001,13,5,0.6,0.2,1000,diverse,aggregation,0.773033226853774,,,0.6825911380825965
499,1001,13,5,0.6,0.2,1000,diverse,aggregation,0.773033226853774,,,0.683446948861324
500,1001,13,5,0.6,0.2,1000,diverse,aggregation,0.773033226853774,,,0.6848483180091512
501,1001,13,5,0.6,0.2,1000,diverse,aggregation,0.773033226853774,,,0.684004499243041
502,1001,13,5,0.6,0.2,1000,diverse,aggregation,0.773033226853774,,,0.6851299849301934
503,1001,13,5,0.6,0.2,1000,diverse,aggregation,0.773033226853774,,,0.682487239596823
504,1001,13,5,0.6,0.2,1000,diverse,aggregation,0.773033226853774,,,0.6841236814805566
505,1001,13,5,0.6,0.2,1000,diverse,aggregation,0.773033226853774,,,0.6851624998458332
506,1001,13,5,0.6,0.2,1000,diverse,aggregation,0.773033226853774,,,0.6838239944314943
507,1001,13,5,0.6,0.2,1000,diverse,aggregation,0.773033226853774,,,0.6824834219330054
508,1001,13,5,0.6,0.2,1000,diverse,aggregation,0.773033226853774,,,0.6819208599194015
509,1001,13,5,0.6,0.2,1000,diverse,aggregation,0.773033226853774,,,0.6796659348367682
510,1001,13,5,0.6,0.2,1000,diverse,aggregation,0.773033226853774,,,0.683530109689693
511,1001,13,5,0.6,0.2,1000,diverse,aggregation,0.773033226853774,,,0.6821597450928701
512,1001,13,5,0.6,0.2,1000,diverse,aggregation,0.773033226853774,,,0.6835171661517494
513,1001,13,5,0.6,0.2,1000,diverse,aggregation,0.773033226853774,,,0.6823585665569
514,1001,13,5,0.6,0.2,1000,diverse,aggregation,0.773033226853774,,,0.6847062747900248
515,1001,13,5,0.6,0.2,1000,diverse,aggregation,0.773033226853774,,,0.6832750795346629
516,1001,13,5,0.6,0.2,1000,diverse,aggregation,0.773033226853774,,,0.6845685944842195
517,1001,13,5,0.6,0.2,1000,diverse,aggregation,0.773033226853774,,,0.6828949030676115
518,1001,13,5,0.6,0.2,1000,diverse,aggregation,0.773033226853774,,,0.6828094640159224
519,1001,13,5,0.6,0.2,1000,diverse,aggregation,0.773033226853774,,,0.6841169692344693
520,1001,13,5,0.6,0.2,1000,diverse,aggregation,0.773033226853774,,,0.6843083229887397
521,1001,13,5,0.6,0.2,1000,diverse,aggregation,0.773033226853774,,,0.6829308512243929
522,1001,13,5,0.6,0.2,1000,diverse,aggregation,0.773033226853774,,,0.6804784177396678
523,1001,13,5,0.6,0.2,1000,diverse,aggregation,0.773033226853774,,,0.6835148412929662
524,1001,13,5,0.6,0.2,1000,diverse,aggregation,0.773033226853774,,,0.6827814774654358
525,1001,13,5,0.6,0.2,1000,diverse,aggregation,0.773033226853774,,,0.6822129152560402
526,1001,13,5,0.6,0.2,1000,diverse,aggregation,0.773033226853774,,,0.6837780978974728
527,1001,13,5,0.6,0.2,1000,diverse,aggregation,0.773033226853774,,,0.682889646996522
528,1001,13,5,0.6,0.2,1000,diverse,aggregation,0.773033226853774,,,0.6809968617724869
529,1001,13,5,0.6,0.2,1000,diverse,aggregation,0.773033226853774,,,0.6846801589074506
530,1001,13,5,0.6,0.2,1000,diverse,aggregation,0.773033226853774,,,0.6819455870287121
531,1001,13,5,0.6,0.2,1000,diverse,aggregation,0.773033226853774,,,0.6814505210298961
532,1001,13,5,0.6,0.2,1000,diverse,aggregation,0.773033226853774,,,0.6843780030617531
533,1001,13,5,0.6,0.2,1000,diverse,aggregation,0.773033226853774,,,0.6852836774645108
534,1001,13,5,0.6,0.2,1000,diverse,aggregation,0.773033226853774,,,0.6821953978274811
535,1001,13,5,0.6,0.2,1000,diverse,aggregation,0.773033226853774,,,0.6831623248510748
536,1001,13,5,0.6,0.2,1000,diverse,aggregation,0.773033226853774,,,0.684328154792738
537,1001,13,5,0.6,0.2,1000,diverse,aggregation,0.773033226853774,,,0.6853991442122691
538,1001,13,5,0.6,0.2,1000,diverse,aggregation,0.773033226853774,,,0.6840757564117981
539,1001,13,5,0.6,0.2,1000,diverse,aggregation,0.773033226853774,,,0.6830880580993082
540,1001,13,5,0.6,0.2,1000,diverse,aggregation,0.773033226853774,,,0.681505683066933
541,1001,13,5,0.6,0.2,1000,diverse,aggregation,0.773033226853774,,,0.6814185871690039
542,1001,13,5,0.6,0.2,1000,diverse,aggregation,0.773033226853774,,,0.6808723030673031
543,1001,13,5,0.6,0.2,1000,diverse,aggregation,0.773033226853774,,,0.6833017225444308
544,1001,13,5,0.6,0.2,1000,diverse,aggregation,0.773033226853774,,,0.6850813967745217
545,1001,13,5,0.6,0.2,1000,diverse,aggregation,0.773033226853774,,,0.6823377787181955
546,1001,13,5,0.6,0.2,1000,diverse,aggregation,0.773033226853774,,,0.6813049887997805
547,1001,13,5,0.6,0.2,1000,diverse,aggregation,0.773033226853774,,,0.683000858639817
548,1001,13,5,0.6,0.2,1000,diverse,aggregation,0.773033226853774,,,0.6798628650901567
549,1001,13,5,0.6,0.2,1000,diverse,aggregation,0.773033226853774,,,0.6816281582614916
550,1001,13,5,0.6,0.2,1000,diverse,aggregation,0.773033226853774,,,0.6845733191576943
551,1001,13,5,0.6,0.2,1000,diverse,aggregation,0.773033226853774,,,0.6851740307069475
552,1001,13,5,0.6,0.2,1000,diverse,aggregation,0.773033226853774,,,0.6817065454992538
553,1001,13,5,0.6,0.2,1000,diverse,aggregation,0.773033226853774,,,0.6827702304948138
554,1001,13,5,0.6,0.2,1000,diverse,aggregation,0.773033226853774,,,0.684876766304683
555,1001,13,5,0.6,0.2,1000,diverse,aggregation,0.773033226853774,,,0.6818559635657553
556,1001,13,5,0.6,0.2,1000,diverse,aggregation,0.773033226853774,,,0.6839237554035471
557,1001,13,5,0.6,0.2,1000,diverse,aggregation,0.773033226853774,,,0.6834654399458566
558,1001,13,5,0.6,0.2,1000,diverse,aggregation,0.773033226853774,,,0.6834522142517976
559,1001,13,5,0.6,0.2,1000,diverse,aggregation,0.773033226853774,,,0.6814024639943391
560,1001,13,5,0.6,0.2,1000,diverse,aggregation,0.773033226853774,,,0.6831031195424946
561,1001,13,5,0.6,0.2,1000,diverse,aggregation,0.773033226853774,,,0.6838890949868033
562,1001,13,5,0.6,0.2,1000,diverse,aggregation,0.773033226853774,,,0.681778981967107
563,1001,13,5,0.6,0.2,1000,diverse,aggregation,0.773033226853774,,,0.6819690054852555
564,1001,13,5,0.6,0.2,1000,diverse,aggregation,0.773033226853774,,,0.683858280076405
565,1001,13,5,0.6,0.2,1000,diverse,aggregation,0.773033226853774,,,0.6823548724809142
566,1001,13,5,0.6,0.2,1000,diverse,aggregation,0.773033226853774,,,0.6833071968386552
567,1001,13,5,0.6,0.2,1000,diverse,aggregation,0.773033226853774,,,0.6834110724152391
568,1001,13,5,0.6,0.2,1000,diverse,aggregation,0.773033226853774,,,0.6843146087400254
569,1001,13,5,0.6,0.2,1000,diverse,aggregation,0.773033226853774,,,0.68181088994339
570,1001,13,5,0.6,0.2,1000,diverse,aggregation,0.773033226853774,,,0.6858141523985274
571,1001,13,5,0.6,0.2,1000,diverse,aggregation,0.773033226853774,,,0.6812942275933943
572,1001,13,5,0.6,0.2,1000,diverse,aggregation,0.773033226853774,,,0.6851966864231447
573,1001,13,5,0.6,0.2,1000,diverse,aggregation,0.773033226853774,,,0.6843045338380755
574,1001,13,5,0.6,0.2,1000,diverse,aggregation,0.773033226853774,,,0.6842656988304906
575,1001,13,5,0.6,0.2,1000,diverse,aggregation,0.773033226853774,,,0.6827767190371357
576,1001,13,5,0.6,0.2,1000,diverse,aggregation,0.773033226853774,,,0.6836150902492568
577,1001,13,5,0.6,0.2,1000,diverse,aggregation,0.773033226853774,,,0.6819352028681195
578,1001,13,5,0.6,0.2,1000,diverse,aggregation,0.773033226853774,,,0.6845600966548884
579,1001,13,5,0.6,0.2,1000,diverse,aggregation,0.773033226853774,,,0.6840699566328733
580,1001,13,5,0.6,0.2,1000,diverse,aggregation,0.773033226853774,,,0.6846560006660006
581,1001,13,5,0.6,0.2,1000,diverse,aggregation,0.773033226853774,,,0.6833914434716518
582,1001,13,5,0.6,0.2,1000,diverse,aggregation,0.773033226853774,,,0.6836655081415498
583,1001,13,5,0.6,0.2,1000,diverse,aggregation,0.773033226853774,,,0.6821107465836632
584,1001,13,5,0.6,0.2,1000,diverse,aggregation,0.773033226853774,,,0.6833715017312935
585,1001,13,5,0.6,0.2,1000,diverse,aggregation,0.773033226853774,,,0.6832814814891899
586,1001,13,5,0.6,0.2,1000,diverse,aggregation,0.773033226853774,,,0.6837951059665643
587,1001,13,5,0.6,0.2,1000,diverse,aggregation,0.773033226853774,,,0.6829390429246679
588,1001,13,5,0.6,0.2,1000,diverse,aggregation,0.773033226853774,,,0.683310297626756
589,1001,13,5,0.6,0.2,1000,diverse,aggregation,0.773033226853774,,,0.6814724056576139
590,1001,13,5,0.6,0.2,1000,diverse,aggregation,0.773033226853774,,,0.6832516864385615
591,1001,13,5,0.6,0.2,1000,diverse,aggregation,0.773033226853774,,,0.6850024750018501
592,1001,13,5,0.6,0.2,1000,diverse,aggregation,0.773033226853774,,,0.6831921772980106
593,1001,13,5,0.6,0.2,1000,diverse,aggregation,0.773033226853774,,,0.6820483114416448
594,1001,13,5,0.6,0.2,1000,diverse,aggregation,0.773033226853774,,,0.6833123174356508
595,1001,13,5,0.6,0.2,1000,diverse,aggregation,0.773033226853774,,,0.6825398055802223
596,1001,13,5,0.6,0.2,1000,diverse,aggregation,0.773033226853774,,,0.6832114796468963
597,1001,13,5,0.6,0.2,1000,diverse,aggregation,0.773033226853774,,,0.6865585706114872
598,1001,13,5,0.6,0.2,1000,diverse,aggregation,0.773033226853774,,,0.6805949218142968
599,1001,13,5,0.6,0.2,1000,diverse,aggregation,0.773033226853774,,,0.6832597684028933
600,1001,13,5,0.6,0.2,1000,diverse,aggregation,0.773033226853774,,,0.6856675516613018
601,1001,13,5,0.6,0.2,1000,diverse,aggregation,0.773033226853774,,,0.6837559711276378
602,1001,13,5,0.6,0.2,1000,diverse,aggregation,0.773033226853774,,,0.6844268731499983
603,1001,13,5,0.6,0.2,1000,diverse,aggregation,0.773033226853774,,,0.6831031813710979
604,1001,13,5,0.6,0.2,1000,diverse,aggregation,0.773033226853774,,,0.6849285961260961
605,1001,13,5,0.6,0.2,1000,diverse,aggregation,0.773033226853774,,,0.6847518652874903
606,1001,13,5,0.6,0.2,1000,diverse,aggregation,0.773033226853774,,,0.6837236189582023
607,1001,13,5,0.6,0.2,1000,diverse,aggregation,0.773033226853774,,,0.6835089942542026
608,1001,13,5,0.6,0.2,1000,diverse,aggregation,0.773033226853774,,,0.684958843664052
609,1001,13,5,0.6,0.2,1000,diverse,aggregation,0.773033226853774,,,0.6820887425922842
610,1001,13,5,0.6,0.2,1000,diverse,aggregation,0.773033226853774,,,0.6855161431007264
611,1001,13,5,0.6,0.2,1000,diverse,aggregation,0.773033226853774,,,0.6816986380594714
612,1001,13,5,0.6,0.2,1000,diverse,aggregation,0.773033226853774,,,0.683810090634674
613,1001,13,5,0.6,0.2,1000,diverse,aggregation,0.773033226853774,,,0.6826197876583293
614,1001,13,5,0.6,0.2,1000,diverse,aggregation,0.773033226853774,,,0.6842255764374513
615,1001,13,5,0.6,0.2,1000,diverse,aggregation,0.773033226853774,,,0.685940795716629
616,1001,13,5,0.6,0.2,1000,diverse,aggregation,0.773033226853774,,,0.6822360967581801
617,1001,13,5,0.6,0.2,1000,diverse,aggregation,0.773033226853774,,,0.6824633266733267
618,1001,13,5,0.6,0.2,1000,diverse,aggregation,0.773033226853774,,,0.6835513880640963
619,1001,13,5,0.6,0.2,1000,diverse,aggregation,0.773033226853774,,,0.6840686393698895
620,1001,13,5,0.6,0.2,1000,diverse,aggregation,0.773033226853774,,,0.6807124057963642
621,1001,13,5,0.6,0.2,1000,diverse,aggregation,0.773033226853774,,,0.6832555424899176
622,1001,13,5,0.6,0.2,1000,diverse,aggregation,0.773033226853774,,,0.6835737965044215
623,1001,13,5,0.6,0.2,1000,diverse,aggregation,0.773033226853774,,,0.6842762365489449
624,1001,13,5,0.6,0.2,1000,diverse,aggregation,0.773033226853774,,,0.6823068006222173
625,1001,13,5,0.6,0.2,1000,diverse,aggregation,0.773033226853774,,,0.6850931648367066
626,1001,13,5,0.6,0.2,1000,diverse,aggregation,0.773033226853774,,,0.6796351526714026
627,1001,13,5,0.6,0.2,1000,diverse,aggregation,0.773033226853774,,,0.6823710072643406
628,1001,13,5,0.6,0.2,1000,diverse,aggregation,0.773033226853774,,,0.6819963833697169
629,1001,13,5,0.6,0.2,1000,diverse,aggregation,0.773033226853774,,,0.6823776708707959
630,1001,13,5,0.6,0.2,1000,diverse,aggregation,0.773033226853774,,,0.6830759776334777
631,1001,13,5,0.6,0.2,1000,diverse,aggregation,0.773033226853774,,,0.683559500938876
632,1001,13,5,0.6,0.2,1000,diverse,aggregation,0.773033226853774,,,0.681795961322628
633,1001,13,5,0.6,0.2,1000,diverse,aggregation,0.773033226853774,,,0.6823463238304904
634,1001,13,5,0.6,0.2,1000,diverse,aggregation,0.773033226853774,,,0.6851163148733982
635,1001,13,5,0.6,0.2,1000,diverse,aggregation,0.773033226853774,,,0.6820581056828974
636,1001,13,5,0.6,0.2,1000,diverse,aggregation,0.773033226853774,,,0.6806843968916886
637,1001,13,5,0.6,0.2,1000,diverse,aggregation,0.773033226853774,,,0.6827512948162947
638,1001,13,5,0.6,0.2,1000,diverse,aggregation,0.773033226853774,,,0.6825579670406753
639,1001,13,5,0.6,0.2,1000,diverse,aggregation,0.773033226853774,,,0.682751803983054
640,1001,13,5,0.6,0.2,1000,diverse,aggregation,0.773033226853774,,,0.683989954004329
641,1001,13,5,0.6,0.2,1000,diverse,aggregation,0.773033226853774,,,0.6821849024432358
642,1001,13,5,0.6,0.2,1000,diverse,aggregation,0.773033226853774,,,0.683002707647291
643,1001,13,5,0.6,0.2,1000,diverse,aggregation,0.773033226853774,,,0.6833943563689397
644,1001,13,5,0.6,0.2,1000,diverse,aggregation,0.773033226853774,,,0.6850173188848189
645,1001,13,5,0.6,0.2,1000,diverse,aggregation,0.773033226853774,,,0.6840918393566311
646,1001,13,5,0.6,0.2,1000,diverse,aggregation,0.773033226853774,,,0.682372720304387
647,1001,13,5,0.6,0.2,1000,diverse,aggregation,0.773033226853774,,,0.6822024825560242
648,1001,13,5,0.6,0.2,1000,diverse,aggregation,0.773033226853774,,,0.6841744357417275
649,1001,13,5,0.6,0.2,1000,diverse,aggregation,0.773033226853774,,,0.682812705589164
650,1001,13,5,0.6,0.2,1000,diverse,aggregation,0.773033226853774,,,0.6844852439844106
651,1001,13,5,0.6,0.2,1000,diverse,aggregation,0.773033226853774,,,0.6831225327373245
652,1001,13,5,0.6,0.2,1000,diverse,aggregation,0.773033226853774,,,0.6810263903303486
653,1001,13,5,0.6,0.2,1000,diverse,aggregation,0.773033226853774,,,0.6843242030423279
654,1001,13,5,0.6,0.2,1000,diverse,aggregation,0.773033226853774,,,0.681612955347122
655,1001,13,5,0.6,0.2,1000,diverse,aggregation,0.773033226853774,,,0.6823659177165428
656,1001,13,5,0.6,0.2,1000,diverse,aggregation,0.773033226853774,,,0.6815605760905762
657,1001,13,5,0.6,0.2,1000,diverse,aggregation,0.773033226853774,,,0.6828651964547797
658,1001,13,5,0.6,0.2,1000,diverse,aggregation,0.773033226853774,,,0.6823513504936423
659,1001,13,5,0.6,0.2,1000,diverse,aggregation,0.773033226853774,,,0.6818986219721637
660,1001,13,5,0.6,0.2,1000,diverse,aggregation,0.773033226853774,,,0.6817989810729395
661,1001,13,5,0.6,0.2,1000,diverse,aggregation,0.773033226853774,,,0.6844415896834647
662,1001,13,5,0.6,0.2,1000,diverse,aggregation,0.773033226853774,,,0.685185540693874
663,1001,13,5,0.6,0.2,1000,diverse,aggregation,0.773033226853774,,,0.6812856215466633
664,1001,13,5,0.6,0.2,1000,diverse,aggregation,0.773033226853774,,,0.6842092693186445
665,1001,13,5,0.6,0.2,1000,diverse,aggregation,0.773033226853774,,,0.6831629227254227
666,1001,13,5,0.6,0.2,1000,diverse,aggregation,0.773033226853774,,,0.6807655804920387
667,1001,13,5,0.6,0.2,1000,diverse,aggregation,0.773033226853774,,,0.6836587605450105
668,1001,13,5,0.6,0.2,1000,diverse,aggregation,0.773033226853774,,,0.6823016877798128
669,1001,13,5,0.6,0.2,1000,diverse,aggregation,0.773033226853774,,,0.6833743078295161
670,1001,13,5,0.6,0.2,1000,diverse,aggregation,0.773033226853774,,,0.681211568670527
671,1001,13,5,0.6,0.2,1000,diverse,aggregation,0.773033226853774,,,0.681810992764951
672,1001,13,5,0.6,0.2,1000,diverse,aggregation,0.773033226853774,,,0.685140876947127
673,1001,13,5,0.6,0.2,1000,diverse,aggregation,0.773033226853774,,,0.684886717032967
674,1001,13,5,0.6,0.2,1000,diverse,aggregation,0.773033226853774,,,0.6838038593659427
675,1001,13,5,0.6,0.2,1000,diverse,aggregation,0.773033226853774,,,0.6837039399258149
676,1001,13,5,0.6,0.2,1000,diverse,aggregation,0.773033226853774,,,0.6819143464791382
677,1001,13,5,0.6,0.2,1000,diverse,aggregation,0.773033226853774,,,0.68420081662165
678,1001,13,5,0.6,0.2,1000,diverse,aggregation,0.773033226853774,,,0.6815723446229697
679,1001,13,5,0.6,0.2,1000,diverse,aggregation,0.773033226853774,,,0.6828697262459762
680,1001,13,5,0.6,0.2,1000,diverse,aggregation,0.773033226853774,,,0.6830078160573994
681,1001,13,5,0.6,0.2,1000,diverse,aggregation,0.773033226853774,,,0.6831658562039813
682,1001,13,5,0.6,0.2,1000,diverse,aggregation,0.773033226853774,,,0.6834330857105857
683,1001,13,5,0.6,0.2,1000,diverse,aggregation,0.773033226853774,,,0.6842067504100837
684,1001,13,5,0.6,0.2,1000,diverse,aggregation,0.773033226853774,,,0.6821426748637166
685,1001,13,5,0.6,0.2,1000,diverse,aggregation,0.773033226853774,,,0.6828292656340573
686,1001,13,5,0.6,0.2,1000,diverse,aggregation,0.773033226853774,,,0.6848840427319594
687,1001,13,5,0.6,0.2,1000,diverse,aggregation,0.773033226853774,,,0.6837729670946338
688,1001,13,5,0.6,0.2,1000,diverse,aggregation,0.773033226853774,,,0.6843461072492323
689,1001,13,5,0.6,0.2,1000,diverse,aggregation,0.773033226853774,,,0.6842996019335603
690,1001,13,5,0.6,0.2,1000,diverse,aggregation,0.773033226853774,,,0.6832899519076603
691,1001,13,5,0.6,0.2,1000,diverse,aggregation,0.773033226853774,,,0.6836322914277081
692,1001,13,5,0.6,0.2,1000,diverse,aggregation,0.773033226853774,,,0.6844072118390867
693,1001,13,5,0.6,0.2,1000,diverse,aggregation,0.773033226853774,,,0.6850133982375649
694,1001,13,5,0.6,0.2,1000,diverse,aggregation,0.773033226853774,,,0.6831847256832674
695,1001,13,5,0.6,0.2,1000,diverse,aggregation,0.773033226853774,,,0.6844835609837694
696,1001,13,5,0.6,0.2,1000,diverse,aggregation,0.773033226853774,,,0.6846266324262158
697,1001,13,5,0.6,0.2,1000,diverse,aggregation,0.773033226853774,,,0.6854256082883167
698,1001,13,5,0.6,0.2,1000,diverse,aggregation,0.773033226853774,,,0.6810517823457407
699,1001,13,5,0.6,0.2,1000,diverse,aggregation,0.773033226853774,,,0.6832153826960078
700,1001,13,5,0.6,0.2,1000,diverse,aggregation,0.773033226853774,,,0.680509942950568
701,1001,13,5,0.6,0.2,1000,diverse,aggregation,0.773033226853774,,,0.6828670603933105
702,1001,13,5,0.6,0.2,1000,diverse,aggregation,0.773033226853774,,,0.6809693783300034
703,1001,13,5,0.6,0.2,1000,diverse,aggregation,0.773033226853774,,,0.684624518028268
704,1001,13,5,0.6,0.2,1000,diverse,aggregation,0.773033226853774,,,0.6839581791973459
705,1001,13,5,0.6,0.2,1000,diverse,aggregation,0.773033226853774,,,0.6835217840415756
706,1001,13,5,0.6,0.2,1000,diverse,aggregation,0.773033226853774,,,0.6857816548112381
707,1001,13,5,0.6,0.2,1000,diverse,aggregation,0.773033226853774,,,0.6842500122177206
708,1001,13,5,0.6,0.2,1000,diverse,aggregation,0.773033226853774,,,0.6839844510582012
709,1001,13,5,0.6,0.2,1000,diverse,aggregation,0.773033226853774,,,0.6818030281678199
710,1001,13,5,0.6,0.2,1000,diverse,aggregation,0.773033226853774,,,0.6830309695011778
711,1001,13,5,0.6,0.2,1000,diverse,aggregation,0.773033226853774,,,0.6813119172108755
712,1001,13,5,0.6,0.2,1000,diverse,aggregation,0.773033226853774,,,0.680058833743417
713,1001,13,5,0.6,0.2,1000,diverse,aggregation,0.773033226853774,,,0.6839131670412921
714,1001,13,5,0.6,0.2,1000,diverse,aggregation,0.773033226853774,,,0.6825523494252661
715,1001,13,5,0.6,0.2,1000,diverse,aggregation,0.773033226853774,,,0.6819825286673203
716,1001,13,5,0.6,0.2,1000,diverse,aggregation,0.773033226853774,,,0.6815401286907536
717,1001,13,5,0.6,0.2,1000,diverse,aggregation,0.773033226853774,,,0.6828681001406002
718,1001,13,5,0.6,0.2,1000,diverse,aggregation,0.773033226853774,,,0.6841154704400538
719,1001,13,5,0.6,0.2,1000,diverse,aggregation,0.773033226853774,,,0.6830712072957906
720,1001,13,5,0.6,0.2,1000,diverse,aggregation,0.773033226853774,,,0.6834523593150676
721,1001,13,5,0.6,0.2,1000,diverse,aggregation,0.773033226853774,,,0.683758596688805
722,1001,13,5,0.6,0.2,1000,diverse,aggregation,0.773033226853774,,,0.6834591232070398
723,1001,13,5,0.6,0.2,1000,diverse,aggregation,0.773033226853774,,,0.6797399681722599
724,1001,13,5,0.6,0.2,1000,diverse,aggregation,0.773033226853774,,,0.6830568821225071
725,1001,13,5,0.6,0.2,1000,diverse,aggregation,0.773033226853774,,,0.6830007872759956
726,1001,13,5,0.6,0.2,1000,diverse,aggregation,0.773033226853774,,,0.6839389204237121
727,1001,13,5,0.6,0.2,1000,diverse,aggregation,0.773033226853774,,,0.6829899057578225
728,1001,13,5,0.6,0.2,1000,diverse,aggregation,0.773033226853774,,,0.6842835244076911
729,1001,13,5,0.6,0.2,1000,diverse,aggregation,0.773033226853774,,,0.6827160924954675
730,1001,13,5,0.6,0.2,1000,diverse,aggregation,0.773033226853774,,,0.6812483802308803
731,1001,13,5,0.6,0.2,1000,diverse,aggregation,0.773033226853774,,,0.6836932885709969
732,1001,13,5,0.6,0.2,1000,diverse,aggregation,0.773033226853774,,,0.6834662742350243
733,1001,13,5,0.6,0.2,1000,diverse,aggregation,0.773033226853774,,,0.683117398357815
734,1001,13,5,0.6,0.2,1000,diverse,aggregation,0.773033226853774,,,0.683632708078958
735,1001,13,5,0.6,0.2,1000,diverse,aggregation,0.773033226853774,,,0.6840782421513673
736,1001,13,5,0.6,0.2,1000,diverse,aggregation,0.773033226853774,,,0.6817519301300551
737,1001,13,5,0.6,0.2,1000,diverse,aggregation,0.773033226853774,,,0.6822579658150492
738,1001,13,5,0.6,0.2,1000,diverse,aggregation,0.773033226853774,,,0.6831076304020054
739,1001,13,5,0.6,0.2,1000,diverse,aggregation,0.773033226853774,,,0.6835263775190858
740,1001,13,5,0.6,0.2,1000,diverse,aggregation,0.773033226853774,,,0.681898336424378
741,1001,13,5,0.6,0.2,1000,diverse,aggregation,0.773033226853774,,,0.6831946872571872
742,1001,13,5,0.6,0.2,1000,diverse,aggregation,0.773033226853774,,,0.6811041514735264
743,1001,13,5,0.6,0.2,1000,diverse,aggregation,0.773033226853774,,,0.6829759481336565
744,1001,13,5,0.6,0.2,1000,diverse,aggregation,0.773033226853774,,,0.6829462087372504
745,1001,13,5,0.6,0.2,1000,diverse,aggregation,0.773033226853774,,,0.6826012358089442
746,1001,13,5,0.6,0.2,1000,diverse,aggregation,0.773033226853774,,,0.6840641884812718
747,1001,13,5,0.6,0.2,1000,diverse,aggregation,0.773033226853774,,,0.6829709398626065
748,1001,13,5,0.6,0.2,1000,diverse,aggregation,0.773033226853774,,,0.6840433259179092
749,1001,13,5,0.6,0.2,1000,diverse,aggregation,0.773033226853774,,,0.6824602022668689
750,1001,13,5,0.6,0.2,1000,diverse,aggregation,0.773033226853774,,,0.6820726653053737
751,1001,13,5,0.6,0.2,1000,diverse,aggregation,0.773033226853774,,,0.6814250613661031
752,1001,13,5,0.6,0.2,1000,diverse,aggregation,0.773033226853774,,,0.6836316410133076
753,1001,13,5,0.6,0.2,1000,diverse,aggregation,0.773033226853774,,,0.6839684898049482
754,1001,13,5,0.6,0.2,1000,diverse,aggregation,0.773033226853774,,,0.6824797112995029
755,1001,13,5,0.6,0.2,1000,diverse,aggregation,0.773033226853774,,,0.6831017680159347
756,1001,13,5,0.6,0.2,1000,diverse,aggregation,0.773033226853774,,,0.6840498545744379
757,1001,13,5,0.6,0.2,1000,diverse,aggregation,0.773033226853774,,,0.6841132242988492
758,1001,13,5,0.6,0.2,1000,diverse,aggregation,0.773033226853774,,,0.6835765072273406
759,1001,13,5,0.6,0.2,1000,diverse,aggregation,0.773033226853774,,,0.6835097925608341
760,1001,13,5,0.6,0.2,1000,diverse,aggregation,0.773033226853774,,,0.6827209132302882
761,1001,13,5,0.6,0.2,1000,diverse,aggregation,0.773033226853774,,,0.68305942341609
762,1001,13,5,0.6,0.2,1000,diverse,aggregation,0.773033226853774,,,0.6836174632543383
763,1001,13,5,0.6,0.2,1000,diverse,aggregation,0.773033226853774,,,0.684089172640631
764,1001,13,5,0.6,0.2,1000,diverse,aggregation,0.773033226853774,,,0.6819056037866456
765,1001,13,5,0.6,0.2,1000,diverse,aggregation,0.773033226853774,,,0.6827842528459195
766,1001,13,5,0.6,0.2,1000,diverse,aggregation,0.773033226853774,,,0.6829654290000123
767,1001,13,5,0.6,0.2,1000,diverse,aggregation,0.773033226853774,,,0.6828818179043179
768,1001,13,5,0.6,0.2,1000,diverse,aggregation,0.773033226853774,,,0.6832482286001035
769,1001,13,5,0.6,0.2,1000,diverse,aggregation,0.773033226853774,,,0.6832789718075135
770,1001,13,5,0.6,0.2,1000,diverse,aggregation,0.773033226853774,,,0.6825168821687573
771,1001,13,5,0.6,0.2,1000,diverse,aggregation,0.773033226853774,,,0.6823327321058571
772,1001,13,5,0.6,0.2,1000,diverse,aggregation,0.773033226853774,,,0.6835631556406556
773,1001,13,5,0.6,0.2,1000,diverse,aggregation,0.773033226853774,,,0.684087955300872
774,1001,13,5,0.6,0.2,1000,diverse,aggregation,0.773033226853774,,,0.6836491640689557
775,1001,13,5,0.6,0.2,1000,diverse,aggregation,0.773033226853774,,,0.6848048658979909
776,1001,13,5,0.6,0.2,1000,diverse,aggregation,0.773033226853774,,,0.6823376294076293
777,1001,13,5,0.6,0.2,1000,diverse,aggregation,0.773033226853774,,,0.683767201625535
778,1001,13,5,0.6,0.2,1000,diverse,aggregation,0.773033226853774,,,0.6812827887852888
779,1001,13,5,0.6,0.2,1000,diverse,aggregation,0.773033226853774,,,0.6813052390048224
780,1001,13,5,0.6,0.2,1000,diverse,aggregation,0.773033226853774,,,0.6825609014211097
781,1001,13,5,0.6,0.2,1000,diverse,aggregation,0.773033226853774,,,0.6839050384337885
782,1001,13,5,0.6,0.2,1000,diverse,aggregation,0.773033226853774,,,0.6817041537243621
783,1001,13,5,0.6,0.2,1000,diverse,aggregation,0.773033226853774,,,0.6807428164273998
784,1001,13,5,0.6,0.2,1000,diverse,aggregation,0.773033226853774,,,0.6825368970689804
785,1001,13,5,0.6,0.2,1000,diverse,aggregation,0.773033226853774,,,0.6821905311509477
786,1001,13,5,0.6,0.2,1000,diverse,aggregation,0.773033226853774,,,0.6830188951326451
787,1001,13,5,0.6,0.2,1000,diverse,aggregation,0.773033226853774,,,0.6821411053683971
788,1001,13,5,0.6,0.2,1000,diverse,aggregation,0.773033226853774,,,0.6816026893091477
789,1001,13,5,0.6,0.2,1000,diverse,aggregation,0.773033226853774,,,0.6809625245818995
790,1001,13,5,0.6,0.2,1000,diverse,aggregation,0.773033226853774,,,0.6830263207856959
791,1001,13,5,0.6,0.2,1000,diverse,aggregation,0.773033226853774,,,0.68505215332507
792,1001,13,5,0.6,0.2,1000,diverse,aggregation,0.773033226853774,,,0.6838580033932118
793,1001,13,5,0.6,0.2,1000,diverse,aggregation,0.773033226853774,,,0.6838167287727704
794,1001,13,5,0.6,0.2,1000,diverse,aggregation,0.773033226853774,,,0.683888852659686
795,1001,13,5,0.6,0.2,1000,diverse,aggregation,0.773033226853774,,,0.6830827969561303
796,1001,13,5,0.6,0.2,1000,diverse,aggregation,0.773033226853774,,,0.6832738942770193
797,1001,13,5,0.6,0.2,1000,diverse,aggregation,0.773033226853774,,,0.6854963742276242
798,1001,13,5,0.6,0.2,1000,diverse,aggregation,0.773033226853774,,,0.6819874183455433
799,1001,13,5,0.6,0.2,1000,diverse,aggregation,0.773033226853774,,,0.6820249690510107
800,1001,13,5,0.6,0.2,1000,diverse,aggregation,0.773033226853774,,,0.6812295422632922
801,1001,13,5,0.6,0.2,1000,diverse,aggregation,0.773033226853774,,,0.6845637247012247
802,1001,13,5,0.6,0.2,1000,diverse,aggregation,0.773033226853774,,,0.68436145170416
803,1001,13,5,0.6,0.2,1000,diverse,aggregation,0.773033226853774,,,0.6841581720285888
804,1001,13,5,0.6,0.2,1000,diverse,aggregation,0.773033226853774,,,0.6831090331196582
805,1001,13,5,0.6,0.2,1000,diverse,aggregation,0.773033226853774,,,0.6854056513394013
806,1001,13,5,0.6,0.2,1000,diverse,aggregation,0.773033226853774,,,0.6827997133267967
807,1001,13,5,0.6,0.2,1000,diverse,aggregation,0.773033226853774,,,0.6842060576691826
808,1001,13,5,0.6,0.2,1000,diverse,aggregation,0.773033226853774,,,0.6824374833731084
809,1001,13,5,0.6,0.2,1000,diverse,aggregation,0.773033226853774,,,0.6826554422737757
810,1001,13,5,0.6,0.2,1000,diverse,aggregation,0.773033226853774,,,0.6834258967883967
811,1001,13,5,0.6,0.2,1000,diverse,aggregation,0.773033226853774,,,0.6845148497952664
812,1001,13,5,0.6,0.2,1000,diverse,aggregation,0.773033226853774,,,0.6828009720295137
813,1001,13,5,0.6,0.2,1000,diverse,aggregation,0.773033226853774,,,0.6804115694876112
814,1001,13,5,0.6,0.2,1000,diverse,aggregation,0.773033226853774,,,0.6842661678213762
815,1001,13,5,0.6,0.2,1000,diverse,aggregation,0.773033226853774,,,0.6842015334202834
816,1001,13,5,0.6,0.2,1000,diverse,aggregation,0.773033226853774,,,0.6838978148240649
817,1001,13,5,0.6,0.2,1000,diverse,aggregation,0.773033226853774,,,0.682892254604963
818,1001,13,5,0.6,0.2,1000,diverse,aggregation,0.773033226853774,,,0.6811255024450857
819,1001,13,5,0.6,0.2,1000,diverse,aggregation,0.773033226853774,,,0.682681126951752
820,1001,13,5,0.6,0.2,1000,diverse,aggregation,0.773033226853774,,,0.6838450746321579
821,1001,13,5,0.6,0.2,1000,diverse,aggregation,0.773033226853774,,,0.6834895750006166
822,1001,13,5,0.6,0.2,1000,diverse,aggregation,0.773033226853774,,,0.6809632109094609
823,1001,13,5,0.6,0.2,1000,diverse,aggregation,0.773033226853774,,,0.6831876549684883
824,1001,13,5,0.6,0.2,1000,diverse,aggregation,0.773033226853774,,,0.6829056819415154
825,1001,13,5,0.6,0.2,1000,diverse,aggregation,0.773033226853774,,,0.6841341739587573
826,1001,13,5,0.6,0.2,1000,diverse,aggregation,0.773033226853774,,,0.6847438480115563
827,1001,13,5,0.6,0.2,1000,diverse,aggregation,0.773033226853774,,,0.6819242284104785
828,1001,13,5,0.6,0.2,1000,diverse,aggregation,0.773033226853774,,,0.6842689093853678
829,1001,13,5,0.6,0.2,1000,diverse,aggregation,0.773033226853774,,,0.6828962242464326
830,1001,13,5,0.6,0.2,1000,diverse,aggregation,0.773033226853774,,,0.6854977017658268
831,1001,13,5,0.6,0.2,1000,diverse,aggregation,0.773033226853774,,,0.6830220238943155
832,1001,13,5,0.6,0.2,1000,diverse,aggregation,0.773033226853774,,,0.682304566552275
833,1001,13,5,0.6,0.2,1000,diverse,aggregation,0.773033226853774,,,0.6830421449692283
834,1001,13,5,0.6,0.2,1000,diverse,aggregation,0.773033226853774,,,0.6839027358212774
835,1001,13,5,0.6,0.2,1000,diverse,aggregation,0.773033226853774,,,0.681038431105931
836,1001,13,5,0.6,0.2,1000,diverse,aggregation,0.773033226853774,,,0.6843451910203994
837,1001,13,5,0.6,0.2,1000,diverse,aggregation,0.773033226853774,,,0.6834352231873065
838,1001,13,5,0.6,0.2,1000,diverse,aggregation,0.773033226853774,,,0.6826736845253513
839,1001,13,5,0.6,0.2,1000,diverse,aggregation,0.773033226853774,,,0.6833725175210591
840,1001,13,5,0.6,0.2,1000,diverse,aggregation,0.773033226853774,,,0.6825652848848682
841,1001,13,5,0.6,0.2,1000,diverse,aggregation,0.773033226853774,,,0.6830803082796832
842,1001,13,5,0.6,0.2,1000,diverse,aggregation,0.773033226853774,,,0.6833422081622083
843,1001,13,5,0.6,0.2,1000,diverse,aggregation,0.773033226853774,,,0.6838726335778418
844,1001,13,5,0.6,0.2,1000,diverse,aggregation,0.773033226853774,,,0.6831690337671587
845,1001,13,5,0.6,0.2,1000,diverse,aggregation,0.773033226853774,,,0.6814700078625079
846,1001,13,5,0.6,0.2,1000,diverse,aggregation,0.773033226853774,,,0.6849310230895648
847,1001,13,5,0.6,0.2,1000,diverse,aggregation,0.773033226853774,,,0.685345947825323
848,1001,13,5,0.6,0.2,1000,diverse,aggregation,0.773033226853774,,,0.6831989657950074
849,1001,13,5,0.6,0.2,1000,diverse,aggregation,0.773033226853774,,,0.6834568017322183
850,1001,13,5,0.6,0.2,1000,diverse,aggregation,0.773033226853774,,,0.684146672324589
851,1001,13,5,0.6,0.2,1000,diverse,aggregation,0.773033226853774,,,0.6807454849163183
852,1001,13,5,0.6,0.2,1000,diverse,aggregation,0.773033226853774,,,0.6818747626910125
853,1001,13,5,0.6,0.2,1000,diverse,aggregation,0.773033226853774,,,0.6822586984543235
854,1001,13,5,0.6,0.2,1000,diverse,aggregation,0.773033226853774,,,0.6821213236994487
855,1001,13,5,0.6,0.2,1000,diverse,aggregation,0.773033226853774,,,0.6817419128248294
856,1001,13,5,0.6,0.2,1000,diverse,aggregation,0.773033226853774,,,0.6820197329676497
857,1001,13,5,0.6,0.2,1000,diverse,aggregation,0.773033226853774,,,0.6827649365680617
858,1001,13,5,0.6,0.2,1000,diverse,aggregation,0.773033226853774,,,0.6825291694725029
859,1001,13,5,0.6,0.2,1000,diverse,aggregation,0.773033226853774,,,0.6829639593045844
860,1001,13,5,0.6,0.2,1000,diverse,aggregation,0.773033226853774,,,0.6855062202380952
861,1001,13,5,0.6,0.2,1000,diverse,aggregation,0.773033226853774,,,0.6807331187870772
862,1001,13,5,0.6,0.2,1000,diverse,aggregation,0.773033226853774,,,0.6822909665411749
863,1001,13,5,0.6,0.2,1000,diverse,aggregation,0.773033226853774,,,0.6801654956077873
864,1001,13,5,0.6,0.2,1000,diverse,aggregation,0.773033226853774,,,0.6831726354278438
865,1001,13,5,0.6,0.2,1000,diverse,aggregation,0.773033226853774,,,0.6842986846101429
866,1001,13,5,0.6,0.2,1000,diverse,aggregation,0.773033226853774,,,0.6838191480895647
867,1001,13,5,0.6,0.2,1000,diverse,aggregation,0.773033226853774,,,0.6819086356930106
868,1001,13,5,0.6,0.2,1000,diverse,aggregation,0.773033226853774,,,0.6838541015620183
869,1001,13,5,0.6,0.2,1000,diverse,aggregation,0.773033226853774,,,0.6816031819492236
870,1001,13,5,0.6,0.2,1000,diverse,aggregation,0.773033226853774,,,0.6820760125137209
871,1001,13,5,0.6,0.2,1000,diverse,aggregation,0.773033226853774,,,0.6826228179382346
872,1001,13,5,0.6,0.2,1000,diverse,aggregation,0.773033226853774,,,0.6833875575658909
873,1001,13,5,0.6,0.2,1000,diverse,aggregation,0.773033226853774,,,0.6805589261201761
874,1001,13,5,0.6,0.2,1000,diverse,aggregation,0.773033226853774,,,0.6822627068379152
875,1001,13,5,0.6,0.2,1000,diverse,aggregation,0.773033226853774,,,0.6822885541156375
876,1001,13,5,0.6,0.2,1000,diverse,aggregation,0.773033226853774,,,0.6841541998125331
877,1001,13,5,0.6,0.2,1000,diverse,aggregation,0.773033226853774,,,0.6835285568520986
878,1001,13,5,0.6,0.2,1000,diverse,aggregation,0.773033226853774,,,0.684085102004477
879,1001,13,5,0.6,0.2,1000,diverse,aggregation,0.773033226853774,,,0.6830260285085284
880,1001,13,5,0.6,0.2,1000,diverse,aggregation,0.773033226853774,,,0.6811337021003687
881,1001,13,5,0.6,0.2,1000,diverse,aggregation,0.773033226853774,,,0.6850007105086272
882,1001,13,5,0.6,0.2,1000,diverse,aggregation,0.773033226853774,,,0.6820483266116599
883,1001,13,5,0.6,0.2,1000,diverse,aggregation,0.773033226853774,,,0.6834495829941664
884,1001,13,5,0.6,0.2,1000,diverse,aggregation,0.773033226853774,,,0.6810650833271666
885,1001,13,5,0.6,0.2,1000,diverse,aggregation,0.773033226853774,,,0.6821565005210839
886,1001,13,5,0.6,0.2,1000,diverse,aggregation,0.773033226853774,,,0.6843538112581862
887,1001,13,5,0.6,0.2,1000,diverse,aggregation,0.773033226853774,,,0.6827266526683193
888,1001,13,5,0.6,0.2,1000,diverse,aggregation,0.773033226853774,,,0.683879000004625
889,1001,13,5,0.6,0.2,1000,diverse,aggregation,0.773033226853774,,,0.6849063016150516
890,1001,13,5,0.6,0.2,1000,diverse,aggregation,0.773033226853774,,,0.6844941990339908
891,1001,13,5,0.6,0.2,1000,diverse,aggregation,0.773033226853774,,,0.6831051489097323
892,1001,13,5,0.6,0.2,1000,diverse,aggregation,0.773033226853774,,,0.6834449557232891
893,1001,13,5,0.6,0.2,1000,diverse,aggregation,0.773033226853774,,,0.6856141658958326
894,1001,13,5,0.6,0.2,1000,diverse,aggregation,0.773033226853774,,,0.6827561842170176
895,1001,13,5,0.6,0.2,1000,diverse,aggregation,0.773033226853774,,,0.683373586513795
896,1001,13,5,0.6,0.2,1000,diverse,aggregation,0.773033226853774,,,0.6828646614727866
897,1001,13,5,0.6,0.2,1000,diverse,aggregation,0.773033226853774,,,0.6819962179178847
898,1001,13,5,0.6,0.2,1000,diverse,aggregation,0.773033226853774,,,0.6832844471886138
899,1001,13,5,0.6,0.2,1000,diverse,aggregation,0.773033226853774,,,0.6849250919065503
900,1001,13,5,0.6,0.2,1000,diverse,aggregation,0.773033226853774,,,0.6826714074659908
901,1001,13,5,0.6,0.2,1000,diverse,aggregation,0.773033226853774,,,0.6859333329479163
902,1001,13,5,0.6,0.2,1000,diverse,aggregation,0.773033226853774,,,0.6839753797591298
903,1001,13,5,0.6,0.2,1000,diverse,aggregation,0.773033226853774,,,0.6815780272890689
904,1001,13,5,0.6,0.2,1000,diverse,aggregation,0.773033226853774,,,0.6829269545192462
905,1001,13,5,0.6,0.2,1000,diverse,aggregation,0.773033226853774,,,0.6854480940278856
906,1001,13,5,0.6,0.2,1000,diverse,aggregation,0.773033226853774,,,0.6839176208205375
907,1001,13,5,0.6,0.2,1000,diverse,aggregation,0.773033226853774,,,0.6819666645545812
908,1001,13,5,0.6,0.2,1000,diverse,aggregation,0.773033226853774,,,0.683060945659279
909,1001,13,5,0.6,0.2,1000,diverse,aggregation,0.773033226853774,,,0.6811314834008584
910,1001,13,5,0.6,0.2,1000,diverse,aggregation,0.773033226853774,,,0.6831837304670638
911,1001,13,5,0.6,0.2,1000,diverse,aggregation,0.773033226853774,,,0.6826905068850901
912,1001,13,5,0.6,0.2,1000,diverse,aggregation,0.773033226853774,,,0.6823203674412008
913,1001,13,5,0.6,0.2,1000,diverse,aggregation,0.773033226853774,,,0.6828383638969056
914,1001,13,5,0.6,0.2,1000,diverse,aggregation,0.773033226853774,,,0.6835294433884017
915,1001,13,5,0.6,0.2,1000,diverse,aggregation,0.773033226853774,,,0.6830181446793947
916,1001,13,5,0.6,0.2,1000,diverse,aggregation,0.773033226853774,,,0.6817378182311515
917,1001,13,5,0.6,0.2,1000,diverse,aggregation,0.773033226853774,,,0.6826768980710647
918,1001,13,5,0.6,0.2,1000,diverse,aggregation,0.773033226853774,,,0.6847176481234815
919,1001,13,5,0.6,0.2,1000,diverse,aggregation,0.773033226853774,,,0.6834937611848029
920,1001,13,5,0.6,0.2,1000,diverse,aggregation,0.773033226853774,,,0.6829411240611242
921,1001,13,5,0.6,0.2,1000,diverse,aggregation,0.773033226853774,,,0.6809683048355966
922,1001,13,5,0.6,0.2,1000,diverse,aggregation,0.773033226853774,,,0.684123048579507
923,1001,13,5,0.6,0.2,1000,diverse,aggregation,0.773033226853774,,,0.682630043505877
924,1001,13,5,0.6,0.2,1000,diverse,aggregation,0.773033226853774,,,0.6853570250043167
925,1001,13,5,0.6,0.2,1000,diverse,aggregation,0.773033226853774,,,0.6815548751094583
926,1001,13,5,0.6,0.2,1000,diverse,aggregation,0.773033226853774,,,0.6827777195875112
927,1001,13,5,0.6,0.2,1000,diverse,aggregation,0.773033226853774,,,0.6836669659352993
928,1001,13,5,0.6,0.2,1000,diverse,aggregation,0.773033226853774,,,0.6840494041991959
929,1001,13,5,0.6,0.2,1000,diverse,aggregation,0.773033226853774,,,0.6839322849527016
930,1001,13,5,0.6,0.2,1000,diverse,aggregation,0.773033226853774,,,0.6821144316794318
931,1001,13,5,0.6,0.2,1000,diverse,aggregation,0.773033226853774,,,0.6845156803690137
932,1001,13,5,0.6,0.2,1000,diverse,aggregation,0.773033226853774,,,0.6842437269597688
933,1001,13,5,0.6,0.2,1000,diverse,aggregation,0.773033226853774,,,0.682329576904577
934,1001,13,5,0.6,0.2,1000,diverse,aggregation,0.773033226853774,,,0.6807674215213798
935,1001,13,5,0.6,0.2,1000,diverse,aggregation,0.773033226853774,,,0.6822880301103217
936,1001,13,5,0.6,0.2,1000,diverse,aggregation,0.773033226853774,,,0.6833087055459972
937,1001,13,5,0.6,0.2,1000,diverse,aggregation,0.773033226853774,,,0.6848715507948842
938,1001,13,5,0.6,0.2,1000,diverse,aggregation,0.773033226853774,,,0.6847908167372752
939,1001,13,5,0.6,0.2,1000,diverse,aggregation,0.773033226853774,,,0.6835838656713656
940,1001,13,5,0.6,0.2,1000,diverse,aggregation,0.773033226853774,,,0.6858661887495221
941,1001,13,5,0.6,0.2,1000,diverse,aggregation,0.773033226853774,,,0.6811615074662991
942,1001,13,5,0.6,0.2,1000,diverse,aggregation,0.773033226853774,,,0.6826615765022015
943,1001,13,5,0.6,0.2,1000,diverse,aggregation,0.773033226853774,,,0.6814651709632961
944,1001,13,5,0.6,0.2,1000,diverse,aggregation,0.773033226853774,,,0.6804323014485514
945,1001,13,5,0.6,0.2,1000,diverse,aggregation,0.773033226853774,,,0.6827514392243559
946,1001,13,5,0.6,0.2,1000,diverse,aggregation,0.773033226853774,,,0.6846258513323097
947,1001,13,5,0.6,0.2,1000,diverse,aggregation,0.773033226853774,,,0.6822691150207817
948,1001,13,5,0.6,0.2,1000,diverse,aggregation,0.773033226853774,,,0.6818241635216634
949,1001,13,5,0.6,0.2,1000,diverse,aggregation,0.773033226853774,,,0.6845649615507949
950,1001,13,5,0.6,0.2,1000,diverse,aggregation,0.773033226853774,,,0.6843160708735709
951,1001,13,5,0.6,0.2,1000,diverse,aggregation,0.773033226853774,,,0.6836709112107029
952,1001,13,5,0.6,0.2,1000,diverse,aggregation,0.773033226853774,,,0.6842707568203402
953,1001,13,5,0.6,0.2,1000,diverse,aggregation,0.773033226853774,,,0.6837078247601165
954,1001,13,5,0.6,0.2,1000,diverse,aggregation,0.773033226853774,,,0.6821304818329819
955,1001,13,5,0.6,0.2,1000,diverse,aggregation,0.773033226853774,,,0.6817350393125394
956,1001,13,5,0.6,0.2,1000,diverse,aggregation,0.773033226853774,,,0.6832269385938134
957,1001,13,5,0.6,0.2,1000,diverse,aggregation,0.773033226853774,,,0.6837825249287749
958,1001,13,5,0.6,0.2,1000,diverse,aggregation,0.773033226853774,,,0.6832079881769465
959,1001,13,5,0.6,0.2,1000,diverse,aggregation,0.773033226853774,,,0.6812802753804837
960,1001,13,5,0.6,0.2,1000,diverse,aggregation,0.773033226853774,,,0.6809868192686943
961,1001,13,5,0.6,0.2,1000,diverse,aggregation,0.773033226853774,,,0.6831604534971202
962,1001,13,5,0.6,0.2,1000,diverse,aggregation,0.773033226853774,,,0.6824303413561748
963,1001,13,5,0.6,0.2,1000,diverse,aggregation,0.773033226853774,,,0.6832116853516854
964,1001,13,5,0.6,0.2,1000,diverse,aggregation,0.773033226853774,,,0.6821540265984016
965,1001,13,5,0.6,0.2,1000,diverse,aggregation,0.773033226853774,,,0.6834072205109705
966,1001,13,5,0.6,0.2,1000,diverse,aggregation,0.773033226853774,,,0.6835582701788951
967,1001,13,5,0.6,0.2,1000,diverse,aggregation,0.773033226853774,,,0.6820535504387588
968,1001,13,5,0.6,0.2,1000,diverse,aggregation,0.773033226853774,,,0.6827696134883635
969,1001,13,5,0.6,0.2,1000,diverse,aggregation,0.773033226853774,,,0.684050496347788
970,1001,13,5,0.6,0.2,1000,diverse,aggregation,0.773033226853774,,,0.682815575998076
971,1001,13,5,0.6,0.2,1000,diverse,aggregation,0.773033226853774,,,0.6840158790592124
972,1001,13,5,0.6,0.2,1000,diverse,aggregation,0.773033226853774,,,0.6835141312622562
973,1001,13,5,0.6,0.2,1000,diverse,aggregation,0.773033226853774,,,0.6842888105104771
974,1001,13,5,0.6,0.2,1000,diverse,aggregation,0.773033226853774,,,0.6841612650698067
975,1001,13,5,0.6,0.2,1000,diverse,aggregation,0.773033226853774,,,0.6851876003626004
976,1001,13,5,0.6,0.2,1000,diverse,aggregation,0.773033226853774,,,0.6825558715589966
977,1001,13,5,0.6,0.2,1000,diverse,aggregation,0.773033226853774,,,0.6832218466949717
978,1001,13,5,0.6,0.2,1000,diverse,aggregation,0.773033226853774,,,0.6820964055157805
979,1001,13,5,0.6,0.2,1000,diverse,aggregation,0.773033226853774,,,0.6843018927600178
980,1001,13,5,0.6,0.2,1000,diverse,aggregation,0.773033226853774,,,0.6819327642265143
981,1001,13,5,0.6,0.2,1000,diverse,aggregation,0.773033226853774,,,0.6835381414187665
982,1001,13,5,0.6,0.2,1000,diverse,aggregation,0.773033226853774,,,0.6803074653510071
983,1001,13,5,0.6,0.2,1000,diverse,aggregation,0.773033226853774,,,0.6818815253188171
984,1001,13,5,0.6,0.2,1000,diverse,aggregation,0.773033226853774,,,0.6830645678318594
985,1001,13,5,0.6,0.2,1000,diverse,aggregation,0.773033226853774,,,0.6824869193075442
986,1001,13,5,0.6,0.2,1000,diverse,aggregation,0.773033226853774,,,0.681755133670342
987,1001,13,5,0.6,0.2,1000,diverse,aggregation,0.773033226853774,,,0.6826503339407507
988,1001,13,5,0.6,0.2,1000,diverse,aggregation,0.773033226853774,,,0.6816435739029489
989,1001,13,5,0.6,0.2,1000,diverse,aggregation,0.773033226853774,,,0.68284452164348
990,1001,13,5,0.6,0.2,1000,diverse,aggregation,0.773033226853774,,,0.6833866583647834
991,1001,13,5,0.6,0.2,1000,diverse,aggregation,0.773033226853774,,,0.6824214294270544
992,1001,13,5,0.6,0.2,1000,diverse,aggregation,0.773033226853774,,,0.6826373080700164
993,1001,13,5,0.6,0.2,1000,diverse,aggregation,0.773033226853774,,,0.6813710197364364
994,1001,13,5,0.6,0.2,1000,diverse,aggregation,0.773033226853774,,,0.6824563314077898
995,1001,13,5,0.6,0.2,1000,diverse,aggregation,0.773033226853774,,,0.6836854188250022
996,1001,13,5,0.6,0.2,1000,diverse,aggregation,0.773033226853774,,,0.6838486392003059
997,1001,13,5,0.6,0.2,1000,diverse,aggregation,0.773033226853774,,,0.6831079538517039
998,1001,13,5,0.6,0.2,1000,diverse,aggregation,0.773033226853774,,,0.6833938568761486
999,1001,13,5,0.6,0.2,1000,diverse,aggregation,0.773033226853774,,,0.6846761563205312
1000,1001,13,5,0.6,0.2,1000,restricted_10,aggregation,0.773033226853774,,,0.6897448130264797
1001,1001,13,5,0.6,0.2,1000,restricted_10,aggregation,0.773033226853774,,,0.6905188379830047
1002,1001,13,5,0.6,0.2,1000,restricted_10,aggregation,0.773033226853774,,,0.6892055696772363
1003,1001,13,5,0.6,0.2,1000,restricted_10,aggregation,0.7731294881902501,,,0.6920491214187048
1004,1001,13,5,0.6,0.2,1000,restricted_10,aggregation,0.773033226853774,,,0.6903353848080931
1005,1001,13,5,0.6,0.2,1000,restricted_10,aggregation,0.773033226853774,,,0.6922699467970301
1006,1001,13,5,0.6,0.2,1000,restricted_10,aggregation,0.773033226853774,,,0.6911848125716876
1007,1001,13,5,0.6,0.2,1000,restricted_10,aggregation,0.773033226853774,,,0.690820142419309
1008,1001,13,5,0.6,0.2,1000,restricted_10,aggregation,0.7734182683261667,,,0.6927808692233692
1009,1001,13,5,0.6,0.2,1000,restricted_10,aggregation,0.773033226853774,,,0.6911296711467545
1010,1001,13,5,0.6,0.2,1000,restricted_10,aggregation,0.773033226853774,,,0.6910405388747056
1011,1001,13,5,0.6,0.2,1000,restricted_10,aggregation,0.773033226853774,,,0.6901028828732995
1012,1001,13,5,0.6,0.2,1000,restricted_10,aggregation,0.773033226853774,,,0.6915295098188848
1013,1001,13,5,0.6,0.2,1000,restricted_10,aggregation,0.773033226853774,,,0.6919736722767972
1014,1001,13,5,0.6,0.2,1000,restricted_10,aggregation,0.773033226853774,,,0.6890501173517839
1015,1001,13,5,0.6,0.2,1000,restricted_10,aggregation,0.773033226853774,,,0.6881417349625683
1016,1001,13,5,0.6,0.2,1000,restricted_10,aggregation,0.773033226853774,,,0.6905899418945253
1017,1001,13,5,0.6,0.2,1000,restricted_10,aggregation,0.773033226853774,,,0.6888235129608047
1018,1001,13,5,0.6,0.2,1000,restricted_10,aggregation,0.773033226853774,,,0.6914458293712461
1019,1001,13,5,0.6,0.2,1000,restricted_10,aggregation,0.773033226853774,,,0.6900375427119178
1020,1001,13,5,0.6,0.2,1000,restricted_10,aggregation,0.773033226853774,,,0.6923894034591951
1021,1001,13,5,0.6,0.2,1000,restricted_10,aggregation,0.773033226853774,,,0.6903800012333345
1022,1001,13,5,0.6,0.2,1000,restricted_10,aggregation,0.773033226853774,,,0.6913891639456223
1023,1001,13,5,0.6,0.2,1000,restricted_10,aggregation,0.773033226853774,,,0.6909876035230202
1024,1001,13,5,0.6,0.2,1000,restricted_10,aggregation,0.773033226853774,,,0.690305825301242
1025,1001,13,5,0.6,0.2,1000,restricted_10,aggregation,0.773033226853774,,,0.691822510375427
1026,1001,13,5,0.6,0.2,1000,restricted_10,aggregation,0.773033226853774,,,0.689702743583577
1027,1001,13,5,0.6,0.2,1000,restricted_10,aggregation,0.773033226853774,,,0.6899145210422294
1028,1001,13,5,0.6,0.2,1000,restricted_10,aggregation,0.7734113292014076,,,0.6929173962534378
1029,1001,13,5,0.6,0.2,1000,restricted_10,aggregation,0.773033226853774,,,0.6914393272237023
1030,1001,13,5,0.6,0.2,1000,restricted_10,aggregation,0.773033226853774,,,0.6887602801904885
1031,1001,13,5,0.6,0.2,1000,restricted_10,aggregation,0.773033226853774,,,0.69080673839278
1032,1001,13,5,0.6,0.2,1000,restricted_10,aggregation,0.773033226853774,,,0.6922732876999543
1033,1001,13,5,0.6,0.2,1000,restricted_10,aggregation,0.773033226853774,,,0.6914387701110618
1034,1001,13,5,0.6,0.2,1000,restricted_10,aggregation,0.773033226853774,,,0.6901902076241659
1035,1001,13,5,0.6,0.2,1000,restricted_10,aggregation,0.773033226853774,,,0.690905962725546
1036,1001,13,5,0.6,0.2,1000,restricted_10,aggregation,0.773033226853774,,,0.6915025491021325
1037,1001,13,5,0.6,0.2,1000,restricted_10,aggregation,0.773033226853774,,,0.6904753010723844
1038,1001,13,5,0.6,0.2,1000,restricted_10,aggregation,0.773033226853774,,,0.6894186724001308
1039,1001,13,5,0.6,0.2,1000,restricted_10,aggregation,0.7736980156870223,,,0.6933150630696464
1040,1001,13,5,0.6,0.2,1000,restricted_10,aggregation,0.773033226853774,,,0.6913867438734105
1041,1001,13,5,0.6,0.2,1000,restricted_10,aggregation,0.773033226853774,,,0.6882779473304473
1042,1001,13,5,0.6,0.2,1000,restricted_10,aggregation,0.773033226853774,,,0.6901812073805823
1043,1001,13,5,0.6,0.2,1000,restricted_10,aggregation,0.773033226853774,,,0.6913738928201428
1044,1001,13,5,0.6,0.2,1000,restricted_10,aggregation,0.773033226853774,,,0.6903576216222049
1045,1001,13,5,0.6,0.2,1000,restricted_10,aggregation,0.773033226853774,,,0.6909544329667247
1046,1001,13,5,0.6,0.2,1000,restricted_10,aggregation,0.773033226853774,,,0.6899557756286923
1047,1001,13,5,0.6,0.2,1000,restricted_10,aggregation,0.773033226853774,,,0.6906578618680702
1048,1001,13,5,0.6,0.2,1000,restricted_10,aggregation,0.773033226853774,,,0.6902194606319607
1049,1001,13,5,0.6,0.2,1000,restricted_10,aggregation,0.773033226853774,,,0.6907087731173147
1050,1001,13,5,0.6,0.2,1000,restricted_10,aggregation,0.773033226853774,,,0.691000392061642
1051,1001,13,5,0.6,0.2,1000,restricted_10,aggregation,0.773033226853774,,,0.690821956369248
1052,1001,13,5,0.6,0.2,1000,restricted_10,aggregation,0.773033226853774,,,0.68870095666679
1053,1001,13,5,0.6,0.2,1000,restricted_10,aggregation,0.773033226853774,,,0.6910125314346147
1054,1001,13,5,0.6,0.2,1000,restricted_10,aggregation,0.773033226853774,,,0.690618704435996
1055,1001,13,5,0.6,0.2,1000,restricted_10,aggregation,0.773033226853774,,,0.6905336835618086
1056,1001,13,5,0.6,0.2,1000,restricted_10,aggregation,0.773033226853774,,,0.6886051209824127
1057,1001,13,5,0.6,0.2,1000,restricted_10,aggregation,0.773033226853774,,,0.6903113831307581
1058,1001,13,5,0.6,0.2,1000,restricted_10,aggregation,0.773033226853774,,,0.6917739652091734
1059,1001,13,5,0.6,0.2,1000,restricted_10,aggregation,0.773033226853774,,,0.691139583055833
1060,1001,13,5,0.6,0.2,1000,restricted_10,aggregation,0.7731763786237684,,,0.6914553208365709
1061,1001,13,5,0.6,0.2,1000,restricted_10,aggregation,0.773033226853774,,,0.6908597614653864
1062,1001,13,5,0.6,0.2,1000,restricted_10,aggregation,0.773033226853774,,,0.6909002334394001
1063,1001,13,5,0.6,0.2,1000,restricted_10,aggregation,0.773033226853774,,,0.691207644361811
1064,1001,13,5,0.6,0.2,1000,restricted_10,aggregation,0.773033226853774,,,0.6894890944163861
1065,1001,13,5,0.6,0.2,1000,restricted_10,aggregation,0.773033226853774,,,0.6917801266942933
1066,1001,13,5,0.6,0.2,1000,restricted_10,aggregation,0.773033226853774,,,0.6888530740864073
1067,1001,13,5,0.6,0.2,1000,restricted_10,aggregation,0.773033226853774,,,0.6926856870752703
1068,1001,13,5,0.6,0.2,1000,restricted_10,aggregation,0.773033226853774,,,0.6894369205100456
1069,1001,13,5,0.6,0.2,1000,restricted_10,aggregation,0.773033226853774,,,0.690881809317226
1070,1001,13,5,0.6,0.2,1000,restricted_10,aggregation,0.773033226853774,,,0.6910322617274701
1071,1001,13,5,0.6,0.2,1000,restricted_10,aggregation,0.773033226853774,,,0.6909135529285529
1072,1001,13,5,0.6,0.2,1000,restricted_10,aggregation,0.773033226853774,,,0.6897063251177834
1073,1001,13,5,0.6,0.2,1000,restricted_10,aggregation,0.773033226853774,,,0.6905292531002948
1074,1001,13,5,0.6,0.2,1000,restricted_10,aggregation,0.773033226853774,,,0.692483479969105
1075,1001,13,5,0.6,0.2,1000,restricted_10,aggregation,0.773033226853774,,,0.6902423748627915
1076,1001,13,5,0.6,0.2,1000,restricted_10,aggregation,0.773033226853774,,,0.689953525787484
1077,1001,13,5,0.6,0.2,1000,restricted_10,aggregation,0.773033226853774,,,0.6898144688490523
1078,1001,13,5,0.6,0.2,1000,restricted_10,aggregation,0.773180008270672,,,0.6915675218146052
1079,1001,13,5,0.6,0.2,1000,restricted_10,aggregation,0.773033226853774,,,0.6909240158992243
1080,1001,13,5,0.6,0.2,1000,restricted_10,aggregation,0.773033226853774,,,0.689689021271938
1081,1001,13,5,0.6,0.2,1000,restricted_10,aggregation,0.773033226853774,,,0.6920538078510995
1082,1001,13,5,0.6,0.2,1000,restricted_10,aggregation,0.773033226853774,,,0.6903933709269126
1083,1001,13,5,0.6,0.2,1000,restricted_10,aggregation,0.773033226853774,,,0.6906196749315499
1084,1001,13,5,0.6,0.2,1000,restricted_10,aggregation,0.773033226853774,,,0.6909379127431211
1085,1001,13,5,0.6,0.2,1000,restricted_10,aggregation,0.773033226853774,,,0.6893225602098518
1086,1001,13,5,0.6,0.2,1000,restricted_10,aggregation,0.773033226853774,,,0.6894212901681651
1087,1001,13,5,0.6,0.2,1000,restricted_10,aggregation,0.773033226853774,,,0.6917835954400539
1088,1001,13,5,0.6,0.2,1000,restricted_10,aggregation,0.773033226853774,,,0.6897767480744564
1089,1001,13,5,0.6,0.2,1000,restricted_10,aggregation,0.773033226853774,,,0.6912401804137221
1090,1001,13,5,0.6,0.2,1000,restricted_10,aggregation,0.773033226853774,,,0.6893672517143351
1091,1001,13,5,0.6,0.2,1000,restricted_10,aggregation,0.773033226853774,,,0.6895338012065095
1092,1001,13,5,0.6,0.2,1000,restricted_10,aggregation,0.773033226853774,,,0.6884122122090872
1093,1001,13,5,0.6,0.2,1000,restricted_10,aggregation,0.7731081437922506,,,0.6900548264312848
1094,1001,13,5,0.6,0.2,1000,restricted_10,aggregation,0.7731875533772311,,,0.6928039155982907
1095,1001,13,5,0.6,0.2,1000,restricted_10,aggregation,0.773033226853774,,,0.690820195036445
1096,1001,13,5,0.6,0.2,1000,restricted_10,aggregation,0.773033226853774,,,0.6911000751023667
1097,1001,13,5,0.6,0.2,1000,restricted_10,aggregation,0.773033226853774,,,0.6918174664995499
1098,1001,13,5,0.6,0.2,1000,restricted_10,aggregation,0.773033226853774,,,0.6887733985458986
1099,1001,13,5,0.6,0.2,1000,restricted_10,aggregation,0.773033226853774,,,0.6897446257369174
1100,1001,13,5,0.6,0.2,1000,restricted_10,aggregation,0.773033226853774,,,0.6897427474531641
1101,1001,13,5,0.6,0.2,1000,restricted_10,aggregation,0.773033226853774,,,0.6898938863220113
1102,1001,13,5,0.6,0.2,1000,restricted_10,aggregation,0.773033226853774,,,0.691205799424341
1103,1001,13,5,0.6,0.2,1000,restricted_10,aggregation,0.773033226853774,,,0.6924935778958695
1104,1001,13,5,0.6,0.2,1000,restricted_10,aggregation,0.773033226853774,,,0.6912441949871116
1105,1001,13,5,0.6,0.2,1000,restricted_10,aggregation,0.773033226853774,,,0.6910025129114712
1106,1001,13,5,0.6,0.2,1000,restricted_10,aggregation,0.773033226853774,,,0.6903802420881586
1107,1001,13,5,0.6,0.2,1000,restricted_10,aggregation,0.7731476107640572,,,0.6921719971001221
1108,1001,13,5,0.6,0.2,1000,restricted_10,aggregation,0.773033226853774,,,0.69124060841165
1109,1001,13,5,0.6,0.2,1000,restricted_10,aggregation,0.773033226853774,,,0.6905629153254155
1110,1001,13,5,0.6,0.2,1000,restricted_10,aggregation,0.773033226853774,,,0.6892483611758612
1111,1001,13,5,0.6,0.2,1000,restricted_10,aggregation,0.773033226853774,,,0.6902231048889382
1112,1001,13,5,0.6,0.2,1000,restricted_10,aggregation,0.773033226853774,,,0.6896274403682736
1113,1001,13,5,0.6,0.2,1000,restricted_10,aggregation,0.773033226853774,,,0.6898389584566669
1114,1001,13,5,0.6,0.2,1000,restricted_10,aggregation,0.773033226853774,,,0.6910941186359936
1115,1001,13,5,0.6,0.2,1000,restricted_10,aggregation,0.773033226853774,,,0.690474898627607
1116,1001,13,5,0.6,0.2,1000,restricted_10,aggregation,0.773033226853774,,,0.6919933505846005
1117,1001,13,5,0.6,0.2,1000,restricted_10,aggregation,0.773033226853774,,,0.6898176726205894
1118,1001,13,5,0.6,0.2,1000,restricted_10,aggregation,0.773033226853774,,,0.6911348231937816
1119,1001,13,5,0.6,0.2,1000,restricted_10,aggregation,0.773033226853774,,,0.6884901881528964
1120,1001,13,5,0.6,0.2,1000,restricted_10,aggregation,0.773033226853774,,,0.6916035551408468
1121,1001,13,5,0.6,0.2,1000,restricted_10,aggregation,0.773033226853774,,,0.6924985279226946
1122,1001,13,5,0.6,0.2,1000,restricted_10,aggregation,0.773033226853774,,,0.6914448449775533
1123,1001,13,5,0.6,0.2,1000,restricted_10,aggregation,0.7735637362947214,,,0.691394406712115
1124,1001,13,5,0.6,0.2,1000,restricted_10,aggregation,0.773033226853774,,,0.6904509696245112
1125,1001,13,5,0.6,0.2,1000,restricted_10,aggregation,0.773033226853774,,,0.6911312295112296
1126,1001,13,5,0.6,0.2,1000,restricted_10,aggregation,0.773033226853774,,,0.6908852944971694
1127,1001,13,5,0.6,0.2,1000,restricted_10,aggregation,0.773033226853774,,,0.6909284146332063
1128,1001,13,5,0.6,0.2,1000,restricted_10,aggregation,0.773033226853774,,,0.6898263437719688
1129,1001,13,5,0.6,0.2,1000,restricted_10,aggregation,0.773033226853774,,,0.6906765269992353
1130,1001,13,5,0.6,0.2,1000,restricted_10,aggregation,0.7741858212259844,,,0.6940725293533627
1131,1001,13,5,0.6,0.2,1000,restricted_10,aggregation,0.773033226853774,,,0.692377261095386
1132,1001,13,5,0.6,0.2,1000,restricted_10,aggregation,0.773033226853774,,,0.6906105655070238
1133,1001,13,5,0.6,0.2,1000,restricted_10,aggregation,0.773033226853774,,,0.690532423355965
1134,1001,13,5,0.6,0.2,1000,restricted_10,aggregation,0.773033226853774,,,0.6911027114012532
1135,1001,13,5,0.6,0.2,1000,restricted_10,aggregation,0.773033226853774,,,0.6882340615248949
1136,1001,13,5,0.6,0.2,1000,restricted_10,aggregation,0.773033226853774,,,0.6914689587187505
1137,1001,13,5,0.6,0.2,1000,restricted_10,aggregation,0.773033226853774,,,0.6925302594088011
1138,1001,13,5,0.6,0.2,1000,restricted_10,aggregation,0.773033226853774,,,0.6921962209241377
1139,1001,13,5,0.6,0.2,1000,restricted_10,aggregation,0.773033226853774,,,0.6904803607041107
1140,1001,13,5,0.6,0.2,1000,restricted_10,aggregation,0.773033226853774,,,0.6925306090591506
1141,1001,13,5,0.6,0.2,1000,restricted_10,aggregation,0.773033226853774,,,0.6908320173191007
1142,1001,13,5,0.6,0.2,1000,restricted_10,aggregation,0.773033226853774,,,0.6922758400550068
1143,1001,13,5,0.6,0.2,1000,restricted_10,aggregation,0.773033226853774,,,0.6913439312693479
1144,1001,13,5,0.6,0.2,1000,restricted_10,aggregation,0.773033226853774,,,0.6910862282624782
1145,1001,13,5,0.6,0.2,1000,restricted_10,aggregation,0.773033226853774,,,0.6920493154453572
1146,1001,13,5,0.6,0.2,1000,restricted_10,aggregation,0.773033226853774,,,0.6902221058262725
1147,1001,13,5,0.6,0.2,1000,restricted_10,aggregation,0.773033226853774,,,0.6923763398330065
1148,1001,13,5,0.6,0.2,1000,restricted_10,aggregation,0.773033226853774,,,0.691402703353745
1149,1001,13,5,0.6,0.2,1000,restricted_10,aggregation,0.773033226853774,,,0.6908284861589028
1150,1001,13,5,0.6,0.2,1000,restricted_10,aggregation,0.773033226853774,,,0.691549908594492
1151,1001,13,5,0.6,0.2,1000,restricted_10,aggregation,0.773033226853774,,,0.689393420298837
1152,1001,13,5,0.6,0.2,1000,restricted_10,aggregation,0.7731740213630061,,,0.6920970510970512
1153,1001,13,5,0.6,0.2,1000,restricted_10,aggregation,0.773033226853774,,,0.6913480015971682
1154,1001,13,5,0.6,0.2,1000,restricted_10,aggregation,0.773033226853774,,,0.691058112974988
1155,1001,13,5,0.6,0.2,1000,restricted_10,aggregation,0.773033226853774,,,0.6915435331643666
1156,1001,13,5,0.6,0.2,1000,restricted_10,aggregation,0.773033226853774,,,0.692063909323701
1157,1001,13,5,0.6,0.2,1000,restricted_10,aggregation,0.773033226853774,,,0.6917655051121717
1158,1001,13,5,0.6,0.2,1000,restricted_10,aggregation,0.773033226853774,,,0.6901917169481754
1159,1001,13,5,0.6,0.2,1000,restricted_10,aggregation,0.7733896555356052,,,0.6922366464245632
1160,1001,13,5,0.6,0.2,1000,restricted_10,aggregation,0.773033226853774,,,0.6913991680850015
1161,1001,13,5,0.6,0.2,1000,restricted_10,aggregation,0.773033226853774,,,0.6904231784650534
1162,1001,13,5,0.6,0.2,1000,restricted_10,aggregation,0.773033226853774,,,0.6916870146674314
1163,1001,13,5,0.6,0.2,1000,restricted_10,aggregation,0.773033226853774,,,0.6915578751341251
1164,1001,13,5,0.6,0.2,1000,restricted_10,aggregation,0.773033226853774,,,0.6917882201286368
1165,1001,13,5,0.6,0.2,1000,restricted_10,aggregation,0.773033226853774,,,0.6885993361885029
1166,1001,13,5,0.6,0.2,1000,restricted_10,aggregation,0.773033226853774,,,0.6915294473273639
1167,1001,13,5,0.6,0.2,1000,restricted_10,aggregation,0.773033226853774,,,0.6909724378553544
1168,1001,13,5,0.6,0.2,1000,restricted_10,aggregation,0.773033226853774,,,0.6907936071104821
1169,1001,13,5,0.6,0.2,1000,restricted_10,aggregation,0.773033226853774,,,0.6909715923274257
1170,1001,13,5,0.6,0.2,1000,restricted_10,aggregation,0.773033226853774,,,0.6891952229175146
1171,1001,13,5,0.6,0.2,1000,restricted_10,aggregation,0.7731158168791507,,,0.6926711528286528
1172,1001,13,5,0.6,0.2,1000,restricted_10,aggregation,0.7732245473624209,,,0.6911736606449106
1173,1001,13,5,0.6,0.2,1000,restricted_10,aggregation,0.773033226853774,,,0.6908774795035211
1174,1001,13,5,0.6,0.2,1000,restricted_10,aggregation,0.773033226853774,,,0.6916174348105598
1175,1001,13,5,0.6,0.2,1000,restricted_10,aggregation,0.773033226853774,,,0.6907627153710487
1176,1001,13,5,0.6,0.2,1000,restricted_10,aggregation,0.773033226853774,,,0.6903141744597995
1177,1001,13,5,0.6,0.2,1000,restricted_10,aggregation,0.773033226853774,,,0.6919247906414573
1178,1001,13,5,0.6,0.2,1000,restricted_10,aggregation,0.773033226853774,,,0.690461791056166
1179,1001,13,5,0.6,0.2,1000,restricted_10,aggregation,0.773033226853774,,,0.6903523235406568
1180,1001,13,5,0.6,0.2,1000,restricted_10,aggregation,0.773033226853774,,,0.6900602591852593
1181,1001,13,5,0.6,0.2,1000,restricted_10,aggregation,0.773033226853774,,,0.6927087097162099
1182,1001,13,5,0.6,0.2,1000,restricted_10,aggregation,0.773033226853774,,,0.6892743388555889
1183,1001,13,5,0.6,0.2,1000,restricted_10,aggregation,0.7737208423908947,,,0.6942648266317016
1184,1001,13,5,0.6,0.2,1000,restricted_10,aggregation,0.773033226853774,,,0.6919202266175182
1185,1001,13,5,0.6,0.2,1000,restricted_10,aggregation,0.773033226853774,,,0.6918534626947127
1186,1001,13,5,0.6,0.2,1000,restricted_10,aggregation,0.773033226853774,,,0.6896915343529927
1187,1001,13,5,0.6,0.2,1000,restricted_10,aggregation,0.7732444098668969,,,0.6915008519335603
1188,1001,13,5,0.6,0.2,1000,restricted_10,aggregation,0.773033226853774,,,0.6898628499895166
1189,1001,13,5,0.6,0.2,1000,restricted_10,aggregation,0.773033226853774,,,0.6888287388614472
1190,1001,13,5,0.6,0.2,1000,restricted_10,aggregation,0.773033226853774,,,0.6897609235209236
1191,1001,13,5,0.6,0.2,1000,restricted_10,aggregation,0.773033226853774,,,0.6883209977984979
1192,1001,13,5,0.6,0.2,1000,restricted_10,aggregation,0.7733505803164682,,,0.6931350136129303
1193,1001,13,5,0.6,0.2,1000,restricted_10,aggregation,0.773033226853774,,,0.6926962920027504
1194,1001,13,5,0.6,0.2,1000,restricted_10,aggregation,0.773033226853774,,,0.6896923318964986
1195,1001,13,5,0.6,0.2,1000,restricted_10,aggregation,0.773033226853774,,,0.6923660955402622
1196,1001,13,5,0.6,0.2,1000,restricted_10,aggregation,0.773033226853774,,,0.6910220060263811
1197,1001,13,5,0.6,0.2,1000,restricted_10,aggregation,0.773033226853774,,,0.6900143120922286
1198,1001,13,5,0.6,0.2,1000,restricted_10,aggregation,0.773033226853774,,,0.6896966467483134
1199,1001,13,5,0.6,0.2,1000,restricted_10,aggregation,0.773033226853774,,,0.6898769334446418
1200,1001,13,5,0.6,0.2,1000,restricted_10,aggregation,0.773033226853774,,,0.6921805263871931
1201,1001,13,5,0.6,0.2,1000,restricted_10,aggregation,0.773033226853774,,,0.690236212252254
1202,1001,13,5,0.6,0.2,1000,restricted_10,aggregation,0.7734164681933744,,,0.692108669039294
1203,1001,13,5,0.6,0.2,1000,restricted_10,aggregation,0.773033226853774,,,0.6918654824188157
1204,1001,13,5,0.6,0.2,1000,restricted_10,aggregation,0.773033226853774,,,0.6915466556822807
1205,1001,13,5,0.6,0.2,1000,restricted_10,aggregation,0.773033226853774,,,0.6898255897266314
1206,1001,13,5,0.6,0.2,1000,restricted_10,aggregation,0.773033226853774,,,0.6895657882395383
1207,1001,13,5,0.6,0.2,1000,restricted_10,aggregation,0.773033226853774,,,0.6909191926283594
1208,1001,13,5,0.6,0.2,1000,restricted_10,aggregation,0.773033226853774,,,0.6913330519557602
1209,1001,13,5,0.6,0.2,1000,restricted_10,aggregation,0.773033226853774,,,0.6902157190957191
1210,1001,13,5,0.6,0.2,1000,restricted_10,aggregation,0.773033226853774,,,0.6920214801556468
1211,1001,13,5,0.6,0.2,1000,restricted_10,aggregation,0.773033226853774,,,0.6900282761682762
1212,1001,13,5,0.6,0.2,1000,restricted_10,aggregation,0.773033226853774,,,0.6909927470060804
1213,1001,13,5,0.6,0.2,1000,restricted_10,aggregation,0.773033226853774,,,0.6906208640356557
1214,1001,13,5,0.6,0.2,1000,restricted_10,aggregation,0.773033226853774,,,0.6899501170897004
1215,1001,13,5,0.6,0.2,1000,restricted_10,aggregation,0.773205799591161,,,0.6926548046629297
1216,1001,13,5,0.6,0.2,1000,restricted_10,aggregation,0.773033226853774,,,0.6899648307248307
1217,1001,13,5,0.6,0.2,1000,restricted_10,aggregation,0.773033226853774,,,0.6893431978669479
1218,1001,13,5,0.6,0.2,1000,restricted_10,aggregation,0.773033226853774,,,0.6931263072652656
1219,1001,13,5,0.6,0.2,1000,restricted_10,aggregation,0.773033226853774,,,0.6880382186563436
1220,1001,13,5,0.6,0.2,1000,restricted_10,aggregation,0.773033226853774,,,0.6903009901826569
1221,1001,13,5,0.6,0.2,1000,restricted_10,aggregation,0.773033226853774,,,0.6911790147044314
1222,1001,13,5,0.6,0.2,1000,restricted_10,aggregation,0.773033226853774,,,0.6908605445172112
1223,1001,13,5,0.6,0.2,1000,restricted_10,aggregation,0.773033226853774,,,0.6913777899723732
1224,1001,13,5,0.6,0.2,1000,restricted_10,aggregation,0.773033226853774,,,0.69111413668122
1225,1001,13,5,0.6,0.2,1000,restricted_10,aggregation,0.7738162763419206,,,0.6927491905702321
1226,1001,13,5,0.6,0.2,1000,restricted_10,aggregation,0.7730967545016392,,,0.6914438788757539
1227,1001,13,5,0.6,0.2,1000,restricted_10,aggregation,0.773033226853774,,,0.6914076070996904
1228,1001,13,5,0.6,0.2,1000,restricted_10,aggregation,0.773033226853774,,,0.6914256207141625
1229,1001,13,5,0.6,0.2,1000,restricted_10,aggregation,0.773033226853774,,,0.6906925915905083
1230,1001,13,5,0.6,0.2,1000,restricted_10,aggregation,0.773033226853774,,,0.6898643317022485
1231,1001,13,5,0.6,0.2,1000,restricted_10,aggregation,0.773033226853774,,,0.6919941610858278
1232,1001,13,5,0.6,0.2,1000,restricted_10,aggregation,0.773033226853774,,,0.6898886374813458
1233,1001,13,5,0.6,0.2,1000,restricted_10,aggregation,0.773033226853774,,,0.6908679819331903
1234,1001,13,5,0.6,0.2,1000,restricted_10,aggregation,0.773033226853774,,,0.6910642425398676
1235,1001,13,5,0.6,0.2,1000,restricted_10,aggregation,0.773033226853774,,,0.6891752715263132
1236,1001,13,5,0.6,0.2,1000,restricted_10,aggregation,0.773033226853774,,,0.6914424354195188
1237,1001,13,5,0.6,0.2,1000,restricted_10,aggregation,0.773033226853774,,,0.6899127051652052
1238,1001,13,5,0.6,0.2,1000,restricted_10,aggregation,0.773033226853774,,,0.6920753703626621
1239,1001,13,5,0.6,0.2,1000,restricted_10,aggregation,0.773033226853774,,,0.690485562392854
1240,1001,13,5,0.6,0.2,1000,restricted_10,aggregation,0.773033226853774,,,0.6913268464174714
1241,1001,13,5,0.6,0.2,1000,restricted_10,aggregation,0.773033226853774,,,0.6913864847729431
1242,1001,13,5,0.6,0.2,1000,restricted_10,aggregation,0.773033226853774,,,0.6904812288868539
1243,1001,13,5,0.6,0.2,1000,restricted_10,aggregation,0.773033226853774,,,0.6901722413466164
1244,1001,13,5,0.6,0.2,1000,restricted_10,aggregation,0.773033226853774,,,0.6918038243931994
1245,1001,13,5,0.6,0.2,1000,restricted_10,aggregation,0.773033226853774,,,0.6887105950685117
1246,1001,13,5,0.6,0.2,1000,restricted_10,aggregation,0.773033226853774,,,0.6911982327548994
1247,1001,13,5,0.6,0.2,1000,restricted_10,aggregation,0.7731875533772311,,,0.6921479313741813
1248,1001,13,5,0.6,0.2,1000,restricted_10,aggregation,0.773033226853774,,,0.6896069906482406
1249,1001,13,5,0.6,0.2,1000,restricted_10,aggregation,0.7735249014967528,,,0.6928165795238713
1250,1001,13,5,0.6,0.2,1000,restricted_10,aggregation,0.773033226853774,,,0.6901991008066007
1251,1001,13,5,0.6,0.2,1000,restricted_10,aggregation,0.773033226853774,,,0.6923058030087196
1252,1001,13,5,0.6,0.2,1000,restricted_10,aggregation,0.7733344150378674,,,0.6925833199362366
1253,1001,13,5,0.6,0.2,1000,restricted_10,aggregation,0.773033226853774,,,0.6902544270235937
1254,1001,13,5,0.6,0.2,1000,restricted_10,aggregation,0.773033226853774,,,0.6901094553363303
1255,1001,13,5,0.6,0.2,1000,restricted_10,aggregation,0.773033226853774,,,0.6901916253268335
1256,1001,13,5,0.6,0.2,1000,restricted_10,aggregation,0.773033226853774,,,0.6909878917147668
1257,1001,13,5,0.6,0.2,1000,restricted_10,aggregation,0.7735853935936594,,,0.692991869550203
1258,1001,13,5,0.6,0.2,1000,restricted_10,aggregation,0.773033226853774,,,0.6906638051994303
1259,1001,13,5,0.6,0.2,1000,restricted_10,aggregation,0.773033226853774,,,0.6913119124548291
1260,1001,13,5,0.6,0.2,1000,restricted_10,aggregation,0.773033226853774,,,0.6915336631347049
1261,1001,13,5,0.6,0.2,1000,restricted_10,aggregation,0.7735965051797655,,,0.6937270966456384
1262,1001,13,5,0.6,0.2,1000,restricted_10,aggregation,0.773033226853774,,,0.6908644361271444
1263,1001,13,5,0.6,0.2,1000,restricted_10,aggregation,0.773033226853774,,,0.6909245878581295
1264,1001,13,5,0.6,0.2,1000,restricted_10,aggregation,0.773033226853774,,,0.6891999962229128
1265,1001,13,5,0.6,0.2,1000,restricted_10,aggregation,0.773033226853774,,,0.6922527634556801
1266,1001,13,5,0.6,0.2,1000,restricted_10,aggregation,0.773033226853774,,,0.691122338124838
1267,1001,13,5,0.6,0.2,1000,restricted_10,aggregation,0.773033226853774,,,0.6892834707576374
1268,1001,13,5,0.6,0.2,1000,restricted_10,aggregation,0.773033226853774,,,0.6892946936319853
1269,1001,13,5,0.6,0.2,1000,restricted_10,aggregation,0.773033226853774,,,0.6924361338661339
1270,1001,13,5,0.6,0.2,1000,restricted_10,aggregation,0.773033226853774,,,0.6916054861188194
1271,1001,13,5,0.6,0.2,1000,restricted_10,aggregation,0.773033226853774,,,0.6910196943565695
1272,1001,13,5,0.6,0.2,1000,restricted_10,aggregation,0.7735084438836877,,,0.6927834045892379
1273,1001,13,5,0.6,0.2,1000,restricted_10,aggregation,0.773033226853774,,,0.6911614610235445
1274,1001,13,5,0.6,0.2,1000,restricted_10,aggregation,0.773033226853774,,,0.6912018536710204
1275,1001,13,5,0.6,0.2,1000,restricted_10,aggregation,0.773033226853774,,,0.691903437365104
1276,1001,13,5,0.6,0.2,1000,restricted_10,aggregation,0.773033226853774,,,0.6903321845053094
1277,1001,13,5,0.6,0.2,1000,restricted_10,aggregation,0.773033226853774,,,0.6908498458100543
1278,1001,13,5,0.6,0.2,1000,restricted_10,aggregation,0.773033226853774,,,0.6919121641629976
1279,1001,13,5,0.6,0.2,1000,restricted_10,aggregation,0.773033226853774,,,0.6898618393335061
1280,1001,13,5,0.6,0.2,1000,restricted_10,aggregation,0.773033226853774,,,0.6927487404956155
1281,1001,13,5,0.6,0.2,1000,restricted_10,aggregation,0.773033226853774,,,0.6894678455957622
1282,1001,13,5,0.6,0.2,1000,restricted_10,aggregation,0.773033226853774,,,0.691909549424341
1283,1001,13,5,0.6,0.2,1000,restricted_10,aggregation,0.773033226853774,,,0.69009174001924
1284,1001,13,5,0.6,0.2,1000,restricted_10,aggregation,0.773033226853774,,,0.6902527423271173
1285,1001,13,5,0.6,0.2,1000,restricted_10,aggregation,0.773033226853774,,,0.6923363851118017
1286,1001,13,5,0.6,0.2,1000,restricted_10,aggregation,0.7733065309312173,,,0.6933344379848546
1287,1001,13,5,0.6,0.2,1000,restricted_10,aggregation,0.773033226853774,,,0.6903109970893305
1288,1001,13,5,0.6,0.2,1000,restricted_10,aggregation,0.773033226853774,,,0.691051826607035
1289,1001,13,5,0.6,0.2,1000,restricted_10,aggregation,0.773033226853774,,,0.6926847570099655
1290,1001,13,5,0.6,0.2,1000,restricted_10,aggregation,0.773033226853774,,,0.6910578526720194
1291,1001,13,5,0.6,0.2,1000,restricted_10,aggregation,0.773033226853774,,,0.6899225864644614
1292,1001,13,5,0.6,0.2,1000,restricted_10,aggregation,0.773033226853774,,,0.6926453629626546
1293,1001,13,5,0.6,0.2,1000,restricted_10,aggregation,0.773033226853774,,,0.6902627000545751
1294,1001,13,5,0.6,0.2,1000,restricted_10,aggregation,0.773033226853774,,,0.6916955426903344
1295,1001,13,5,0.6,0.2,1000,restricted_10,aggregation,0.773033226853774,,,0.6900609429536513
1296,1001,13,5,0.6,0.2,1000,restricted_10,aggregation,0.773033226853774,,,0.6910444653880071
1297,1001,13,5,0.6,0.2,1000,restricted_10,aggregation,0.773033226853774,,,0.6912448662448663
1298,1001,13,5,0.6,0.2,1000,restricted_10,aggregation,0.7732645477845095,,,0.6921904430137763
1299,1001,13,5,0.6,0.2,1000,restricted_10,aggregation,0.7735712335820104,,,0.6940500214137715
1300,1001,13,5,0.6,0.2,1000,restricted_10,aggregation,0.773033226853774,,,0.6911103916145582
1301,1001,13,5,0.6,0.2,1000,restricted_10,aggregation,0.773033226853774,,,0.6917215160456828
1302,1001,13,5,0.6,0.2,1000,restricted_10,aggregation,0.773033226853774,,,0.6897048693898695
1303,1001,13,5,0.6,0.2,1000,restricted_10,aggregation,0.773033226853774,,,0.6896156732233816
1304,1001,13,5,0.6,0.2,1000,restricted_10,aggregation,0.773033226853774,,,0.6916096523615273
1305,1001,13,5,0.6,0.2,1000,restricted_10,aggregation,0.773033226853774,,,0.6920416304066304
1306,1001,13,5,0.6,0.2,1000,restricted_10,aggregation,0.773407093572704,,,0.6916466523599857
1307,1001,13,5,0.6,0.2,1000,restricted_10,aggregation,0.773033226853774,,,0.6891286652544986
1308,1001,13,5,0.6,0.2,1000,restricted_10,aggregation,0.773033226853774,,,0.6902521577188244
1309,1001,13,5,0.6,0.2,1000,restricted_10,aggregation,0.773033226853774,,,0.6912614695412612
1310,1001,13,5,0.6,0.2,1000,restricted_10,aggregation,0.7731358114113211,,,0.6919499416324416
1311,1001,13,5,0.6,0.2,1000,restricted_10,aggregation,0.773033226853774,,,0.6910021681019598
1312,1001,13,5,0.6,0.2,1000,restricted_10,aggregation,0.773033226853774,,,0.6913470869716704
1313,1001,13,5,0.6,0.2,1000,restricted_10,aggregation,0.7731434795843214,,,0.6904162710823127
1314,1001,13,5,0.6,0.2,1000,restricted_10,aggregation,0.7731189889200052,,,0.6920502318283568
1315,1001,13,5,0.6,0.2,1000,restricted_10,aggregation,0.773033226853774,,,0.6902401082867751
1316,1001,13,5,0.6,0.2,1000,restricted_10,aggregation,0.773033226853774,,,0.6901266517818601
1317,1001,13,5,0.6,0.2,1000,restricted_10,aggregation,0.773033226853774,,,0.6903243956506457
1318,1001,13,5,0.6,0.2,1000,restricted_10,aggregation,0.773033226853774,,,0.6908188082519332
1319,1001,13,5,0.6,0.2,1000,restricted_10,aggregation,0.7733512698704389,,,0.69227441003441
1320,1001,13,5,0.6,0.2,1000,restricted_10,aggregation,0.773033226853774,,,0.6904688135629803
1321,1001,13,5,0.6,0.2,1000,restricted_10,aggregation,0.773033226853774,,,0.6917978947133114
1322,1001,13,5,0.6,0.2,1000,restricted_10,aggregation,0.773033226853774,,,0.6904465050998385
1323,1001,13,5,0.6,0.2,1000,restricted_10,aggregation,0.773033226853774,,,0.6912612508016674
1324,1001,13,5,0.6,0.2,1000,restricted_10,aggregation,0.773033226853774,,,0.6911568909331409
1325,1001,13,5,0.6,0.2,1000,restricted_10,aggregation,0.773033226853774,,,0.6914124434207768
1326,1001,13,5,0.6,0.2,1000,restricted_10,aggregation,0.773033226853774,,,0.6904888173631925
1327,1001,13,5,0.6,0.2,1000,restricted_10,aggregation,0.773033226853774,,,0.6901202648200565
1328,1001,13,5,0.6,0.2,1000,restricted_10,aggregation,0.773033226853774,,,0.6914365503092587
1329,1001,13,5,0.6,0.2,1000,restricted_10,aggregation,0.773033226853774,,,0.6904909545778296
1330,1001,13,5,0.6,0.2,1000,restricted_10,aggregation,0.773033226853774,,,0.6880617127471295
1331,1001,13,5,0.6,0.2,1000,restricted_10,aggregation,0.773033226853774,,,0.6915634228580063
1332,1001,13,5,0.6,0.2,1000,restricted_10,aggregation,0.773033226853774,,,0.690463391592975
1333,1001,13,5,0.6,0.2,1000,restricted_10,aggregation,0.773033226853774,,,0.6905319418236086
1334,1001,13,5,0.6,0.2,1000,restricted_10,aggregation,0.773033226853774,,,0.6917738748365833
1335,1001,13,5,0.6,0.2,1000,restricted_10,aggregation,0.773033226853774,,,0.6930718550585216
1336,1001,13,5,0.6,0.2,1000,restricted_10,aggregation,0.773033226853774,,,0.6903919614644615
1337,1001,13,5,0.6,0.2,1000,restricted_10,aggregation,0.773033226853774,,,0.6917795504958005
1338,1001,13,5,0.6,0.2,1000,restricted_10,aggregation,0.773033226853774,,,0.6900819041375291
1339,1001,13,5,0.6,0.2,1000,restricted_10,aggregation,0.7731577427760962,,,0.6910818745760412
1340,1001,13,5,0.6,0.2,1000,restricted_10,aggregation,0.7731202071986556,,,0.6915162353079021
1341,1001,13,5,0.6,0.2,1000,restricted_10,aggregation,0.773033226853774,,,0.6886200840517506
1342,1001,13,5,0.6,0.2,1000,restricted_10,aggregation,0.773033226853774,,,0.6915025652973569
1343,1001,13,5,0.6,0.2,1000,restricted_10,aggregation,0.773033226853774,,,0.6904771612723696
1344,1001,13,5,0.6,0.2,1000,restricted_10,aggregation,0.773033226853774,,,0.690529718915344
1345,1001,13,5,0.6,0.2,1000,restricted_10,aggregation,0.7731008432684178,,,0.6900881360229277
1346,1001,13,5,0.6,0.2,1000,restricted_10,aggregation,0.773033226853774,,,0.6910428097751015
1347,1001,13,5,0.6,0.2,1000,restricted_10,aggregation,0.773033226853774,,,0.6900956666481666
1348,1001,13,5,0.6,0.2,1000,restricted_10,aggregation,0.7738828929122572,,,0.6932711275298775
1349,1001,13,5,0.6,0.2,1000,restricted_10,aggregation,0.773033226853774,,,0.6907432486726236
1350,1001,13,5,0.6,0.2,1000,restricted_10,aggregation,0.773033226853774,,,0.6891147221605555
1351,1001,13,5,0.6,0.2,1000,restricted_10,aggregation,0.773033226853774,,,0.6910090834782502
1352,1001,13,5,0.6,0.2,1000,restricted_10,aggregation,0.773033226853774,,,0.6900128735384986
1353,1001,13,5,0.6,0.2,1000,restricted_10,aggregation,0.773033226853774,,,0.6900433218093635
1354,1001,13,5,0.6,0.2,1000,restricted_10,aggregation,0.773033226853774,,,0.6905523461954712
1355,1001,13,5,0.6,0.2,1000,restricted_10,aggregation,0.773033226853774,,,0.690176320539029
1356,1001,13,5,0.6,0.2,1000,restricted_10,aggregation,0.773033226853774,,,0.6914552042170792
1357,1001,13,5,0.6,0.2,1000,restricted_10,aggregation,0.773033226853774,,,0.6910928113476031
1358,1001,13,5,0.6,0.2,1000,restricted_10,aggregation,0.773033226853774,,,0.689127571286738
1359,1001,13,5,0.6,0.2,1000,restricted_10,aggregation,0.773033226853774,,,0.6908423416012999
1360,1001,13,5,0.6,0.2,1000,restricted_10,aggregation,0.773033226853774,,,0.6917072227078478
1361,1001,13,5,0.6,0.2,1000,restricted_10,aggregation,0.773033226853774,,,0.6906171972703223
1362,1001,13,5,0.6,0.2,1000,restricted_10,aggregation,0.773033226853774,,,0.6896886131461132
1363,1001,13,5,0.6,0.2,1000,restricted_10,aggregation,0.773033226853774,,,0.6897416945014861
1364,1001,13,5,0.6,0.2,1000,restricted_10,aggregation,0.773033226853774,,,0.6899510410037494
1365,1001,13,5,0.6,0.2,1000,restricted_10,aggregation,0.773033226853774,,,0.6899764772110605
1366,1001,13,5,0.6,0.2,1000,restricted_10,aggregation,0.773033226853774,,,0.6922500674711092
1367,1001,13,5,0.6,0.2,1000,restricted_10,aggregation,0.773033226853774,,,0.6907723156935658
1368,1001,13,5,0.6,0.2,1000,restricted_10,aggregation,0.773033226853774,,,0.691741927324219
1369,1001,13,5,0.6,0.2,1000,restricted_10,aggregation,0.773033226853774,,,0.6914781290622957
1370,1001,13,5,0.6,0.2,1000,restricted_10,aggregation,0.7734047771955963,,,0.6927093865008449
1371,1001,13,5,0.6,0.2,1000,restricted_10,aggregation,0.7733012990959702,,,0.6930405174609342
1372,1001,13,5,0.6,0.2,1000,restricted_10,aggregation,0.773033226853774,,,0.6918461365178032
1373,1001,13,5,0.6,0.2,1000,restricted_10,aggregation,0.773033226853774,,,0.691283864391781
1374,1001,13,5,0.6,0.2,1000,restricted_10,aggregation,0.773033226853774,,,0.6898425679952764
1375,1001,13,5,0.6,0.2,1000,restricted_10,aggregation,0.7732245473624209,,,0.6926782314444815
1376,1001,13,5,0.6,0.2,1000,restricted_10,aggregation,0.773033226853774,,,0.6900550847223764
1377,1001,13,5,0.6,0.2,1000,restricted_10,aggregation,0.7732167897400083,,,0.6907074780235196
1378,1001,13,5,0.6,0.2,1000,restricted_10,aggregation,0.773033226853774,,,0.6906728816322566
1379,1001,13,5,0.6,0.2,1000,restricted_10,aggregation,0.773033226853774,,,0.6923019927526177
1380,1001,13,5,0.6,0.2,1000,restricted_10,aggregation,0.773033226853774,,,0.6915731579223247
1381,1001,13,5,0.6,0.2,1000,restricted_10,aggregation,0.773033226853774,,,0.6906385395391647
1382,1001,13,5,0.6,0.2,1000,restricted_10,aggregation,0.773033226853774,,,0.6900457955393372
1383,1001,13,5,0.6,0.2,1000,restricted_10,aggregation,0.77382783408207,,,0.6933796618736201
1384,1001,13,5,0.6,0.2,1000,restricted_10,aggregation,0.773033226853774,,,0.6919763136400636
1385,1001,13,5,0.6,0.2,1000,restricted_10,aggregation,0.773033226853774,,,0.6912451181919933
1386,1001,13,5,0.6,0.2,1000,restricted_10,aggregation,0.7731573787772197,,,0.6921030776322442
1387,1001,13,5,0.6,0.2,1000,restricted_10,aggregation,0.773033226853774,,,0.6906687768558601
1388,1001,13,5,0.6,0.2,1000,restricted_10,aggregation,0.773033226853774,,,0.6903080617838951
1389,1001,13,5,0.6,0.2,1000,restricted_10,aggregation,0.773033226853774,,,0.6903361908538992
1390,1001,13,5,0.6,0.2,1000,restricted_10,aggregation,0.773033226853774,,,0.6913077634402635
1391,1001,13,5,0.6,0.2,1000,restricted_10,aggregation,0.773033226853774,,,0.6886763607842774
1392,1001,13,5,0.6,0.2,1000,restricted_10,aggregation,0.773033226853774,,,0.6894079912371579
1393,1001,13,5,0.6,0.2,1000,restricted_10,aggregation,0.773033226853774,,,0.6922082767772351
1394,1001,13,5,0.6,0.2,1000,restricted_10,aggregation,0.773033226853774,,,0.6892085621323122
1395,1001,13,5,0.6,0.2,1000,restricted_10,aggregation,0.773033226853774,,,0.691444322244114
1396,1001,13,5,0.6,0.2,1000,restricted_10,aggregation,0.773033226853774,,,0.6912385544548044
1397,1001,13,5,0.6,0.2,1000,restricted_10,aggregation,0.773033226853774,,,0.6896949006626091
1398,1001,13,5,0.6,0.2,1000,restricted_10,aggregation,0.773033226853774,,,0.6912426950904035
1399,1001,13,5,0.6,0.2,1000,restricted_10,aggregation,0.773033226853774,,,0.690573495678704
1400,1001,13,5,0.6,0.2,1000,restricted_10,aggregation,0.773033226853774,,,0.6918456244604161
1401,1001,13,5,0.6,0.2,1000,restricted_10,aggregation,0.773033226853774,,,0.6904088457375958
1402,1001,13,5,0.6,0.2,1000,restricted_10,aggregation,0.773033226853774,,,0.69032096335763
1403,1001,13,5,0.6,0.2,1000,restricted_10,aggregation,0.773033226853774,,,0.6911177501665002
1404,1001,13,5,0.6,0.2,1000,restricted_10,aggregation,0.773033226853774,,,0.6878990751455334
1405,1001,13,5,0.6,0.2,1000,restricted_10,aggregation,0.773033226853774,,,0.6908363588571923
1406,1001,13,5,0.6,0.2,1000,restricted_10,aggregation,0.773033226853774,,,0.6898108713046213
1407,1001,13,5,0.6,0.2,1000,restricted_10,aggregation,0.773033226853774,,,0.6907883070941405
1408,1001,13,5,0.6,0.2,1000,restricted_10,aggregation,0.773033226853774,,,0.6920865348925765
1409,1001,13,5,0.6,0.2,1000,restricted_10,aggregation,0.773033226853774,,,0.6908843730497897
1410,1001,13,5,0.6,0.2,1000,restricted_10,aggregation,0.773033226853774,,,0.6906630982751816
1411,1001,13,5,0.6,0.2,1000,restricted_10,aggregation,0.773033226853774,,,0.6918569405825655
1412,1001,13,5,0.6,0.2,1000,restricted_10,aggregation,0.773033226853774,,,0.6884912628343879
1413,1001,13,5,0.6,0.2,1000,restricted_10,aggregation,0.773033226853774,,,0.6902096578498661
1414,1001,13,5,0.6,0.2,1000,restricted_10,aggregation,0.773033226853774,,,0.6915581481789815
1415,1001,13,5,0.6,0.2,1000,restricted_10,aggregation,0.773033226853774,,,0.6908732279371863
1416,1001,13,5,0.6,0.2,1000,restricted_10,aggregation,0.773033226853774,,,0.6892734055527806
1417,1001,13,5,0.6,0.2,1000,restricted_10,aggregation,0.773033226853774,,,0.6904845780222865
1418,1001,13,5,0.6,0.2,1000,restricted_10,aggregation,0.7734537652311633,,,0.69214392336059
1419,1001,13,5,0.6,0.2,1000,restricted_10,aggregation,0.773033226853774,,,0.6895905172836423
1420,1001,13,5,0.6,0.2,1000,restricted_10,aggregation,0.773033226853774,,,0.6899073638784056
1421,1001,13,5,0.6,0.2,1000,restricted_10,aggregation,0.773033226853774,,,0.6895781724602559
1422,1001,13,5,0.6,0.2,1000,restricted_10,aggregation,0.773033226853774,,,0.6908205866355867
1423,1001,13,5,0.6,0.2,1000,restricted_10,aggregation,0.773033226853774,,,0.6902060336577003
1424,1001,13,5,0.6,0.2,1000,restricted_10,aggregation,0.773033226853774,,,0.6892649964233298
1425,1001,13,5,0.6,0.2,1000,restricted_10,aggregation,0.7732395123311097,,,0.6917610688000272
1426,1001,13,5,0.6,0.2,1000,restricted_10,aggregation,0.7734285409668554,,,0.692048442452609
1427,1001,13,5,0.6,0.2,1000,restricted_10,aggregation,0.773033226853774,,,0.6919916010224344
1428,1001,13,5,0.6,0.2,1000,restricted_10,aggregation,0.773033226853774,,,0.6913560804242055
1429,1001,13,5,0.6,0.2,1000,restricted_10,aggregation,0.773033226853774,,,0.6898588672053255
1430,1001,13,5,0.6,0.2,1000,restricted_10,aggregation,0.773033226853774,,,0.692330387606221
1431,1001,13,5,0.6,0.2,1000,restricted_10,aggregation,0.773033226853774,,,0.691011355396147
1432,1001,13,5,0.6,0.2,1000,restricted_10,aggregation,0.773033226853774,,,0.6903086720686721
1433,1001,13,5,0.6,0.2,1000,restricted_10,aggregation,0.773033226853774,,,0.6911048667998668
1434,1001,13,5,0.6,0.2,1000,restricted_10,aggregation,0.773033226853774,,,0.690799655360072
1435,1001,13,5,0.6,0.2,1000,restricted_10,aggregation,0.773033226853774,,,0.6890620913808414
1436,1001,13,5,0.6,0.2,1000,restricted_10,aggregation,0.7732639418027093,,,0.692644897656356
1437,1001,13,5,0.6,0.2,1000,restricted_10,aggregation,0.773033226853774,,,0.6880738843178427
1438,1001,13,5,0.6,0.2,1000,restricted_10,aggregation,0.773033226853774,,,0.6916051855166439
1439,1001,13,5,0.6,0.2,1000,restricted_10,aggregation,0.773033226853774,,,0.6912082337492753
1440,1001,13,5,0.6,0.2,1000,restricted_10,aggregation,0.773033226853774,,,0.6899151129580295
1441,1001,13,5,0.6,0.2,1000,restricted_10,aggregation,0.773033226853774,,,0.6911462249093498
1442,1001,13,5,0.6,0.2,1000,restricted_10,aggregation,0.773033226853774,,,0.6907167013310763
1443,1001,13,5,0.6,0.2,1000,restricted_10,aggregation,0.773033226853774,,,0.6892884292405126
1444,1001,13,5,0.6,0.2,1000,restricted_10,aggregation,0.773033226853774,,,0.6916035536223035
1445,1001,13,5,0.6,0.2,1000,restricted_10,aggregation,0.773033226853774,,,0.6907094906713658
1446,1001,13,5,0.6,0.2,1000,restricted_10,aggregation,0.773033226853774,,,0.6911975907811325
1447,1001,13,5,0.6,0.2,1000,restricted_10,aggregation,0.773033226853774,,,0.6914676904576904
1448,1001,13,5,0.6,0.2,1000,restricted_10,aggregation,0.773033226853774,,,0.6915093655726989
1449,1001,13,5,0.6,0.2,1000,restricted_10,aggregation,0.773033226853774,,,0.6918383770010853
1450,1001,13,5,0.6,0.2,1000,restricted_10,aggregation,0.773033226853774,,,0.6915984861897363
1451,1001,13,5,0.6,0.2,1000,restricted_10,aggregation,0.773033226853774,,,0.6895785515873015
1452,1001,13,5,0.6,0.2,1000,restricted_10,aggregation,0.773033226853774,,,0.6907237320781071
1453,1001,13,5,0.6,0.2,1000,restricted_10,aggregation,0.773033226853774,,,0.6906348166879417
1454,1001,13,5,0.6,0.2,1000,restricted_10,aggregation,0.773033226853774,,,0.6898377873129957
1455,1001,13,5,0.6,0.2,1000,restricted_10,aggregation,0.773033226853774,,,0.6920928729526646
1456,1001,13,5,0.6,0.2,1000,restricted_10,aggregation,0.7731453173372358,,,0.6907707329167746
1457,1001,13,5,0.6,0.2,1000,restricted_10,aggregation,0.773033226853774,,,0.6909653689982858
1458,1001,13,5,0.6,0.2,1000,restricted_10,aggregation,0.773033226853774,,,0.6911965490836325
1459,1001,13,5,0.6,0.2,1000,restricted_10,aggregation,0.773033226853774,,,0.6884720328591162
1460,1001,13,5,0.6,0.2,1000,restricted_10,aggregation,0.7730945492642682,,,0.6915538769101269
1461,1001,13,5,0.6,0.2,1000,restricted_10,aggregation,0.7733810617266094,,,0.6912950895786313
1462,1001,13,5,0.6,0.2,1000,restricted_10,aggregation,0.773033226853774,,,0.6905027545756713
1463,1001,13,5,0.6,0.2,1000,restricted_10,aggregation,0.773033226853774,,,0.69213438336355
1464,1001,13,5,0.6,0.2,1000,restricted_10,aggregation,0.773544247021643,,,0.6928352934565434
1465,1001,13,5,0.6,0.2,1000,restricted_10,aggregation,0.773033226853774,,,0.6930837492368742
1466,1001,13,5,0.6,0.2,1000,restricted_10,aggregation,0.773033226853774,,,0.6896204672719256
1467,1001,13,5,0.6,0.2,1000,restricted_10,aggregation,0.773033226853774,,,0.6906569330515163
1468,1001,13,5,0.6,0.2,1000,restricted_10,aggregation,0.773501058584551,,,0.6922468798408382
1469,1001,13,5,0.6,0.2,1000,restricted_10,aggregation,0.773033226853774,,,0.6892443467489301
1470,1001,13,5,0.6,0.2,1000,restricted_10,aggregation,0.7741275759253697,,,0.6931103419265918
1471,1001,13,5,0.6,0.2,1000,restricted_10,aggregation,0.7731599493617919,,,0.6914644778215612
1472,1001,13,5,0.6,0.2,1000,restricted_10,aggregation,0.773033226853774,,,0.6895668127397294
1473,1001,13,5,0.6,0.2,1000,restricted_10,aggregation,0.773033226853774,,,0.6916510543391794
1474,1001,13,5,0.6,0.2,1000,restricted_10,aggregation,0.773033226853774,,,0.6922294155227489
1475,1001,13,5,0.6,0.2,1000,restricted_10,aggregation,0.773033226853774,,,0.6900623336308753
1476,1001,13,5,0.6,0.2,1000,restricted_10,aggregation,0.7731763786237684,,,0.6909134071946572
1477,1001,13,5,0.6,0.2,1000,restricted_10,aggregation,0.773033226853774,,,0.6906664292883042
1478,1001,13,5,0.6,0.2,1000,restricted_10,aggregation,0.773033226853774,,,0.6911185687383603
1479,1001,13,5,0.6,0.2,1000,restricted_10,aggregation,0.773033226853774,,,0.6905047666608083
1480,1001,13,5,0.6,0.2,1000,restricted_10,aggregation,0.773033226853774,,,0.6921469102502436
1481,1001,13,5,0.6,0.2,1000,restricted_10,aggregation,0.773033226853774,,,0.6908144680550931
1482,1001,13,5,0.6,0.2,1000,restricted_10,aggregation,0.773033226853774,,,0.6899463791070041
1483,1001,13,5,0.6,0.2,1000,restricted_10,aggregation,0.773033226853774,,,0.6920363089842257
1484,1001,13,5,0.6,0.2,1000,restricted_10,aggregation,0.773033226853774,,,0.69049562829917
1485,1001,13,5,0.6,0.2,1000,restricted_10,aggregation,0.773033226853774,,,0.6917828188246938
1486,1001,13,5,0.6,0.2,1000,restricted_10,aggregation,0.773033226853774,,,0.6908943378689213
1487,1001,13,5,0.6,0.2,1000,restricted_10,aggregation,0.773033226853774,,,0.6913477710715211
1488,1001,13,5,0.6,0.2,1000,restricted_10,aggregation,0.7731588461266805,,,0.6920228373632541
1489,1001,13,5,0.6,0.2,1000,restricted_10,aggregation,0.7731771544352968,,,0.6922817504640422
1490,1001,13,5,0.6,0.2,1000,restricted_10,aggregation,0.773033226853774,,,0.6910577345802347
1491,1001,13,5,0.6,0.2,1000,restricted_10,aggregation,0.773033226853774,,,0.692508754339796
1492,1001,13,5,0.6,0.2,1000,restricted_10,aggregation,0.7731295325535286,,,0.6917764926894093
1493,1001,13,5,0.6,0.2,1000,restricted_10,aggregation,0.773033226853774,,,0.6896145029353362
1494,1001,13,5,0.6,0.2,1000,restricted_10,aggregation,0.773033226853774,,,0.6899948889228057
1495,1001,13,5,0.6,0.2,1000,restricted_10,aggregation,0.773033226853774,,,0.6916841340449674
1496,1001,13,5,0.6,0.2,1000,restricted_10,aggregation,0.773033226853774,,,0.6899786981536982
1497,1001,13,5,0.6,0.2,1000,restricted_10,aggregation,0.773033226853774,,,0.689859677105302
1498,1001,13,5,0.6,0.2,1000,restricted_10,aggregation,0.773033226853774,,,0.6911496240950408
1499,1001,13,5,0.6,0.2,1000,restricted_10,aggregation,0.773033226853774,,,0.6903162785208619
1500,1001,13,5,0.6,0.2,1000,restricted_10,aggregation,0.773033226853774,,,0.6886001437991021
1501,1001,13,5,0.6,0.2,1000,restricted_10,aggregation,0.773033226853774,,,0.6892813257344507
1502,1001,13,5,0.6,0.2,1000,restricted_10,aggregation,0.773033226853774,,,0.6922199525012026
1503,1001,13,5,0.6,0.2,1000,restricted_10,aggregation,0.773033226853774,,,0.6901819417696502
1504,1001,13,5,0.6,0.2,1000,restricted_10,aggregation,0.773033226853774,,,0.6917783392841725
1505,1001,13,5,0.6,0.2,1000,restricted_10,aggregation,0.773033226853774,,,0.692241329804455
1506,1001,13,5,0.6,0.2,1000,restricted_10,aggregation,0.773033226853774,,,0.6879974242732576
1507,1001,13,5,0.6,0.2,1000,restricted_10,aggregation,0.773033226853774,,,0.692831901740235
1508,1001,13,5,0.6,0.2,1000,restricted_10,aggregation,0.7731066919437045,,,0.689383107463524
1509,1001,13,5,0.6,0.2,1000,restricted_10,aggregation,0.7732258478534395,,,0.6919059768703519
1510,1001,13,5,0.6,0.2,1000,restricted_10,aggregation,0.7735428938499316,,,0.6910585154274737
1511,1001,13,5,0.6,0.2,1000,restricted_10,aggregation,0.7732318112556543,,,0.6916525308256558
1512,1001,13,5,0.6,0.2,1000,restricted_10,aggregation,0.773033226853774,,,0.6904988909855576
1513,1001,13,5,0.6,0.2,1000,restricted_10,aggregation,0.773033226853774,,,0.6913607136150886
1514,1001,13,5,0.6,0.2,1000,restricted_10,aggregation,0.773033226853774,,,0.6916683109791444
1515,1001,13,5,0.6,0.2,1000,restricted_10,aggregation,0.773033226853774,,,0.6926976293459627
1516,1001,13,5,0.6,0.2,1000,restricted_10,aggregation,0.773033226853774,,,0.6900557632722217
1517,1001,13,5,0.6,0.2,1000,restricted_10,aggregation,0.773033226853774,,,0.6889709080734081
1518,1001,13,5,0.6,0.2,1000,restricted_10,aggregation,0.773033226853774,,,0.6904086944845278
1519,1001,13,5,0.6,0.2,1000,restricted_10,aggregation,0.773033226853774,,,0.6907976256536674
1520,1001,13,5,0.6,0.2,1000,restricted_10,aggregation,0.773033226853774,,,0.6893767467177884
1521,1001,13,5,0.6,0.2,1000,restricted_10,aggregation,0.773033226853774,,,0.6902226675639176
1522,1001,13,5,0.6,0.2,1000,restricted_10,aggregation,0.773033226853774,,,0.6891194029735697
1523,1001,13,5,0.6,0.2,1000,restricted_10,aggregation,0.773033226853774,,,0.6912569828011494
1524,1001,13,5,0.6,0.2,1000,restricted_10,aggregation,0.773033226853774,,,0.6901272551137134
1525,1001,13,5,0.6,0.2,1000,restricted_10,aggregation,0.773033226853774,,,0.6903899487395322
1526,1001,13,5,0.6,0.2,1000,restricted_10,aggregation,0.773033226853774,,,0.6901732291165624
1527,1001,13,5,0.6,0.2,1000,restricted_10,aggregation,0.7731917106530294,,,0.6919036943149443
1528,1001,13,5,0.6,0.2,1000,restricted_10,aggregation,0.773033226853774,,,0.6872660153349738
1529,1001,13,5,0.6,0.2,1000,restricted_10,aggregation,0.773033226853774,,,0.6912665457690458
1530,1001,13,5,0.6,0.2,1000,restricted_10,aggregation,0.7732414819818153,,,0.691741527353819
1531,1001,13,5,0.6,0.2,1000,restricted_10,aggregation,0.773033226853774,,,0.6926748388108804
1532,1001,13,5,0.6,0.2,1000,restricted_10,aggregation,0.773033226853774,,,0.6916642792161543
1533,1001,13,5,0.6,0.2,1000,restricted_10,aggregation,0.773033226853774,,,0.6897864080903664
1534,1001,13,5,0.6,0.2,1000,restricted_10,aggregation,0.773033226853774,,,0.6908708738098321
1535,1001,13,5,0.6,0.2,1000,restricted_10,aggregation,0.773033226853774,,,0.6907713721232471
1536,1001,13,5,0.6,0.2,1000,restricted_10,aggregation,0.773033226853774,,,0.6913312075424575
1537,1001,13,5,0.6,0.2,1000,restricted_10,aggregation,0.773033226853774,,,0.6905861810488894
1538,1001,13,5,0.6,0.2,1000,restricted_10,aggregation,0.773033226853774,,,0.6893229618298368
1539,1001,13,5,0.6,0.2,1000,restricted_10,aggregation,0.773033226853774,,,0.6878260901983819
1540,1001,13,5,0.6,0.2,1000,restricted_10,aggregation,0.773033226853774,,,0.6911545866556283
1541,1001,13,5,0.6,0.2,1000,restricted_10,aggregation,0.7731588461266805,,,0.6923717159615077
1542,1001,13,5,0.6,0.2,1000,restricted_10,aggregation,0.773033226853774,,,0.691358081894957
1543,1001,13,5,0.6,0.2,1000,restricted_10,aggregation,0.773033226853774,,,0.6912794812132311
1544,1001,13,5,0.6,0.2,1000,restricted_10,aggregation,0.773033226853774,,,0.69230306496744
1545,1001,13,5,0.6,0.2,1000,restricted_10,aggregation,0.773033226853774,,,0.6919583599964849
1546,1001,13,5,0.6,0.2,1000,restricted_10,aggregation,0.773033226853774,,,0.6905601403072236
1547,1001,13,5,0.6,0.2,1000,restricted_10,aggregation,0.773033226853774,,,0.6907829432296099
1548,1001,13,5,0.6,0.2,1000,restricted_10,aggregation,0.773033226853774,,,0.6908072650805984
1549,1001,13,5,0.6,0.2,1000,restricted_10,aggregation,0.773033226853774,,,0.6894855284761534
1550,1001,13,5,0.6,0.2,1000,restricted_10,aggregation,0.773033226853774,,,0.6911608154268571
1551,1001,13,5,0.6,0.2,1000,restricted_10,aggregation,0.773033226853774,,,0.6916449125411626
1552,1001,13,5,0.6,0.2,1000,restricted_10,aggregation,0.773033226853774,,,0.6902600406152489
1553,1001,13,5,0.6,0.2,1000,restricted_10,aggregation,0.7731722354955577,,,0.691605670610254
1554,1001,13,5,0.6,0.2,1000,restricted_10,aggregation,0.773033226853774,,,0.6905809572680406
1555,1001,13,5,0.6,0.2,1000,restricted_10,aggregation,0.773484765297421,,,0.6908111551257385
1556,1001,13,5,0.6,0.2,1000,restricted_10,aggregation,0.773033226853774,,,0.691376119289661
1557,1001,13,5,0.6,0.2,1000,restricted_10,aggregation,0.773033226853774,,,0.6905673136277303
1558,1001,13,5,0.6,0.2,1000,restricted_10,aggregation,0.773033226853774,,,0.6896253005944672
1559,1001,13,5,0.6,0.2,1000,restricted_10,aggregation,0.773033226853774,,,0.6913331258864592
1560,1001,13,5,0.6,0.2,1000,restricted_10,aggregation,0.773033226853774,,,0.6898023637781971
1561,1001,13,5,0.6,0.2,1000,restricted_10,aggregation,0.773033226853774,,,0.6900115813892898
1562,1001,13,5,0.6,0.2,1000,restricted_10,aggregation,0.773033226853774,,,0.6894473823784241
1563,1001,13,5,0.6,0.2,1000,restricted_10,aggregation,0.773033226853774,,,0.6901644974701225
1564,1001,13,5,0.6,0.2,1000,restricted_10,aggregation,0.773033226853774,,,0.6899282484799153
1565,1001,13,5,0.6,0.2,1000,restricted_10,aggregation,0.773033226853774,,,0.6908896867638535
1566,1001,13,5,0.6,0.2,1000,restricted_10,aggregation,0.773033226853774,,,0.6919895524614275
1567,1001,13,5,0.6,0.2,1000,restricted_10,aggregation,0.773033226853774,,,0.6904539283016367
1568,1001,13,5,0.6,0.2,1000,restricted_10,aggregation,0.773033226853774,,,0.6913591507874841
1569,1001,13,5,0.6,0.2,1000,restricted_10,aggregation,0.773033226853774,,,0.6919008830598414
1570,1001,13,5,0.6,0.2,1000,restricted_10,aggregation,0.7731612137673706,,,0.6900415590351008
1571,1001,13,5,0.6,0.2,1000,restricted_10,aggregation,0.773033226853774,,,0.6900678801291301
1572,1001,13,5,0.6,0.2,1000,restricted_10,aggregation,0.773033226853774,,,0.690012522307939
1573,1001,13,5,0.6,0.2,1000,restricted_10,aggregation,0.773033226853774,,,0.6891026692982943
1574,1001,13,5,0.6,0.2,1000,restricted_10,aggregation,0.773033226853774,,,0.689860541056166
1575,1001,13,5,0.6,0.2,1000,restricted_10,aggregation,0.7738136162616959,,,0.6934237367570701
1576,1001,13,5,0.6,0.2,1000,restricted_10,aggregation,0.773033226853774,,,0.6890718798022966
1577,1001,13,5,0.6,0.2,1000,restricted_10,aggregation,0.773033226853774,,,0.6891037580629248
1578,1001,13,5,0.6,0.2,1000,restricted_10,aggregation,0.773033226853774,,,0.6895189486593652
1579,1001,13,5,0.6,0.2,1000,restricted_10,aggregation,0.773033226853774,,,0.6895943275628692
1580,1001,13,5,0.6,0.2,1000,restricted_10,aggregation,0.773033226853774,,,0.6908119315406814
1581,1001,13,5,0.6,0.2,1000,restricted_10,aggregation,0.773033226853774,,,0.6918426077471912
1582,1001,13,5,0.6,0.2,1000,restricted_10,aggregation,0.773033226853774,,,0.6912520968460552
1583,1001,13,5,0.6,0.2,1000,restricted_10,aggregation,0.773033226853774,,,0.6905588772107523
1584,1001,13,5,0.6,0.2,1000,restricted_10,aggregation,0.773033226853774,,,0.6903728288917872
1585,1001,13,5,0.6,0.2,1000,restricted_10,aggregation,0.773033226853774,,,0.6912895033438784
1586,1001,13,5,0.6,0.2,1000,restricted_10,aggregation,0.773033226853774,,,0.6904965364265365
1587,1001,13,5,0.6,0.2,1000,restricted_10,aggregation,0.773033226853774,,,0.6909389985092068
1588,1001,13,5,0.6,0.2,1000,restricted_10,aggregation,0.773033226853774,,,0.6912898792950877
1589,1001,13,5,0.6,0.2,1000,restricted_10,aggregation,0.773033226853774,,,0.6901603502438919
1590,1001,13,5,0.6,0.2,1000,restricted_10,aggregation,0.773033226853774,,,0.6906989612239612
1591,1001,13,5,0.6,0.2,1000,restricted_10,aggregation,0.7734730640820076,,,0.6929867234385985
1592,1001,13,5,0.6,0.2,1000,restricted_10,aggregation,0.773033226853774,,,0.6906480207678124
1593,1001,13,5,0.6,0.2,1000,restricted_10,aggregation,0.773033226853774,,,0.692099524672858
1594,1001,13,5,0.6,0.2,1000,restricted_10,aggregation,0.773033226853774,,,0.6892751422111839
1595,1001,13,5,0.6,0.2,1000,restricted_10,aggregation,0.7732639418027093,,,0.692098285903911
1596,1001,13,5,0.6,0.2,1000,restricted_10,aggregation,0.773033226853774,,,0.6887106197506196
1597,1001,13,5,0.6,0.2,1000,restricted_10,aggregation,0.773033226853774,,,0.6906244494625745
1598,1001,13,5,0.6,0.2,1000,restricted_10,aggregation,0.773033226853774,,,0.6915348161637747
1599,1001,13,5,0.6,0.2,1000,restricted_10,aggregation,0.773033226853774,,,0.6896473041002208
1600,1001,13,5,0.6,0.2,1000,restricted_10,aggregation,0.773033226853774,,,0.6882038935061853
1601,1001,13,5,0.6,0.2,1000,restricted_10,aggregation,0.773033226853774,,,0.6917570058876309
1602,1001,13,5,0.6,0.2,1000,restricted_10,aggregation,0.773033226853774,,,0.6910668884048051
1603,1001,13,5,0.6,0.2,1000,restricted_10,aggregation,0.7734970926331335,,,0.6922553460582627
1604,1001,13,5,0.6,0.2,1000,restricted_10,aggregation,0.773033226853774,,,0.6897863525132275
1605,1001,13,5,0.6,0.2,1000,restricted_10,aggregation,0.773033226853774,,,0.6922729701856785
1606,1001,13,5,0.6,0.2,1000,restricted_10,aggregation,0.773033226853774,,,0.6902286768709687
1607,1001,13,5,0.6,0.2,1000,restricted_10,aggregation,0.773033226853774,,,0.6899291144503644
1608,1001,13,5,0.6,0.2,1000,restricted_10,aggregation,0.773033226853774,,,0.6901154159420825
1609,1001,13,5,0.6,0.2,1000,restricted_10,aggregation,0.773033226853774,,,0.6907510452818787
1610,1001,13,5,0.6,0.2,1000,restricted_10,aggregation,0.773033226853774,,,0.6921212227047643
1611,1001,13,5,0.6,0.2,1000,restricted_10,aggregation,0.7732095224190931,,,0.692866104913605
1612,1001,13,5,0.6,0.2,1000,restricted_10,aggregation,0.773033226853774,,,0.687099816086691
1613,1001,13,5,0.6,0.2,1000,restricted_10,aggregation,0.773033226853774,,,0.691327340136715
1614,1001,13,5,0.6,0.2,1000,restricted_10,aggregation,0.773033226853774,,,0.6908097531789199
1615,1001,13,5,0.6,0.2,1000,restricted_10,aggregation,0.773033226853774,,,0.6923843587122754
1616,1001,13,5,0.6,0.2,1000,restricted_10,aggregation,0.773033226853774,,,0.690970702545911
1617,1001,13,5,0.6,0.2,1000,restricted_10,aggregation,0.773033226853774,,,0.6917142207946374
1618,1001,13,5,0.6,0.2,1000,restricted_10,aggregation,0.773033226853774,,,0.6905046017408517
1619,1001,13,5,0.6,0.2,1000,restricted_10,aggregation,0.773033226853774,,,0.6899414241391325
1620,1001,13,5,0.6,0.2,1000,restricted_10,aggregation,0.7731896434491186,,,0.6929901703543371
1621,1001,13,5,0.6,0.2,1000,restricted_10,aggregation,0.773033226853774,,,0.6893746974090724
1622,1001,13,5,0.6,0.2,1000,restricted_10,aggregation,0.773033226853774,,,0.6909675810454978
1623,1001,13,5,0.6,0.2,1000,restricted_10,aggregation,0.773033226853774,,,0.6891496998294914
1624,1001,13,5,0.6,0.2,1000,restricted_10,aggregation,0.773033226853774,,,0.6911993795016711
1625,1001,13,5,0.6,0.2,1000,restricted_10,aggregation,0.773033226853774,,,0.6906101009561426
1626,1001,13,5,0.6,0.2,1000,restricted_10,aggregation,0.773033226853774,,,0.6890897681331015
1627,1001,13,5,0.6,0.2,1000,restricted_10,aggregation,0.773033226853774,,,0.6905447675318509
1628,1001,13,5,0.6,0.2,1000,restricted_10,aggregation,0.773033226853774,,,0.6905330019055019
1629,1001,13,5,0.6,0.2,1000,restricted_10,aggregation,0.773033226853774,,,0.6908854910984078
1630,1001,13,5,0.6,0.2,1000,restricted_10,aggregation,0.7734993298283367,,,0.6928378866658033
1631,1001,13,5,0.6,0.2,1000,restricted_10,aggregation,0.773033226853774,,,0.690907793649252
1632,1001,13,5,0.6,0.2,1000,restricted_10,aggregation,0.773033226853774,,,0.6916195632376883
1633,1001,13,5,0.6,0.2,1000,restricted_10,aggregation,0.7732095224190931,,,0.6918529723825556
1634,1001,13,5,0.6,0.2,1000,restricted_10,aggregation,0.773033226853774,,,0.6913619855761522
1635,1001,13,5,0.6,0.2,1000,restricted_10,aggregation,0.773033226853774,,,0.6901893579876912
1636,1001,13,5,0.6,0.2,1000,restricted_10,aggregation,0.773033226853774,,,0.6914265570000987
1637,1001,13,5,0.6,0.2,1000,restricted_10,aggregation,0.773033226853774,,,0.6894199999306249
1638,1001,13,5,0.6,0.2,1000,restricted_10,aggregation,0.773033226853774,,,0.6906032349903183
1639,1001,13,5,0.6,0.2,1000,restricted_10,aggregation,0.7733101832378452,,,0.6906663366186283
1640,1001,13,5,0.6,0.2,1000,restricted_10,aggregation,0.773033226853774,,,0.6901545854608354
1641,1001,13,5,0.6,0.2,1000,restricted_10,aggregation,0.773033226853774,,,0.6912231972040306
1642,1001,13,5,0.6,0.2,1000,restricted_10,aggregation,0.773033226853774,,,0.6901349828026911
1643,1001,13,5,0.6,0.2,1000,restricted_10,aggregation,0.773033226853774,,,0.6911066119297369
1644,1001,13,5,0.6,0.2,1000,restricted_10,aggregation,0.773033226853774,,,0.69149983333025
1645,1001,13,5,0.6,0.2,1000,restricted_10,aggregation,0.773033226853774,,,0.6908758677279512
1646,1001,13,5,0.6,0.2,1000,restricted_10,aggregation,0.773033226853774,,,0.692352195774904
1647,1001,13,5,0.6,0.2,1000,restricted_10,aggregation,0.773033226853774,,,0.6923766253499587
1648,1001,13,5,0.6,0.2,1000,restricted_10,aggregation,0.773033226853774,,,0.6906686424301007
1649,1001,13,5,0.6,0.2,1000,restricted_10,aggregation,0.7731294881902501,,,0.6929216785452202
1650,1001,13,5,0.6,0.2,1000,restricted_10,aggregation,0.773033226853774,,,0.6917127519856686
1651,1001,13,5,0.6,0.2,1000,restricted_10,aggregation,0.773033226853774,,,0.6926755719434886
1652,1001,13,5,0.6,0.2,1000,restricted_10,aggregation,0.773033226853774,,,0.6900747984268819
1653,1001,13,5,0.6,0.2,1000,restricted_10,aggregation,0.773033226853774,,,0.6915954827579829
1654,1001,13,5,0.6,0.2,1000,restricted_10,aggregation,0.773033226853774,,,0.6895969923749091
1655,1001,13,5,0.6,0.2,1000,restricted_10,aggregation,0.773033226853774,,,0.689582580621539
1656,1001,13,5,0.6,0.2,1000,restricted_10,aggregation,0.773033226853774,,,0.692342740554199
1657,1001,13,5,0.6,0.2,1000,restricted_10,aggregation,0.773033226853774,,,0.6897033909840159
1658,1001,13,5,0.6,0.2,1000,restricted_10,aggregation,0.773033226853774,,,0.6899747221528473
1659,1001,13,5,0.6,0.2,1000,restricted_10,aggregation,0.773033226853774,,,0.6919849936329102
1660,1001,13,5,0.6,0.2,1000,restricted_10,aggregation,0.773033226853774,,,0.6919648435283852
1661,1001,13,5,0.6,0.2,1000,restricted_10,aggregation,0.773033226853774,,,0.6914398872963456
1662,1001,13,5,0.6,0.2,1000,restricted_10,aggregation,0.773033226853774,,,0.6892088215719467
1663,1001,13,5,0.6,0.2,1000,restricted_10,aggregation,0.773033226853774,,,0.6898337798929465
1664,1001,13,5,0.6,0.2,1000,restricted_10,aggregation,0.773033226853774,,,0.6913339748908499
1665,1001,13,5,0.6,0.2,1000,restricted_10,aggregation,0.7731935128110541,,,0.6916783549243966
1666,1001,13,5,0.6,0.2,1000,restricted_10,aggregation,0.773033226853774,,,0.69107485317152
1667,1001,13,5,0.6,0.2,1000,restricted_10,aggregation,0.773033226853774,,,0.6916256241289573
1668,1001,13,5,0.6,0.2,1000,restricted_10,aggregation,0.773033226853774,,,0.6902553707634957
1669,1001,13,5,0.6,0.2,1000,restricted_10,aggregation,0.773033226853774,,,0.6893812132543383
1670,1001,13,5,0.6,0.2,1000,restricted_10,aggregation,0.773033226853774,,,0.6919368365122531
1671,1001,13,5,0.6,0.2,1000,restricted_10,aggregation,0.773033226853774,,,0.6903353445474278
1672,1001,13,5,0.6,0.2,1000,restricted_10,aggregation,0.773033226853774,,,0.6912334224263391
1673,1001,13,5,0.6,0.2,1000,restricted_10,aggregation,0.773033226853774,,,0.6903508978598563
1674,1001,13,5,0.6,0.2,1000,restricted_10,aggregation,0.773033226853774,,,0.6907690554044721
1675,1001,13,5,0.6,0.2,1000,restricted_10,aggregation,0.773033226853774,,,0.6919036984466151
1676,1001,13,5,0.6,0.2,1000,restricted_10,aggregation,0.773033226853774,,,0.6903118511041428
1677,1001,13,5,0.6,0.2,1000,restricted_10,aggregation,0.7735044626166054,,,0.6914052414021165
1678,1001,13,5,0.6,0.2,1000,restricted_10,aggregation,0.773033226853774,,,0.6892096629450796
1679,1001,13,5,0.6,0.2,1000,restricted_10,aggregation,0.7731740213630061,,,0.6930909317148901
1680,1001,13,5,0.6,0.2,1000,restricted_10,aggregation,0.773033226853774,,,0.6892689514266597
1681,1001,13,5,0.6,0.2,1000,restricted_10,aggregation,0.773033226853774,,,0.6901370941712609
1682,1001,13,5,0.6,0.2,1000,restricted_10,aggregation,0.773033226853774,,,0.6906348343477511
1683,1001,13,5,0.6,0.2,1000,restricted_10,aggregation,0.773033226853774,,,0.6909835783583701
1684,1001,13,5,0.6,0.2,1000,restricted_10,aggregation,0.773033226853774,,,0.6912697516912101
1685,1001,13,5,0.6,0.2,1000,restricted_10,aggregation,0.7731470072044545,,,0.6926638327027911
1686,1001,13,5,0.6,0.2,1000,restricted_10,aggregation,0.773033226853774,,,0.6928526877289377
1687,1001,13,5,0.6,0.2,1000,restricted_10,aggregation,0.7734365164556529,,,0.6931871827632244
1688,1001,13,5,0.6,0.2,1000,restricted_10,aggregation,0.773033226853774,,,0.6896496416160999
1689,1001,13,5,0.6,0.2,1000,restricted_10,aggregation,0.773033226853774,,,0.6909244533552866
1690,1001,13,5,0.6,0.2,1000,restricted_10,aggregation,0.773033226853774,,,0.6894816638762472
1691,1001,13,5,0.6,0.2,1000,restricted_10,aggregation,0.7734512799326574,,,0.6925362297656048
1692,1001,13,5,0.6,0.2,1000,restricted_10,aggregation,0.773033226853774,,,0.6900455923474673
1693,1001,13,5,0.6,0.2,1000,restricted_10,aggregation,0.7735098731138755,,,0.692501704013579
1694,1001,13,5,0.6,0.2,1000,restricted_10,aggregation,0.773033226853774,,,0.6908550710477794
1695,1001,13,5,0.6,0.2,1000,restricted_10,aggregation,0.7731615477490157,,,0.6906701236263737
1696,1001,13,5,0.6,0.2,1000,restricted_10,aggregation,0.773033226853774,,,0.6902422285199369
1697,1001,13,5,0.6,0.2,1000,restricted_10,aggregation,0.773033226853774,,,0.6905550969863471
1698,1001,13,5,0.6,0.2,1000,restricted_10,aggregation,0.773033226853774,,,0.6907170306468223
1699,1001,13,5,0.6,0.2,1000,restricted_10,aggregation,0.773033226853774,,,0.6917660187497687
1700,1001,13,5,0.6,0.2,1000,restricted_10,aggregation,0.773033226853774,,,0.6898986461917711
1701,1001,13,5,0.6,0.2,1000,restricted_10,aggregation,0.773033226853774,,,0.6914415122840123
1702,1001,13,5,0.6,0.2,1000,restricted_10,aggregation,0.773033226853774,,,0.6901266766952184
1703,1001,13,5,0.6,0.2,1000,restricted_10,aggregation,0.773033226853774,,,0.6913018567697734
1704,1001,13,5,0.6,0.2,1000,restricted_10,aggregation,0.773033226853774,,,0.6916376582291166
1705,1001,13,5,0.6,0.2,1000,restricted_10,aggregation,0.773033226853774,,,0.6906454721744304
1706,1001,13,5,0.6,0.2,1000,restricted_10,aggregation,0.773033226853774,,,0.692472269366436
1707,1001,13,5,0.6,0.2,1000,restricted_10,aggregation,0.773033226853774,,,0.6893260949235949
1708,1001,13,5,0.6,0.2,1000,restricted_10,aggregation,0.7731208837546669,,,0.6905676746401747
1709,1001,13,5,0.6,0.2,1000,restricted_10,aggregation,0.773033226853774,,,0.6918841996969081
1710,1001,13,5,0.6,0.2,1000,restricted_10,aggregation,0.773033226853774,,,0.6902051053576054
1711,1001,13,5,0.6,0.2,1000,restricted_10,aggregation,0.773033226853774,,,0.6899482797295299
1712,1001,13,5,0.6,0.2,1000,restricted_10,aggregation,0.773033226853774,,,0.6896062681300181
1713,1001,13,5,0.6,0.2,1000,restricted_10,aggregation,0.773033226853774,,,0.691276121324663
1714,1001,13,5,0.6,0.2,1000,restricted_10,aggregation,0.773033226853774,,,0.6902630842074592
1715,1001,13,5,0.6,0.2,1000,restricted_10,aggregation,0.773033226853774,,,0.6903847772674857
1716,1001,13,5,0.6,0.2,1000,restricted_10,aggregation,0.7732749710887457,,,0.6915936461609379
1717,1001,13,5,0.6,0.2,1000,restricted_10,aggregation,0.773033226853774,,,0.691514266936767
1718,1001,13,5,0.6,0.2,1000,restricted_10,aggregation,0.773033226853774,,,0.6915905289001123
1719,1001,13,5,0.6,0.2,1000,restricted_10,aggregation,0.773033226853774,,,0.6885307500909584
1720,1001,13,5,0.6,0.2,1000,restricted_10,aggregation,0.7735403137924142,,,0.6939129507221173
1721,1001,13,5,0.6,0.2,1000,restricted_10,aggregation,0.773033226853774,,,0.6914880079102995
1722,1001,13,5,0.6,0.2,1000,restricted_10,aggregation,0.7732258478534395,,,0.6923851873820625
1723,1001,13,5,0.6,0.2,1000,restricted_10,aggregation,0.773033226853774,,,0.6915471548050716
1724,1001,13,5,0.6,0.2,1000,restricted_10,aggregation,0.7733117053006769,,,0.6922948842130092
1725,1001,13,5,0.6,0.2,1000,restricted_10,aggregation,0.773033226853774,,,0.689677710044585
1726,1001,13,5,0.6,0.2,1000,restricted_10,aggregation,0.773033226853774,,,0.689102113750447
1727,1001,13,5,0.6,0.2,1000,restricted_10,aggregation,0.773033226853774,,,0.6907468727722895
1728,1001,13,5,0.6,0.2,1000,restricted_10,aggregation,0.7735804578021035,,,0.6928753081332248
1729,1001,13,5,0.6,0.2,1000,restricted_10,aggregation,0.773033226853774,,,0.6916436167382001
1730,1001,13,5,0.6,0.2,1000,restricted_10,aggregation,0.7731929266479907,,,0.6920548180214846
1731,1001,13,5,0.6,0.2,1000,restricted_10,aggregation,0.773033226853774,,,0.6904985009357926
1732,1001,13,5,0.6,0.2,1000,restricted_10,aggregation,0.773033226853774,,,0.6899341371514287
1733,1001,13,5,0.6,0.2,1000,restricted_10,aggregation,0.773033226853774,,,0.691532755338797
1734,1001,13,5,0.6,0.2,1000,restricted_10,aggregation,0.773033226853774,,,0.6875976262780429
1735,1001,13,5,0.6,0.2,1000,restricted_10,aggregation,0.773033226853774,,,0.6906859899745316
1736,1001,13,5,0.6,0.2,1000,restricted_10,aggregation,0.773033226853774,,,0.690075077006327
1737,1001,13,5,0.6,0.2,1000,restricted_10,aggregation,0.773033226853774,,,0.6916405248301082
1738,1001,13,5,0.6,0.2,1000,restricted_10,aggregation,0.773033226853774,,,0.692491886932512
1739,1001,13,5,0.6,0.2,1000,restricted_10,aggregation,0.773033226853774,,,0.6906542967295051
1740,1001,13,5,0.6,0.2,1000,restricted_10,aggregation,0.773033226853774,,,0.6906687501310418
1741,1001,13,5,0.6,0.2,1000,restricted_10,aggregation,0.773033226853774,,,0.6908694082923249
1742,1001,13,5,0.6,0.2,1000,restricted_10,aggregation,0.773033226853774,,,0.6909124284511784
1743,1001,13,5,0.6,0.2,1000,restricted_10,aggregation,0.773033226853774,,,0.6901431462673131
1744,1001,13,5,0.6,0.2,1000,restricted_10,aggregation,0.773033226853774,,,0.6917387275687276
1745,1001,13,5,0.6,0.2,1000,restricted_10,aggregation,0.773033226853774,,,0.6904439365572699
1746,1001,13,5,0.6,0.2,1000,restricted_10,aggregation,0.773033226853774,,,0.6894745487382987
1747,1001,13,5,0.6,0.2,1000,restricted_10,aggregation,0.773033226853774,,,0.6905765053156719
1748,1001,13,5,0.6,0.2,1000,restricted_10,aggregation,0.773033226853774,,,0.6907844193615028
1749,1001,13,5,0.6,0.2,1000,restricted_10,aggregation,0.773033226853774,,,0.6912068224136975
1750,1001,13,5,0.6,0.2,1000,restricted_10,aggregation,0.773033226853774,,,0.6920248207502375
1751,1001,13,5,0.6,0.2,1000,restricted_10,aggregation,0.773033226853774,,,0.6919391423776842
1752,1001,13,5,0.6,0.2,1000,restricted_10,aggregation,0.773033226853774,,,0.6902541168322418
1753,1001,13,5,0.6,0.2,1000,restricted_10,aggregation,0.773033226853774,,,0.6905928904660156
1754,1001,13,5,0.6,0.2,1000,restricted_10,aggregation,0.773033226853774,,,0.691477609396776
1755,1001,13,5,0.6,0.2,1000,restricted_10,aggregation,0.7731294881902501,,,0.6908281141235307
1756,1001,13,5,0.6,0.2,1000,restricted_10,aggregation,0.773033226853774,,,0.6918402902498736
1757,1001,13,5,0.6,0.2,1000,restricted_10,aggregation,0.773033226853774,,,0.690451793969919
1758,1001,13,5,0.6,0.2,1000,restricted_10,aggregation,0.773033226853774,,,0.6923528749259998
1759,1001,13,5,0.6,0.2,1000,restricted_10,aggregation,0.773033226853774,,,0.6892177901804984
1760,1001,13,5,0.6,0.2,1000,restricted_10,aggregation,0.773033226853774,,,0.6902728818557986
1761,1001,13,5,0.6,0.2,1000,restricted_10,aggregation,0.773033226853774,,,0.6892531603427436
1762,1001,13,5,0.6,0.2,1000,restricted_10,aggregation,0.7731470072044545,,,0.6915074005469839
1763,1001,13,5,0.6,0.2,1000,restricted_10,aggregation,0.773033226853774,,,0.6909825176675177
1764,1001,13,5,0.6,0.2,1000,restricted_10,aggregation,0.773033226853774,,,0.6914444420317336
1765,1001,13,5,0.6,0.2,1000,restricted_10,aggregation,0.773033226853774,,,0.6904321516369433
1766,1001,13,5,0.6,0.2,1000,restricted_10,aggregation,0.773033226853774,,,0.6909017010921177
1767,1001,13,5,0.6,0.2,1000,restricted_10,aggregation,0.773033226853774,,,0.6908793450685118
1768,1001,13,5,0.6,0.2,1000,restricted_10,aggregation,0.773033226853774,,,0.6898338415134249
1769,1001,13,5,0.6,0.2,1000,restricted_10,aggregation,0.773033226853774,,,0.6909993983254401
1770,1001,13,5,0.6,0.2,1000,restricted_10,aggregation,0.773033226853774,,,0.692646953948829
1771,1001,13,5,0.6,0.2,1000,restricted_10,aggregation,0.773033226853774,,,0.6909825982042649
1772,1001,13,5,0.6,0.2,1000,restricted_10,aggregation,0.773033226853774,,,0.6911006834754752
1773,1001,13,5,0.6,0.2,1000,restricted_10,aggregation,0.773033226853774,,,0.6902898459873461
1774,1001,13,5,0.6,0.2,1000,restricted_10,aggregation,0.773033226853774,,,0.6911110624637709
1775,1001,13,5,0.6,0.2,1000,restricted_10,aggregation,0.7731740213630061,,,0.6925612476181227
1776,1001,13,5,0.6,0.2,1000,restricted_10,aggregation,0.773033226853774,,,0.6896592280404781
1777,1001,13,5,0.6,0.2,1000,restricted_10,aggregation,0.773033226853774,,,0.6905465856751274
1778,1001,13,5,0.6,0.2,1000,restricted_10,aggregation,0.773033226853774,,,0.6914440555509306
1779,1001,13,5,0.6,0.2,1000,restricted_10,aggregation,0.773033226853774,,,0.6918905006567505
1780,1001,13,5,0.6,0.2,1000,restricted_10,aggregation,0.773033226853774,,,0.6909887836160752
1781,1001,13,5,0.6,0.2,1000,restricted_10,aggregation,0.773033226853774,,,0.6896617454998706
1782,1001,13,5,0.6,0.2,1000,restricted_10,aggregation,0.773033226853774,,,0.6909499923456174
1783,1001,13,5,0.6,0.2,1000,restricted_10,aggregation,0.773033226853774,,,0.690558784965035
1784,1001,13,5,0.6,0.2,1000,restricted_10,aggregation,0.773033226853774,,,0.691841357315524
1785,1001,13,5,0.6,0.2,1000,restricted_10,aggregation,0.773033226853774,,,0.6924257811864062
1786,1001,13,5,0.6,0.2,1000,restricted_10,aggregation,0.773033226853774,,,0.6919528744866245
1787,1001,13,5,0.6,0.2,1000,restricted_10,aggregation,0.773033226853774,,,0.6905403958464376
1788,1001,13,5,0.6,0.2,1000,restricted_10,aggregation,0.773033226853774,,,0.6901625344794096
1789,1001,13,5,0.6,0.2,1000,restricted_10,aggregation,0.773033226853774,,,0.6909264441345692
1790,1001,13,5,0.6,0.2,1000,restricted_10,aggregation,0.773033226853774,,,0.6905762526902111
1791,1001,13,5,0.6,0.2,1000,restricted_10,aggregation,0.773033226853774,,,0.6889459531594948
1792,1001,13,5,0.6,0.2,1000,restricted_10,aggregation,0.773033226853774,,,0.6913307625476375
1793,1001,13,5,0.6,0.2,1000,restricted_10,aggregation,0.773033226853774,,,0.6890760043428794
1794,1001,13,5,0.6,0.2,1000,restricted_10,aggregation,0.773033226853774,,,0.6884824647189232
1795,1001,13,5,0.6,0.2,1000,restricted_10,aggregation,0.773033226853774,,,0.6887609347751015
1796,1001,13,5,0.6,0.2,1000,restricted_10,aggregation,0.773033226853774,,,0.6892111138629888
1797,1001,13,5,0.6,0.2,1000,restricted_10,aggregation,0.773033226853774,,,0.6904300477608811
1798,1001,13,5,0.6,0.2,1000,restricted_10,aggregation,0.773033226853774,,,0.6894348212435712
1799,1001,13,5,0.6,0.2,1000,restricted_10,aggregation,0.7731340767497854,,,0.6895638402646735
1800,1001,13,5,0.6,0.2,1000,restricted_10,aggregation,0.7733399707224982,,,0.6919103653984904
1801,1001,13,5,0.6,0.2,1000,restricted_10,aggregation,0.7732847858939731,,,0.6929810749358665
1802,1001,13,5,0.6,0.2,1000,restricted_10,aggregation,0.773033226853774,,,0.6927495280259864
1803,1001,13,5,0.6,0.2,1000,restricted_10,aggregation,0.773033226853774,,,0.690158867259284
1804,1001,13,5,0.6,0.2,1000,restricted_10,aggregation,0.773033226853774,,,0.6897105449411699
1805,1001,13,5,0.6,0.2,1000,restricted_10,aggregation,0.773033226853774,,,0.6914792556671724
1806,1001,13,5,0.6,0.2,1000,restricted_10,aggregation,0.773033226853774,,,0.6908914873783625
1807,1001,13,5,0.6,0.2,1000,restricted_10,aggregation,0.773033226853774,,,0.6903944147750397
1808,1001,13,5,0.6,0.2,1000,restricted_10,aggregation,0.773033226853774,,,0.6911614776581444
1809,1001,13,5,0.6,0.2,1000,restricted_10,aggregation,0.773033226853774,,,0.6907831573287824
1810,1001,13,5,0.6,0.2,1000,restricted_10,aggregation,0.773033226853774,,,0.6885333261491596
1811,1001,13,5,0.6,0.2,1000,restricted_10,aggregation,0.773033226853774,,,0.6914781295325045
1812,1001,13,5,0.6,0.2,1000,restricted_10,aggregation,0.773033226853774,,,0.6912366088232754
1813,1001,13,5,0.6,0.2,1000,restricted_10,aggregation,0.773033226853774,,,0.6894305386897054
1814,1001,13,5,0.6,0.2,1000,restricted_10,aggregation,0.773033226853774,,,0.6899133240987408
1815,1001,13,5,0.6,0.2,1000,restricted_10,aggregation,0.773033226853774,,,0.690881555288847
1816,1001,13,5,0.6,0.2,1000,restricted_10,aggregation,0.773033226853774,,,0.6913556806388057
1817,1001,13,5,0.6,0.2,1000,restricted_10,aggregation,0.773033226853774,,,0.6904174821089404
1818,1001,13,5,0.6,0.2,1000,restricted_10,aggregation,0.773033226853774,,,0.6913393773972941
1819,1001,13,5,0.6,0.2,1000,restricted_10,aggregation,0.773033226853774,,,0.6896993919121003
1820,1001,13,5,0.6,0.2,1000,restricted_10,aggregation,0.7734081672710579,,,0.6930430269344853
1821,1001,13,5,0.6,0.2,1000,restricted_10,aggregation,0.773033226853774,,,0.6903110917477585
1822,1001,13,5,0.6,0.2,1000,restricted_10,aggregation,0.773033226853774,,,0.6894926343101343
1823,1001,13,5,0.6,0.2,1000,restricted_10,aggregation,0.773033226853774,,,0.6904306470766888
1824,1001,13,5,0.6,0.2,1000,restricted_10,aggregation,0.773033226853774,,,0.6922794571786238
1825,1001,13,5,0.6,0.2,1000,restricted_10,aggregation,0.773033226853774,,,0.6916311511096928
1826,1001,13,5,0.6,0.2,1000,restricted_10,aggregation,0.773033226853774,,,0.689319544992045
1827,1001,13,5,0.6,0.2,1000,restricted_10,aggregation,0.773033226853774,,,0.6922823655048655
1828,1001,13,5,0.6,0.2,1000,restricted_10,aggregation,0.773033226853774,,,0.6899833540610623
1829,1001,13,5,0.6,0.2,1000,restricted_10,aggregation,0.773033226853774,,,0.688683541921042
1830,1001,13,5,0.6,0.2,1000,restricted_10,aggregation,0.773033226853774,,,0.6907618933150185
1831,1001,13,5,0.6,0.2,1000,restricted_10,aggregation,0.773033226853774,,,0.6892359105400773
1832,1001,13,5,0.6,0.2,1000,restricted_10,aggregation,0.773033226853774,,,0.6904514876250293
1833,1001,13,5,0.6,0.2,1000,restricted_10,aggregation,0.773033226853774,,,0.6907102901959152
1834,1001,13,5,0.6,0.2,1000,restricted_10,aggregation,0.773033226853774,,,0.6902305460665877
1835,1001,13,5,0.6,0.2,1000,restricted_10,aggregation,0.773033226853774,,,0.691168682644516
1836,1001,13,5,0.6,0.2,1000,restricted_10,aggregation,0.773033226853774,,,0.6908089359560193
1837,1001,13,5,0.6,0.2,1000,restricted_10,aggregation,0.773033226853774,,,0.6915172458868293
1838,1001,13,5,0.6,0.2,1000,restricted_10,aggregation,0.773033226853774,,,0.6921060726464894
1839,1001,13,5,0.6,0.2,1000,restricted_10,aggregation,0.773033226853774,,,0.6888500088183421
1840,1001,13,5,0.6,0.2,1000,restricted_10,aggregation,0.773033226853774,,,0.6905478609507776
1841,1001,13,5,0.6,0.2,1000,restricted_10,aggregation,0.773033226853774,,,0.6899847694512278
1842,1001,13,5,0.6,0.2,1000,restricted_10,aggregation,0.773033226853774,,,0.6878678115788532
1843,1001,13,5,0.6,0.2,1000,restricted_10,aggregation,0.773033226853774,,,0.6905229381343965
1844,1001,13,5,0.6,0.2,1000,restricted_10,aggregation,0.7731951586194888,,,0.6922953318826235
1845,1001,13,5,0.6,0.2,1000,restricted_10,aggregation,0.773033226853774,,,0.6912282772628606
1846,1001,13,5,0.6,0.2,1000,restricted_10,aggregation,0.773033226853774,,,0.6905029457887791
1847,1001,13,5,0.6,0.2,1000,restricted_10,aggregation,0.773033226853774,,,0.69143488179259
1848,1001,13,5,0.6,0.2,1000,restricted_10,aggregation,0.7731465781481361,,,0.6922239991875409
1849,1001,13,5,0.6,0.2,1000,restricted_10,aggregation,0.773033226853774,,,0.6903229802836053
1850,1001,13,5,0.6,0.2,1000,restricted_10,aggregation,0.773033226853774,,,0.692107983397775
1851,1001,13,5,0.6,0.2,1000,restricted_10,aggregation,0.773033226853774,,,0.6914591551118635
1852,1001,13,5,0.6,0.2,1000,restricted_10,aggregation,0.7732258478534395,,,0.6920604475154475
1853,1001,13,5,0.6,0.2,1000,restricted_10,aggregation,0.7731768463403222,,,0.6911030035473786
1854,1001,13,5,0.6,0.2,1000,restricted_10,aggregation,0.773033226853774,,,0.6919223638398637
1855,1001,13,5,0.6,0.2,1000,restricted_10,aggregation,0.773033226853774,,,0.6889611644065812
1856,1001,13,5,0.6,0.2,1000,restricted_10,aggregation,0.7731294881902501,,,0.6902706619614952
1857,1001,13,5,0.6,0.2,1000,restricted_10,aggregation,0.773033226853774,,,0.691243879492421
1858,1001,13,5,0.6,0.2,1000,restricted_10,aggregation,0.7731319780507003,,,0.6907533520646021
1859,1001,13,5,0.6,0.2,1000,restricted_10,aggregation,0.773033226853774,,,0.6905412320858154
1860,1001,13,5,0.6,0.2,1000,restricted_10,aggregation,0.773033226853774,,,0.6917836843095176
1861,1001,13,5,0.6,0.2,1000,restricted_10,aggregation,0.773033226853774,,,0.6915967599607182
1862,1001,13,5,0.6,0.2,1000,restricted_10,aggregation,0.773033226853774,,,0.6897504053199887
1863,1001,13,5,0.6,0.2,1000,restricted_10,aggregation,0.773033226853774,,,0.6895889249870499
1864,1001,13,5,0.6,0.2,1000,restricted_10,aggregation,0.773033226853774,,,0.6919574485005735
1865,1001,13,5,0.6,0.2,1000,restricted_10,aggregation,0.773033226853774,,,0.6908767781601115
1866,1001,13,5,0.6,0.2,1000,restricted_10,aggregation,0.773033226853774,,,0.6904298386027552
1867,1001,13,5,0.6,0.2,1000,restricted_10,aggregation,0.773033226853774,,,0.6894331759135927
1868,1001,13,5,0.6,0.2,1000,restricted_10,aggregation,0.773033226853774,,,0.6897888632740716
1869,1001,13,5,0.6,0.2,1000,restricted_10,aggregation,0.773033226853774,,,0.6904140901690903
1870,1001,13,5,0.6,0.2,1000,restricted_10,aggregation,0.7732438954559873,,,0.6926994557063307
1871,1001,13,5,0.6,0.2,1000,restricted_10,aggregation,0.773033226853774,,,0.6907681656769157
1872,1001,13,5,0.6,0.2,1000,restricted_10,aggregation,0.773033226853774,,,0.6894097247582665
1873,1001,13,5,0.6,0.2,1000,restricted_10,aggregation,0.773033226853774,,,0.6919907627711794
1874,1001,13,5,0.6,0.2,1000,restricted_10,aggregation,0.773033226853774,,,0.6919837058003725
1875,1001,13,5,0.6,0.2,1000,restricted_10,aggregation,0.773208483830027,,,0.6910504198270866
1876,1001,13,5,0.6,0.2,1000,restricted_10,aggregation,0.773033226853774,,,0.6894555475465892
1877,1001,13,5,0.6,0.2,1000,restricted_10,aggregation,0.7736729999863229,,,0.6919654390208557
1878,1001,13,5,0.6,0.2,1000,restricted_10,aggregation,0.773033226853774,,,0.6911390147352648
1879,1001,13,5,0.6,0.2,1000,restricted_10,aggregation,0.773033226853774,,,0.6889185865985865
1880,1001,13,5,0.6,0.2,1000,restricted_10,aggregation,0.773033226853774,,,0.6899136484734402
1881,1001,13,5,0.6,0.2,1000,restricted_10,aggregation,0.773033226853774,,,0.6913060619473119
1882,1001,13,5,0.6,0.2,1000,restricted_10,aggregation,0.773033226853774,,,0.6910896794023877
1883,1001,13,5,0.6,0.2,1000,restricted_10,aggregation,0.773033226853774,,,0.6904114549108299
1884,1001,13,5,0.6,0.2,1000,restricted_10,aggregation,0.773033226853774,,,0.6924279022674856
1885,1001,13,5,0.6,0.2,1000,restricted_10,aggregation,0.773033226853774,,,0.6890676819245569
1886,1001,13,5,0.6,0.2,1000,restricted_10,aggregation,0.773033226853774,,,0.6895505591476425
1887,1001,13,5,0.6,0.2,1000,restricted_10,aggregation,0.773033226853774,,,0.6933010408341659
1888,1001,13,5,0.6,0.2,1000,restricted_10,aggregation,0.773033226853774,,,0.6916194921128255
1889,1001,13,5,0.6,0.2,1000,restricted_10,aggregation,0.773033226853774,,,0.6915309227886312
1890,1001,13,5,0.6,0.2,1000,restricted_10,aggregation,0.773033226853774,,,0.6899380481247148
1891,1001,13,5,0.6,0.2,1000,restricted_10,aggregation,0.773033226853774,,,0.6911301558318225
1892,1001,13,5,0.6,0.2,1000,restricted_10,aggregation,0.773033226853774,,,0.6921788915482666
1893,1001,13,5,0.6,0.2,1000,restricted_10,aggregation,0.7730946709276294,,,0.6902129484866986
1894,1001,13,5,0.6,0.2,1000,restricted_10,aggregation,0.773033226853774,,,0.6924040940078441
1895,1001,13,5,0.6,0.2,1000,restricted_10,aggregation,0.773033226853774,,,0.6891740325569493
1896,1001,13,5,0.6,0.2,1000,restricted_10,aggregation,0.773033226853774,,,0.6904923002691753
1897,1001,13,5,0.6,0.2,1000,restricted_10,aggregation,0.773033226853774,,,0.6902137661335579
1898,1001,13,5,0.6,0.2,1000,restricted_10,aggregation,0.773033226853774,,,0.6907446580425747
1899,1001,13,5,0.6,0.2,1000,restricted_10,aggregation,0.773033226853774,,,0.6899427514229598
1900,1001,13,5,0.6,0.2,1000,restricted_10,aggregation,0.773033226853774,,,0.6913513652011569
1901,1001,13,5,0.6,0.2,1000,restricted_10,aggregation,0.773033226853774,,,0.6900206404243905
1902,1001,13,5,0.6,0.2,1000,restricted_10,aggregation,0.773033226853774,,,0.6892201689051689
1903,1001,13,5,0.6,0.2,1000,restricted_10,aggregation,0.773033226853774,,,0.6906465359486192
1904,1001,13,5,0.6,0.2,1000,restricted_10,aggregation,0.773033226853774,,,0.6926431224639558
1905,1001,13,5,0.6,0.2,1000,restricted_10,aggregation,0.7732438954559873,,,0.6921772968697969
1906,1001,13,5,0.6,0.2,1000,restricted_10,aggregation,0.773033226853774,,,0.690843561947312
1907,1001,13,5,0.6,0.2,1000,restricted_10,aggregation,0.773033226853774,,,0.6923096113377363
1908,1001,13,5,0.6,0.2,1000,restricted_10,aggregation,0.773033226853774,,,0.6925711400250982
1909,1001,13,5,0.6,0.2,1000,restricted_10,aggregation,0.773033226853774,,,0.6892960450891702
1910,1001,13,5,0.6,0.2,1000,restricted_10,aggregation,0.773033226853774,,,0.6897033128985213
1911,1001,13,5,0.6,0.2,1000,restricted_10,aggregation,0.773033226853774,,,0.6911405695153612
1912,1001,13,5,0.6,0.2,1000,restricted_10,aggregation,0.773033226853774,,,0.6919983071172654
1913,1001,13,5,0.6,0.2,1000,restricted_10,aggregation,0.773033226853774,,,0.6906618309391226
1914,1001,13,5,0.6,0.2,1000,restricted_10,aggregation,0.773033226853774,,,0.6901156370789705
1915,1001,13,5,0.6,0.2,1000,restricted_10,aggregation,0.773033226853774,,,0.6911664147812064
1916,1001,13,5,0.6,0.2,1000,restricted_10,aggregation,0.773033226853774,,,0.6902370429647513
1917,1001,13,5,0.6,0.2,1000,restricted_10,aggregation,0.773033226853774,,,0.6908651649816233
1918,1001,13,5,0.6,0.2,1000,restricted_10,aggregation,0.773033226853774,,,0.6904302223548058
1919,1001,13,5,0.6,0.2,1000,restricted_10,aggregation,0.773033226853774,,,0.6908631191108275
1920,1001,13,5,0.6,0.2,1000,restricted_10,aggregation,0.773033226853774,,,0.6890990753999087
1921,1001,13,5,0.6,0.2,1000,restricted_10,aggregation,0.773033226853774,,,0.6915883498214749
1922,1001,13,5,0.6,0.2,1000,restricted_10,aggregation,0.773033226853774,,,0.6910837920335837
1923,1001,13,5,0.6,0.2,1000,restricted_10,aggregation,0.7731573787772197,,,0.6911684734786818
1924,1001,13,5,0.6,0.2,1000,restricted_10,aggregation,0.773033226853774,,,0.6899438620099038
1925,1001,13,5,0.6,0.2,1000,restricted_10,aggregation,0.773033226853774,,,0.6915153443547194
1926,1001,13,5,0.6,0.2,1000,restricted_10,aggregation,0.773033226853774,,,0.6920360881248381
1927,1001,13,5,0.6,0.2,1000,restricted_10,aggregation,0.773033226853774,,,0.6922235286858205
1928,1001,13,5,0.6,0.2,1000,restricted_10,aggregation,0.773033226853774,,,0.6891574425111925
1929,1001,13,5,0.6,0.2,1000,restricted_10,aggregation,0.7732110656957171,,,0.6923851554772389
1930,1001,13,5,0.6,0.2,1000,restricted_10,aggregation,0.773033226853774,,,0.6911347439134939
1931,1001,13,5,0.6,0.2,1000,restricted_10,aggregation,0.773033226853774,,,0.6911193360728778
1932,1001,13,5,0.6,0.2,1000,restricted_10,aggregation,0.773033226853774,,,0.6914760679983598
1933,1001,13,5,0.6,0.2,1000,restricted_10,aggregation,0.773033226853774,,,0.6908531605354521
1934,1001,13,5,0.6,0.2,1000,restricted_10,aggregation,0.773033226853774,,,0.6882978379876297
1935,1001,13,5,0.6,0.2,1000,restricted_10,aggregation,0.773033226853774,,,0.6904720537333037
1936,1001,13,5,0.6,0.2,1000,restricted_10,aggregation,0.773033226853774,,,0.6904049063051148
1937,1001,13,5,0.6,0.2,1000,restricted_10,aggregation,0.773033226853774,,,0.6921549178367928
1938,1001,13,5,0.6,0.2,1000,restricted_10,aggregation,0.773033226853774,,,0.6921153135290635
1939,1001,13,5,0.6,0.2,1000,restricted_10,aggregation,0.773033226853774,,,0.6901442414992416
1940,1001,13,5,0.6,0.2,1000,restricted_10,aggregation,0.773033226853774,,,0.690516821272863
1941,1001,13,5,0.6,0.2,1000,restricted_10,aggregation,0.773033226853774,,,0.6923631103001937
1942,1001,13,5,0.6,0.2,1000,restricted_10,aggregation,0.7731634215101075,,,0.6925729161270828
1943,1001,13,5,0.6,0.2,1000,restricted_10,aggregation,0.773033226853774,,,0.6905294542109125
1944,1001,13,5,0.6,0.2,1000,restricted_10,aggregation,0.773033226853774,,,0.6920956110864445
1945,1001,13,5,0.6,0.2,1000,restricted_10,aggregation,0.773033226853774,,,0.6901798713940381
1946,1001,13,5,0.6,0.2,1000,restricted_10,aggregation,0.773033226853774,,,0.691466077248369
1947,1001,13,5,0.6,0.2,1000,restricted_10,aggregation,0.773033226853774,,,0.6920219744915578
1948,1001,13,5,0.6,0.2,1000,restricted_10,aggregation,0.773033226853774,,,0.6903897137661722
1949,1001,13,5,0.6,0.2,1000,restricted_10,aggregation,0.773033226853774,,,0.6906166659652077
1950,1001,13,5,0.6,0.2,1000,restricted_10,aggregation,0.773033226853774,,,0.6905023072991823
1951,1001,13,5,0.6,0.2,1000,restricted_10,aggregation,0.773033226853774,,,0.6904362874933709
1952,1001,13,5,0.6,0.2,1000,restricted_10,aggregation,0.773033226853774,,,0.6913948424183841
1953,1001,13,5,0.6,0.2,1000,restricted_10,aggregation,0.773033226853774,,,0.6908232832753666
1954,1001,13,5,0.6,0.2,1000,restricted_10,aggregation,0.7731941654276486,,,0.6918518273470357
1955,1001,13,5,0.6,0.2,1000,restricted_10,aggregation,0.773033226853774,,,0.6929974596622513
1956,1001,13,5,0.6,0.2,1000,restricted_10,aggregation,0.773033226853774,,,0.6904169650180066
1957,1001,13,5,0.6,0.2,1000,restricted_10,aggregation,0.773033226853774,,,0.6903312016687018
1958,1001,13,5,0.6,0.2,1000,restricted_10,aggregation,0.773033226853774,,,0.6895701720887137
1959,1001,13,5,0.6,0.2,1000,restricted_10,aggregation,0.773033226853774,,,0.6907559818499402
1960,1001,13,5,0.6,0.2,1000,restricted_10,aggregation,0.773033226853774,,,0.6904068355410021
1961,1001,13,5,0.6,0.2,1000,restricted_10,aggregation,0.773033226853774,,,0.6906694772357272
1962,1001,13,5,0.6,0.2,1000,restricted_10,aggregation,0.773208483830027,,,0.6918579742710994
1963,1001,13,5,0.6,0.2,1000,restricted_10,aggregation,0.773033226853774,,,0.6916031433998101
1964,1001,13,5,0.6,0.2,1000,restricted_10,aggregation,0.773033226853774,,,0.6900029633637967
1965,1001,13,5,0.6,0.2,1000,restricted_10,aggregation,0.773033226853774,,,0.6917708816337984
1966,1001,13,5,0.6,0.2,1000,restricted_10,aggregation,0.773033226853774,,,0.6913174262388846
1967,1001,13,5,0.6,0.2,1000,restricted_10,aggregation,0.773033226853774,,,0.6915728396295062
1968,1001,13,5,0.6,0.2,1000,restricted_10,aggregation,0.773033226853774,,,0.6905230918772586
1969,1001,13,5,0.6,0.2,1000,restricted_10,aggregation,0.773033226853774,,,0.6895342228835979
1970,1001,13,5,0.6,0.2,1000,restricted_10,aggregation,0.773033226853774,,,0.690196095694429
1971,1001,13,5,0.6,0.2,1000,restricted_10,aggregation,0.7733471556118886,,,0.6932206014664348
1972,1001,13,5,0.6,0.2,1000,restricted_10,aggregation,0.773033226853774,,,0.6910113255494507
1973,1001,13,5,0.6,0.2,1000,restricted_10,aggregation,0.773033226853774,,,0.6904923031675115
1974,1001,13,5,0.6,0.2,1000,restricted_10,aggregation,0.773033226853774,,,0.6918959616463783
1975,1001,13,5,0.6,0.2,1000,restricted_10,aggregation,0.773033226853774,,,0.6911246802194718
1976,1001,13,5,0.6,0.2,1000,restricted_10,aggregation,0.7732448377091494,,,0.6918791278166279
1977,1001,13,5,0.6,0.2,1000,restricted_10,aggregation,0.7731618067879431,,,0.6917653381957549
1978,1001,13,5,0.6,0.2,1000,restricted_10,aggregation,0.773033226853774,,,0.6923918676385343
1979,1001,13,5,0.6,0.2,1000,restricted_10,aggregation,0.773033226853774,,,0.688877939097939
1980,1001,13,5,0.6,0.2,1000,restricted_10,aggregation,0.773033226853774,,,0.6910743151601485
1981,1001,13,5,0.6,0.2,1000,restricted_10,aggregation,0.773033226853774,,,0.6899637687312686
1982,1001,13,5,0.6,0.2,1000,restricted_10,aggregation,0.773033226853774,,,0.690924344960595
1983,1001,13,5,0.6,0.2,1000,restricted_10,aggregation,0.773033226853774,,,0.6911421481142315
1984,1001,13,5,0.6,0.2,1000,restricted_10,aggregation,0.773033226853774,,,0.6896078784564201
1985,1001,13,5,0.6,0.2,1000,restricted_10,aggregation,0.773033226853774,,,0.6906686414973915
1986,1001,13,5,0.6,0.2,1000,restricted_10,aggregation,0.7731340767497854,,,0.6900874852154019
1987,1001,13,5,0.6,0.2,1000,restricted_10,aggregation,0.7732456229860012,,,0.6918872845827013
1988,1001,13,5,0.6,0.2,1000,restricted_10,aggregation,0.773033226853774,,,0.6903670928377178
1989,1001,13,5,0.6,0.2,1000,restricted_10,aggregation,0.773033226853774,,,0.6922371737984239
1990,1001,13,5,0.6,0.2,1000,restricted_10,aggregation,0.773033226853774,,,0.690327608625942
1991,1001,13,5,0.6,0.2,1000,restricted_10,aggregation,0.773033226853774,,,0.6917730656380656
1992,1001,13,5,0.6,0.2,1000,restricted_10,aggregation,0.773033226853774,,,0.690640106883857
1993,1001,13,5,0.6,0.2,1000,restricted_10,aggregation,0.773033226853774,,,0.6918704929175762
1994,1001,13,5,0.6,0.2,1000,restricted_10,aggregation,0.773033226853774,,,0.6915593141734808
1995,1001,13,5,0.6,0.2,1000,restricted_10,aggregation,0.773033226853774,,,0.6892858820808822
1996,1001,13,5,0.6,0.2,1000,restricted_10,aggregation,0.773033226853774,,,0.6905230659078575
1997,1001,13,5,0.6,0.2,1000,restricted_10,aggregation,0.773033226853774,,,0.6897917603461354
1998,1001,13,5,0.6,0.2,1000,restricted_10,aggregation,0.773386479128136,,,0.6928587471864555
1999,1001,13,5,0.6,0.2,1000,restricted_10,aggregation,0.7731722354955577,,,0.6912141261516261
2000,1001,13,5,0.6,0.2,1000,restricted_20,aggregation,0.7808142477413885,,,0.6984589084989085
2001,1001,13,5,0.6,0.2,1000,restricted_20,aggregation,0.7797368220760839,,,0.6974693209876544
2002,1001,13,5,0.6,0.2,1000,restricted_20,aggregation,0.7786807729807236,,,0.6970003473609724
2003,1001,13,5,0.6,0.2,1000,restricted_20,aggregation,0.7777284118437346,,,0.6968010453281287
2004,1001,13,5,0.6,0.2,1000,restricted_20,aggregation,0.7772328061739868,,,0.6962167619725953
2005,1001,13,5,0.6,0.2,1000,restricted_20,aggregation,0.7774282715574059,,,0.6963895893227143
2006,1001,13,5,0.6,0.2,1000,restricted_20,aggregation,0.7808079208024539,,,0.6979958390297974
2007,1001,13,5,0.6,0.2,1000,restricted_20,aggregation,0.7745314709850208,,,0.6946977327687744
2008,1001,13,5,0.6,0.2,1000,restricted_20,aggregation,0.7795289935138487,,,0.6979027064524982
2009,1001,13,5,0.6,0.2,1000,restricted_20,aggregation,0.7763150360433457,,,0.696024177681886
2010,1001,13,5,0.6,0.2,1000,restricted_20,aggregation,0.7799394043984484,,,0.6975627362683612
2011,1001,13,5,0.6,0.2,1000,restricted_20,aggregation,0.7787476821358146,,,0.6975924307559724
2012,1001,13,5,0.6,0.2,1000,restricted_20,aggregation,0.7805732411627868,,,0.6981171343317177
2013,1001,13,5,0.6,0.2,1000,restricted_20,aggregation,0.7786087062468132,,,0.6972433807627558
2014,1001,13,5,0.6,0.2,1000,restricted_20,aggregation,0.7793559304464995,,,0.6980356700398367
2015,1001,13,5,0.6,0.2,1000,restricted_20,aggregation,0.7797971187688195,,,0.6974048842823842
2016,1001,13,5,0.6,0.2,1000,restricted_20,aggregation,0.7791424807039744,,,0.6975183329710414
2017,1001,13,5,0.6,0.2,1000,restricted_20,aggregation,0.7804824516132627,,,0.6981499363907697
2018,1001,13,5,0.6,0.2,1000,restricted_20,aggregation,0.7784675514485393,,,0.6967565589426006
2019,1001,13,5,0.6,0.2,1000,restricted_20,aggregation,0.7808442551401827,,,0.6982146483377734
2020,1001,13,5,0.6,0.2,1000,restricted_20,aggregation,0.7783761971063273,,,0.6970326830499747
2021,1001,13,5,0.6,0.2,1000,restricted_20,aggregation,0.780024073288384,,,0.697385341317633
2022,1001,13,5,0.6,0.2,1000,restricted_20,aggregation,0.778395883194813,,,0.6969894605086271
2023,1001,13,5,0.6,0.2,1000,restricted_20,aggregation,0.775161773822972,,,0.6952740132938049
2024,1001,13,5,0.6,0.2,1000,restricted_20,aggregation,0.782439507775476,,,0.6986409073025739
2025,1001,13,5,0.6,0.2,1000,restricted_20,aggregation,0.7774994396813283,,,0.6963853727830811
2026,1001,13,5,0.6,0.2,1000,restricted_20,aggregation,0.7779549126543702,,,0.6971019916426167
2027,1001,13,5,0.6,0.2,1000,restricted_20,aggregation,0.7785451589492031,,,0.6973896829636415
2028,1001,13,5,0.6,0.2,1000,restricted_20,aggregation,0.7789633095621907,,,0.6974671975632392
2029,1001,13,5,0.6,0.2,1000,restricted_20,aggregation,0.7804131620236937,,,0.6981275738690322
2030,1001,13,5,0.6,0.2,1000,restricted_20,aggregation,0.7786997826607902,,,0.6971966341297592
2031,1001,13,5,0.6,0.2,1000,restricted_20,aggregation,0.7799394479727323,,,0.6975743431568431
2032,1001,13,5,0.6,0.2,1000,restricted_20,aggregation,0.7794045151417048,,,0.6978387715139799
2033,1001,13,5,0.6,0.2,1000,restricted_20,aggregation,0.778105198640518,,,0.696997568326735
2034,1001,13,5,0.6,0.2,1000,restricted_20,aggregation,0.7816854846398968,,,0.6984172298149381
2035,1001,13,5,0.6,0.2,1000,restricted_20,aggregation,0.7781955028815649,,,0.6968725984971819
2036,1001,13,5,0.6,0.2,1000,restricted_20,aggregation,0.7757502462415621,,,0.6962669689878024
2037,1001,13,5,0.6,0.2,1000,restricted_20,aggregation,0.7779581965763698,,,0.6967300900796735
2038,1001,13,5,0.6,0.2,1000,restricted_20,aggregation,0.781616926948926,,,0.6985592459161211
2039,1001,13,5,0.6,0.2,1000,restricted_20,aggregation,0.7797689772728414,,,0.6979958674427424
2040,1001,13,5,0.6,0.2,1000,restricted_20,aggregation,0.7795375109668063,,,0.697630138958264
2041,1001,13,5,0.6,0.2,1000,restricted_20,aggregation,0.7750823059561749,,,0.6956316780364696
2042,1001,13,5,0.6,0.2,1000,restricted_20,aggregation,0.7793579069306161,,,0.6977086882793133
2043,1001,13,5,0.6,0.2,1000,restricted_20,aggregation,0.7773571610410852,,,0.696203231390523
2044,1001,13,5,0.6,0.2,1000,restricted_20,aggregation,0.7764109774772442,,,0.695923115549574
2045,1001,13,5,0.6,0.2,1000,restricted_20,aggregation,0.780165291891385,,,0.6974954443319028
2046,1001,13,5,0.6,0.2,1000,restricted_20,aggregation,0.7798338599029961,,,0.6972963727938728
2047,1001,13,5,0.6,0.2,1000,restricted_20,aggregation,0.777455249996451,,,0.6966936222111223
2048,1001,13,5,0.6,0.2,1000,restricted_20,aggregation,0.781198320979133,,,0.6981509013748596
2049,1001,13,5,0.6,0.2,1000,restricted_20,aggregation,0.7804437765867145,,,0.6978787053841221
2050,1001,13,5,0.6,0.2,1000,restricted_20,aggregation,0.7768423398914679,,,0.6962171776757194
2051,1001,13,5,0.6,0.2,1000,restricted_20,aggregation,0.7790794835303778,,,0.6974654262635512
2052,1001,13,5,0.6,0.2,1000,restricted_20,aggregation,0.7787018814811877,,,0.6972207086432086
2053,1001,13,5,0.6,0.2,1000,restricted_20,aggregation,0.7799855807444595,,,0.6973435833919167
2054,1001,13,5,0.6,0.2,1000,restricted_20,aggregation,0.777927453398997,,,0.6969058363164613
2055,1001,13,5,0.6,0.2,1000,restricted_20,aggregation,0.7784235549586812,,,0.6968782115184199
2056,1001,13,5,0.6,0.2,1000,restricted_20,aggregation,0.7767814119319042,,,0.6956798177516927
2057,1001,13,5,0.6,0.2,1000,restricted_20,aggregation,0.7760502746948335,,,0.696613327675411
2058,1001,13,5,0.6,0.2,1000,restricted_20,aggregation,0.7782048607723893,,,0.6968394251890085
2059,1001,13,5,0.6,0.2,1000,restricted_20,aggregation,0.7781718511047426,,,0.6969124896862396
2060,1001,13,5,0.6,0.2,1000,restricted_20,aggregation,0.7759693809239897,,,0.6961024095503261
2061,1001,13,5,0.6,0.2,1000,restricted_20,aggregation,0.7739687654866092,,,0.6945093128091046
2062,1001,13,5,0.6,0.2,1000,restricted_20,aggregation,0.7786075932574023,,,0.696943519366436
2063,1001,13,5,0.6,0.2,1000,restricted_20,aggregation,0.7752384662962396,,,0.6957134185490434
2064,1001,13,5,0.6,0.2,1000,restricted_20,aggregation,0.7737625771154725,,,0.694972342102342
2065,1001,13,5,0.6,0.2,1000,restricted_20,aggregation,0.7776308954845369,,,0.6967543707989542
2066,1001,13,5,0.6,0.2,1000,restricted_20,aggregation,0.7793826406689356,,,0.6970175732754899
2067,1001,13,5,0.6,0.2,1000,restricted_20,aggregation,0.78054142020578,,,0.6978693469108054
2068,1001,13,5,0.6,0.2,1000,restricted_20,aggregation,0.7806980563061905,,,0.6985211176092426
2069,1001,13,5,0.6,0.2,1000,restricted_20,aggregation,0.782064749433504,,,0.6982991002593086
2070,1001,13,5,0.6,0.2,1000,restricted_20,aggregation,0.7768707229375345,,,0.6964147799654049
2071,1001,13,5,0.6,0.2,1000,restricted_20,aggregation,0.7793307454877063,,,0.6972992235927653
2072,1001,13,5,0.6,0.2,1000,restricted_20,aggregation,0.7784064519764831,,,0.6978236075652742
2073,1001,13,5,0.6,0.2,1000,restricted_20,aggregation,0.7769128165230373,,,0.6959839651937568
2074,1001,13,5,0.6,0.2,1000,restricted_20,aggregation,0.7749183620833952,,,0.6953492450373701
2075,1001,13,5,0.6,0.2,1000,restricted_20,aggregation,0.7776588399114411,,,0.6965544650102983
2076,1001,13,5,0.6,0.2,1000,restricted_20,aggregation,0.7796580823915953,,,0.6975617416842417
2077,1001,13,5,0.6,0.2,1000,restricted_20,aggregation,0.7770883687329679,,,0.6966931556406556
2078,1001,13,5,0.6,0.2,1000,restricted_20,aggregation,0.7811190019656247,,,0.6980761177788262
2079,1001,13,5,0.6,0.2,1000,restricted_20,aggregation,0.7777619579579119,,,0.6967050472367139
2080,1001,13,5,0.6,0.2,1000,restricted_20,aggregation,0.7793752898577067,,,0.6978902504440004
2081,1001,13,5,0.6,0.2,1000,restricted_20,aggregation,0.779106363425677,,,0.6970395387868304
2082,1001,13,5,0.6,0.2,1000,restricted_20,aggregation,0.7763449776351743,,,0.6962498775761276
2083,1001,13,5,0.6,0.2,1000,restricted_20,aggregation,0.7793178474569289,,,0.6970693071588906
2084,1001,13,5,0.6,0.2,1000,restricted_20,aggregation,0.7779628498674032,,,0.6971047321736905
2085,1001,13,5,0.6,0.2,1000,restricted_20,aggregation,0.7748087963641537,,,0.6955184730238897
2086,1001,13,5,0.6,0.2,1000,restricted_20,aggregation,0.7785380565972064,,,0.6969654440081523
2087,1001,13,5,0.6,0.2,1000,restricted_20,aggregation,0.7820839377176437,,,0.6986948318579568
2088,1001,13,5,0.6,0.2,1000,restricted_20,aggregation,0.7819938257416159,,,0.698667978988604
2089,1001,13,5,0.6,0.2,1000,restricted_20,aggregation,0.7754184710683028,,,0.6957650219302304
2090,1001,13,5,0.6,0.2,1000,restricted_20,aggregation,0.7809332247938202,,,0.6980832036482036
2091,1001,13,5,0.6,0.2,1000,restricted_20,aggregation,0.7806670110832878,,,0.6980180834674585
2092,1001,13,5,0.6,0.2,1000,restricted_20,aggregation,0.7779067151076304,,,0.6968890522748856
2093,1001,13,5,0.6,0.2,1000,restricted_20,aggregation,0.777436489442403,,,0.6961366792929293
2094,1001,13,5,0.6,0.2,1000,restricted_20,aggregation,0.7768368915274398,,,0.6964190700194867
2095,1001,13,5,0.6,0.2,1000,restricted_20,aggregation,0.7780047169166144,,,0.6970955801220385
2096,1001,13,5,0.6,0.2,1000,restricted_20,aggregation,0.7749218705092709,,,0.6951515022708773
2097,1001,13,5,0.6,0.2,1000,restricted_20,aggregation,0.7780524618793209,,,0.6970615940463858
2098,1001,13,5,0.6,0.2,1000,restricted_20,aggregation,0.778849728864935,,,0.6971682632953468
2099,1001,13,5,0.6,0.2,1000,restricted_20,aggregation,0.7779997627122425,,,0.6966451054501055
2100,1001,13,5,0.6,0.2,1000,restricted_20,aggregation,0.781256763667175,,,0.6984056121270705
2101,1001,13,5,0.6,0.2,1000,restricted_20,aggregation,0.7756282190203091,,,0.6955816127159877
2102,1001,13,5,0.6,0.2,1000,restricted_20,aggregation,0.7788449074601959,,,0.6973424470822387
2103,1001,13,5,0.6,0.2,1000,restricted_20,aggregation,0.7799550446831054,,,0.6976719055404472
2104,1001,13,5,0.6,0.2,1000,restricted_20,aggregation,0.7790187409402931,,,0.6970446296990047
2105,1001,13,5,0.6,0.2,1000,restricted_20,aggregation,0.7801950887104986,,,0.6980006179160345
2106,1001,13,5,0.6,0.2,1000,restricted_20,aggregation,0.7788071785810162,,,0.6966715831313748
2107,1001,13,5,0.6,0.2,1000,restricted_20,aggregation,0.7800346719423992,,,0.6977447110220028
2108,1001,13,5,0.6,0.2,1000,restricted_20,aggregation,0.7808158360821494,,,0.6982067126700461
2109,1001,13,5,0.6,0.2,1000,restricted_20,aggregation,0.7849016510493158,,,0.6999153872053872
2110,1001,13,5,0.6,0.2,1000,restricted_20,aggregation,0.7768551386954972,,,0.696681909965035
2111,1001,13,5,0.6,0.2,1000,restricted_20,aggregation,0.7774644903924758,,,0.6964731769773437
2112,1001,13,5,0.6,0.2,1000,restricted_20,aggregation,0.7808669416925897,,,0.6981125613815197
2113,1001,13,5,0.6,0.2,1000,restricted_20,aggregation,0.7758925216782095,,,0.6963306494431494
2114,1001,13,5,0.6,0.2,1000,restricted_20,aggregation,0.7793588008141069,,,0.6970864581714582
2115,1001,13,5,0.6,0.2,1000,restricted_20,aggregation,0.7793393015726691,,,0.6978544187062937
2116,1001,13,5,0.6,0.2,1000,restricted_20,aggregation,0.7784918819576799,,,0.6970583121199788
2117,1001,13,5,0.6,0.2,1000,restricted_20,aggregation,0.7754965289655232,,,0.6960516396874731
2118,1001,13,5,0.6,0.2,1000,restricted_20,aggregation,0.7763858864393581,,,0.6962119622661289
2119,1001,13,5,0.6,0.2,1000,restricted_20,aggregation,0.7769721243463974,,,0.6966015447284197
2120,1001,13,5,0.6,0.2,1000,restricted_20,aggregation,0.7818426649427735,,,0.6986321625057041
2121,1001,13,5,0.6,0.2,1000,restricted_20,aggregation,0.7803599498638744,,,0.6977089476958227
2122,1001,13,5,0.6,0.2,1000,restricted_20,aggregation,0.7820685514724007,,,0.6986258500989752
2123,1001,13,5,0.6,0.2,1000,restricted_20,aggregation,0.7811437762822854,,,0.6984662181645515
2124,1001,13,5,0.6,0.2,1000,restricted_20,aggregation,0.7816460026015842,,,0.6985779453108619
2125,1001,13,5,0.6,0.2,1000,restricted_20,aggregation,0.7759777215684589,,,0.696163527321444
2126,1001,13,5,0.6,0.2,1000,restricted_20,aggregation,0.7757950741167017,,,0.6958713706663706
2127,1001,13,5,0.6,0.2,1000,restricted_20,aggregation,0.7738596271299222,,,0.6945164854512772
2128,1001,13,5,0.6,0.2,1000,restricted_20,aggregation,0.7765300039749089,,,0.6963485115964282
2129,1001,13,5,0.6,0.2,1000,restricted_20,aggregation,0.7812478528662647,,,0.6981045677393592
2130,1001,13,5,0.6,0.2,1000,restricted_20,aggregation,0.777557240106961,,,0.6963594778292694
2131,1001,13,5,0.6,0.2,1000,restricted_20,aggregation,0.7743461996953703,,,0.695400693866319
2132,1001,13,5,0.6,0.2,1000,restricted_20,aggregation,0.7767801514400775,,,0.6961641749993833
2133,1001,13,5,0.6,0.2,1000,restricted_20,aggregation,0.7775200012792742,,,0.6966092860380361
2134,1001,13,5,0.6,0.2,1000,restricted_20,aggregation,0.7769141664338298,,,0.6968671753478003
2135,1001,13,5,0.6,0.2,1000,restricted_20,aggregation,0.7751040769250996,,,0.6955681699935866
2136,1001,13,5,0.6,0.2,1000,restricted_20,aggregation,0.778294784946587,,,0.6968936119821537
2137,1001,13,5,0.6,0.2,1000,restricted_20,aggregation,0.7789758169098233,,,0.6980179481244065
2138,1001,13,5,0.6,0.2,1000,restricted_20,aggregation,0.7784304943469554,,,0.6975407788970288
2139,1001,13,5,0.6,0.2,1000,restricted_20,aggregation,0.7772035663572503,,,0.6964910381979132
2140,1001,13,5,0.6,0.2,1000,restricted_20,aggregation,0.7780467954882989,,,0.6968225456025456
2141,1001,13,5,0.6,0.2,1000,restricted_20,aggregation,0.779286389052374,,,0.6973678635176552
2142,1001,13,5,0.6,0.2,1000,restricted_20,aggregation,0.7774328402529859,,,0.6967017828544912
2143,1001,13,5,0.6,0.2,1000,restricted_20,aggregation,0.7776335628130622,,,0.6970754703783871
2144,1001,13,5,0.6,0.2,1000,restricted_20,aggregation,0.7771796266567643,,,0.6965293540718541
2145,1001,13,5,0.6,0.2,1000,restricted_20,aggregation,0.7796038012227196,,,0.6975929909288243
2146,1001,13,5,0.6,0.2,1000,restricted_20,aggregation,0.7802192443307777,,,0.6974476768216351
2147,1001,13,5,0.6,0.2,1000,restricted_20,aggregation,0.7783760152365711,,,0.6971090614401031
2148,1001,13,5,0.6,0.2,1000,restricted_20,aggregation,0.7803887447849167,,,0.6976904964557049
2149,1001,13,5,0.6,0.2,1000,restricted_20,aggregation,0.7774486552072556,,,0.6968206697623365
2150,1001,13,5,0.6,0.2,1000,restricted_20,aggregation,0.7783503524850689,,,0.6968689065718232
2151,1001,13,5,0.6,0.2,1000,restricted_20,aggregation,0.7774270702210356,,,0.6967752888623722
2152,1001,13,5,0.6,0.2,1000,restricted_20,aggregation,0.7819063812134799,,,0.6987846117231533
2153,1001,13,5,0.6,0.2,1000,restricted_20,aggregation,0.778663335512944,,,0.6974898762502929
2154,1001,13,5,0.6,0.2,1000,restricted_20,aggregation,0.7757528560219517,,,0.6959335181870598
2155,1001,13,5,0.6,0.2,1000,restricted_20,aggregation,0.7778025541337924,,,0.6967025307871141
2156,1001,13,5,0.6,0.2,1000,restricted_20,aggregation,0.7757692246413401,,,0.6958470716474883
2157,1001,13,5,0.6,0.2,1000,restricted_20,aggregation,0.7755534016354626,,,0.6957919515823683
2158,1001,13,5,0.6,0.2,1000,restricted_20,aggregation,0.7827778636703555,,,0.6992482840539092
2159,1001,13,5,0.6,0.2,1000,restricted_20,aggregation,0.7794175868143346,,,0.6974957406019906
2160,1001,13,5,0.6,0.2,1000,restricted_20,aggregation,0.7786946423478828,,,0.6971584826978576
2161,1001,13,5,0.6,0.2,1000,restricted_20,aggregation,0.7770161598525133,,,0.6964512244545578
2162,1001,13,5,0.6,0.2,1000,restricted_20,aggregation,0.7755223555199919,,,0.6955104537437871
2163,1001,13,5,0.6,0.2,1000,restricted_20,aggregation,0.7827708875059485,,,0.6992461971901556
2164,1001,13,5,0.6,0.2,1000,restricted_20,aggregation,0.7791485425208723,,,0.6975970757714508
2165,1001,13,5,0.6,0.2,1000,restricted_20,aggregation,0.7775227849450426,,,0.6967805868437118
2166,1001,13,5,0.6,0.2,1000,restricted_20,aggregation,0.778340272859836,,,0.6971086071798572
2167,1001,13,5,0.6,0.2,1000,restricted_20,aggregation,0.7799055398078508,,,0.6977640040360874
2168,1001,13,5,0.6,0.2,1000,restricted_20,aggregation,0.7795111135186817,,,0.6978520267078602
2169,1001,13,5,0.6,0.2,1000,restricted_20,aggregation,0.784009631656381,,,0.6997976732757983
2170,1001,13,5,0.6,0.2,1000,restricted_20,aggregation,0.7818056623739253,,,0.6987132925562092
2171,1001,13,5,0.6,0.2,1000,restricted_20,aggregation,0.7793804003817624,,,0.6974491229141229
2172,1001,13,5,0.6,0.2,1000,restricted_20,aggregation,0.7807042344159407,,,0.6977192656803074
2173,1001,13,5,0.6,0.2,1000,restricted_20,aggregation,0.777929255230569,,,0.6970420188299354
2174,1001,13,5,0.6,0.2,1000,restricted_20,aggregation,0.7790691225904706,,,0.6969042034354535
2175,1001,13,5,0.6,0.2,1000,restricted_20,aggregation,0.7775745685502654,,,0.6967114129774545
2176,1001,13,5,0.6,0.2,1000,restricted_20,aggregation,0.7774762881226042,,,0.695882396885522
2177,1001,13,5,0.6,0.2,1000,restricted_20,aggregation,0.7804581846941308,,,0.6978965026408777
2178,1001,13,5,0.6,0.2,1000,restricted_20,aggregation,0.7787003826905149,,,0.6976248826790493
2179,1001,13,5,0.6,0.2,1000,restricted_20,aggregation,0.7775216762498709,,,0.6969380199969784
2180,1001,13,5,0.6,0.2,1000,restricted_20,aggregation,0.7818307150952852,,,0.6983458487423071
2181,1001,13,5,0.6,0.2,1000,restricted_20,aggregation,0.7804496020220701,,,0.6978958698400366
2182,1001,13,5,0.6,0.2,1000,restricted_20,aggregation,0.7740402223409857,,,0.694899011983387
2183,1001,13,5,0.6,0.2,1000,restricted_20,aggregation,0.7782835422766131,,,0.6971696209423293
2184,1001,13,5,0.6,0.2,1000,restricted_20,aggregation,0.7782451094356156,,,0.6969729265179265
2185,1001,13,5,0.6,0.2,1000,restricted_20,aggregation,0.77834862733595,,,0.6970324032217782
2186,1001,13,5,0.6,0.2,1000,restricted_20,aggregation,0.7777702020657945,,,0.6966593446753863
2187,1001,13,5,0.6,0.2,1000,restricted_20,aggregation,0.7786453599503257,,,0.6974198074148075
2188,1001,13,5,0.6,0.2,1000,restricted_20,aggregation,0.7831651767823602,,,0.6989084618159619
2189,1001,13,5,0.6,0.2,1000,restricted_20,aggregation,0.7767405883656857,,,0.6967596918436503
2190,1001,13,5,0.6,0.2,1000,restricted_20,aggregation,0.7790198666099503,,,0.6977168570935238
2191,1001,13,5,0.6,0.2,1000,restricted_20,aggregation,0.7780196186175844,,,0.6970357306890641
2192,1001,13,5,0.6,0.2,1000,restricted_20,aggregation,0.7806413385103145,,,0.6980913235838236
2193,1001,13,5,0.6,0.2,1000,restricted_20,aggregation,0.7797657637832814,,,0.6972320794174962
2194,1001,13,5,0.6,0.2,1000,restricted_20,aggregation,0.780738274557746,,,0.698268269223061
2195,1001,13,5,0.6,0.2,1000,restricted_20,aggregation,0.7806370036731424,,,0.6983107767695268
2196,1001,13,5,0.6,0.2,1000,restricted_20,aggregation,0.7749097715084924,,,0.6956748967698967
2197,1001,13,5,0.6,0.2,1000,restricted_20,aggregation,0.7805612730690564,,,0.698009816063566
2198,1001,13,5,0.6,0.2,1000,restricted_20,aggregation,0.7774664467381134,,,0.6972121845592679
2199,1001,13,5,0.6,0.2,1000,restricted_20,aggregation,0.7740776525506884,,,0.6949770114299281
2200,1001,13,5,0.6,0.2,1000,restricted_20,aggregation,0.7778830020333404,,,0.6969339316855984
2201,1001,13,5,0.6,0.2,1000,restricted_20,aggregation,0.7748724601473375,,,0.6953486022773523
2202,1001,13,5,0.6,0.2,1000,restricted_20,aggregation,0.7786318755859767,,,0.6971328131436464
2203,1001,13,5,0.6,0.2,1000,restricted_20,aggregation,0.7821535163944742,,,0.6989356970113221
2204,1001,13,5,0.6,0.2,1000,restricted_20,aggregation,0.7801297724411794,,,0.6979570625285209
2205,1001,13,5,0.6,0.2,1000,restricted_20,aggregation,0.7750231699329819,,,0.6959056138460304
2206,1001,13,5,0.6,0.2,1000,restricted_20,aggregation,0.7793382148921079,,,0.6976417788153205
2207,1001,13,5,0.6,0.2,1000,restricted_20,aggregation,0.7769814673227099,,,0.6964005721053639
2208,1001,13,5,0.6,0.2,1000,restricted_20,aggregation,0.7794809762732188,,,0.6981944516054933
2209,1001,13,5,0.6,0.2,1000,restricted_20,aggregation,0.7775463090285628,,,0.6966475391198307
2210,1001,13,5,0.6,0.2,1000,restricted_20,aggregation,0.7794796881905468,,,0.697615862663571
2211,1001,13,5,0.6,0.2,1000,restricted_20,aggregation,0.7793764819334182,,,0.6972336631886631
2212,1001,13,5,0.6,0.2,1000,restricted_20,aggregation,0.7792061870781704,,,0.6971820575335158
2213,1001,13,5,0.6,0.2,1000,restricted_20,aggregation,0.7800144602274367,,,0.6978069981330398
2214,1001,13,5,0.6,0.2,1000,restricted_20,aggregation,0.7805246087033874,,,0.6979246271012939
2215,1001,13,5,0.6,0.2,1000,restricted_20,aggregation,0.778461123468939,,,0.6970731390600141
2216,1001,13,5,0.6,0.2,1000,restricted_20,aggregation,0.778794492448173,,,0.697462359369026
2217,1001,13,5,0.6,0.2,1000,restricted_20,aggregation,0.7800218001753627,,,0.698197315092315
2218,1001,13,5,0.6,0.2,1000,restricted_20,aggregation,0.7781629394202975,,,0.6974656178312428
2219,1001,13,5,0.6,0.2,1000,restricted_20,aggregation,0.7751507814085868,,,0.6960440585494753
2220,1001,13,5,0.6,0.2,1000,restricted_20,aggregation,0.7771133295467875,,,0.6964690642536476
2221,1001,13,5,0.6,0.2,1000,restricted_20,aggregation,0.7765775490423181,,,0.6962628290074123
2222,1001,13,5,0.6,0.2,1000,restricted_20,aggregation,0.7785671350474178,,,0.6973808884402635
2223,1001,13,5,0.6,0.2,1000,restricted_20,aggregation,0.7747646688005349,,,0.6948406279908365
2224,1001,13,5,0.6,0.2,1000,restricted_20,aggregation,0.7796114666330934,,,0.6975685226039392
2225,1001,13,5,0.6,0.2,1000,restricted_20,aggregation,0.7816301405477444,,,0.6985929541060792
2226,1001,13,5,0.6,0.2,1000,restricted_20,aggregation,0.7794185250859588,,,0.6977046611798695
2227,1001,13,5,0.6,0.2,1000,restricted_20,aggregation,0.777899635956649,,,0.6966511350455099
2228,1001,13,5,0.6,0.2,1000,restricted_20,aggregation,0.7821030596516313,,,0.6988193647556147
2229,1001,13,5,0.6,0.2,1000,restricted_20,aggregation,0.7782166416904635,,,0.6969768574018574
2230,1001,13,5,0.6,0.2,1000,restricted_20,aggregation,0.775809542664342,,,0.6962167635528053
2231,1001,13,5,0.6,0.2,1000,restricted_20,aggregation,0.7752810833033574,,,0.6957191590970758
2232,1001,13,5,0.6,0.2,1000,restricted_20,aggregation,0.7785175915647273,,,0.6971581966336133
2233,1001,13,5,0.6,0.2,1000,restricted_20,aggregation,0.7772692353479216,,,0.6960227267562684
2234,1001,13,5,0.6,0.2,1000,restricted_20,aggregation,0.7796116471888328,,,0.6975802597094264
2235,1001,13,5,0.6,0.2,1000,restricted_20,aggregation,0.7838809652641344,,,0.6994179612748362
2236,1001,13,5,0.6,0.2,1000,restricted_20,aggregation,0.7798125344188941,,,0.6975606106547774
2237,1001,13,5,0.6,0.2,1000,restricted_20,aggregation,0.7804786879221505,,,0.69771683169454
2238,1001,13,5,0.6,0.2,1000,restricted_20,aggregation,0.7796702359015981,,,0.6973690011531678
2239,1001,13,5,0.6,0.2,1000,restricted_20,aggregation,0.7794729845881079,,,0.697541147995523
2240,1001,13,5,0.6,0.2,1000,restricted_20,aggregation,0.7755189182826334,,,0.6961442608857192
2241,1001,13,5,0.6,0.2,1000,restricted_20,aggregation,0.7803213384528442,,,0.697689053662387
2242,1001,13,5,0.6,0.2,1000,restricted_20,aggregation,0.7811393442243836,,,0.6980850536346371
2243,1001,13,5,0.6,0.2,1000,restricted_20,aggregation,0.7800417377279135,,,0.6977476349268016
2244,1001,13,5,0.6,0.2,1000,restricted_20,aggregation,0.7817960339104641,,,0.6979361879401463
2245,1001,13,5,0.6,0.2,1000,restricted_20,aggregation,0.7774478547521221,,,0.6964457881855799
2246,1001,13,5,0.6,0.2,1000,restricted_20,aggregation,0.7803289576736491,,,0.697686445622279
2247,1001,13,5,0.6,0.2,1000,restricted_20,aggregation,0.7791043526633141,,,0.6970903672870339
2248,1001,13,5,0.6,0.2,1000,restricted_20,aggregation,0.7765488924537174,,,0.695893355248147
2249,1001,13,5,0.6,0.2,1000,restricted_20,aggregation,0.7801111165147339,,,0.6980556225024974
2250,1001,13,5,0.6,0.2,1000,restricted_20,aggregation,0.7792022679982645,,,0.6970194258827593
2251,1001,13,5,0.6,0.2,1000,restricted_20,aggregation,0.7821879178037237,,,0.6990012943306692
2252,1001,13,5,0.6,0.2,1000,restricted_20,aggregation,0.7818705856207899,,,0.698647388321555
2253,1001,13,5,0.6,0.2,1000,restricted_20,aggregation,0.7771779458706922,,,0.6965548582127749
2254,1001,13,5,0.6,0.2,1000,restricted_20,aggregation,0.779441244145943,,,0.6973043018401353
2255,1001,13,5,0.6,0.2,1000,restricted_20,aggregation,0.7754034040200097,,,0.6956049655976739
2256,1001,13,5,0.6,0.2,1000,restricted_20,aggregation,0.7763865722113358,,,0.6959758453275121
2257,1001,13,5,0.6,0.2,1000,restricted_20,aggregation,0.7771394941025995,,,0.6967486177942428
2258,1001,13,5,0.6,0.2,1000,restricted_20,aggregation,0.7789897325387721,,,0.6976494997903332
2259,1001,13,5,0.6,0.2,1000,restricted_20,aggregation,0.776331010620176,,,0.6962805501751336
2260,1001,13,5,0.6,0.2,1000,restricted_20,aggregation,0.7809348710109285,,,0.6981035764929514
2261,1001,13,5,0.6,0.2,1000,restricted_20,aggregation,0.7752759874874292,,,0.6959967346311097
2262,1001,13,5,0.6,0.2,1000,restricted_20,aggregation,0.776217351340858,,,0.6960536091300675
2263,1001,13,5,0.6,0.2,1000,restricted_20,aggregation,0.7785082968544037,,,0.6974900385185803
2264,1001,13,5,0.6,0.2,1000,restricted_20,aggregation,0.7788931583911184,,,0.6971864955569121
2265,1001,13,5,0.6,0.2,1000,restricted_20,aggregation,0.7822881721008406,,,0.6990205422278338
2266,1001,13,5,0.6,0.2,1000,restricted_20,aggregation,0.7786465973814523,,,0.6970053654370321
2267,1001,13,5,0.6,0.2,1000,restricted_20,aggregation,0.7763450453986003,,,0.6958348681950766
2268,1001,13,5,0.6,0.2,1000,restricted_20,aggregation,0.77801561671716,,,0.6962410265891515
2269,1001,13,5,0.6,0.2,1000,restricted_20,aggregation,0.779636233087623,,,0.6974110704958622
2270,1001,13,5,0.6,0.2,1000,restricted_20,aggregation,0.7801516672419286,,,0.697741359234901
2271,1001,13,5,0.6,0.2,1000,restricted_20,aggregation,0.7801016320502979,,,0.6981289739504322
2272,1001,13,5,0.6,0.2,1000,restricted_20,aggregation,0.7807218854624397,,,0.6981689358943526
2273,1001,13,5,0.6,0.2,1000,restricted_20,aggregation,0.7811186485013919,,,0.6985721957749043
2274,1001,13,5,0.6,0.2,1000,restricted_20,aggregation,0.7790494880829448,,,0.6975641438653938
2275,1001,13,5,0.6,0.2,1000,restricted_20,aggregation,0.781332015092616,,,0.698157801874052
2276,1001,13,5,0.6,0.2,1000,restricted_20,aggregation,0.7802477399730738,,,0.6976534506928257
2277,1001,13,5,0.6,0.2,1000,restricted_20,aggregation,0.7787235311804916,,,0.6972646807050974
2278,1001,13,5,0.6,0.2,1000,restricted_20,aggregation,0.7774404053796096,,,0.6964520711310295
2279,1001,13,5,0.6,0.2,1000,restricted_20,aggregation,0.7769740807667842,,,0.6962369458396542
2280,1001,13,5,0.6,0.2,1000,restricted_20,aggregation,0.7823522638861555,,,0.6987513369423787
2281,1001,13,5,0.6,0.2,1000,restricted_20,aggregation,0.778575238702685,,,0.6969175933634267
2282,1001,13,5,0.6,0.2,1000,restricted_20,aggregation,0.782119300378908,,,0.6987343726643727
2283,1001,13,5,0.6,0.2,1000,restricted_20,aggregation,0.7781361053057093,,,0.6969182424674092
2284,1001,13,5,0.6,0.2,1000,restricted_20,aggregation,0.7796604013668754,,,0.6977384397238564
2285,1001,13,5,0.6,0.2,1000,restricted_20,aggregation,0.7770651354984746,,,0.6962441971608637
2286,1001,13,5,0.6,0.2,1000,restricted_20,aggregation,0.7776271363614778,,,0.6966803017044683
2287,1001,13,5,0.6,0.2,1000,restricted_20,aggregation,0.7765216302453185,,,0.6963783292479127
2288,1001,13,5,0.6,0.2,1000,restricted_20,aggregation,0.7771952617932661,,,0.6963895382780799
2289,1001,13,5,0.6,0.2,1000,restricted_20,aggregation,0.7786844154758772,,,0.6969368252272419
2290,1001,13,5,0.6,0.2,1000,restricted_20,aggregation,0.7761427893666814,,,0.6963524045013628
2291,1001,13,5,0.6,0.2,1000,restricted_20,aggregation,0.7787487428211667,,,0.6970023307710808
2292,1001,13,5,0.6,0.2,1000,restricted_20,aggregation,0.7773694317603541,,,0.6965543234928652
2293,1001,13,5,0.6,0.2,1000,restricted_20,aggregation,0.7782345055534471,,,0.6966854598719182
2294,1001,13,5,0.6,0.2,1000,restricted_20,aggregation,0.7763621580922724,,,0.6963341192912027
2295,1001,13,5,0.6,0.2,1000,restricted_20,aggregation,0.7753791587154182,,,0.6955437128149629
2296,1001,13,5,0.6,0.2,1000,restricted_20,aggregation,0.777415504376496,,,0.6966613053613054
2297,1001,13,5,0.6,0.2,1000,restricted_20,aggregation,0.776975059231795,,,0.6960496026350195
2298,1001,13,5,0.6,0.2,1000,restricted_20,aggregation,0.7756858808145491,,,0.6962742648940565
2299,1001,13,5,0.6,0.2,1000,restricted_20,aggregation,0.7756471806702586,,,0.6954412355468605
2300,1001,13,5,0.6,0.2,1000,restricted_20,aggregation,0.7785706236841012,,,0.6965806277827111
2301,1001,13,5,0.6,0.2,1000,restricted_20,aggregation,0.77635837193195,,,0.6959799964387464
2302,1001,13,5,0.6,0.2,1000,restricted_20,aggregation,0.7814673098084205,,,0.6983908452195952
2303,1001,13,5,0.6,0.2,1000,restricted_20,aggregation,0.7791366153864309,,,0.6971035788131621
2304,1001,13,5,0.6,0.2,1000,restricted_20,aggregation,0.7795709093463562,,,0.6972788211171544
2305,1001,13,5,0.6,0.2,1000,restricted_20,aggregation,0.7803896040003893,,,0.6976425540123457
2306,1001,13,5,0.6,0.2,1000,restricted_20,aggregation,0.7810028667574063,,,0.6982316299749635
2307,1001,13,5,0.6,0.2,1000,restricted_20,aggregation,0.7789418943969697,,,0.697568812113812
2308,1001,13,5,0.6,0.2,1000,restricted_20,aggregation,0.7819047396263342,,,0.6986825004547921
2309,1001,13,5,0.6,0.2,1000,restricted_20,aggregation,0.7773811297867494,,,0.6966466760708427
2310,1001,13,5,0.6,0.2,1000,restricted_20,aggregation,0.7763961210778484,,,0.6965621620046621
2311,1001,13,5,0.6,0.2,1000,restricted_20,aggregation,0.781117892557661,,,0.6980892330508998
2312,1001,13,5,0.6,0.2,1000,restricted_20,aggregation,0.7765642081430882,,,0.6958818542414376
2313,1001,13,5,0.6,0.2,1000,restricted_20,aggregation,0.779419872980102,,,0.6970503723822473
2314,1001,13,5,0.6,0.2,1000,restricted_20,aggregation,0.7829591412123642,,,0.6995201919916503
2315,1001,13,5,0.6,0.2,1000,restricted_20,aggregation,0.7803025976452399,,,0.6978926705007955
2316,1001,13,5,0.6,0.2,1000,restricted_20,aggregation,0.7802056020135197,,,0.697772692299984
2317,1001,13,5,0.6,0.2,1000,restricted_20,aggregation,0.7770104507968292,,,0.6963842844347011
2318,1001,13,5,0.6,0.2,1000,restricted_20,aggregation,0.7796886355024701,,,0.6978288611851112
2319,1001,13,5,0.6,0.2,1000,restricted_20,aggregation,0.7756895012113502,,,0.6957892825153242
2320,1001,13,5,0.6,0.2,1000,restricted_20,aggregation,0.7806806431980536,,,0.697504295149295
2321,1001,13,5,0.6,0.2,1000,restricted_20,aggregation,0.7787704003334769,,,0.6970303748720416
2322,1001,13,5,0.6,0.2,1000,restricted_20,aggregation,0.7773108694021592,,,0.696736722143597
2323,1001,13,5,0.6,0.2,1000,restricted_20,aggregation,0.7820611444736203,,,0.6986287196291362
2324,1001,13,5,0.6,0.2,1000,restricted_20,aggregation,0.7792492657350022,,,0.6970097714014382
2325,1001,13,5,0.6,0.2,1000,restricted_20,aggregation,0.7795694977535814,,,0.6974991677150011
2326,1001,13,5,0.6,0.2,1000,restricted_20,aggregation,0.7801706362897729,,,0.6979301749947583
2327,1001,13,5,0.6,0.2,1000,restricted_20,aggregation,0.7801413273348534,,,0.6971421408606825
2328,1001,13,5,0.6,0.2,1000,restricted_20,aggregation,0.7776596111536141,,,0.6966667169481753
2329,1001,13,5,0.6,0.2,1000,restricted_20,aggregation,0.7783574445088105,,,0.6972235029245445
2330,1001,13,5,0.6,0.2,1000,restricted_20,aggregation,0.7784966424683432,,,0.6971973071218905
2331,1001,13,5,0.6,0.2,1000,restricted_20,aggregation,0.7796599422375142,,,0.6975335531289698
2332,1001,13,5,0.6,0.2,1000,restricted_20,aggregation,0.7817009621032613,,,0.698805563587647
2333,1001,13,5,0.6,0.2,1000,restricted_20,aggregation,0.7793329428376315,,,0.6976449124024124
2334,1001,13,5,0.6,0.2,1000,restricted_20,aggregation,0.7798790557680249,,,0.6978921942486526
2335,1001,13,5,0.6,0.2,1000,restricted_20,aggregation,0.7791876888829707,,,0.696877832298874
2336,1001,13,5,0.6,0.2,1000,restricted_20,aggregation,0.7801953550736904,,,0.697753097966848
2337,1001,13,5,0.6,0.2,1000,restricted_20,aggregation,0.7784531077591046,,,0.697255870256287
2338,1001,13,5,0.6,0.2,1000,restricted_20,aggregation,0.777944583483148,,,0.6963086801624302
2339,1001,13,5,0.6,0.2,1000,restricted_20,aggregation,0.7759748594176783,,,0.6961451223236639
2340,1001,13,5,0.6,0.2,1000,restricted_20,aggregation,0.7770977949115635,,,0.6962342877647044
2341,1001,13,5,0.6,0.2,1000,restricted_20,aggregation,0.7764865515244105,,,0.6960113088608921
2342,1001,13,5,0.6,0.2,1000,restricted_20,aggregation,0.7784524617721026,,,0.6975036132771549
2343,1001,13,5,0.6,0.2,1000,restricted_20,aggregation,0.7764151874483769,,,0.6960806733929651
2344,1001,13,5,0.6,0.2,1000,restricted_20,aggregation,0.7788826797823214,,,0.6973212050526634
2345,1001,13,5,0.6,0.2,1000,restricted_20,aggregation,0.7782200862364218,,,0.6969788882182633
2346,1001,13,5,0.6,0.2,1000,restricted_20,aggregation,0.7791030936547014,,,0.6975188664884499
2347,1001,13,5,0.6,0.2,1000,restricted_20,aggregation,0.7810708074356906,,,0.6983877887390387
2348,1001,13,5,0.6,0.2,1000,restricted_20,aggregation,0.7803747227608847,,,0.6978542012462846
2349,1001,13,5,0.6,0.2,1000,restricted_20,aggregation,0.7780493672537199,,,0.6970521214896214
2350,1001,13,5,0.6,0.2,1000,restricted_20,aggregation,0.7787030236406037,,,0.697377582972583
2351,1001,13,5,0.6,0.2,1000,restricted_20,aggregation,0.7793327488665177,,,0.6973091274774608
2352,1001,13,5,0.6,0.2,1000,restricted_20,aggregation,0.7774931811224313,,,0.696347201016576
2353,1001,13,5,0.6,0.2,1000,restricted_20,aggregation,0.7759332214669714,,,0.6954048611727779
2354,1001,13,5,0.6,0.2,1000,restricted_20,aggregation,0.7779348603981111,,,0.6966965103723437
2355,1001,13,5,0.6,0.2,1000,restricted_20,aggregation,0.7784232229742859,,,0.6969886007588091
2356,1001,13,5,0.6,0.2,1000,restricted_20,aggregation,0.7778159444401196,,,0.6968167474038307
2357,1001,13,5,0.6,0.2,1000,restricted_20,aggregation,0.7792432435146892,,,0.6973993180507764
2358,1001,13,5,0.6,0.2,1000,restricted_20,aggregation,0.7783695045731938,,,0.6972130782103699
2359,1001,13,5,0.6,0.2,1000,restricted_20,aggregation,0.7786114963100779,,,0.6970592867549119
2360,1001,13,5,0.6,0.2,1000,restricted_20,aggregation,0.7786803924343136,,,0.6972936890116056
2361,1001,13,5,0.6,0.2,1000,restricted_20,aggregation,0.7794598575571096,,,0.6975494393646476
2362,1001,13,5,0.6,0.2,1000,restricted_20,aggregation,0.7776844198171448,,,0.6964918590129007
2363,1001,13,5,0.6,0.2,1000,restricted_20,aggregation,0.7777635490178064,,,0.6964322124865875
2364,1001,13,5,0.6,0.2,1000,restricted_20,aggregation,0.7808372724719229,,,0.6981208825665076
2365,1001,13,5,0.6,0.2,1000,restricted_20,aggregation,0.776187460332115,,,0.6959397846829096
2366,1001,13,5,0.6,0.2,1000,restricted_20,aggregation,0.779807497766769,,,0.6977733426064676
2367,1001,13,5,0.6,0.2,1000,restricted_20,aggregation,0.7748821133493222,,,0.6956300638944389
2368,1001,13,5,0.6,0.2,1000,restricted_20,aggregation,0.7801724100888043,,,0.697777513628347
2369,1001,13,5,0.6,0.2,1000,restricted_20,aggregation,0.7770365160274559,,,0.6959597584437168
2370,1001,13,5,0.6,0.2,1000,restricted_20,aggregation,0.7856046710757382,,,0.7004152503283753
2371,1001,13,5,0.6,0.2,1000,restricted_20,aggregation,0.7772080798265057,,,0.6965290845497095
2372,1001,13,5,0.6,0.2,1000,restricted_20,aggregation,0.7793478169826442,,,0.6973133190806108
2373,1001,13,5,0.6,0.2,1000,restricted_20,aggregation,0.7772520363474855,,,0.697017288668122
2374,1001,13,5,0.6,0.2,1000,restricted_20,aggregation,0.7827247956416092,,,0.6993501969404052
2375,1001,13,5,0.6,0.2,1000,restricted_20,aggregation,0.7795107355870753,,,0.6974570154845156
2376,1001,13,5,0.6,0.2,1000,restricted_20,aggregation,0.7791209674009034,,,0.6975640471950889
2377,1001,13,5,0.6,0.2,1000,restricted_20,aggregation,0.7778547535838309,,,0.6968635880015047
2378,1001,13,5,0.6,0.2,1000,restricted_20,aggregation,0.7831972636430243,,,0.6992606825427659
2379,1001,13,5,0.6,0.2,1000,restricted_20,aggregation,0.7809226765421232,,,0.6979574688583022
2380,1001,13,5,0.6,0.2,1000,restricted_20,aggregation,0.7801463263640622,,,0.6972994915886583
2381,1001,13,5,0.6,0.2,1000,restricted_20,aggregation,0.7780347573027908,,,0.6973343487145571
2382,1001,13,5,0.6,0.2,1000,restricted_20,aggregation,0.7791533776992837,,,0.6976248058962642
2383,1001,13,5,0.6,0.2,1000,restricted_20,aggregation,0.7821749283523719,,,0.6984362858514943
2384,1001,13,5,0.6,0.2,1000,restricted_20,aggregation,0.7790869235451098,,,0.6972444393954811
2385,1001,13,5,0.6,0.2,1000,restricted_20,aggregation,0.7792574869983507,,,0.6969457346742763
2386,1001,13,5,0.6,0.2,1000,restricted_20,aggregation,0.7794612447931243,,,0.6975352637717221
2387,1001,13,5,0.6,0.2,1000,restricted_20,aggregation,0.7777672369733925,,,0.6969682091673758
2388,1001,13,5,0.6,0.2,1000,restricted_20,aggregation,0.7785599578107876,,,0.6968557885864136
2389,1001,13,5,0.6,0.2,1000,restricted_20,aggregation,0.7768852539600184,,,0.6965140828692912
2390,1001,13,5,0.6,0.2,1000,restricted_20,aggregation,0.7773001682133974,,,0.6962957296869796
2391,1001,13,5,0.6,0.2,1000,restricted_20,aggregation,0.7788008080296629,,,0.6972026922306089
2392,1001,13,5,0.6,0.2,1000,restricted_20,aggregation,0.781191581454007,,,0.6984632165057165
2393,1001,13,5,0.6,0.2,1000,restricted_20,aggregation,0.7757043638366466,,,0.6957936404028071
2394,1001,13,5,0.6,0.2,1000,restricted_20,aggregation,0.7763860493321767,,,0.6958527638333889
2395,1001,13,5,0.6,0.2,1000,restricted_20,aggregation,0.7776189612773162,,,0.6965707634186801
2396,1001,13,5,0.6,0.2,1000,restricted_20,aggregation,0.7809946469006738,,,0.6981290433486267
2397,1001,13,5,0.6,0.2,1000,restricted_20,aggregation,0.7817924116417271,,,0.6982909161594579
2398,1001,13,5,0.6,0.2,1000,restricted_20,aggregation,0.7779235298762854,,,0.6966180781795366
2399,1001,13,5,0.6,0.2,1000,restricted_20,aggregation,0.7776612167504455,,,0.6967296651959151
2400,1001,13,5,0.6,0.2,1000,restricted_20,aggregation,0.778476675561366,,,0.6973575979884314
2401,1001,13,5,0.6,0.2,1000,restricted_20,aggregation,0.779880412367569,,,0.6977245258059841
2402,1001,13,5,0.6,0.2,1000,restricted_20,aggregation,0.7775349819458054,,,0.6968654849856935
2403,1001,13,5,0.6,0.2,1000,restricted_20,aggregation,0.7793868401217031,,,0.6972335702569036
2404,1001,13,5,0.6,0.2,1000,restricted_20,aggregation,0.7754541777058837,,,0.6960872217365968
2405,1001,13,5,0.6,0.2,1000,restricted_20,aggregation,0.7768639874383398,,,0.6965209204838372
2406,1001,13,5,0.6,0.2,1000,restricted_20,aggregation,0.7784093806387937,,,0.6969583685296186
2407,1001,13,5,0.6,0.2,1000,restricted_20,aggregation,0.7783713175159033,,,0.6973119359113109
2408,1001,13,5,0.6,0.2,1000,restricted_20,aggregation,0.7781421333152841,,,0.6973932298796882
2409,1001,13,5,0.6,0.2,1000,restricted_20,aggregation,0.7782849198961114,,,0.6968673234712819
2410,1001,13,5,0.6,0.2,1000,restricted_20,aggregation,0.7798144234334015,,,0.697667774255066
2411,1001,13,5,0.6,0.2,1000,restricted_20,aggregation,0.7776334919577591,,,0.6969160731398232
2412,1001,13,5,0.6,0.2,1000,restricted_20,aggregation,0.7794572681948042,,,0.6978439080055748
2413,1001,13,5,0.6,0.2,1000,restricted_20,aggregation,0.7802051768503291,,,0.6976136904376489
2414,1001,13,5,0.6,0.2,1000,restricted_20,aggregation,0.7762686554878643,,,0.6963772463184964
2415,1001,13,5,0.6,0.2,1000,restricted_20,aggregation,0.777111783871607,,,0.6964479620765037
2416,1001,13,5,0.6,0.2,1000,restricted_20,aggregation,0.7823141285279649,,,0.6988029799058967
2417,1001,13,5,0.6,0.2,1000,restricted_20,aggregation,0.777537433681626,,,0.6967712270060187
2418,1001,13,5,0.6,0.2,1000,restricted_20,aggregation,0.7768840100178547,,,0.69632509841239
2419,1001,13,5,0.6,0.2,1000,restricted_20,aggregation,0.7811405746392714,,,0.6982672831643665
2420,1001,13,5,0.6,0.2,1000,restricted_20,aggregation,0.7752702160904971,,,0.6949909331100999
2421,1001,13,5,0.6,0.2,1000,restricted_20,aggregation,0.7768699673405015,,,0.6964995817145818
2422,1001,13,5,0.6,0.2,1000,restricted_20,aggregation,0.7806137844473466,,,0.6980827147543814
2423,1001,13,5,0.6,0.2,1000,restricted_20,aggregation,0.7832713049342216,,,0.6989482719441052
2424,1001,13,5,0.6,0.2,1000,restricted_20,aggregation,0.7792809003573921,,,0.6975209909072408
2425,1001,13,5,0.6,0.2,1000,restricted_20,aggregation,0.7771437557883841,,,0.6963082069473736
2426,1001,13,5,0.6,0.2,1000,restricted_20,aggregation,0.7775201572420974,,,0.696759182769391
2427,1001,13,5,0.6,0.2,1000,restricted_20,aggregation,0.7817187141660826,,,0.6987480255161506
2428,1001,13,5,0.6,0.2,1000,restricted_20,aggregation,0.7758380455048949,,,0.6959402769606937
2429,1001,13,5,0.6,0.2,1000,restricted_20,aggregation,0.7778840263370849,,,0.6971401616670366
2430,1001,13,5,0.6,0.2,1000,restricted_20,aggregation,0.7808034686289771,,,0.6982036071336072
2431,1001,13,5,0.6,0.2,1000,restricted_20,aggregation,0.777561482875361,,,0.6963885652464818
2432,1001,13,5,0.6,0.2,1000,restricted_20,aggregation,0.7790027503191559,,,0.6973818594908178
2433,1001,13,5,0.6,0.2,1000,restricted_20,aggregation,0.7814764908557875,,,0.6987030838991256
2434,1001,13,5,0.6,0.2,1000,restricted_20,aggregation,0.7807121349683187,,,0.6979594750465584
2435,1001,13,5,0.6,0.2,1000,restricted_20,aggregation,0.7794073291007665,,,0.6973574781931032
2436,1001,13,5,0.6,0.2,1000,restricted_20,aggregation,0.7784673844025836,,,0.6970638293034127
2437,1001,13,5,0.6,0.2,1000,restricted_20,aggregation,0.7820884148768948,,,0.6987576311651312
2438,1001,13,5,0.6,0.2,1000,restricted_20,aggregation,0.7797393986340869,,,0.6979312668196003
2439,1001,13,5,0.6,0.2,1000,restricted_20,aggregation,0.7791630608324095,,,0.697410262638596
2440,1001,13,5,0.6,0.2,1000,restricted_20,aggregation,0.7784144014867199,,,0.696953908915159
2441,1001,13,5,0.6,0.2,1000,restricted_20,aggregation,0.7815702854303913,,,0.6984282193500944
2442,1001,13,5,0.6,0.2,1000,restricted_20,aggregation,0.7782203428352739,,,0.6966475116318865
2443,1001,13,5,0.6,0.2,1000,restricted_20,aggregation,0.777368747951134,,,0.6964402201733452
2444,1001,13,5,0.6,0.2,1000,restricted_20,aggregation,0.779616538131202,,,0.6978107196121779
2445,1001,13,5,0.6,0.2,1000,restricted_20,aggregation,0.7789002045492209,,,0.697295029045029
2446,1001,13,5,0.6,0.2,1000,restricted_20,aggregation,0.7790803865316038,,,0.697284219969845
2447,1001,13,5,0.6,0.2,1000,restricted_20,aggregation,0.779808272779526,,,0.6978036844868095
2448,1001,13,5,0.6,0.2,1000,restricted_20,aggregation,0.7777063413911403,,,0.6968713748211665
2449,1001,13,5,0.6,0.2,1000,restricted_20,aggregation,0.7804879425163439,,,0.6978846789861373
2450,1001,13,5,0.6,0.2,1000,restricted_20,aggregation,0.7794474948708651,,,0.6975387414591582
2451,1001,13,5,0.6,0.2,1000,restricted_20,aggregation,0.7834455614729683,,,0.699001144334061
2452,1001,13,5,0.6,0.2,1000,restricted_20,aggregation,0.7805248574935939,,,0.6974356561416978
2453,1001,13,5,0.6,0.2,1000,restricted_20,aggregation,0.7791258621013952,,,0.6979490786297036
2454,1001,13,5,0.6,0.2,1000,restricted_20,aggregation,0.7770001812860765,,,0.6965387348145682
2455,1001,13,5,0.6,0.2,1000,restricted_20,aggregation,0.7803290424432285,,,0.697724180981056
2456,1001,13,5,0.6,0.2,1000,restricted_20,aggregation,0.7765316981269075,,,0.6962700887075887
2457,1001,13,5,0.6,0.2,1000,restricted_20,aggregation,0.7809736975937981,,,0.6982747168803419
2458,1001,13,5,0.6,0.2,1000,restricted_20,aggregation,0.7784367027268332,,,0.6969842121998372
2459,1001,13,5,0.6,0.2,1000,restricted_20,aggregation,0.7776555019957901,,,0.6971625132660548
2460,1001,13,5,0.6,0.2,1000,restricted_20,aggregation,0.779581353476976,,,0.6977126790493456
2461,1001,13,5,0.6,0.2,1000,restricted_20,aggregation,0.7788924276429707,,,0.6969862264741432
2462,1001,13,5,0.6,0.2,1000,restricted_20,aggregation,0.774471158668323,,,0.6955231354833439
2463,1001,13,5,0.6,0.2,1000,restricted_20,aggregation,0.7809397213475456,,,0.6980568522526857
2464,1001,13,5,0.6,0.2,1000,restricted_20,aggregation,0.7801970528347958,,,0.6978321752630086
2465,1001,13,5,0.6,0.2,1000,restricted_20,aggregation,0.7796034219867526,,,0.6973889942233692
2466,1001,13,5,0.6,0.2,1000,restricted_20,aggregation,0.7764586360053616,,,0.6963852143766727
2467,1001,13,5,0.6,0.2,1000,restricted_20,aggregation,0.7782890689788031,,,0.6971804391210641
2468,1001,13,5,0.6,0.2,1000,restricted_20,aggregation,0.7807614861015151,,,0.6977487429006178
2469,1001,13,5,0.6,0.2,1000,restricted_20,aggregation,0.7794295727697427,,,0.6969516818366819
2470,1001,13,5,0.6,0.2,1000,restricted_20,aggregation,0.7805343847584839,,,0.6974708296024962
2471,1001,13,5,0.6,0.2,1000,restricted_20,aggregation,0.7818680308996384,,,0.6988527608348442
2472,1001,13,5,0.6,0.2,1000,restricted_20,aggregation,0.7777560616915213,,,0.6966497375541125
2473,1001,13,5,0.6,0.2,1000,restricted_20,aggregation,0.7776138923689069,,,0.697217104569813
2474,1001,13,5,0.6,0.2,1000,restricted_20,aggregation,0.777890984485067,,,0.6965950804134138
2475,1001,13,5,0.6,0.2,1000,restricted_20,aggregation,0.7810846304949969,,,0.6976634827132743
2476,1001,13,5,0.6,0.2,1000,restricted_20,aggregation,0.7804981839858788,,,0.6977887982079649
2477,1001,13,5,0.6,0.2,1000,restricted_20,aggregation,0.7784934661800775,,,0.6969511494678161
2478,1001,13,5,0.6,0.2,1000,restricted_20,aggregation,0.7778011229829125,,,0.6965525862023778
2479,1001,13,5,0.6,0.2,1000,restricted_20,aggregation,0.7807285710562016,,,0.698381764023014
2480,1001,13,5,0.6,0.2,1000,restricted_20,aggregation,0.7767283304474761,,,0.6954961682838766
2481,1001,13,5,0.6,0.2,1000,restricted_20,aggregation,0.7812553086524078,,,0.6980443857223024
2482,1001,13,5,0.6,0.2,1000,restricted_20,aggregation,0.7761309290599782,,,0.696300766309308
2483,1001,13,5,0.6,0.2,1000,restricted_20,aggregation,0.7770345824801999,,,0.6961498951896868
2484,1001,13,5,0.6,0.2,1000,restricted_20,aggregation,0.7765783204683857,,,0.6960592727873978
2485,1001,13,5,0.6,0.2,1000,restricted_20,aggregation,0.7799632985057775,,,0.6975229167822917
2486,1001,13,5,0.6,0.2,1000,restricted_20,aggregation,0.7788687828910464,,,0.6971075425577509
2487,1001,13,5,0.6,0.2,1000,restricted_20,aggregation,0.7775453353602332,,,0.6963728178303178
2488,1001,13,5,0.6,0.2,1000,restricted_20,aggregation,0.7773181146516636,,,0.6964520253357754
2489,1001,13,5,0.6,0.2,1000,restricted_20,aggregation,0.7793087789532668,,,0.6972667671911421
2490,1001,13,5,0.6,0.2,1000,restricted_20,aggregation,0.7799276787489814,,,0.6973447997141746
2491,1001,13,5,0.6,0.2,1000,restricted_20,aggregation,0.7801093561750019,,,0.6980181095679012
2492,1001,13,5,0.6,0.2,1000,restricted_20,aggregation,0.7790125876901267,,,0.6971477072002072
2493,1001,13,5,0.6,0.2,1000,restricted_20,aggregation,0.7818288854087112,,,0.6983480530040947
2494,1001,13,5,0.6,0.2,1000,restricted_20,aggregation,0.7791115454142081,,,0.6975942916805417
2495,1001,13,5,0.6,0.2,1000,restricted_20,aggregation,0.7778753118020558,,,0.6970092909713742
2496,1001,13,5,0.6,0.2,1000,restricted_20,aggregation,0.7791751688199116,,,0.6973767382154882
2497,1001,13,5,0.6,0.2,1000,restricted_20,aggregation,0.775037417905006,,,0.6957617989109656
2498,1001,13,5,0.6,0.2,1000,restricted_20,aggregation,0.7767220212249762,,,0.6963827390279473
2499,1001,13,5,0.6,0.2,1000,restricted_20,aggregation,0.7772191372083632,,,0.6962617917345001
2500,1001,13,5,0.6,0.2,1000,restricted_20,aggregation,0.7814289155866224,,,0.6988045086780503
2501,1001,13,5,0.6,0.2,1000,restricted_20,aggregation,0.7750245051818042,,,0.695353620916121
2502,1001,13,5,0.6,0.2,1000,restricted_20,aggregation,0.7787449816105209,,,0.6970016568539485
2503,1001,13,5,0.6,0.2,1000,restricted_20,aggregation,0.7783037484708044,,,0.6967043796712546
2504,1001,13,5,0.6,0.2,1000,restricted_20,aggregation,0.778924032397967,,,0.6963680409944993
2505,1001,13,5,0.6,0.2,1000,restricted_20,aggregation,0.7772781262583185,,,0.696388146629605
2506,1001,13,5,0.6,0.2,1000,restricted_20,aggregation,0.7791242031551716,,,0.6971831836913087
2507,1001,13,5,0.6,0.2,1000,restricted_20,aggregation,0.779827095708055,,,0.6980305273430274
2508,1001,13,5,0.6,0.2,1000,restricted_20,aggregation,0.7782901461865406,,,0.6965976275653358
2509,1001,13,5,0.6,0.2,1000,restricted_20,aggregation,0.7809587725673311,,,0.6983853316128316
2510,1001,13,5,0.6,0.2,1000,restricted_20,aggregation,0.7782971963161367,,,0.6970384985462069
2511,1001,13,5,0.6,0.2,1000,restricted_20,aggregation,0.7771646672493298,,,0.6969191770883438
2512,1001,13,5,0.6,0.2,1000,restricted_20,aggregation,0.7757703317154997,,,0.6959502641263058
2513,1001,13,5,0.6,0.2,1000,restricted_20,aggregation,0.7794885547432266,,,0.6975609015367349
2514,1001,13,5,0.6,0.2,1000,restricted_20,aggregation,0.7803883961719827,,,0.6980665892363809
2515,1001,13,5,0.6,0.2,1000,restricted_20,aggregation,0.7752905638604852,,,0.6954513352080018
2516,1001,13,5,0.6,0.2,1000,restricted_20,aggregation,0.7756952070771264,,,0.6960972795183212
2517,1001,13,5,0.6,0.2,1000,restricted_20,aggregation,0.7796304117294154,,,0.6972565534465535
2518,1001,13,5,0.6,0.2,1000,restricted_20,aggregation,0.7748995987568031,,,0.6953936744813828
2519,1001,13,5,0.6,0.2,1000,restricted_20,aggregation,0.7766691494575442,,,0.696441218241635
2520,1001,13,5,0.6,0.2,1000,restricted_20,aggregation,0.780428198470089,,,0.6975030462361712
2521,1001,13,5,0.6,0.2,1000,restricted_20,aggregation,0.7813714842008164,,,0.6979428152480235
2522,1001,13,5,0.6,0.2,1000,restricted_20,aggregation,0.7769856480257789,,,0.6958540614786448
2523,1001,13,5,0.6,0.2,1000,restricted_20,aggregation,0.7800201493258982,,,0.6977930684747351
2524,1001,13,5,0.6,0.2,1000,restricted_20,aggregation,0.7788710770843665,,,0.6974954240975074
2525,1001,13,5,0.6,0.2,1000,restricted_20,aggregation,0.779499065157076,,,0.697550188977689
2526,1001,13,5,0.6,0.2,1000,restricted_20,aggregation,0.7791503199050385,,,0.6970030189101022
2527,1001,13,5,0.6,0.2,1000,restricted_20,aggregation,0.7786354202630519,,,0.6970934627101295
2528,1001,13,5,0.6,0.2,1000,restricted_20,aggregation,0.7791342948035546,,,0.6977007512472095
2529,1001,13,5,0.6,0.2,1000,restricted_20,aggregation,0.7772729961610272,,,0.6966738815813817
2530,1001,13,5,0.6,0.2,1000,restricted_20,aggregation,0.7774448412225813,,,0.6968098774836274
2531,1001,13,5,0.6,0.2,1000,restricted_20,aggregation,0.7797401794974933,,,0.6972395944256361
2532,1001,13,5,0.6,0.2,1000,restricted_20,aggregation,0.7829086870050813,,,0.6991156495741913
2533,1001,13,5,0.6,0.2,1000,restricted_20,aggregation,0.7784258728429495,,,0.6965818169099419
2534,1001,13,5,0.6,0.2,1000,restricted_20,aggregation,0.7787102173372233,,,0.6964509728003478
2535,1001,13,5,0.6,0.2,1000,restricted_20,aggregation,0.7785470441723769,,,0.6970405973039306
2536,1001,13,5,0.6,0.2,1000,restricted_20,aggregation,0.7786787333204714,,,0.6972197819079069
2537,1001,13,5,0.6,0.2,1000,restricted_20,aggregation,0.7744385077728144,,,0.6950940944009694
2538,1001,13,5,0.6,0.2,1000,restricted_20,aggregation,0.7807917429036766,,,0.6984401682499599
2539,1001,13,5,0.6,0.2,1000,restricted_20,aggregation,0.7764009282730935,,,0.6959730039173788
2540,1001,13,5,0.6,0.2,1000,restricted_20,aggregation,0.7755704968524241,,,0.6955793178503595
2541,1001,13,5,0.6,0.2,1000,restricted_20,aggregation,0.7774385879652412,,,0.6968989027716112
2542,1001,13,5,0.6,0.2,1000,restricted_20,aggregation,0.7798662494957426,,,0.697748522711856
2543,1001,13,5,0.6,0.2,1000,restricted_20,aggregation,0.7790222105205348,,,0.6973355867743369
2544,1001,13,5,0.6,0.2,1000,restricted_20,aggregation,0.7789804215325261,,,0.696978612490904
2545,1001,13,5,0.6,0.2,1000,restricted_20,aggregation,0.7793959315540563,,,0.6975003224090723
2546,1001,13,5,0.6,0.2,1000,restricted_20,aggregation,0.7788495943736029,,,0.6974786357855107
2547,1001,13,5,0.6,0.2,1000,restricted_20,aggregation,0.775236550345692,,,0.6961140815126232
2548,1001,13,5,0.6,0.2,1000,restricted_20,aggregation,0.7807800382933587,,,0.6980413542784377
2549,1001,13,5,0.6,0.2,1000,restricted_20,aggregation,0.7803855483892556,,,0.6973665644386479
2550,1001,13,5,0.6,0.2,1000,restricted_20,aggregation,0.7793455757921969,,,0.6977171640782057
2551,1001,13,5,0.6,0.2,1000,restricted_20,aggregation,0.7768551313301637,,,0.6959124185536686
2552,1001,13,5,0.6,0.2,1000,restricted_20,aggregation,0.7823615594994667,,,0.6988494832867751
2553,1001,13,5,0.6,0.2,1000,restricted_20,aggregation,0.7806429135716857,,,0.6983935816575398
2554,1001,13,5,0.6,0.2,1000,restricted_20,aggregation,0.7796484397354018,,,0.6974869433421517
2555,1001,13,5,0.6,0.2,1000,restricted_20,aggregation,0.7826388629319515,,,0.6989492661890577
2556,1001,13,5,0.6,0.2,1000,restricted_20,aggregation,0.7752177468877718,,,0.6954779235270903
2557,1001,13,5,0.6,0.2,1000,restricted_20,aggregation,0.7760505699121274,,,0.6963123631075714
2558,1001,13,5,0.6,0.2,1000,restricted_20,aggregation,0.7772903693434988,,,0.6966975154860572
2559,1001,13,5,0.6,0.2,1000,restricted_20,aggregation,0.7781222762670934,,,0.6968103156565656
2560,1001,13,5,0.6,0.2,1000,restricted_20,aggregation,0.7775924943202562,,,0.6969315965053465
2561,1001,13,5,0.6,0.2,1000,restricted_20,aggregation,0.7796185602228339,,,0.6973171732280066
2562,1001,13,5,0.6,0.2,1000,restricted_20,aggregation,0.7783270774517989,,,0.6970254931102848
2563,1001,13,5,0.6,0.2,1000,restricted_20,aggregation,0.7763150086070432,,,0.696845310599894
2564,1001,13,5,0.6,0.2,1000,restricted_20,aggregation,0.7778917099738616,,,0.6965966273310024
2565,1001,13,5,0.6,0.2,1000,restricted_20,aggregation,0.777486158825131,,,0.6968373693204942
2566,1001,13,5,0.6,0.2,1000,restricted_20,aggregation,0.7809023768516752,,,0.6982765014075432
2567,1001,13,5,0.6,0.2,1000,restricted_20,aggregation,0.7760982683732844,,,0.696268573702532
2568,1001,13,5,0.6,0.2,1000,restricted_20,aggregation,0.7755026704301804,,,0.6953840374440373
2569,1001,13,5,0.6,0.2,1000,restricted_20,aggregation,0.7786421039447068,,,0.6972632381507381
2570,1001,13,5,0.6,0.2,1000,restricted_20,aggregation,0.7796808672142395,,,0.6976596491086074
2571,1001,13,5,0.6,0.2,1000,restricted_20,aggregation,0.7791914479328926,,,0.6972837661798079
2572,1001,13,5,0.6,0.2,1000,restricted_20,aggregation,0.7798124981492891,,,0.6976640290419458
2573,1001,13,5,0.6,0.2,1000,restricted_20,aggregation,0.7761720035327662,,,0.6953775361983695
2574,1001,13,5,0.6,0.2,1000,restricted_20,aggregation,0.7816400615449647,,,0.6984385252401918
2575,1001,13,5,0.6,0.2,1000,restricted_20,aggregation,0.7759001747157769,,,0.696007956834832
2576,1001,13,5,0.6,0.2,1000,restricted_20,aggregation,0.7769389233365395,,,0.6959801765133015
2577,1001,13,5,0.6,0.2,1000,restricted_20,aggregation,0.779331210883107,,,0.6974479619300452
2578,1001,13,5,0.6,0.2,1000,restricted_20,aggregation,0.7802728965097003,,,0.6977751032686449
2579,1001,13,5,0.6,0.2,1000,restricted_20,aggregation,0.7818955356016182,,,0.6989703501051417
2580,1001,13,5,0.6,0.2,1000,restricted_20,aggregation,0.7781455382042702,,,0.6971571794563461
2581,1001,13,5,0.6,0.2,1000,restricted_20,aggregation,0.7775893521922144,,,0.6964561002963087
2582,1001,13,5,0.6,0.2,1000,restricted_20,aggregation,0.7795034675410328,,,0.6975751937954022
2583,1001,13,5,0.6,0.2,1000,restricted_20,aggregation,0.7805784497718882,,,0.6982081993469494
2584,1001,13,5,0.6,0.2,1000,restricted_20,aggregation,0.778351194720263,,,0.6970909258257174
2585,1001,13,5,0.6,0.2,1000,restricted_20,aggregation,0.7794755581491292,,,0.6978302182848016
2586,1001,13,5,0.6,0.2,1000,restricted_20,aggregation,0.7779891183918981,,,0.6972079982825816
2587,1001,13,5,0.6,0.2,1000,restricted_20,aggregation,0.7771720006718156,,,0.6967932551090884
2588,1001,13,5,0.6,0.2,1000,restricted_20,aggregation,0.7787470541275091,,,0.6973359611684612
2589,1001,13,5,0.6,0.2,1000,restricted_20,aggregation,0.7799162174173373,,,0.6981039787450203
2590,1001,13,5,0.6,0.2,1000,restricted_20,aggregation,0.7786707642957374,,,0.6973892648940565
2591,1001,13,5,0.6,0.2,1000,restricted_20,aggregation,0.7790148946339868,,,0.6970817012308679
2592,1001,13,5,0.6,0.2,1000,restricted_20,aggregation,0.7774335636139179,,,0.696702399575733
2593,1001,13,5,0.6,0.2,1000,restricted_20,aggregation,0.7755815973586514,,,0.6956821917665668
2594,1001,13,5,0.6,0.2,1000,restricted_20,aggregation,0.775599451054631,,,0.6958043180661931
2595,1001,13,5,0.6,0.2,1000,restricted_20,aggregation,0.7812734412989985,,,0.698471755906131
2596,1001,13,5,0.6,0.2,1000,restricted_20,aggregation,0.7807077024367028,,,0.6981524588143339
2597,1001,13,5,0.6,0.2,1000,restricted_20,aggregation,0.7760305262112892,,,0.6959689508870759
2598,1001,13,5,0.6,0.2,1000,restricted_20,aggregation,0.7769780809311303,,,0.6966238781588782
2599,1001,13,5,0.6,0.2,1000,restricted_20,aggregation,0.7808326939348784,,,0.6974699203882537
2600,1001,13,5,0.6,0.2,1000,restricted_20,aggregation,0.774590761424199,,,0.6949774316655567
2601,1001,13,5,0.6,0.2,1000,restricted_20,aggregation,0.7762069420090667,,,0.6957348093341844
2602,1001,13,5,0.6,0.2,1000,restricted_20,aggregation,0.7794470468895008,,,0.6974434358928109
2603,1001,13,5,0.6,0.2,1000,restricted_20,aggregation,0.7757775284600903,,,0.6954364895058645
2604,1001,13,5,0.6,0.2,1000,restricted_20,aggregation,0.7769240928009487,,,0.6964375314885731
2605,1001,13,5,0.6,0.2,1000,restricted_20,aggregation,0.7795198252845247,,,0.6974701275113776
2606,1001,13,5,0.6,0.2,1000,restricted_20,aggregation,0.7779971595777415,,,0.697067608764692
2607,1001,13,5,0.6,0.2,1000,restricted_20,aggregation,0.774303559592536,,,0.6958106026766444
2608,1001,13,5,0.6,0.2,1000,restricted_20,aggregation,0.780501637405595,,,0.6978789084603667
2609,1001,13,5,0.6,0.2,1000,restricted_20,aggregation,0.7789535093861681,,,0.697528733997484
2610,1001,13,5,0.6,0.2,1000,restricted_20,aggregation,0.7815350302601712,,,0.698754748638707
2611,1001,13,5,0.6,0.2,1000,restricted_20,aggregation,0.7782732439716639,,,0.6972144416848584
2612,1001,13,5,0.6,0.2,1000,restricted_20,aggregation,0.7788412503106821,,,0.6974110274139441
2613,1001,13,5,0.6,0.2,1000,restricted_20,aggregation,0.7811590694817643,,,0.6980894372988123
2614,1001,13,5,0.6,0.2,1000,restricted_20,aggregation,0.7778407792531402,,,0.696858531414573
2615,1001,13,5,0.6,0.2,1000,restricted_20,aggregation,0.7759717116565019,,,0.6953973330373331
2616,1001,13,5,0.6,0.2,1000,restricted_20,aggregation,0.7804846784801537,,,0.6980687422299922
2617,1001,13,5,0.6,0.2,1000,restricted_20,aggregation,0.7801893319060355,,,0.697899003959004
2618,1001,13,5,0.6,0.2,1000,restricted_20,aggregation,0.7805438746003697,,,0.6979250621446456
2619,1001,13,5,0.6,0.2,1000,restricted_20,aggregation,0.7756737664605257,,,0.6953439476418644
2620,1001,13,5,0.6,0.2,1000,restricted_20,aggregation,0.7789223530803787,,,0.6971635170924755
2621,1001,13,5,0.6,0.2,1000,restricted_20,aggregation,0.7837444274885339,,,0.6992490883653383
2622,1001,13,5,0.6,0.2,1000,restricted_20,aggregation,0.776109063285935,,,0.695825954385121
2623,1001,13,5,0.6,0.2,1000,restricted_20,aggregation,0.7781501618296727,,,0.6973686108875693
2624,1001,13,5,0.6,0.2,1000,restricted_20,aggregation,0.7767683328554118,,,0.695877558583392
2625,1001,13,5,0.6,0.2,1000,restricted_20,aggregation,0.780186620861489,,,0.6982546458248541
2626,1001,13,5,0.6,0.2,1000,restricted_20,aggregation,0.7784065970600414,,,0.6969174412855663
2627,1001,13,5,0.6,0.2,1000,restricted_20,aggregation,0.7766408042626598,,,0.6959309521959522
2628,1001,13,5,0.6,0.2,1000,restricted_20,aggregation,0.7793833900825307,,,0.6974394423863174
2629,1001,13,5,0.6,0.2,1000,restricted_20,aggregation,0.7781553257881091,,,0.6966468997514832
2630,1001,13,5,0.6,0.2,1000,restricted_20,aggregation,0.7768085755230115,,,0.6966341713610464
2631,1001,13,5,0.6,0.2,1000,restricted_20,aggregation,0.7787067137988982,,,0.6971410296801963
2632,1001,13,5,0.6,0.2,1000,restricted_20,aggregation,0.7773337718077997,,,0.6965548721109137
2633,1001,13,5,0.6,0.2,1000,restricted_20,aggregation,0.7786120804653583,,,0.6968960020920437
2634,1001,13,5,0.6,0.2,1000,restricted_20,aggregation,0.7828001910041033,,,0.6993279098524933
2635,1001,13,5,0.6,0.2,1000,restricted_20,aggregation,0.777095993993944,,,0.696645617993118
2636,1001,13,5,0.6,0.2,1000,restricted_20,aggregation,0.779373326907725,,,0.6976136877011878
2637,1001,13,5,0.6,0.2,1000,restricted_20,aggregation,0.776262825559784,,,0.6963948231398231
2638,1001,13,5,0.6,0.2,1000,restricted_20,aggregation,0.778367638390316,,,0.6968474385336886
2639,1001,13,5,0.6,0.2,1000,restricted_20,aggregation,0.78054429792472,,,0.698206424285591
2640,1001,13,5,0.6,0.2,1000,restricted_20,aggregation,0.7781666261033919,,,0.6969931795673463
2641,1001,13,5,0.6,0.2,1000,restricted_20,aggregation,0.7769449677908783,,,0.6965525914209247
2642,1001,13,5,0.6,0.2,1000,restricted_20,aggregation,0.7798914495538468,,,0.6975026758503842
2643,1001,13,5,0.6,0.2,1000,restricted_20,aggregation,0.7773898126554971,,,0.696650293788002
2644,1001,13,5,0.6,0.2,1000,restricted_20,aggregation,0.7765546142430666,,,0.69612594495782
2645,1001,13,5,0.6,0.2,1000,restricted_20,aggregation,0.7779049600536108,,,0.6969997181984683
2646,1001,13,5,0.6,0.2,1000,restricted_20,aggregation,0.780962818131813,,,0.6979719614182115
2647,1001,13,5,0.6,0.2,1000,restricted_20,aggregation,0.7782668074987789,,,0.6967888314848731
2648,1001,13,5,0.6,0.2,1000,restricted_20,aggregation,0.7785306749814925,,,0.696934473844057
2649,1001,13,5,0.6,0.2,1000,restricted_20,aggregation,0.7815163424061087,,,0.6985583539068956
2650,1001,13,5,0.6,0.2,1000,restricted_20,aggregation,0.778300860965413,,,0.6975163171242338
2651,1001,13,5,0.6,0.2,1000,restricted_20,aggregation,0.7770927824455134,,,0.6971738045673463
2652,1001,13,5,0.6,0.2,1000,restricted_20,aggregation,0.781415061556283,,,0.6988118898925149
2653,1001,13,5,0.6,0.2,1000,restricted_20,aggregation,0.7797982072465306,,,0.6977478396063813
2654,1001,13,5,0.6,0.2,1000,restricted_20,aggregation,0.7790382953962024,,,0.697811234429151
2655,1001,13,5,0.6,0.2,1000,restricted_20,aggregation,0.7773466690085207,,,0.6964056169602003
2656,1001,13,5,0.6,0.2,1000,restricted_20,aggregation,0.7770656134587712,,,0.6964733730235814
2657,1001,13,5,0.6,0.2,1000,restricted_20,aggregation,0.779784128965359,,,0.6975287775573192
2658,1001,13,5,0.6,0.2,1000,restricted_20,aggregation,0.7780395736924732,,,0.697086510989011
2659,1001,13,5,0.6,0.2,1000,restricted_20,aggregation,0.7826192814057227,,,0.6988107413959498
2660,1001,13,5,0.6,0.2,1000,restricted_20,aggregation,0.7789366533202341,,,0.6970976773997607
2661,1001,13,5,0.6,0.2,1000,restricted_20,aggregation,0.7781348761245567,,,0.6967788976918142
2662,1001,13,5,0.6,0.2,1000,restricted_20,aggregation,0.7791030608974541,,,0.697157858992859
2663,1001,13,5,0.6,0.2,1000,restricted_20,aggregation,0.7775817219274974,,,0.6967043325655826
2664,1001,13,5,0.6,0.2,1000,restricted_20,aggregation,0.7779355833109269,,,0.697005756928257
2665,1001,13,5,0.6,0.2,1000,restricted_20,aggregation,0.7814364127505053,,,0.6986766594593677
2666,1001,13,5,0.6,0.2,1000,restricted_20,aggregation,0.7793256160748789,,,0.6970740909861743
2667,1001,13,5,0.6,0.2,1000,restricted_20,aggregation,0.7757049263411441,,,0.6964060895508812
2668,1001,13,5,0.6,0.2,1000,restricted_20,aggregation,0.7801263382101059,,,0.6977300400217066
2669,1001,13,5,0.6,0.2,1000,restricted_20,aggregation,0.7764070277490132,,,0.6963031798525549
2670,1001,13,5,0.6,0.2,1000,restricted_20,aggregation,0.7773191256618759,,,0.6967819293515127
2671,1001,13,5,0.6,0.2,1000,restricted_20,aggregation,0.7810910916373972,,,0.6982206908600659
2672,1001,13,5,0.6,0.2,1000,restricted_20,aggregation,0.782050443800641,,,0.6984767560140477
2673,1001,13,5,0.6,0.2,1000,restricted_20,aggregation,0.7780904559997217,,,0.6966437577700079
2674,1001,13,5,0.6,0.2,1000,restricted_20,aggregation,0.7824922818114807,,,0.6989838737342905
2675,1001,13,5,0.6,0.2,1000,restricted_20,aggregation,0.778646404347705,,,0.6973929233112566
2676,1001,13,5,0.6,0.2,1000,restricted_20,aggregation,0.7818575114679371,,,0.6984811249398749
2677,1001,13,5,0.6,0.2,1000,restricted_20,aggregation,0.7754603626129303,,,0.6962778794970461
2678,1001,13,5,0.6,0.2,1000,restricted_20,aggregation,0.7793415821028141,,,0.6969753184161519
2679,1001,13,5,0.6,0.2,1000,restricted_20,aggregation,0.7794293073834906,,,0.6971007983605901
2680,1001,13,5,0.6,0.2,1000,restricted_20,aggregation,0.7794505332803039,,,0.6976477630779715
2681,1001,13,5,0.6,0.2,1000,restricted_20,aggregation,0.777532148428195,,,0.6966152665390165
2682,1001,13,5,0.6,0.2,1000,restricted_20,aggregation,0.7780121420770135,,,0.6968334900670319
2683,1001,13,5,0.6,0.2,1000,restricted_20,aggregation,0.7797230989865144,,,0.6975640947401364
2684,1001,13,5,0.6,0.2,1000,restricted_20,aggregation,0.7807137800242353,,,0.6982444012469011
2685,1001,13,5,0.6,0.2,1000,restricted_20,aggregation,0.7792021009597493,,,0.6976658827900494
2686,1001,13,5,0.6,0.2,1000,restricted_20,aggregation,0.7754874400258004,,,0.6958265930057598
2687,1001,13,5,0.6,0.2,1000,restricted_20,aggregation,0.7775234298765991,,,0.6967658365939615
2688,1001,13,5,0.6,0.2,1000,restricted_20,aggregation,0.7798175045224676,,,0.697802808904059
2689,1001,13,5,0.6,0.2,1000,restricted_20,aggregation,0.7789749749502433,,,0.6969793175266091
2690,1001,13,5,0.6,0.2,1000,restricted_20,aggregation,0.7773066656108087,,,0.6966313998038999
2691,1001,13,5,0.6,0.2,1000,restricted_20,aggregation,0.7784916821919411,,,0.6971168333287083
2692,1001,13,5,0.6,0.2,1000,restricted_20,aggregation,0.7772396481931114,,,0.6968131623623289
2693,1001,13,5,0.6,0.2,1000,restricted_20,aggregation,0.7793174788488823,,,0.6978928174371926
2694,1001,13,5,0.6,0.2,1000,restricted_20,aggregation,0.7775028306581013,,,0.6964225650892318
2695,1001,13,5,0.6,0.2,1000,restricted_20,aggregation,0.7788851338566524,,,0.6972765048608798
2696,1001,13,5,0.6,0.2,1000,restricted_20,aggregation,0.7787803409072676,,,0.6972626964779048
2697,1001,13,5,0.6,0.2,1000,restricted_20,aggregation,0.7805512710998984,,,0.6982666782754283
2698,1001,13,5,0.6,0.2,1000,restricted_20,aggregation,0.7785844793439395,,,0.6974256764377598
2699,1001,13,5,0.6,0.2,1000,restricted_20,aggregation,0.7772643617271207,,,0.6966784132765382
2700,1001,13,5,0.6,0.2,1000,restricted_20,aggregation,0.7781492267463146,,,0.6965753817324651
2701,1001,13,5,0.6,0.2,1000,restricted_20,aggregation,0.7807642201772862,,,0.6981774464039047
2702,1001,13,5,0.6,0.2,1000,restricted_20,aggregation,0.780433094938087,,,0.698177757281299
2703,1001,13,5,0.6,0.2,1000,restricted_20,aggregation,0.7760901708491885,,,0.6960742634217634
2704,1001,13,5,0.6,0.2,1000,restricted_20,aggregation,0.7808161537224664,,,0.6982767963903381
2705,1001,13,5,0.6,0.2,1000,restricted_20,aggregation,0.7759481437981267,,,0.6959067550659217
2706,1001,13,5,0.6,0.2,1000,restricted_20,aggregation,0.7807026899151422,,,0.6974633449575116
2707,1001,13,5,0.6,0.2,1000,restricted_20,aggregation,0.7762395100307323,,,0.6959520719249886
2708,1001,13,5,0.6,0.2,1000,restricted_20,aggregation,0.7797307482949201,,,0.6977222220988888
2709,1001,13,5,0.6,0.2,1000,restricted_20,aggregation,0.7823103007160163,,,0.6987316302216303
2710,1001,13,5,0.6,0.2,1000,restricted_20,aggregation,0.7810569955821131,,,0.6977672420480754
2711,1001,13,5,0.6,0.2,1000,restricted_20,aggregation,0.7780769614411438,,,0.696691720648179
2712,1001,13,5,0.6,0.2,1000,restricted_20,aggregation,0.7774860558007884,,,0.6965259864441115
2713,1001,13,5,0.6,0.2,1000,restricted_20,aggregation,0.7795695368988089,,,0.6975015740586574
2714,1001,13,5,0.6,0.2,1000,restricted_20,aggregation,0.7788188058634468,,,0.6975062677985595
2715,1001,13,5,0.6,0.2,1000,restricted_20,aggregation,0.7751679822026567,,,0.6952194836413585
2716,1001,13,5,0.6,0.2,1000,restricted_20,aggregation,0.7757199131261471,,,0.6959259906297406
2717,1001,13,5,0.6,0.2,1000,restricted_20,aggregation,0.7846611557761736,,,0.6999750802515387
2718,1001,13,5,0.6,0.2,1000,restricted_20,aggregation,0.7783141007472488,,,0.6971041580333248
2719,1001,13,5,0.6,0.2,1000,restricted_20,aggregation,0.7786619793260361,,,0.6970238306754973
2720,1001,13,5,0.6,0.2,1000,restricted_20,aggregation,0.7829844727353833,,,0.6995240608311443
2721,1001,13,5,0.6,0.2,1000,restricted_20,aggregation,0.7767293131112676,,,0.6958004831665249
2722,1001,13,5,0.6,0.2,1000,restricted_20,aggregation,0.774788747236319,,,0.6949690283173616
2723,1001,13,5,0.6,0.2,1000,restricted_20,aggregation,0.7801826911510924,,,0.697521910011285
2724,1001,13,5,0.6,0.2,1000,restricted_20,aggregation,0.7778102660925372,,,0.6966802023593691
2725,1001,13,5,0.6,0.2,1000,restricted_20,aggregation,0.7811449277818838,,,0.6982881749654666
2726,1001,13,5,0.6,0.2,1000,restricted_20,aggregation,0.7787105111982054,,,0.6968455378572045
2727,1001,13,5,0.6,0.2,1000,restricted_20,aggregation,0.7744989226542721,,,0.6951299691435109
2728,1001,13,5,0.6,0.2,1000,restricted_20,aggregation,0.777818870309216,,,0.6970217776513611
2729,1001,13,5,0.6,0.2,1000,restricted_20,aggregation,0.7785475082540144,,,0.6965998861786362
2730,1001,13,5,0.6,0.2,1000,restricted_20,aggregation,0.7789245918110872,,,0.6971026622143289
2731,1001,13,5,0.6,0.2,1000,restricted_20,aggregation,0.7809468307248445,,,0.6983220152995153
2732,1001,13,5,0.6,0.2,1000,restricted_20,aggregation,0.7765944744325791,,,0.6966420685179019
2733,1001,13,5,0.6,0.2,1000,restricted_20,aggregation,0.7761332306348767,,,0.6961123477217227
2734,1001,13,5,0.6,0.2,1000,restricted_20,aggregation,0.7764150264425487,,,0.6961494600769601
2735,1001,13,5,0.6,0.2,1000,restricted_20,aggregation,0.7795492290862341,,,0.6974948728740394
2736,1001,13,5,0.6,0.2,1000,restricted_20,aggregation,0.7806810586689817,,,0.6984299388882722
2737,1001,13,5,0.6,0.2,1000,restricted_20,aggregation,0.7792313537131577,,,0.6976681308352142
2738,1001,13,5,0.6,0.2,1000,restricted_20,aggregation,0.7763717943278541,,,0.6962299247357581
2739,1001,13,5,0.6,0.2,1000,restricted_20,aggregation,0.782810160410303,,,0.699123114717073
2740,1001,13,5,0.6,0.2,1000,restricted_20,aggregation,0.7783084810030629,,,0.6973590621878123
2741,1001,13,5,0.6,0.2,1000,restricted_20,aggregation,0.7790543452255035,,,0.6970373536340202
2742,1001,13,5,0.6,0.2,1000,restricted_20,aggregation,0.7793492767026352,,,0.6975899348799348
2743,1001,13,5,0.6,0.2,1000,restricted_20,aggregation,0.7797174891290353,,,0.6978841559443643
2744,1001,13,5,0.6,0.2,1000,restricted_20,aggregation,0.7756890741829303,,,0.6960622404447404
2745,1001,13,5,0.6,0.2,1000,restricted_20,aggregation,0.7805306063278726,,,0.6975321882515633
2746,1001,13,5,0.6,0.2,1000,restricted_20,aggregation,0.7771017652358245,,,0.6961898263002431
2747,1001,13,5,0.6,0.2,1000,restricted_20,aggregation,0.7830218665715651,,,0.6989742594365511
2748,1001,13,5,0.6,0.2,1000,restricted_20,aggregation,0.7771263425587875,,,0.6962468373832958
2749,1001,13,5,0.6,0.2,1000,restricted_20,aggregation,0.7754428277945613,,,0.6959622036913704
2750,1001,13,5,0.6,0.2,1000,restricted_20,aggregation,0.7786020876999934,,,0.697193594746303
2751,1001,13,5,0.6,0.2,1000,restricted_20,aggregation,0.7788274104102932,,,0.6973873426033843
2752,1001,13,5,0.6,0.2,1000,restricted_20,aggregation,0.7773181505422074,,,0.6964720899316732
2753,1001,13,5,0.6,0.2,1000,restricted_20,aggregation,0.7766067379468395,,,0.6967272071138738
2754,1001,13,5,0.6,0.2,1000,restricted_20,aggregation,0.7783011449941736,,,0.6969279537823287
2755,1001,13,5,0.6,0.2,1000,restricted_20,aggregation,0.777904122469041,,,0.6967713269909103
2756,1001,13,5,0.6,0.2,1000,restricted_20,aggregation,0.7794689092594859,,,0.6975135480800063
2757,1001,13,5,0.6,0.2,1000,restricted_20,aggregation,0.7786304759714584,,,0.6968119031354448
2758,1001,13,5,0.6,0.2,1000,restricted_20,aggregation,0.7773661527492239,,,0.6966305037786288
2759,1001,13,5,0.6,0.2,1000,restricted_20,aggregation,0.7790890835778826,,,0.6978017412448663
2760,1001,13,5,0.6,0.2,1000,restricted_20,aggregation,0.7813876731166914,,,0.6981368788695873
2761,1001,13,5,0.6,0.2,1000,restricted_20,aggregation,0.7762775007863294,,,0.6955336082975667
2762,1001,13,5,0.6,0.2,1000,restricted_20,aggregation,0.7758469005512753,,,0.6964313434019683
2763,1001,13,5,0.6,0.2,1000,restricted_20,aggregation,0.7766713270913623,,,0.6958722811139477
2764,1001,13,5,0.6,0.2,1000,restricted_20,aggregation,0.7784375155006763,,,0.6967939408508159
2765,1001,13,5,0.6,0.2,1000,restricted_20,aggregation,0.7798884047089625,,,0.6980503509530593
2766,1001,13,5,0.6,0.2,1000,restricted_20,aggregation,0.7759195367491871,,,0.6960112424381175
2767,1001,13,5,0.6,0.2,1000,restricted_20,aggregation,0.7765280925147814,,,0.6960798447463031
2768,1001,13,5,0.6,0.2,1000,restricted_20,aggregation,0.7764742716396449,,,0.6961673978336479
2769,1001,13,5,0.6,0.2,1000,restricted_20,aggregation,0.7798166758417472,,,0.6976221616577867
2770,1001,13,5,0.6,0.2,1000,restricted_20,aggregation,0.7746295886053567,,,0.6953791529149864
2771,1001,13,5,0.6,0.2,1000,restricted_20,aggregation,0.7787191340870963,,,0.6972270436816269
2772,1001,13,5,0.6,0.2,1000,restricted_20,aggregation,0.77961490789419,,,0.6977485118353869
2773,1001,13,5,0.6,0.2,1000,restricted_20,aggregation,0.7768758720986227,,,0.6966919086931587
2774,1001,13,5,0.6,0.2,1000,restricted_20,aggregation,0.779725883559069,,,0.6975343740904157
2775,1001,13,5,0.6,0.2,1000,restricted_20,aggregation,0.7791978492791723,,,0.6970935216635216
2776,1001,13,5,0.6,0.2,1000,restricted_20,aggregation,0.7813630722635341,,,0.6979798767359183
2777,1001,13,5,0.6,0.2,1000,restricted_20,aggregation,0.7794237748278025,,,0.6974834209000875
2778,1001,13,5,0.6,0.2,1000,restricted_20,aggregation,0.7768130208360952,,,0.696203269631603
2779,1001,13,5,0.6,0.2,1000,restricted_20,aggregation,0.7797055400141242,,,0.6979017236929737
2780,1001,13,5,0.6,0.2,1000,restricted_20,aggregation,0.7779402696575778,,,0.6969453350507517
2781,1001,13,5,0.6,0.2,1000,restricted_20,aggregation,0.7795098767045654,,,0.697883880278672
2782,1001,13,5,0.6,0.2,1000,restricted_20,aggregation,0.7765466168207243,,,0.6967795408912075
2783,1001,13,5,0.6,0.2,1000,restricted_20,aggregation,0.7752796440430234,,,0.6957337224735142
2784,1001,13,5,0.6,0.2,1000,restricted_20,aggregation,0.7774352821543126,,,0.6963427112008362
2785,1001,13,5,0.6,0.2,1000,restricted_20,aggregation,0.7794245344627666,,,0.6974457189569689
2786,1001,13,5,0.6,0.2,1000,restricted_20,aggregation,0.7768714553490473,,,0.696758411935287
2787,1001,13,5,0.6,0.2,1000,restricted_20,aggregation,0.7813410680181856,,,0.698243607310899
2788,1001,13,5,0.6,0.2,1000,restricted_20,aggregation,0.779844416188093,,,0.6978410945227612
2789,1001,13,5,0.6,0.2,1000,restricted_20,aggregation,0.7803996469982031,,,0.6978623655511155
2790,1001,13,5,0.6,0.2,1000,restricted_20,aggregation,0.7784995449237851,,,0.6968543767806268
2791,1001,13,5,0.6,0.2,1000,restricted_20,aggregation,0.7777508427740923,,,0.6970355950839284
2792,1001,13,5,0.6,0.2,1000,restricted_20,aggregation,0.7743481746895459,,,0.6955068269616186
2793,1001,13,5,0.6,0.2,1000,restricted_20,aggregation,0.7798333853283315,,,0.6977672489162072
2794,1001,13,5,0.6,0.2,1000,restricted_20,aggregation,0.7838832486409415,,,0.6993162283858118
2795,1001,13,5,0.6,0.2,1000,restricted_20,aggregation,0.7770529303435358,,,0.6966466400343484
2796,1001,13,5,0.6,0.2,1000,restricted_20,aggregation,0.7828890992722486,,,0.6991141819214736
2797,1001,13,5,0.6,0.2,1000,restricted_20,aggregation,0.7785984113862794,,,0.6973758432385515
2798,1001,13,5,0.6,0.2,1000,restricted_20,aggregation,0.7779521825273862,,,0.6968461917711918
2799,1001,13,5,0.6,0.2,1000,restricted_20,aggregation,0.7792340308785035,,,0.6973715107269274
2800,1001,13,5,0.6,0.2,1000,restricted_20,aggregation,0.780388083253756,,,0.6980877585223418
2801,1001,13,5,0.6,0.2,1000,restricted_20,aggregation,0.7770386580280044,,,0.6969447944108361
2802,1001,13,5,0.6,0.2,1000,restricted_20,aggregation,0.7772758509170421,,,0.6965390646159396
2803,1001,13,5,0.6,0.2,1000,restricted_20,aggregation,0.7772062547839662,,,0.6965261112575697
2804,1001,13,5,0.6,0.2,1000,restricted_20,aggregation,0.7789837291599484,,,0.6976182541995042
2805,1001,13,5,0.6,0.2,1000,restricted_20,aggregation,0.7790045394829884,,,0.6970434141244558
2806,1001,13,5,0.6,0.2,1000,restricted_20,aggregation,0.7774208998396497,,,0.6966152909050826
2807,1001,13,5,0.6,0.2,1000,restricted_20,aggregation,0.7762128639917425,,,0.695782148083398
2808,1001,13,5,0.6,0.2,1000,restricted_20,aggregation,0.7791904058667063,,,0.6976165645311478
2809,1001,13,5,0.6,0.2,1000,restricted_20,aggregation,0.776840301661314,,,0.6965755006567506
2810,1001,13,5,0.6,0.2,1000,restricted_20,aggregation,0.7755746227255172,,,0.6957826676332927
2811,1001,13,5,0.6,0.2,1000,restricted_20,aggregation,0.7764795039908425,,,0.6963604518937851
2812,1001,13,5,0.6,0.2,1000,restricted_20,aggregation,0.7774962733259566,,,0.696616142345309
2813,1001,13,5,0.6,0.2,1000,restricted_20,aggregation,0.7754300845877581,,,0.6948860414199999
2814,1001,13,5,0.6,0.2,1000,restricted_20,aggregation,0.7774586121729473,,,0.6965068629441545
2815,1001,13,5,0.6,0.2,1000,restricted_20,aggregation,0.7771308388919311,,,0.6965595027195027
2816,1001,13,5,0.6,0.2,1000,restricted_20,aggregation,0.7765893519642638,,,0.6965000079472996
2817,1001,13,5,0.6,0.2,1000,restricted_20,aggregation,0.777075539231698,,,0.6961148270402437
2818,1001,13,5,0.6,0.2,1000,restricted_20,aggregation,0.7808452789134912,,,0.6980569568240401
2819,1001,13,5,0.6,0.2,1000,restricted_20,aggregation,0.7769580796140183,,,0.6963480007800841
2820,1001,13,5,0.6,0.2,1000,restricted_20,aggregation,0.7766693085236904,,,0.6962049743080992
2821,1001,13,5,0.6,0.2,1000,restricted_20,aggregation,0.7752878105091116,,,0.6955775968861385
2822,1001,13,5,0.6,0.2,1000,restricted_20,aggregation,0.7775549550954979,,,0.6968218066809734
2823,1001,13,5,0.6,0.2,1000,restricted_20,aggregation,0.7762216511979851,,,0.6962819594063344
2824,1001,13,5,0.6,0.2,1000,restricted_20,aggregation,0.776907183520515,,,0.6962056548466966
2825,1001,13,5,0.6,0.2,1000,restricted_20,aggregation,0.7784045363063145,,,0.6971247451622452
2826,1001,13,5,0.6,0.2,1000,restricted_20,aggregation,0.7763238182516841,,,0.6961054652060902
2827,1001,13,5,0.6,0.2,1000,restricted_20,aggregation,0.7763245772130147,,,0.6962402733146483
2828,1001,13,5,0.6,0.2,1000,restricted_20,aggregation,0.7785485602431733,,,0.696699406126281
2829,1001,13,5,0.6,0.2,1000,restricted_20,aggregation,0.7784287926879824,,,0.6968323316421233
2830,1001,13,5,0.6,0.2,1000,restricted_20,aggregation,0.7789879117835407,,,0.6966539626808377
2831,1001,13,5,0.6,0.2,1000,restricted_20,aggregation,0.7758762168307812,,,0.696160957229499
2832,1001,13,5,0.6,0.2,1000,restricted_20,aggregation,0.7799945306339024,,,0.6975096889838556
2833,1001,13,5,0.6,0.2,1000,restricted_20,aggregation,0.7769753916586309,,,0.6965881711575462
2834,1001,13,5,0.6,0.2,1000,restricted_20,aggregation,0.7795339200475007,,,0.6971758183945684
2835,1001,13,5,0.6,0.2,1000,restricted_20,aggregation,0.7796610724352887,,,0.6972980005334171
2836,1001,13,5,0.6,0.2,1000,restricted_20,aggregation,0.7801488123793965,,,0.6975659903599487
2837,1001,13,5,0.6,0.2,1000,restricted_20,aggregation,0.7793091616514443,,,0.6976009221565472
2838,1001,13,5,0.6,0.2,1000,restricted_20,aggregation,0.7804428194256239,,,0.6976265476961311
2839,1001,13,5,0.6,0.2,1000,restricted_20,aggregation,0.7790361858540424,,,0.697568790753999
2840,1001,13,5,0.6,0.2,1000,restricted_20,aggregation,0.779415332063256,,,0.6973366729952146
2841,1001,13,5,0.6,0.2,1000,restricted_20,aggregation,0.7785841361446989,,,0.6975121439825607
2842,1001,13,5,0.6,0.2,1000,restricted_20,aggregation,0.7810743926401582,,,0.6983602601642185
2843,1001,13,5,0.6,0.2,1000,restricted_20,aggregation,0.7773125822097238,,,0.6965627755886089
2844,1001,13,5,0.6,0.2,1000,restricted_20,aggregation,0.7797671892432054,,,0.6978140038125454
2845,1001,13,5,0.6,0.2,1000,restricted_20,aggregation,0.7755105252611415,,,0.6955119051396135
2846,1001,13,5,0.6,0.2,1000,restricted_20,aggregation,0.7762058972396211,,,0.6965700499808833
2847,1001,13,5,0.6,0.2,1000,restricted_20,aggregation,0.7784742823123937,,,0.6973925591769341
2848,1001,13,5,0.6,0.2,1000,restricted_20,aggregation,0.7786063120515493,,,0.696847849002849
2849,1001,13,5,0.6,0.2,1000,restricted_20,aggregation,0.7780577858602139,,,0.6969894627748795
2850,1001,13,5,0.6,0.2,1000,restricted_20,aggregation,0.7770877081071312,,,0.6966544986417903
2851,1001,13,5,0.6,0.2,1000,restricted_20,aggregation,0.7769742783526595,,,0.696653176892552
2852,1001,13,5,0.6,0.2,1000,restricted_20,aggregation,0.7788735665997077,,,0.6976389675756343
2853,1001,13,5,0.6,0.2,1000,restricted_20,aggregation,0.7761194567000287,,,0.6960271283885867
2854,1001,13,5,0.6,0.2,1000,restricted_20,aggregation,0.7799824644295491,,,0.6976419877884461
2855,1001,13,5,0.6,0.2,1000,restricted_20,aggregation,0.7797429950094643,,,0.6976272670308087
2856,1001,13,5,0.6,0.2,1000,restricted_20,aggregation,0.7792191682544655,,,0.697614490339907
2857,1001,13,5,0.6,0.2,1000,restricted_20,aggregation,0.7783060141482664,,,0.6972281298254215
2858,1001,13,5,0.6,0.2,1000,restricted_20,aggregation,0.7794119537132174,,,0.6974206543148211
2859,1001,13,5,0.6,0.2,1000,restricted_20,aggregation,0.7770631952504167,,,0.6966884851414019
2860,1001,13,5,0.6,0.2,1000,restricted_20,aggregation,0.7785826758218747,,,0.6971560088753839
2861,1001,13,5,0.6,0.2,1000,restricted_20,aggregation,0.7779053677515696,,,0.6961155193803111
2862,1001,13,5,0.6,0.2,1000,restricted_20,aggregation,0.777433425517281,,,0.6968391236926654
2863,1001,13,5,0.6,0.2,1000,restricted_20,aggregation,0.7835224489200031,,,0.6990869341846425
2864,1001,13,5,0.6,0.2,1000,restricted_20,aggregation,0.7811336642938537,,,0.6983283219404053
2865,1001,13,5,0.6,0.2,1000,restricted_20,aggregation,0.7795351550468351,,,0.6975320271703606
2866,1001,13,5,0.6,0.2,1000,restricted_20,aggregation,0.7749010474770387,,,0.6955343027034694
2867,1001,13,5,0.6,0.2,1000,restricted_20,aggregation,0.7772672031743688,,,0.697006178034928
2868,1001,13,5,0.6,0.2,1000,restricted_20,aggregation,0.7786418192113963,,,0.6974646427877678
2869,1001,13,5,0.6,0.2,1000,restricted_20,aggregation,0.7757817139804312,,,0.6960111520963604
2870,1001,13,5,0.6,0.2,1000,restricted_20,aggregation,0.7790312682351119,,,0.6972551379638879
2871,1001,13,5,0.6,0.2,1000,restricted_20,aggregation,0.7762038101111877,,,0.6960521250662918
2872,1001,13,5,0.6,0.2,1000,restricted_20,aggregation,0.7780434167149126,,,0.6967607580305497
2873,1001,13,5,0.6,0.2,1000,restricted_20,aggregation,0.7789604956673284,,,0.6973896871723955
2874,1001,13,5,0.6,0.2,1000,restricted_20,aggregation,0.7769920514805662,,,0.6964795683945684
2875,1001,13,5,0.6,0.2,1000,restricted_20,aggregation,0.7787538522862182,,,0.6971002484629568
2876,1001,13,5,0.6,0.2,1000,restricted_20,aggregation,0.7781928363183762,,,0.6971245038680455
2877,1001,13,5,0.6,0.2,1000,restricted_20,aggregation,0.7782418606924777,,,0.6967518822535489
2878,1001,13,5,0.6,0.2,1000,restricted_20,aggregation,0.7770152634308282,,,0.6966367012617013
2879,1001,13,5,0.6,0.2,1000,restricted_20,aggregation,0.7770242220643008,,,0.696946805247222
2880,1001,13,5,0.6,0.2,1000,restricted_20,aggregation,0.7768865880865596,,,0.6966422997218831
2881,1001,13,5,0.6,0.2,1000,restricted_20,aggregation,0.776571002673694,,,0.6962071946263614
2882,1001,13,5,0.6,0.2,1000,restricted_20,aggregation,0.7797654496625684,,,0.6976349028209445
2883,1001,13,5,0.6,0.2,1000,restricted_20,aggregation,0.7792184845834838,,,0.6971949928852011
2884,1001,13,5,0.6,0.2,1000,restricted_20,aggregation,0.7775966258889738,,,0.6961601434213935
2885,1001,13,5,0.6,0.2,1000,restricted_20,aggregation,0.7759357380458769,,,0.6955016102955686
2886,1001,13,5,0.6,0.2,1000,restricted_20,aggregation,0.7791019818137047,,,0.6971469482215316
2887,1001,13,5,0.6,0.2,1000,restricted_20,aggregation,0.7819936899572818,,,0.6989237168001751
2888,1001,13,5,0.6,0.2,1000,restricted_20,aggregation,0.7786741571815762,,,0.6975245680245681
2889,1001,13,5,0.6,0.2,1000,restricted_20,aggregation,0.7823440338310409,,,0.6987424909889494
2890,1001,13,5,0.6,0.2,1000,restricted_20,aggregation,0.7788543242979671,,,0.6973496566781985
2891,1001,13,5,0.6,0.2,1000,restricted_20,aggregation,0.7834438587701403,,,0.6983737039195373
2892,1001,13,5,0.6,0.2,1000,restricted_20,aggregation,0.7806418265559442,,,0.6979947421637005
2893,1001,13,5,0.6,0.2,1000,restricted_20,aggregation,0.7790175160236655,,,0.6973442417459085
2894,1001,13,5,0.6,0.2,1000,restricted_20,aggregation,0.7794484782913381,,,0.6978531759058842
2895,1001,13,5,0.6,0.2,1000,restricted_20,aggregation,0.7787137821032094,,,0.6975043833866751
2896,1001,13,5,0.6,0.2,1000,restricted_20,aggregation,0.7801378400554203,,,0.6978026362140946
2897,1001,13,5,0.6,0.2,1000,restricted_20,aggregation,0.7798699967722927,,,0.6976669144975395
2898,1001,13,5,0.6,0.2,1000,restricted_20,aggregation,0.776734316528961,,,0.6964498714711215
2899,1001,13,5,0.6,0.2,1000,restricted_20,aggregation,0.7787058841678539,,,0.6972723926151009
2900,1001,13,5,0.6,0.2,1000,restricted_20,aggregation,0.7819621742466976,,,0.6986869522375773
2901,1001,13,5,0.6,0.2,1000,restricted_20,aggregation,0.7785402135069646,,,0.6971073248202415
2902,1001,13,5,0.6,0.2,1000,restricted_20,aggregation,0.7769006382334878,,,0.6962507633493051
2903,1001,13,5,0.6,0.2,1000,restricted_20,aggregation,0.7754192043089966,,,0.6959348974251057
2904,1001,13,5,0.6,0.2,1000,restricted_20,aggregation,0.7801412857805848,,,0.6976255724445308
2905,1001,13,5,0.6,0.2,1000,restricted_20,aggregation,0.7784616188863503,,,0.6973235728006562
2906,1001,13,5,0.6,0.2,1000,restricted_20,aggregation,0.7769542025272168,,,0.6968682319146902
2907,1001,13,5,0.6,0.2,1000,restricted_20,aggregation,0.7781050059199476,,,0.6969164386770635
2908,1001,13,5,0.6,0.2,1000,restricted_20,aggregation,0.7797869511585186,,,0.6977565103877604
2909,1001,13,5,0.6,0.2,1000,restricted_20,aggregation,0.7805032300280739,,,0.6979418506339339
2910,1001,13,5,0.6,0.2,1000,restricted_20,aggregation,0.7785861178723881,,,0.6973637650004317
2911,1001,13,5,0.6,0.2,1000,restricted_20,aggregation,0.7788509426343516,,,0.6972367081914999
2912,1001,13,5,0.6,0.2,1000,restricted_20,aggregation,0.7836135855548437,,,0.6994804377027294
2913,1001,13,5,0.6,0.2,1000,restricted_20,aggregation,0.7782511318180578,,,0.6969824786324786
2914,1001,13,5,0.6,0.2,1000,restricted_20,aggregation,0.7769917442205946,,,0.6965526413632664
2915,1001,13,5,0.6,0.2,1000,restricted_20,aggregation,0.7803863576627483,,,0.6980207360771944
2916,1001,13,5,0.6,0.2,1000,restricted_20,aggregation,0.7756587040371432,,,0.6959600047868799
2917,1001,13,5,0.6,0.2,1000,restricted_20,aggregation,0.7744590441542462,,,0.6958595095182595
2918,1001,13,5,0.6,0.2,1000,restricted_20,aggregation,0.7762066287147866,,,0.6964100028443778
2919,1001,13,5,0.6,0.2,1000,restricted_20,aggregation,0.7816278773685963,,,0.6985668551587301
2920,1001,13,5,0.6,0.2,1000,restricted_20,aggregation,0.7800857175593683,,,0.6975113175867343
2921,1001,13,5,0.6,0.2,1000,restricted_20,aggregation,0.7785838872322596,,,0.6971650980500981
2922,1001,13,5,0.6,0.2,1000,restricted_20,aggregation,0.7778743556177037,,,0.6972290746213662
2923,1001,13,5,0.6,0.2,1000,restricted_20,aggregation,0.7784862791626301,,,0.6970431620154536
2924,1001,13,5,0.6,0.2,1000,restricted_20,aggregation,0.7827579714569997,,,0.6993447524774608
2925,1001,13,5,0.6,0.2,1000,restricted_20,aggregation,0.779649146058534,,,0.6972087851885768
2926,1001,13,5,0.6,0.2,1000,restricted_20,aggregation,0.7787038554479022,,,0.6970627999623832
2927,1001,13,5,0.6,0.2,1000,restricted_20,aggregation,0.777297603129993,,,0.6967332439011605
2928,1001,13,5,0.6,0.2,1000,restricted_20,aggregation,0.7784781774493326,,,0.6973583695856613
2929,1001,13,5,0.6,0.2,1000,restricted_20,aggregation,0.7806294567630462,,,0.6983424385568135
2930,1001,13,5,0.6,0.2,1000,restricted_20,aggregation,0.7777735296463153,,,0.6965357874841207
2931,1001,13,5,0.6,0.2,1000,restricted_20,aggregation,0.7799472688565634,,,0.6977504610898361
2932,1001,13,5,0.6,0.2,1000,restricted_20,aggregation,0.7816408834500266,,,0.6984105141540559
2933,1001,13,5,0.6,0.2,1000,restricted_20,aggregation,0.7800303830964849,,,0.69789963836318
2934,1001,13,5,0.6,0.2,1000,restricted_20,aggregation,0.7777512473300103,,,0.6968041340218424
2935,1001,13,5,0.6,0.2,1000,restricted_20,aggregation,0.7777845026955422,,,0.6967232903978737
2936,1001,13,5,0.6,0.2,1000,restricted_20,aggregation,0.7750539236061424,,,0.6957674604176687
2937,1001,13,5,0.6,0.2,1000,restricted_20,aggregation,0.7829053136671418,,,0.6991807566045066
2938,1001,13,5,0.6,0.2,1000,restricted_20,aggregation,0.7764368133760255,,,0.6961720252895254
2939,1001,13,5,0.6,0.2,1000,restricted_20,aggregation,0.7758652488388986,,,0.6953179674415091
2940,1001,13,5,0.6,0.2,1000,restricted_20,aggregation,0.7794123353621429,,,0.6976832273744774
2941,1001,13,5,0.6,0.2,1000,restricted_20,aggregation,0.7794087414399242,,,0.6975120259909844
2942,1001,13,5,0.6,0.2,1000,restricted_20,aggregation,0.7800312449746718,,,0.6981500044708379
2943,1001,13,5,0.6,0.2,1000,restricted_20,aggregation,0.7787384381961111,,,0.6972390472875889
2944,1001,13,5,0.6,0.2,1000,restricted_20,aggregation,0.7791372909600265,,,0.6971852150318817
2945,1001,13,5,0.6,0.2,1000,restricted_20,aggregation,0.7769286066378609,,,0.6963967619803036
2946,1001,13,5,0.6,0.2,1000,restricted_20,aggregation,0.7773819296762577,,,0.6967783590560674
2947,1001,13,5,0.6,0.2,1000,restricted_20,aggregation,0.7811827688554783,,,0.6978106352058435
2948,1001,13,5,0.6,0.2,1000,restricted_20,aggregation,0.7795147405940883,,,0.6971700246743997
2949,1001,13,5,0.6,0.2,1000,restricted_20,aggregation,0.780652944966182,,,0.6980312568372985
2950,1001,13,5,0.6,0.2,1000,restricted_20,aggregation,0.7784371314110686,,,0.6970571967153217
2951,1001,13,5,0.6,0.2,1000,restricted_20,aggregation,0.780284550366885,,,0.6981744560840394
2952,1001,13,5,0.6,0.2,1000,restricted_20,aggregation,0.7790982122901017,,,0.6970334372109372
2953,1001,13,5,0.6,0.2,1000,restricted_20,aggregation,0.7782298636095096,,,0.6969050846144597
2954,1001,13,5,0.6,0.2,1000,restricted_20,aggregation,0.7818564244827991,,,0.6986940389163305
2955,1001,13,5,0.6,0.2,1000,restricted_20,aggregation,0.7783653770141,,,0.6974661833690999
2956,1001,13,5,0.6,0.2,1000,restricted_20,aggregation,0.7822715298693553,,,0.6990062625723042
2957,1001,13,5,0.6,0.2,1000,restricted_20,aggregation,0.7793683597066083,,,0.6973358958711042
2958,1001,13,5,0.6,0.2,1000,restricted_20,aggregation,0.775778763375459,,,0.6961069029735697
2959,1001,13,5,0.6,0.2,1000,restricted_20,aggregation,0.7797453769171147,,,0.6977345675774843
2960,1001,13,5,0.6,0.2,1000,restricted_20,aggregation,0.7765587694123053,,,0.6965523870342619
2961,1001,13,5,0.6,0.2,1000,restricted_20,aggregation,0.7766459053055952,,,0.6958719865936531
2962,1001,13,5,0.6,0.2,1000,restricted_20,aggregation,0.7787758620043014,,,0.697252673992674
2963,1001,13,5,0.6,0.2,1000,restricted_20,aggregation,0.778453261202163,,,0.6973715443584194
2964,1001,13,5,0.6,0.2,1000,restricted_20,aggregation,0.7804247314158417,,,0.6974498659904911
2965,1001,13,5,0.6,0.2,1000,restricted_20,aggregation,0.7808099500453051,,,0.6981304864194448
2966,1001,13,5,0.6,0.2,1000,restricted_20,aggregation,0.7797914957452368,,,0.6975581669873336
2967,1001,13,5,0.6,0.2,1000,restricted_20,aggregation,0.779007389402953,,,0.6972523451548451
2968,1001,13,5,0.6,0.2,1000,restricted_20,aggregation,0.781592929961597,,,0.6984110981610983
2969,1001,13,5,0.6,0.2,1000,restricted_20,aggregation,0.7754963803066698,,,0.6954027709173543
2970,1001,13,5,0.6,0.2,1000,restricted_20,aggregation,0.7799772434040672,,,0.6980594683634267
2971,1001,13,5,0.6,0.2,1000,restricted_20,aggregation,0.7799229492379227,,,0.6977094222521306
2972,1001,13,5,0.6,0.2,1000,restricted_20,aggregation,0.7779021247745312,,,0.6972936009515176
2973,1001,13,5,0.6,0.2,1000,restricted_20,aggregation,0.7802287703793565,,,0.6976099236642987
2974,1001,13,5,0.6,0.2,1000,restricted_20,aggregation,0.7800194489068223,,,0.6976748308096224
2975,1001,13,5,0.6,0.2,1000,restricted_20,aggregation,0.7763361092266481,,,0.6960602954452954
2976,1001,13,5,0.6,0.2,1000,restricted_20,aggregation,0.7799607763018264,,,0.697375934266351
2977,1001,13,5,0.6,0.2,1000,restricted_20,aggregation,0.7798105209903469,,,0.6976139418220668
2978,1001,13,5,0.6,0.2,1000,restricted_20,aggregation,0.7804384727709118,,,0.6975845107361773
2979,1001,13,5,0.6,0.2,1000,restricted_20,aggregation,0.779596041634584,,,0.6977321314487982
2980,1001,13,5,0.6,0.2,1000,restricted_20,aggregation,0.7798479873661389,,,0.698152835598044
2981,1001,13,5,0.6,0.2,1000,restricted_20,aggregation,0.777629972409747,,,0.6968794740136407
2982,1001,13,5,0.6,0.2,1000,restricted_20,aggregation,0.7762355154334759,,,0.6952495967689717
2983,1001,13,5,0.6,0.2,1000,restricted_20,aggregation,0.7773883044500083,,,0.6965021417086
2984,1001,13,5,0.6,0.2,1000,restricted_20,aggregation,0.7774959492849255,,,0.6964225739692406
2985,1001,13,5,0.6,0.2,1000,restricted_20,aggregation,0.7821660182134385,,,0.6987088375282126
2986,1001,13,5,0.6,0.2,1000,restricted_20,aggregation,0.7804850705525982,,,0.6979117109279609
2987,1001,13,5,0.6,0.2,1000,restricted_20,aggregation,0.7802995274007745,,,0.697882640338057
2988,1001,13,5,0.6,0.2,1000,restricted_20,aggregation,0.7799802777879589,,,0.6983361297421715
2989,1001,13,5,0.6,0.2,1000,restricted_20,aggregation,0.7801483368094848,,,0.697638290066415
2990,1001,13,5,0.6,0.2,1000,restricted_20,aggregation,0.7804715363664277,,,0.6978768306153723
2991,1001,13,5,0.6,0.2,1000,restricted_20,aggregation,0.7759286742349082,,,0.6954006494971079
2992,1001,13,5,0.6,0.2,1000,restricted_20,aggregation,0.7810841050595957,,,0.6987105881772548
2993,1001,13,5,0.6,0.2,1000,restricted_20,aggregation,0.7751147570633174,,,0.6954060797535797
2994,1001,13,5,0.6,0.2,1000,restricted_20,aggregation,0.7754670086321004,,,0.6954474125103292
2995,1001,13,5,0.6,0.2,1000,restricted_20,aggregation,0.7796037903106509,,,0.6976430093517594
2996,1001,13,5,0.6,0.2,1000,restricted_20,aggregation,0.7782008450904027,,,0.697354453948829
2997,1001,13,5,0.6,0.2,1000,restricted_20,aggregation,0.7751024675722386,,,0.6961734251242585
2998,1001,13,5,0.6,0.2,1000,restricted_20,aggregation,0.7783397731421227,,,0.6971793326195409
2999,1001,13,5,0.6,0.2,1000,restricted_20,aggregation,0.7808253708788704,,,0.6981308527506443
3000,1001,13,5,0.6,0.2,1000,restricted_30,aggregation,0.7902242554274994,,,0.703753459557418
3001,1001,13,5,0.6,0.2,1000,restricted_30,aggregation,0.7886552724234938,,,0.7023320057565892
3002,1001,13,5,0.6,0.2,1000,restricted_30,aggregation,0.7890050909678819,,,0.702699420903171
3003,1001,13,5,0.6,0.2,1000,restricted_30,aggregation,0.7879349198647644,,,0.7026241959121127
3004,1001,13,5,0.6,0.2,1000,restricted_30,aggregation,0.7893934715774468,,,0.7032435054682972
3005,1001,13,5,0.6,0.2,1000,restricted_30,aggregation,0.7892106516909336,,,0.7025128813085064
3006,1001,13,5,0.6,0.2,1000,restricted_30,aggregation,0.7899048239043173,,,0.7035530884855885
3007,1001,13,5,0.6,0.2,1000,restricted_30,aggregation,0.79062040645753,,,0.70436321161092
3008,1001,13,5,0.6,0.2,1000,restricted_30,aggregation,0.7919474166702836,,,0.704188143669602
3009,1001,13,5,0.6,0.2,1000,restricted_30,aggregation,0.7883206752819126,,,0.7026903602724436
3010,1001,13,5,0.6,0.2,1000,restricted_30,aggregation,0.7916248033988286,,,0.7042605263949014
3011,1001,13,5,0.6,0.2,1000,restricted_30,aggregation,0.7883006985805279,,,0.7026097667301834
3012,1001,13,5,0.6,0.2,1000,restricted_30,aggregation,0.7869111194860184,,,0.7018799117317868
3013,1001,13,5,0.6,0.2,1000,restricted_30,aggregation,0.7893531129105005,,,0.7030163966511883
3014,1001,13,5,0.6,0.2,1000,restricted_30,aggregation,0.7903155925112569,,,0.7036688482196816
3015,1001,13,5,0.6,0.2,1000,restricted_30,aggregation,0.7881737070824266,,,0.7025586940914025
3016,1001,13,5,0.6,0.2,1000,restricted_30,aggregation,0.7907642000229375,,,0.7035993134951469
3017,1001,13,5,0.6,0.2,1000,restricted_30,aggregation,0.7889152399558791,,,0.7029022415932833
3018,1001,13,5,0.6,0.2,1000,restricted_30,aggregation,0.7912971635897006,,,0.7041587542781292
3019,1001,13,5,0.6,0.2,1000,restricted_30,aggregation,0.7920428838562713,,,0.7047890143652644
3020,1001,13,5,0.6,0.2,1000,restricted_30,aggregation,0.7898470347198041,,,0.7033776921612339
3021,1001,13,5,0.6,0.2,1000,restricted_30,aggregation,0.7895722695985565,,,0.7034491745291745
3022,1001,13,5,0.6,0.2,1000,restricted_30,aggregation,0.7889473716872286,,,0.7026706385743886
3023,1001,13,5,0.6,0.2,1000,restricted_30,aggregation,0.7873743143748819,,,0.7020740863842948
3024,1001,13,5,0.6,0.2,1000,restricted_30,aggregation,0.7873719850099323,,,0.7015788815736732
3025,1001,13,5,0.6,0.2,1000,restricted_30,aggregation,0.7888979190716808,,,0.7028195303307804
3026,1001,13,5,0.6,0.2,1000,restricted_30,aggregation,0.7916497883684228,,,0.7043867854753272
3027,1001,13,5,0.6,0.2,1000,restricted_30,aggregation,0.7912426603864827,,,0.7040170852989603
3028,1001,13,5,0.6,0.2,1000,restricted_30,aggregation,0.7910318665678384,,,0.7045324328911828
3029,1001,13,5,0.6,0.2,1000,restricted_30,aggregation,0.7877243788299975,,,0.7021854269804271
3030,1001,13,5,0.6,0.2,1000,restricted_30,aggregation,0.7890318200105422,,,0.7028482862276613
3031,1001,13,5,0.6,0.2,1000,restricted_30,aggregation,0.7892597384469938,,,0.703209343989344
3032,1001,13,5,0.6,0.2,1000,restricted_30,aggregation,0.7860867244321007,,,0.7012575342404509
3033,1001,13,5,0.6,0.2,1000,restricted_30,aggregation,0.7898453375300831,,,0.7031016378605962
3034,1001,13,5,0.6,0.2,1000,restricted_30,aggregation,0.7891530469105005,,,0.7024979487025321
3035,1001,13,5,0.6,0.2,1000,restricted_30,aggregation,0.7896744092169801,,,0.7029479423662758
3036,1001,13,5,0.6,0.2,1000,restricted_30,aggregation,0.7871063613039329,,,0.7019295552749719
3037,1001,13,5,0.6,0.2,1000,restricted_30,aggregation,0.7888102658643322,,,0.7028796715244632
3038,1001,13,5,0.6,0.2,1000,restricted_30,aggregation,0.7891469356047146,,,0.7027656288850039
3039,1001,13,5,0.6,0.2,1000,restricted_30,aggregation,0.7902362764580976,,,0.7030180098913432
3040,1001,13,5,0.6,0.2,1000,restricted_30,aggregation,0.7880070096701718,,,0.7027549432511933
3041,1001,13,5,0.6,0.2,1000,restricted_30,aggregation,0.7896250645038544,,,0.7033965413598747
3042,1001,13,5,0.6,0.2,1000,restricted_30,aggregation,0.7881416060959435,,,0.7015123388648388
3043,1001,13,5,0.6,0.2,1000,restricted_30,aggregation,0.7890981692457439,,,0.7026131397768899
3044,1001,13,5,0.6,0.2,1000,restricted_30,aggregation,0.7881459693823314,,,0.7029186542624043
3045,1001,13,5,0.6,0.2,1000,restricted_30,aggregation,0.786224371907742,,,0.7015694106125356
3046,1001,13,5,0.6,0.2,1000,restricted_30,aggregation,0.7863878501056012,,,0.7017539665350083
3047,1001,13,5,0.6,0.2,1000,restricted_30,aggregation,0.789069075708894,,,0.7025686959876543
3048,1001,13,5,0.6,0.2,1000,restricted_30,aggregation,0.7916157211875207,,,0.7043356608360775
3049,1001,13,5,0.6,0.2,1000,restricted_30,aggregation,0.7876359330367644,,,0.7019502930711263
3050,1001,13,5,0.6,0.2,1000,restricted_30,aggregation,0.7879023641487339,,,0.7023992135719218
3051,1001,13,5,0.6,0.2,1000,restricted_30,aggregation,0.7892519056017215,,,0.7031840622726039
3052,1001,13,5,0.6,0.2,1000,restricted_30,aggregation,0.792506946475663,,,0.704820348370765
3053,1001,13,5,0.6,0.2,1000,restricted_30,aggregation,0.790073413459804,,,0.7035598502654753
3054,1001,13,5,0.6,0.2,1000,restricted_30,aggregation,0.7888888575086305,,,0.7028571531709031
3055,1001,13,5,0.6,0.2,1000,restricted_30,aggregation,0.791763149411194,,,0.7044453822874657
3056,1001,13,5,0.6,0.2,1000,restricted_30,aggregation,0.7882568054412636,,,0.7025529698079698
3057,1001,13,5,0.6,0.2,1000,restricted_30,aggregation,0.7880281106498324,,,0.7022441029880613
3058,1001,13,5,0.6,0.2,1000,restricted_30,aggregation,0.7918134580991525,,,0.7050740156063073
3059,1001,13,5,0.6,0.2,1000,restricted_30,aggregation,0.7888290564284124,,,0.7027695593835178
3060,1001,13,5,0.6,0.2,1000,restricted_30,aggregation,0.7868617256628943,,,0.7015492867549117
3061,1001,13,5,0.6,0.2,1000,restricted_30,aggregation,0.7901859602555492,,,0.7032390646159397
3062,1001,13,5,0.6,0.2,1000,restricted_30,aggregation,0.7893736903411036,,,0.7031336498917748
3063,1001,13,5,0.6,0.2,1000,restricted_30,aggregation,0.7897746365282758,,,0.7033960668575253
3064,1001,13,5,0.6,0.2,1000,restricted_30,aggregation,0.7898105678718798,,,0.703353562625646
3065,1001,13,5,0.6,0.2,1000,restricted_30,aggregation,0.7910567116488507,,,0.7041853313507482
3066,1001,13,5,0.6,0.2,1000,restricted_30,aggregation,0.7904727395849854,,,0.703768634706343
3067,1001,13,5,0.6,0.2,1000,restricted_30,aggregation,0.7909480220635673,,,0.7042043971614805
3068,1001,13,5,0.6,0.2,1000,restricted_30,aggregation,0.7880199718326932,,,0.7024203812699646
3069,1001,13,5,0.6,0.2,1000,restricted_30,aggregation,0.7887807997423489,,,0.703072359615693
3070,1001,13,5,0.6,0.2,1000,restricted_30,aggregation,0.7888700322929671,,,0.7029608647910731
3071,1001,13,5,0.6,0.2,1000,restricted_30,aggregation,0.7879809452050055,,,0.7024466898148148
3072,1001,13,5,0.6,0.2,1000,restricted_30,aggregation,0.7901967808460049,,,0.7034699943574944
3073,1001,13,5,0.6,0.2,1000,restricted_30,aggregation,0.7909573609140228,,,0.7043206629096211
3074,1001,13,5,0.6,0.2,1000,restricted_30,aggregation,0.7900479049524506,,,0.7037006232656233
3075,1001,13,5,0.6,0.2,1000,restricted_30,aggregation,0.7871012842134396,,,0.7021183013976765
3076,1001,13,5,0.6,0.2,1000,restricted_30,aggregation,0.7886913038788057,,,0.7026936300813383
3077,1001,13,5,0.6,0.2,1000,restricted_30,aggregation,0.7891889647704542,,,0.7030178200117783
3078,1001,13,5,0.6,0.2,1000,restricted_30,aggregation,0.788552021612907,,,0.7023776778005945
3079,1001,13,5,0.6,0.2,1000,restricted_30,aggregation,0.7888071532221088,,,0.7027153067457235
3080,1001,13,5,0.6,0.2,1000,restricted_30,aggregation,0.7893752489719212,,,0.7031983362625029
3081,1001,13,5,0.6,0.2,1000,restricted_30,aggregation,0.7902708573974352,,,0.7034881012583095
3082,1001,13,5,0.6,0.2,1000,restricted_30,aggregation,0.7893423409051519,,,0.7024607989310073
3083,1001,13,5,0.6,0.2,1000,restricted_30,aggregation,0.7921836192947691,,,0.7046772508201675
3084,1001,13,5,0.6,0.2,1000,restricted_30,aggregation,0.7895634382000559,,,0.7033709660555494
3085,1001,13,5,0.6,0.2,1000,restricted_30,aggregation,0.7879595758527979,,,0.7025607835759919
3086,1001,13,5,0.6,0.2,1000,restricted_30,aggregation,0.7890020552839767,,,0.7030059784968118
3087,1001,13,5,0.6,0.2,1000,restricted_30,aggregation,0.7890319373409171,,,0.7032958333564583
3088,1001,13,5,0.6,0.2,1000,restricted_30,aggregation,0.7884213760776491,,,0.7027329099295767
3089,1001,13,5,0.6,0.2,1000,restricted_30,aggregation,0.7902679012070004,,,0.7035680097603014
3090,1001,13,5,0.6,0.2,1000,restricted_30,aggregation,0.7900788396032727,,,0.7032785913315079
3091,1001,13,5,0.6,0.2,1000,restricted_30,aggregation,0.7867462759933576,,,0.7016023611265277
3092,1001,13,5,0.6,0.2,1000,restricted_30,aggregation,0.7873211413573805,,,0.7015883108018525
3093,1001,13,5,0.6,0.2,1000,restricted_30,aggregation,0.7908663188418328,,,0.7041447873731207
3094,1001,13,5,0.6,0.2,1000,restricted_30,aggregation,0.7884134853881204,,,0.702609874670083
3095,1001,13,5,0.6,0.2,1000,restricted_30,aggregation,0.7899783740954409,,,0.7033910726387811
3096,1001,13,5,0.6,0.2,1000,restricted_30,aggregation,0.7908506658144177,,,0.7035796038914789
3097,1001,13,5,0.6,0.2,1000,restricted_30,aggregation,0.7898522470810183,,,0.7035310653158571
3098,1001,13,5,0.6,0.2,1000,restricted_30,aggregation,0.7887516287569853,,,0.7030697817845736
3099,1001,13,5,0.6,0.2,1000,restricted_30,aggregation,0.7894621330138718,,,0.7033608967344384
3100,1001,13,5,0.6,0.2,1000,restricted_30,aggregation,0.787695913528438,,,0.701998099978725
3101,1001,13,5,0.6,0.2,1000,restricted_30,aggregation,0.7906178752340931,,,0.703902478933104
3102,1001,13,5,0.6,0.2,1000,restricted_30,aggregation,0.7877229719260346,,,0.7022994279794279
3103,1001,13,5,0.6,0.2,1000,restricted_30,aggregation,0.7901969769063213,,,0.7035793328507912
3104,1001,13,5,0.6,0.2,1000,restricted_30,aggregation,0.7901953245043739,,,0.7037831150099899
3105,1001,13,5,0.6,0.2,1000,restricted_30,aggregation,0.7893819121359441,,,0.7027084576303326
3106,1001,13,5,0.6,0.2,1000,restricted_30,aggregation,0.7904716131385977,,,0.7033634595805429
3107,1001,13,5,0.6,0.2,1000,restricted_30,aggregation,0.7896217433176759,,,0.7033632568665903
3108,1001,13,5,0.6,0.2,1000,restricted_30,aggregation,0.7919110131570333,,,0.704284829668788
3109,1001,13,5,0.6,0.2,1000,restricted_30,aggregation,0.7893755823712829,,,0.7034219699667617
3110,1001,13,5,0.6,0.2,1000,restricted_30,aggregation,0.7893767547385391,,,0.7028527111545861
3111,1001,13,5,0.6,0.2,1000,restricted_30,aggregation,0.7883174817763142,,,0.7022766138568223
3112,1001,13,5,0.6,0.2,1000,restricted_30,aggregation,0.7897587288792598,,,0.703649269719478
3113,1001,13,5,0.6,0.2,1000,restricted_30,aggregation,0.7889632477432453,,,0.7028343076368077
3114,1001,13,5,0.6,0.2,1000,restricted_30,aggregation,0.7896071102842704,,,0.7034771894155227
3115,1001,13,5,0.6,0.2,1000,restricted_30,aggregation,0.7920454686856618,,,0.7046030443476277
3116,1001,13,5,0.6,0.2,1000,restricted_30,aggregation,0.7893726757535855,,,0.7031216807266807
3117,1001,13,5,0.6,0.2,1000,restricted_30,aggregation,0.7892029082534096,,,0.7032248913278081
3118,1001,13,5,0.6,0.2,1000,restricted_30,aggregation,0.7906964738337345,,,0.7033639140412057
3119,1001,13,5,0.6,0.2,1000,restricted_30,aggregation,0.7877804391438201,,,0.7021093058561808
3120,1001,13,5,0.6,0.2,1000,restricted_30,aggregation,0.7875823873500594,,,0.7022579247141747
3121,1001,13,5,0.6,0.2,1000,restricted_30,aggregation,0.7909858424997648,,,0.7041440511109262
3122,1001,13,5,0.6,0.2,1000,restricted_30,aggregation,0.7868203876019528,,,0.7012756033549784
3123,1001,13,5,0.6,0.2,1000,restricted_30,aggregation,0.7903611296914427,,,0.7038323241419076
3124,1001,13,5,0.6,0.2,1000,restricted_30,aggregation,0.7914205084769098,,,0.7040876884612302
3125,1001,13,5,0.6,0.2,1000,restricted_30,aggregation,0.7907734823048483,,,0.7041312018459935
3126,1001,13,5,0.6,0.2,1000,restricted_30,aggregation,0.7880647027731715,,,0.7021034063004897
3127,1001,13,5,0.6,0.2,1000,restricted_30,aggregation,0.786775028335872,,,0.7018883092293509
3128,1001,13,5,0.6,0.2,1000,restricted_30,aggregation,0.7901298202195808,,,0.7038827224395975
3129,1001,13,5,0.6,0.2,1000,restricted_30,aggregation,0.7893837383167148,,,0.7033506776094276
3130,1001,13,5,0.6,0.2,1000,restricted_30,aggregation,0.7889070495797496,,,0.7028734540690791
3131,1001,13,5,0.6,0.2,1000,restricted_30,aggregation,0.7898909581333058,,,0.703531683262725
3132,1001,13,5,0.6,0.2,1000,restricted_30,aggregation,0.7902903967254012,,,0.7037989151434986
3133,1001,13,5,0.6,0.2,1000,restricted_30,aggregation,0.7884716369361069,,,0.702749419615878
3134,1001,13,5,0.6,0.2,1000,restricted_30,aggregation,0.786802666615348,,,0.7018167509034177
3135,1001,13,5,0.6,0.2,1000,restricted_30,aggregation,0.7893846588237099,,,0.7025964587881255
3136,1001,13,5,0.6,0.2,1000,restricted_30,aggregation,0.7894927522776153,,,0.7030810169074752
3137,1001,13,5,0.6,0.2,1000,restricted_30,aggregation,0.787958956230079,,,0.7024842507415424
3138,1001,13,5,0.6,0.2,1000,restricted_30,aggregation,0.7910807118650574,,,0.7041571192310775
3139,1001,13,5,0.6,0.2,1000,restricted_30,aggregation,0.7892870260746068,,,0.703069955384122
3140,1001,13,5,0.6,0.2,1000,restricted_30,aggregation,0.7895374683352038,,,0.7031634777722278
3141,1001,13,5,0.6,0.2,1000,restricted_30,aggregation,0.7897320191581222,,,0.7032203474843058
3142,1001,13,5,0.6,0.2,1000,restricted_30,aggregation,0.7910602519679613,,,0.7039281009268509
3143,1001,13,5,0.6,0.2,1000,restricted_30,aggregation,0.7879363004012623,,,0.7024007284613535
3144,1001,13,5,0.6,0.2,1000,restricted_30,aggregation,0.7887821860768512,,,0.7025857541609626
3145,1001,13,5,0.6,0.2,1000,restricted_30,aggregation,0.7918809375695933,,,0.70441106321148
3146,1001,13,5,0.6,0.2,1000,restricted_30,aggregation,0.7909390722589148,,,0.7039438066331817
3147,1001,13,5,0.6,0.2,1000,restricted_30,aggregation,0.788610886172557,,,0.7027897147836731
3148,1001,13,5,0.6,0.2,1000,restricted_30,aggregation,0.7899772856031572,,,0.7033854092897843
3149,1001,13,5,0.6,0.2,1000,restricted_30,aggregation,0.7914422958813353,,,0.7044171083777333
3150,1001,13,5,0.6,0.2,1000,restricted_30,aggregation,0.7911385700270338,,,0.7038406070703987
3151,1001,13,5,0.6,0.2,1000,restricted_30,aggregation,0.789405993966731,,,0.7029329323916824
3152,1001,13,5,0.6,0.2,1000,restricted_30,aggregation,0.7911561579647658,,,0.7040282675118092
3153,1001,13,5,0.6,0.2,1000,restricted_30,aggregation,0.788225670224393,,,0.7024003856945523
3154,1001,13,5,0.6,0.2,1000,restricted_30,aggregation,0.7903575221117664,,,0.7037361260807095
3155,1001,13,5,0.6,0.2,1000,restricted_30,aggregation,0.7913759856287216,,,0.7044417215192217
3156,1001,13,5,0.6,0.2,1000,restricted_30,aggregation,0.7908868725430668,,,0.7039999457486957
3157,1001,13,5,0.6,0.2,1000,restricted_30,aggregation,0.7915443727129665,,,0.703706277865653
3158,1001,13,5,0.6,0.2,1000,restricted_30,aggregation,0.7898663256730013,,,0.7034758245072827
3159,1001,13,5,0.6,0.2,1000,restricted_30,aggregation,0.7901132272689949,,,0.7034493479822648
3160,1001,13,5,0.6,0.2,1000,restricted_30,aggregation,0.7858440810312253,,,0.7009272875889543
3161,1001,13,5,0.6,0.2,1000,restricted_30,aggregation,0.7878372135947626,,,0.7025142786919871
3162,1001,13,5,0.6,0.2,1000,restricted_30,aggregation,0.7890168398454546,,,0.7025120898468816
3163,1001,13,5,0.6,0.2,1000,restricted_30,aggregation,0.7910583767760763,,,0.7038159308978058
3164,1001,13,5,0.6,0.2,1000,restricted_30,aggregation,0.7874480727576639,,,0.7021730387744971
3165,1001,13,5,0.6,0.2,1000,restricted_30,aggregation,0.7889490311447757,,,0.7027466078751496
3166,1001,13,5,0.6,0.2,1000,restricted_30,aggregation,0.7902096161769576,,,0.7035016510804012
3167,1001,13,5,0.6,0.2,1000,restricted_30,aggregation,0.7868950234661263,,,0.7015050299391967
3168,1001,13,5,0.6,0.2,1000,restricted_30,aggregation,0.788395902476368,,,0.7022207715047297
3169,1001,13,5,0.6,0.2,1000,restricted_30,aggregation,0.7885972686900656,,,0.7024456632487883
3170,1001,13,5,0.6,0.2,1000,restricted_30,aggregation,0.7882498961743114,,,0.7024415978774313
3171,1001,13,5,0.6,0.2,1000,restricted_30,aggregation,0.7882067976211375,,,0.7023989172555839
3172,1001,13,5,0.6,0.2,1000,restricted_30,aggregation,0.788584085144403,,,0.7027396201946202
3173,1001,13,5,0.6,0.2,1000,restricted_30,aggregation,0.7898909784304794,,,0.7028184582778333
3174,1001,13,5,0.6,0.2,1000,restricted_30,aggregation,0.7881354961263436,,,0.7024729516702434
3175,1001,13,5,0.6,0.2,1000,restricted_30,aggregation,0.7903467460785676,,,0.7035425295383628
3176,1001,13,5,0.6,0.2,1000,restricted_30,aggregation,0.7874015329875427,,,0.7019420420166254
3177,1001,13,5,0.6,0.2,1000,restricted_30,aggregation,0.78473612629613,,,0.7007157256786423
3178,1001,13,5,0.6,0.2,1000,restricted_30,aggregation,0.7917670965946745,,,0.7043303108696859
3179,1001,13,5,0.6,0.2,1000,restricted_30,aggregation,0.7902338360569275,,,0.7037473289750372
3180,1001,13,5,0.6,0.2,1000,restricted_30,aggregation,0.7905326947214166,,,0.7036046791788458
3181,1001,13,5,0.6,0.2,1000,restricted_30,aggregation,0.7888409411114049,,,0.7029525919836337
3182,1001,13,5,0.6,0.2,1000,restricted_30,aggregation,0.790739906474427,,,0.7038057958014209
3183,1001,13,5,0.6,0.2,1000,restricted_30,aggregation,0.7898331314652434,,,0.7035597144136726
3184,1001,13,5,0.6,0.2,1000,restricted_30,aggregation,0.7889010348373792,,,0.7027052293771043
3185,1001,13,5,0.6,0.2,1000,restricted_30,aggregation,0.7914195572197626,,,0.7042456653685821
3186,1001,13,5,0.6,0.2,1000,restricted_30,aggregation,0.7904770698623679,,,0.7034393677156177
3187,1001,13,5,0.6,0.2,1000,restricted_30,aggregation,0.7853278891011051,,,0.7012818343462095
3188,1001,13,5,0.6,0.2,1000,restricted_30,aggregation,0.7884167396271586,,,0.702195622579581
3189,1001,13,5,0.6,0.2,1000,restricted_30,aggregation,0.7915131842960279,,,0.7043568972231473
3190,1001,13,5,0.6,0.2,1000,restricted_30,aggregation,0.7914266449554123,,,0.7043042072742073
3191,1001,13,5,0.6,0.2,1000,restricted_30,aggregation,0.7901524121997993,,,0.7031838300896635
3192,1001,13,5,0.6,0.2,1000,restricted_30,aggregation,0.7891034250505139,,,0.7028843410062161
3193,1001,13,5,0.6,0.2,1000,restricted_30,aggregation,0.7898068785551732,,,0.7035118279714113
3194,1001,13,5,0.6,0.2,1000,restricted_30,aggregation,0.7897313505562046,,,0.7033311829913913
3195,1001,13,5,0.6,0.2,1000,restricted_30,aggregation,0.7888911568143242,,,0.7027669712463462
3196,1001,13,5,0.6,0.2,1000,restricted_30,aggregation,0.7889660780029402,,,0.7030203617909867
3197,1001,13,5,0.6,0.2,1000,restricted_30,aggregation,0.7920398659214076,,,0.7047500254837755
3198,1001,13,5,0.6,0.2,1000,restricted_30,aggregation,0.7915185407669107,,,0.7041145315486982
3199,1001,13,5,0.6,0.2,1000,restricted_30,aggregation,0.790421173390567,,,0.7038855076790492
3200,1001,13,5,0.6,0.2,1000,restricted_30,aggregation,0.791629137144357,,,0.7046379284604284
3201,1001,13,5,0.6,0.2,1000,restricted_30,aggregation,0.7890780330297412,,,0.7029784599967933
3202,1001,13,5,0.6,0.2,1000,restricted_30,aggregation,0.7911992595777703,,,0.703930930651139
3203,1001,13,5,0.6,0.2,1000,restricted_30,aggregation,0.7874823256600981,,,0.701883098575807
3204,1001,13,5,0.6,0.2,1000,restricted_30,aggregation,0.7904967022377549,,,0.7037697905566656
3205,1001,13,5,0.6,0.2,1000,restricted_30,aggregation,0.790926351294676,,,0.70385080988456
3206,1001,13,5,0.6,0.2,1000,restricted_30,aggregation,0.7896657022070557,,,0.7031959973822474
3207,1001,13,5,0.6,0.2,1000,restricted_30,aggregation,0.7900111487783189,,,0.7034269027037777
3208,1001,13,5,0.6,0.2,1000,restricted_30,aggregation,0.790751187777676,,,0.703794325658909
3209,1001,13,5,0.6,0.2,1000,restricted_30,aggregation,0.7904699119612965,,,0.7035252337939839
3210,1001,13,5,0.6,0.2,1000,restricted_30,aggregation,0.7900799661190137,,,0.7037245082463832
3211,1001,13,5,0.6,0.2,1000,restricted_30,aggregation,0.789510419137705,,,0.7032941843110593
3212,1001,13,5,0.6,0.2,1000,restricted_30,aggregation,0.7879813083158341,,,0.7025925567333902
3213,1001,13,5,0.6,0.2,1000,restricted_30,aggregation,0.7899080527569571,,,0.7036646034983535
3214,1001,13,5,0.6,0.2,1000,restricted_30,aggregation,0.7926774586682822,,,0.7048430152563486
3215,1001,13,5,0.6,0.2,1000,restricted_30,aggregation,0.7900722704576582,,,0.7035266422466423
3216,1001,13,5,0.6,0.2,1000,restricted_30,aggregation,0.7891241491189533,,,0.7029298177208594
3217,1001,13,5,0.6,0.2,1000,restricted_30,aggregation,0.7888757128450509,,,0.7030288014994266
3218,1001,13,5,0.6,0.2,1000,restricted_30,aggregation,0.7925924049580024,,,0.7051937266360183
3219,1001,13,5,0.6,0.2,1000,restricted_30,aggregation,0.7911931514266521,,,0.7042057224796808
3220,1001,13,5,0.6,0.2,1000,restricted_30,aggregation,0.7888395462501209,,,0.7027873163641913
3221,1001,13,5,0.6,0.2,1000,restricted_30,aggregation,0.7872943012716286,,,0.7014533714664964
3222,1001,13,5,0.6,0.2,1000,restricted_30,aggregation,0.7892223147706804,,,0.7029616799095966
3223,1001,13,5,0.6,0.2,1000,restricted_30,aggregation,0.7886457275230679,,,0.7023935448502114
3224,1001,13,5,0.6,0.2,1000,restricted_30,aggregation,0.7901235964393848,,,0.7033632362082363
3225,1001,13,5,0.6,0.2,1000,restricted_30,aggregation,0.7880237962829604,,,0.7024680043875877
3226,1001,13,5,0.6,0.2,1000,restricted_30,aggregation,0.7883300073536386,,,0.7024873603325686
3227,1001,13,5,0.6,0.2,1000,restricted_30,aggregation,0.7920126338374914,,,0.7041020131720132
3228,1001,13,5,0.6,0.2,1000,restricted_30,aggregation,0.7901538800562441,,,0.7036435576923077
3229,1001,13,5,0.6,0.2,1000,restricted_30,aggregation,0.7911737553097101,,,0.7042401050646884
3230,1001,13,5,0.6,0.2,1000,restricted_30,aggregation,0.7905029644931585,,,0.7038812438487438
3231,1001,13,5,0.6,0.2,1000,restricted_30,aggregation,0.7894224725561154,,,0.7033406967954885
3232,1001,13,5,0.6,0.2,1000,restricted_30,aggregation,0.7895711565711524,,,0.7034016993577411
3233,1001,13,5,0.6,0.2,1000,restricted_30,aggregation,0.7884843263449739,,,0.7023615018546268
3234,1001,13,5,0.6,0.2,1000,restricted_30,aggregation,0.7893408280318797,,,0.7033657304886473
3235,1001,13,5,0.6,0.2,1000,restricted_30,aggregation,0.7897203079499497,,,0.7036487608379275
3236,1001,13,5,0.6,0.2,1000,restricted_30,aggregation,0.7899995915893566,,,0.7031317881732465
3237,1001,13,5,0.6,0.2,1000,restricted_30,aggregation,0.7884304520395763,,,0.7023252204893872
3238,1001,13,5,0.6,0.2,1000,restricted_30,aggregation,0.7882485920214879,,,0.702422636383678
3239,1001,13,5,0.6,0.2,1000,restricted_30,aggregation,0.7889952036685813,,,0.7024978883616384
3240,1001,13,5,0.6,0.2,1000,restricted_30,aggregation,0.7904512118388635,,,0.70323275337317
3241,1001,13,5,0.6,0.2,1000,restricted_30,aggregation,0.7898705419081192,,,0.7031956090745674
3242,1001,13,5,0.6,0.2,1000,restricted_30,aggregation,0.7895281528169477,,,0.7030709335494751
3243,1001,13,5,0.6,0.2,1000,restricted_30,aggregation,0.7906168328809002,,,0.7035757704332704
3244,1001,13,5,0.6,0.2,1000,restricted_30,aggregation,0.7888059394504181,,,0.7025758431229265
3245,1001,13,5,0.6,0.2,1000,restricted_30,aggregation,0.7882294911851472,,,0.7026027916450833
3246,1001,13,5,0.6,0.2,1000,restricted_30,aggregation,0.7896540083539942,,,0.7030665157296407
3247,1001,13,5,0.6,0.2,1000,restricted_30,aggregation,0.7874266853960536,,,0.7022299598395431
3248,1001,13,5,0.6,0.2,1000,restricted_30,aggregation,0.7867572316492983,,,0.7017132550628383
3249,1001,13,5,0.6,0.2,1000,restricted_30,aggregation,0.7858158121195721,,,0.7010236151656986
3250,1001,13,5,0.6,0.2,1000,restricted_30,aggregation,0.7904967721387485,,,0.7035080366624116
3251,1001,13,5,0.6,0.2,1000,restricted_30,aggregation,0.7893390499445581,,,0.7031614832929417
3252,1001,13,5,0.6,0.2,1000,restricted_30,aggregation,0.7903982364786197,,,0.7041290129777631
3253,1001,13,5,0.6,0.2,1000,restricted_30,aggregation,0.7904299408332246,,,0.7036416042984793
3254,1001,13,5,0.6,0.2,1000,restricted_30,aggregation,0.7864772782740725,,,0.701700411995412
3255,1001,13,5,0.6,0.2,1000,restricted_30,aggregation,0.7912555224041379,,,0.7036943743293744
3256,1001,13,5,0.6,0.2,1000,restricted_30,aggregation,0.789280189001669,,,0.7031091292195459
3257,1001,13,5,0.6,0.2,1000,restricted_30,aggregation,0.7888647845717399,,,0.7024898772600855
3258,1001,13,5,0.6,0.2,1000,restricted_30,aggregation,0.7869594452891099,,,0.7020501905193572
3259,1001,13,5,0.6,0.2,1000,restricted_30,aggregation,0.7913692973307854,,,0.7043806480016896
3260,1001,13,5,0.6,0.2,1000,restricted_30,aggregation,0.7886955073372962,,,0.7020078445936779
3261,1001,13,5,0.6,0.2,1000,restricted_30,aggregation,0.7893410027100647,,,0.7029955165205165
3262,1001,13,5,0.6,0.2,1000,restricted_30,aggregation,0.7884193825475917,,,0.7023752474917058
3263,1001,13,5,0.6,0.2,1000,restricted_30,aggregation,0.7892281573958528,,,0.7028535947694281
3264,1001,13,5,0.6,0.2,1000,restricted_30,aggregation,0.7892413618493275,,,0.7030086430853097
3265,1001,13,5,0.6,0.2,1000,restricted_30,aggregation,0.7904237822903,,,0.7031437076966245
3266,1001,13,5,0.6,0.2,1000,restricted_30,aggregation,0.7894645210332752,,,0.70350707163978
3267,1001,13,5,0.6,0.2,1000,restricted_30,aggregation,0.7917039991517277,,,0.7049237754144004
3268,1001,13,5,0.6,0.2,1000,restricted_30,aggregation,0.7905833728889852,,,0.7042095933773016
3269,1001,13,5,0.6,0.2,1000,restricted_30,aggregation,0.7862993031879718,,,0.702043668337835
3270,1001,13,5,0.6,0.2,1000,restricted_30,aggregation,0.7881658501295664,,,0.7022444079377412
3271,1001,13,5,0.6,0.2,1000,restricted_30,aggregation,0.7897223593338447,,,0.7031778531113948
3272,1001,13,5,0.6,0.2,1000,restricted_30,aggregation,0.7886646965364005,,,0.7029891123691124
3273,1001,13,5,0.6,0.2,1000,restricted_30,aggregation,0.7910072918360505,,,0.7039462838319088
3274,1001,13,5,0.6,0.2,1000,restricted_30,aggregation,0.7915733600807852,,,0.704501330783414
3275,1001,13,5,0.6,0.2,1000,restricted_30,aggregation,0.7909938054924384,,,0.7036464539935373
3276,1001,13,5,0.6,0.2,1000,restricted_30,aggregation,0.7897863347965237,,,0.7033207256786423
3277,1001,13,5,0.6,0.2,1000,restricted_30,aggregation,0.7878805027057829,,,0.7021051156867824
3278,1001,13,5,0.6,0.2,1000,restricted_30,aggregation,0.7875830996807409,,,0.701902573028823
3279,1001,13,5,0.6,0.2,1000,restricted_30,aggregation,0.7865036232555046,,,0.7014748594075678
3280,1001,13,5,0.6,0.2,1000,restricted_30,aggregation,0.7919832945575299,,,0.7048055285763619
3281,1001,13,5,0.6,0.2,1000,restricted_30,aggregation,0.7887545878133756,,,0.7028700872584206
3282,1001,13,5,0.6,0.2,1000,restricted_30,aggregation,0.7857322082245828,,,0.7009952732298566
3283,1001,13,5,0.6,0.2,1000,restricted_30,aggregation,0.7889060976746758,,,0.7031977486325403
3284,1001,13,5,0.6,0.2,1000,restricted_30,aggregation,0.7883437630870941,,,0.7023164373897708
3285,1001,13,5,0.6,0.2,1000,restricted_30,aggregation,0.7881503361752163,,,0.702360927035927
3286,1001,13,5,0.6,0.2,1000,restricted_30,aggregation,0.7897033734014759,,,0.703665344616803
3287,1001,13,5,0.6,0.2,1000,restricted_30,aggregation,0.7889791547867138,,,0.7030464081289082
3288,1001,13,5,0.6,0.2,1000,restricted_30,aggregation,0.7886419581163807,,,0.7025643954656455
3289,1001,13,5,0.6,0.2,1000,restricted_30,aggregation,0.7891772283529435,,,0.7027029527417028
3290,1001,13,5,0.6,0.2,1000,restricted_30,aggregation,0.7881374734675182,,,0.7023851613895364
3291,1001,13,5,0.6,0.2,1000,restricted_30,aggregation,0.7875105778622455,,,0.7022488823522157
3292,1001,13,5,0.6,0.2,1000,restricted_30,aggregation,0.7876232419530907,,,0.7020825748094498
3293,1001,13,5,0.6,0.2,1000,restricted_30,aggregation,0.7920155077046733,,,0.7044918024336775
3294,1001,13,5,0.6,0.2,1000,restricted_30,aggregation,0.7933433068099496,,,0.7052101143686561
3295,1001,13,5,0.6,0.2,1000,restricted_30,aggregation,0.7900923621138635,,,0.7034952986057154
3296,1001,13,5,0.6,0.2,1000,restricted_30,aggregation,0.7860398265040268,,,0.7011118827083411
3297,1001,13,5,0.6,0.2,1000,restricted_30,aggregation,0.7870113457136798,,,0.7016096144287811
3298,1001,13,5,0.6,0.2,1000,restricted_30,aggregation,0.7899561375052574,,,0.7037747555068388
3299,1001,13,5,0.6,0.2,1000,restricted_30,aggregation,0.7901025990960694,,,0.703497692369359
3300,1001,13,5,0.6,0.2,1000,restricted_30,aggregation,0.7868806300812903,,,0.7016760213166464
3301,1001,13,5,0.6,0.2,1000,restricted_30,aggregation,0.7897153006911383,,,0.7031845860389611
3302,1001,13,5,0.6,0.2,1000,restricted_30,aggregation,0.7887878379205223,,,0.7030264423462341
3303,1001,13,5,0.6,0.2,1000,restricted_30,aggregation,0.7895020761226952,,,0.7025426355434689
3304,1001,13,5,0.6,0.2,1000,restricted_30,aggregation,0.7896915722854037,,,0.70290329501517
3305,1001,13,5,0.6,0.2,1000,restricted_30,aggregation,0.7877415299704412,,,0.7024951757424673
3306,1001,13,5,0.6,0.2,1000,restricted_30,aggregation,0.78742066851225,,,0.7015083329093745
3307,1001,13,5,0.6,0.2,1000,restricted_30,aggregation,0.7895117500450881,,,0.7033107084119585
3308,1001,13,5,0.6,0.2,1000,restricted_30,aggregation,0.7900659556079488,,,0.7030795714856132
3309,1001,13,5,0.6,0.2,1000,restricted_30,aggregation,0.7897172624615253,,,0.7028894049854467
3310,1001,13,5,0.6,0.2,1000,restricted_30,aggregation,0.7911697780424912,,,0.7037374476449476
3311,1001,13,5,0.6,0.2,1000,restricted_30,aggregation,0.7900322252410811,,,0.7033348687577855
3312,1001,13,5,0.6,0.2,1000,restricted_30,aggregation,0.7912396138704156,,,0.7040483968269384
3313,1001,13,5,0.6,0.2,1000,restricted_30,aggregation,0.7856654926061236,,,0.7007051550841135
3314,1001,13,5,0.6,0.2,1000,restricted_30,aggregation,0.7870670420121281,,,0.7021373313954564
3315,1001,13,5,0.6,0.2,1000,restricted_30,aggregation,0.7886571146038636,,,0.7027942159537993
3316,1001,13,5,0.6,0.2,1000,restricted_30,aggregation,0.7882843972859638,,,0.7025683049435133
3317,1001,13,5,0.6,0.2,1000,restricted_30,aggregation,0.7866615723308484,,,0.7017028867814284
3318,1001,13,5,0.6,0.2,1000,restricted_30,aggregation,0.791135342326261,,,0.7045258429225096
3319,1001,13,5,0.6,0.2,1000,restricted_30,aggregation,0.7895223465492129,,,0.70286637508325
3320,1001,13,5,0.6,0.2,1000,restricted_30,aggregation,0.7918233457166747,,,0.7042145069590904
3321,1001,13,5,0.6,0.2,1000,restricted_30,aggregation,0.7877426847392767,,,0.7024646930692763
3322,1001,13,5,0.6,0.2,1000,restricted_30,aggregation,0.7847503805221481,,,0.7007947647876814
3323,1001,13,5,0.6,0.2,1000,restricted_30,aggregation,0.7894118988947441,,,0.7029337584945919
3324,1001,13,5,0.6,0.2,1000,restricted_30,aggregation,0.7899950481354655,,,0.7036416902541902
3325,1001,13,5,0.6,0.2,1000,restricted_30,aggregation,0.7895139958219771,,,0.703315665954416
3326,1001,13,5,0.6,0.2,1000,restricted_30,aggregation,0.7892385649722555,,,0.7032471392033891
3327,1001,13,5,0.6,0.2,1000,restricted_30,aggregation,0.7879981907888306,,,0.7022752592160926
3328,1001,13,5,0.6,0.2,1000,restricted_30,aggregation,0.7889601552025646,,,0.7029742016162851
3329,1001,13,5,0.6,0.2,1000,restricted_30,aggregation,0.7888771183652274,,,0.7027559889493223
3330,1001,13,5,0.6,0.2,1000,restricted_30,aggregation,0.7898843025603706,,,0.7033535817885819
3331,1001,13,5,0.6,0.2,1000,restricted_30,aggregation,0.787817689728469,,,0.7022767711686462
3332,1001,13,5,0.6,0.2,1000,restricted_30,aggregation,0.787093148964592,,,0.7020227261396013
3333,1001,13,5,0.6,0.2,1000,restricted_30,aggregation,0.7885450646003592,,,0.7027106900506901
3334,1001,13,5,0.6,0.2,1000,restricted_30,aggregation,0.7889169396187997,,,0.7028524336157671
3335,1001,13,5,0.6,0.2,1000,restricted_30,aggregation,0.7899440371115213,,,0.70373116831471
3336,1001,13,5,0.6,0.2,1000,restricted_30,aggregation,0.790569240880386,,,0.7044062006434924
3337,1001,13,5,0.6,0.2,1000,restricted_30,aggregation,0.7902135335499775,,,0.703592009302426
3338,1001,13,5,0.6,0.2,1000,restricted_30,aggregation,0.7863125245571322,,,0.7017271106131522
3339,1001,13,5,0.6,0.2,1000,restricted_30,aggregation,0.7901311737816538,,,0.7039919230537981
3340,1001,13,5,0.6,0.2,1000,restricted_30,aggregation,0.7900756126038229,,,0.7030565774580358
3341,1001,13,5,0.6,0.2,1000,restricted_30,aggregation,0.7887081097717655,,,0.7029011790370124
3342,1001,13,5,0.6,0.2,1000,restricted_30,aggregation,0.7912624087993051,,,0.7044922837579087
3343,1001,13,5,0.6,0.2,1000,restricted_30,aggregation,0.7897217203688895,,,0.7028014878408629
3344,1001,13,5,0.6,0.2,1000,restricted_30,aggregation,0.790979724747498,,,0.704339871370913
3345,1001,13,5,0.6,0.2,1000,restricted_30,aggregation,0.7893597161590168,,,0.7028428914758081
3346,1001,13,5,0.6,0.2,1000,restricted_30,aggregation,0.7904470974358542,,,0.703529932035557
3347,1001,13,5,0.6,0.2,1000,restricted_30,aggregation,0.7890567211333056,,,0.7031793604697771
3348,1001,13,5,0.6,0.2,1000,restricted_30,aggregation,0.7881252329676363,,,0.7025033499756416
3349,1001,13,5,0.6,0.2,1000,restricted_30,aggregation,0.7897499780691591,,,0.7032093236470319
3350,1001,13,5,0.6,0.2,1000,restricted_30,aggregation,0.790919438445664,,,0.7040038769795021
3351,1001,13,5,0.6,0.2,1000,restricted_30,aggregation,0.7886170132362698,,,0.7031897618585117
3352,1001,13,5,0.6,0.2,1000,restricted_30,aggregation,0.7899563349829218,,,0.7035075857784191
3353,1001,13,5,0.6,0.2,1000,restricted_30,aggregation,0.7902221503717883,,,0.7035975853390438
3354,1001,13,5,0.6,0.2,1000,restricted_30,aggregation,0.7900610260692426,,,0.7031735933279684
3355,1001,13,5,0.6,0.2,1000,restricted_30,aggregation,0.7898882437491674,,,0.703577270067895
3356,1001,13,5,0.6,0.2,1000,restricted_30,aggregation,0.790411492197382,,,0.7037035146951814
3357,1001,13,5,0.6,0.2,1000,restricted_30,aggregation,0.7876900139147206,,,0.7019826659143326
3358,1001,13,5,0.6,0.2,1000,restricted_30,aggregation,0.7886115930177667,,,0.7026300304710721
3359,1001,13,5,0.6,0.2,1000,restricted_30,aggregation,0.7902807883086287,,,0.7037744099110766
3360,1001,13,5,0.6,0.2,1000,restricted_30,aggregation,0.7892360884939574,,,0.7026820604010188
3361,1001,13,5,0.6,0.2,1000,restricted_30,aggregation,0.790560065315864,,,0.7036789643072977
3362,1001,13,5,0.6,0.2,1000,restricted_30,aggregation,0.788499608605203,,,0.7031382151182152
3363,1001,13,5,0.6,0.2,1000,restricted_30,aggregation,0.7889531987468775,,,0.7030922163253412
3364,1001,13,5,0.6,0.2,1000,restricted_30,aggregation,0.7901935556552498,,,0.703181673565632
3365,1001,13,5,0.6,0.2,1000,restricted_30,aggregation,0.7871696577634238,,,0.7023886436248937
3366,1001,13,5,0.6,0.2,1000,restricted_30,aggregation,0.7873414420697089,,,0.7023726458803542
3367,1001,13,5,0.6,0.2,1000,restricted_30,aggregation,0.7897685201944296,,,0.7033752776852777
3368,1001,13,5,0.6,0.2,1000,restricted_30,aggregation,0.7918253477460442,,,0.7044249817774818
3369,1001,13,5,0.6,0.2,1000,restricted_30,aggregation,0.7900434453659427,,,0.7036060650306484
3370,1001,13,5,0.6,0.2,1000,restricted_30,aggregation,0.7893815360505168,,,0.7037529832513165
3371,1001,13,5,0.6,0.2,1000,restricted_30,aggregation,0.7885258500027407,,,0.7024664415214416
3372,1001,13,5,0.6,0.2,1000,restricted_30,aggregation,0.7868971301807897,,,0.702035602961853
3373,1001,13,5,0.6,0.2,1000,restricted_30,aggregation,0.7895125114792102,,,0.7030185179943513
3374,1001,13,5,0.6,0.2,1000,restricted_30,aggregation,0.7880806274026746,,,0.7025853602493186
3375,1001,13,5,0.6,0.2,1000,restricted_30,aggregation,0.7907633167742171,,,0.7043123701221617
3376,1001,13,5,0.6,0.2,1000,restricted_30,aggregation,0.7875175535968068,,,0.7016712755608588
3377,1001,13,5,0.6,0.2,1000,restricted_30,aggregation,0.787632005170164,,,0.7023314147118314
3378,1001,13,5,0.6,0.2,1000,restricted_30,aggregation,0.7880669138487669,,,0.7020126771685105
3379,1001,13,5,0.6,0.2,1000,restricted_30,aggregation,0.7867601059716778,,,0.7018546078612745
3380,1001,13,5,0.6,0.2,1000,restricted_30,aggregation,0.7916815973413657,,,0.7042618414995498
3381,1001,13,5,0.6,0.2,1000,restricted_30,aggregation,0.7894651394118437,,,0.7032036733945067
3382,1001,13,5,0.6,0.2,1000,restricted_30,aggregation,0.787458454211079,,,0.7018066804723053
3383,1001,13,5,0.6,0.2,1000,restricted_30,aggregation,0.7887050429218203,,,0.7026956010501845
3384,1001,13,5,0.6,0.2,1000,restricted_30,aggregation,0.7900101059888585,,,0.7033305742636994
3385,1001,13,5,0.6,0.2,1000,restricted_30,aggregation,0.7889333714461969,,,0.7028901386268053
3386,1001,13,5,0.6,0.2,1000,restricted_30,aggregation,0.7877102802361717,,,0.7024113010215093
3387,1001,13,5,0.6,0.2,1000,restricted_30,aggregation,0.7897124972073198,,,0.7032940410977911
3388,1001,13,5,0.6,0.2,1000,restricted_30,aggregation,0.790771035746153,,,0.7040641258355842
3389,1001,13,5,0.6,0.2,1000,restricted_30,aggregation,0.7891525134300368,,,0.7028445079920079
3390,1001,13,5,0.6,0.2,1000,restricted_30,aggregation,0.790779568542672,,,0.7035433892804726
3391,1001,13,5,0.6,0.2,1000,restricted_30,aggregation,0.7884833657868764,,,0.7024124064515731
3392,1001,13,5,0.6,0.2,1000,restricted_30,aggregation,0.7900939753005976,,,0.7034919064654481
3393,1001,13,5,0.6,0.2,1000,restricted_30,aggregation,0.7885115787664124,,,0.702626710342127
3394,1001,13,5,0.6,0.2,1000,restricted_30,aggregation,0.7869713695167194,,,0.7019516780287613
3395,1001,13,5,0.6,0.2,1000,restricted_30,aggregation,0.7904667922313422,,,0.7035701825566409
3396,1001,13,5,0.6,0.2,1000,restricted_30,aggregation,0.7888668983487896,,,0.7027247572026739
3397,1001,13,5,0.6,0.2,1000,restricted_30,aggregation,0.7904792663728505,,,0.703592152646736
3398,1001,13,5,0.6,0.2,1000,restricted_30,aggregation,0.787370522297897,,,0.7021314367808117
3399,1001,13,5,0.6,0.2,1000,restricted_30,aggregation,0.7886703771601562,,,0.7026414562829146
3400,1001,13,5,0.6,0.2,1000,restricted_30,aggregation,0.7916908743291262,,,0.7039797437207853
3401,1001,13,5,0.6,0.2,1000,restricted_30,aggregation,0.7893066203765627,,,0.7031405433301267
3402,1001,13,5,0.6,0.2,1000,restricted_30,aggregation,0.7885680496128518,,,0.7026927729292313
3403,1001,13,5,0.6,0.2,1000,restricted_30,aggregation,0.7903798243258988,,,0.7035589088766171
3404,1001,13,5,0.6,0.2,1000,restricted_30,aggregation,0.7895541095042377,,,0.7030396957132374
3405,1001,13,5,0.6,0.2,1000,restricted_30,aggregation,0.7913833528957895,,,0.7040550984355152
3406,1001,13,5,0.6,0.2,1000,restricted_30,aggregation,0.789205706732848,,,0.7026463738730405
3407,1001,13,5,0.6,0.2,1000,restricted_30,aggregation,0.7917035094089608,,,0.7043294755244756
3408,1001,13,5,0.6,0.2,1000,restricted_30,aggregation,0.7888291893677283,,,0.7030271836034336
3409,1001,13,5,0.6,0.2,1000,restricted_30,aggregation,0.7890124071177178,,,0.7024699022582356
3410,1001,13,5,0.6,0.2,1000,restricted_30,aggregation,0.79035814829957,,,0.7038127800825718
3411,1001,13,5,0.6,0.2,1000,restricted_30,aggregation,0.7879891037336844,,,0.702188813740272
3412,1001,13,5,0.6,0.2,1000,restricted_30,aggregation,0.789048790217036,,,0.7028078718734969
3413,1001,13,5,0.6,0.2,1000,restricted_30,aggregation,0.7925579266179772,,,0.7052150160873077
3414,1001,13,5,0.6,0.2,1000,restricted_30,aggregation,0.7875025839860247,,,0.702111707582541
3415,1001,13,5,0.6,0.2,1000,restricted_30,aggregation,0.7890084326041488,,,0.7030903787647538
3416,1001,13,5,0.6,0.2,1000,restricted_30,aggregation,0.7896306514679133,,,0.7034099346641014
3417,1001,13,5,0.6,0.2,1000,restricted_30,aggregation,0.7894703226496678,,,0.7031433788202539
3418,1001,13,5,0.6,0.2,1000,restricted_30,aggregation,0.7887360386373216,,,0.7030479194802112
3419,1001,13,5,0.6,0.2,1000,restricted_30,aggregation,0.7882961833928466,,,0.7021947323741073
3420,1001,13,5,0.6,0.2,1000,restricted_30,aggregation,0.7894628320927153,,,0.7028458160049827
3421,1001,13,5,0.6,0.2,1000,restricted_30,aggregation,0.7880231775335267,,,0.7023068108357691
3422,1001,13,5,0.6,0.2,1000,restricted_30,aggregation,0.788359974907171,,,0.7026692963749214
3423,1001,13,5,0.6,0.2,1000,restricted_30,aggregation,0.7877624634395668,,,0.7024389338824756
3424,1001,13,5,0.6,0.2,1000,restricted_30,aggregation,0.7876084038292778,,,0.7023085952858871
3425,1001,13,5,0.6,0.2,1000,restricted_30,aggregation,0.7886371928329818,,,0.7027559913851581
3426,1001,13,5,0.6,0.2,1000,restricted_30,aggregation,0.7899443410172375,,,0.7033789022474439
3427,1001,13,5,0.6,0.2,1000,restricted_30,aggregation,0.7891652234667128,,,0.7026243609245693
3428,1001,13,5,0.6,0.2,1000,restricted_30,aggregation,0.793192361013868,,,0.7055561518342768
3429,1001,13,5,0.6,0.2,1000,restricted_30,aggregation,0.789629610902044,,,0.7031700759271592
3430,1001,13,5,0.6,0.2,1000,restricted_30,aggregation,0.7883957443810584,,,0.7027566869164786
3431,1001,13,5,0.6,0.2,1000,restricted_30,aggregation,0.7895544106006603,,,0.7029899640945475
3432,1001,13,5,0.6,0.2,1000,restricted_30,aggregation,0.7896169448033905,,,0.7033891627122877
3433,1001,13,5,0.6,0.2,1000,restricted_30,aggregation,0.7892475727797778,,,0.7031489949171199
3434,1001,13,5,0.6,0.2,1000,restricted_30,aggregation,0.7846728495493756,,,0.700522460718294
3435,1001,13,5,0.6,0.2,1000,restricted_30,aggregation,0.7900133278738711,,,0.7036281569741987
3436,1001,13,5,0.6,0.2,1000,restricted_30,aggregation,0.7884518968269588,,,0.702588272637856
3437,1001,13,5,0.6,0.2,1000,restricted_30,aggregation,0.7865360717807229,,,0.7016606198816615
3438,1001,13,5,0.6,0.2,1000,restricted_30,aggregation,0.7872911669784293,,,0.7024413275536192
3439,1001,13,5,0.6,0.2,1000,restricted_30,aggregation,0.7895533395674544,,,0.7034621567629902
3440,1001,13,5,0.6,0.2,1000,restricted_30,aggregation,0.7894220773285422,,,0.7029141761170928
3441,1001,13,5,0.6,0.2,1000,restricted_30,aggregation,0.7899125157389497,,,0.7028894230460897
3442,1001,13,5,0.6,0.2,1000,restricted_30,aggregation,0.7919956878331949,,,0.7046698285510786
3443,1001,13,5,0.6,0.2,1000,restricted_30,aggregation,0.7901608589306077,,,0.7031678931870599
3444,1001,13,5,0.6,0.2,1000,restricted_30,aggregation,0.7888652136611405,,,0.7026300614046447
3445,1001,13,5,0.6,0.2,1000,restricted_30,aggregation,0.7932940930711389,,,0.7053085647300231
3446,1001,13,5,0.6,0.2,1000,restricted_30,aggregation,0.787423568209291,,,0.7021896172654506
3447,1001,13,5,0.6,0.2,1000,restricted_30,aggregation,0.7887167219427937,,,0.7028001395209729
3448,1001,13,5,0.6,0.2,1000,restricted_30,aggregation,0.7877058909540958,,,0.7023518273778692
3449,1001,13,5,0.6,0.2,1000,restricted_30,aggregation,0.788086336704712,,,0.7025000016727101
3450,1001,13,5,0.6,0.2,1000,restricted_30,aggregation,0.7919244048180542,,,0.7046349527864112
3451,1001,13,5,0.6,0.2,1000,restricted_30,aggregation,0.789403131417809,,,0.7035197513366264
3452,1001,13,5,0.6,0.2,1000,restricted_30,aggregation,0.7911716312791939,,,0.7040116317632985
3453,1001,13,5,0.6,0.2,1000,restricted_30,aggregation,0.7908420088416367,,,0.7038805641734808
3454,1001,13,5,0.6,0.2,1000,restricted_30,aggregation,0.790406229321514,,,0.7039849665612166
3455,1001,13,5,0.6,0.2,1000,restricted_30,aggregation,0.7903150848234366,,,0.7035197268163934
3456,1001,13,5,0.6,0.2,1000,restricted_30,aggregation,0.790647585377874,,,0.7036446558688225
3457,1001,13,5,0.6,0.2,1000,restricted_30,aggregation,0.7894838403343076,,,0.7030956694154611
3458,1001,13,5,0.6,0.2,1000,restricted_30,aggregation,0.7884790761039896,,,0.7027731752583836
3459,1001,13,5,0.6,0.2,1000,restricted_30,aggregation,0.7896822775688317,,,0.7033057739636907
3460,1001,13,5,0.6,0.2,1000,restricted_30,aggregation,0.7875082039184762,,,0.7017238276229941
3461,1001,13,5,0.6,0.2,1000,restricted_30,aggregation,0.7895970842057953,,,0.7033200620058954
3462,1001,13,5,0.6,0.2,1000,restricted_30,aggregation,0.7875707701213812,,,0.7024012197601781
3463,1001,13,5,0.6,0.2,1000,restricted_30,aggregation,0.7877903720789734,,,0.7019519930069931
3464,1001,13,5,0.6,0.2,1000,restricted_30,aggregation,0.7910639880347942,,,0.703787382355299
3465,1001,13,5,0.6,0.2,1000,restricted_30,aggregation,0.7899843470818115,,,0.7034948773448774
3466,1001,13,5,0.6,0.2,1000,restricted_30,aggregation,0.7886724443092243,,,0.7027394227917145
3467,1001,13,5,0.6,0.2,1000,restricted_30,aggregation,0.7913326324148423,,,0.7042015929749263
3468,1001,13,5,0.6,0.2,1000,restricted_30,aggregation,0.7887072205264711,,,0.7031438237379904
3469,1001,13,5,0.6,0.2,1000,restricted_30,aggregation,0.7881032196314547,,,0.7026958670419088
3470,1001,13,5,0.6,0.2,1000,restricted_30,aggregation,0.7909430003776916,,,0.7041481065231064
3471,1001,13,5,0.6,0.2,1000,restricted_30,aggregation,0.7889183181370762,,,0.7032395698976948
3472,1001,13,5,0.6,0.2,1000,restricted_30,aggregation,0.7879820506309295,,,0.7021936150346567
3473,1001,13,5,0.6,0.2,1000,restricted_30,aggregation,0.791391177630759,,,0.704299047896548
3474,1001,13,5,0.6,0.2,1000,restricted_30,aggregation,0.7890663755378058,,,0.7029474800508133
3475,1001,13,5,0.6,0.2,1000,restricted_30,aggregation,0.7911357800976031,,,0.7041351637405804
3476,1001,13,5,0.6,0.2,1000,restricted_30,aggregation,0.790431412643565,,,0.7036988609846943
3477,1001,13,5,0.6,0.2,1000,restricted_30,aggregation,0.7905182636105842,,,0.7034382270198937
3478,1001,13,5,0.6,0.2,1000,restricted_30,aggregation,0.7891787557071356,,,0.7024344913805329
3479,1001,13,5,0.6,0.2,1000,restricted_30,aggregation,0.7891758746663454,,,0.7033885536223037
3480,1001,13,5,0.6,0.2,1000,restricted_30,aggregation,0.7895787431825684,,,0.702860515942391
3481,1001,13,5,0.6,0.2,1000,restricted_30,aggregation,0.7893232801826896,,,0.7030715350082016
3482,1001,13,5,0.6,0.2,1000,restricted_30,aggregation,0.7887595549498135,,,0.7026394499482
3483,1001,13,5,0.6,0.2,1000,restricted_30,aggregation,0.7890156739199816,,,0.7027957411261578
3484,1001,13,5,0.6,0.2,1000,restricted_30,aggregation,0.7898327995225422,,,0.7032172543120461
3485,1001,13,5,0.6,0.2,1000,restricted_30,aggregation,0.78631022980078,,,0.70147701002701
3486,1001,13,5,0.6,0.2,1000,restricted_30,aggregation,0.787370539702047,,,0.7022218376222543
3487,1001,13,5,0.6,0.2,1000,restricted_30,aggregation,0.7887645346601487,,,0.7022767574015492
3488,1001,13,5,0.6,0.2,1000,restricted_30,aggregation,0.7887170567459381,,,0.7024651271182522
3489,1001,13,5,0.6,0.2,1000,restricted_30,aggregation,0.7859926459531671,,,0.7014973739763323
3490,1001,13,5,0.6,0.2,1000,restricted_30,aggregation,0.7888816711705715,,,0.7024596275483777
3491,1001,13,5,0.6,0.2,1000,restricted_30,aggregation,0.78808886156221,,,0.7027651702541287
3492,1001,13,5,0.6,0.2,1000,restricted_30,aggregation,0.7898779223940621,,,0.703392997927998
3493,1001,13,5,0.6,0.2,1000,restricted_30,aggregation,0.7895431839859711,,,0.7029960301349885
3494,1001,13,5,0.6,0.2,1000,restricted_30,aggregation,0.7903493952595396,,,0.7034789112662029
3495,1001,13,5,0.6,0.2,1000,restricted_30,aggregation,0.7898191319630523,,,0.7035527009641593
3496,1001,13,5,0.6,0.2,1000,restricted_30,aggregation,0.7909330511833201,,,0.7045564063559898
3497,1001,13,5,0.6,0.2,1000,restricted_30,aggregation,0.7887490823008356,,,0.703123785304202
3498,1001,13,5,0.6,0.2,1000,restricted_30,aggregation,0.7886771736275099,,,0.702679281335948
3499,1001,13,5,0.6,0.2,1000,restricted_30,aggregation,0.7912382571454961,,,0.7042841924510674
3500,1001,13,5,0.6,0.2,1000,restricted_30,aggregation,0.7893554874874531,,,0.7033145824931242
3501,1001,13,5,0.6,0.2,1000,restricted_30,aggregation,0.7905204031234313,,,0.703927152623611
3502,1001,13,5,0.6,0.2,1000,restricted_30,aggregation,0.7878797825466096,,,0.7027293240864074
3503,1001,13,5,0.6,0.2,1000,restricted_30,aggregation,0.7892787686120427,,,0.7027868840418842
3504,1001,13,5,0.6,0.2,1000,restricted_30,aggregation,0.7882305818441131,,,0.7027544958899126
3505,1001,13,5,0.6,0.2,1000,restricted_30,aggregation,0.788064767676679,,,0.7024854230954231
3506,1001,13,5,0.6,0.2,1000,restricted_30,aggregation,0.789142585375935,,,0.7031612580937582
3507,1001,13,5,0.6,0.2,1000,restricted_30,aggregation,0.7898438395324623,,,0.7032941061407728
3508,1001,13,5,0.6,0.2,1000,restricted_30,aggregation,0.7896055736435748,,,0.7029744414613164
3509,1001,13,5,0.6,0.2,1000,restricted_30,aggregation,0.7884573743037133,,,0.7029930241286492
3510,1001,13,5,0.6,0.2,1000,restricted_30,aggregation,0.7892388167046765,,,0.703146237227279
3511,1001,13,5,0.6,0.2,1000,restricted_30,aggregation,0.7913896561706719,,,0.7040691285566286
3512,1001,13,5,0.6,0.2,1000,restricted_30,aggregation,0.7897721459400278,,,0.703059576950827
3513,1001,13,5,0.6,0.2,1000,restricted_30,aggregation,0.789050319378641,,,0.7029763578705246
3514,1001,13,5,0.6,0.2,1000,restricted_30,aggregation,0.7868286513629098,,,0.7015836036108953
3515,1001,13,5,0.6,0.2,1000,restricted_30,aggregation,0.7910402756203843,,,0.7040783251085335
3516,1001,13,5,0.6,0.2,1000,restricted_30,aggregation,0.7885017802195551,,,0.7027500764127848
3517,1001,13,5,0.6,0.2,1000,restricted_30,aggregation,0.7862128638777699,,,0.7016532185330102
3518,1001,13,5,0.6,0.2,1000,restricted_30,aggregation,0.7881593369995364,,,0.7023441685320853
3519,1001,13,5,0.6,0.2,1000,restricted_30,aggregation,0.7896948847232068,,,0.7029302005941589
3520,1001,13,5,0.6,0.2,1000,restricted_30,aggregation,0.7878255637927004,,,0.7016014975996226
3521,1001,13,5,0.6,0.2,1000,restricted_30,aggregation,0.7904489056061103,,,0.7034610821894156
3522,1001,13,5,0.6,0.2,1000,restricted_30,aggregation,0.7873484699618466,,,0.7023118574018574
3523,1001,13,5,0.6,0.2,1000,restricted_30,aggregation,0.7910552414691342,,,0.7041370657351907
3524,1001,13,5,0.6,0.2,1000,restricted_30,aggregation,0.7915011290793358,,,0.7041078081255165
3525,1001,13,5,0.6,0.2,1000,restricted_30,aggregation,0.7905623750078671,,,0.7036428744249577
3526,1001,13,5,0.6,0.2,1000,restricted_30,aggregation,0.7870699483152885,,,0.7021075088723006
3527,1001,13,5,0.6,0.2,1000,restricted_30,aggregation,0.7892723752775443,,,0.7034896574644491
3528,1001,13,5,0.6,0.2,1000,restricted_30,aggregation,0.7883979698993228,,,0.7022663108419358
3529,1001,13,5,0.6,0.2,1000,restricted_30,aggregation,0.7895787487934214,,,0.7032012486741653
3530,1001,13,5,0.6,0.2,1000,restricted_30,aggregation,0.7914287109607296,,,0.7040103609507776
3531,1001,13,5,0.6,0.2,1000,restricted_30,aggregation,0.788913487517954,,,0.7028852553927554
3532,1001,13,5,0.6,0.2,1000,restricted_30,aggregation,0.7895762630406816,,,0.7034428545991046
3533,1001,13,5,0.6,0.2,1000,restricted_30,aggregation,0.7860799573417551,,,0.7015177793040294
3534,1001,13,5,0.6,0.2,1000,restricted_30,aggregation,0.791353937804814,,,0.7044548952205203
3535,1001,13,5,0.6,0.2,1000,restricted_30,aggregation,0.7902844646004282,,,0.7031895276020277
3536,1001,13,5,0.6,0.2,1000,restricted_30,aggregation,0.7892241259909588,,,0.7028304251920918
3537,1001,13,5,0.6,0.2,1000,restricted_30,aggregation,0.7893425916631218,,,0.7032261855582689
3538,1001,13,5,0.6,0.2,1000,restricted_30,aggregation,0.7890695644911522,,,0.7032548225771142
3539,1001,13,5,0.6,0.2,1000,restricted_30,aggregation,0.7882328287652463,,,0.702226007133299
3540,1001,13,5,0.6,0.2,1000,restricted_30,aggregation,0.7889643480505858,,,0.7029238986399403
3541,1001,13,5,0.6,0.2,1000,restricted_30,aggregation,0.7900619468678582,,,0.7032308541227291
3542,1001,13,5,0.6,0.2,1000,restricted_30,aggregation,0.7895311384707309,,,0.7030446252358753
3543,1001,13,5,0.6,0.2,1000,restricted_30,aggregation,0.79046262067659,,,0.703522408979909
3544,1001,13,5,0.6,0.2,1000,restricted_30,aggregation,0.7919195257386867,,,0.7047183618850285
3545,1001,13,5,0.6,0.2,1000,restricted_30,aggregation,0.7889052098543952,,,0.7028148038612622
3546,1001,13,5,0.6,0.2,1000,restricted_30,aggregation,0.7897930942353869,,,0.7032060464766714
3547,1001,13,5,0.6,0.2,1000,restricted_30,aggregation,0.7918149449594587,,,0.7048278479776398
3548,1001,13,5,0.6,0.2,1000,restricted_30,aggregation,0.7900736941001053,,,0.7038647133730468
3549,1001,13,5,0.6,0.2,1000,restricted_30,aggregation,0.7887723422495642,,,0.7022847345632761
3550,1001,13,5,0.6,0.2,1000,restricted_30,aggregation,0.7853431961635198,,,0.7007666461701879
3551,1001,13,5,0.6,0.2,1000,restricted_30,aggregation,0.7884174359582811,,,0.7028464758158508
3552,1001,13,5,0.6,0.2,1000,restricted_30,aggregation,0.786405218690432,,,0.7014123277802444
3553,1001,13,5,0.6,0.2,1000,restricted_30,aggregation,0.7906764748784751,,,0.7038715108810941
3554,1001,13,5,0.6,0.2,1000,restricted_30,aggregation,0.7893357284639606,,,0.703124597747931
3555,1001,13,5,0.6,0.2,1000,restricted_30,aggregation,0.7901264020336628,,,0.703315658338575
3556,1001,13,5,0.6,0.2,1000,restricted_30,aggregation,0.7898446953462838,,,0.7033162597587599
3557,1001,13,5,0.6,0.2,1000,restricted_30,aggregation,0.7896433464369378,,,0.7032723959065625
3558,1001,13,5,0.6,0.2,1000,restricted_30,aggregation,0.7896439809883212,,,0.703121548690507
3559,1001,13,5,0.6,0.2,1000,restricted_30,aggregation,0.78707426251551,,,0.7020114824373158
3560,1001,13,5,0.6,0.2,1000,restricted_30,aggregation,0.7913601567984945,,,0.7044203327382494
3561,1001,13,5,0.6,0.2,1000,restricted_30,aggregation,0.7892682954466278,,,0.7035956008189341
3562,1001,13,5,0.6,0.2,1000,restricted_30,aggregation,0.789395438075477,,,0.7029876235261652
3563,1001,13,5,0.6,0.2,1000,restricted_30,aggregation,0.7862329722009426,,,0.7010920610639361
3564,1001,13,5,0.6,0.2,1000,restricted_30,aggregation,0.7905377815010067,,,0.7039205782026616
3565,1001,13,5,0.6,0.2,1000,restricted_30,aggregation,0.7889164405860741,,,0.7027035769477437
3566,1001,13,5,0.6,0.2,1000,restricted_30,aggregation,0.7879504130825942,,,0.7018759703259703
3567,1001,13,5,0.6,0.2,1000,restricted_30,aggregation,0.7899953292070114,,,0.7035972380936965
3568,1001,13,5,0.6,0.2,1000,restricted_30,aggregation,0.7897930678524132,,,0.703421624995375
3569,1001,13,5,0.6,0.2,1000,restricted_30,aggregation,0.7881288989971197,,,0.7027460605366855
3570,1001,13,5,0.6,0.2,1000,restricted_30,aggregation,0.7896138972147257,,,0.7031549484543235
3571,1001,13,5,0.6,0.2,1000,restricted_30,aggregation,0.790504348263798,,,0.7036197809443643
3572,1001,13,5,0.6,0.2,1000,restricted_30,aggregation,0.7887594785215629,,,0.7023627432212848
3573,1001,13,5,0.6,0.2,1000,restricted_30,aggregation,0.79174908252169,,,0.7045828105459356
3574,1001,13,5,0.6,0.2,1000,restricted_30,aggregation,0.7870170193034532,,,0.7017874909658243
3575,1001,13,5,0.6,0.2,1000,restricted_30,aggregation,0.7887852427191308,,,0.7029134693315944
3576,1001,13,5,0.6,0.2,1000,restricted_30,aggregation,0.7911166242060803,,,0.7041943076290992
3577,1001,13,5,0.6,0.2,1000,restricted_30,aggregation,0.7900877738459132,,,0.7032356115874866
3578,1001,13,5,0.6,0.2,1000,restricted_30,aggregation,0.7891344876450966,,,0.702865978681812
3579,1001,13,5,0.6,0.2,1000,restricted_30,aggregation,0.7891939558642468,,,0.7032788430396764
3580,1001,13,5,0.6,0.2,1000,restricted_30,aggregation,0.7897182112595302,,,0.7033219255744255
3581,1001,13,5,0.6,0.2,1000,restricted_30,aggregation,0.7924423465546127,,,0.7050001801670552
3582,1001,13,5,0.6,0.2,1000,restricted_30,aggregation,0.7881180643234305,,,0.7026623569563153
3583,1001,13,5,0.6,0.2,1000,restricted_30,aggregation,0.7872223671960603,,,0.7018479462435713
3584,1001,13,5,0.6,0.2,1000,restricted_30,aggregation,0.7892828458709886,,,0.702935389571848
3585,1001,13,5,0.6,0.2,1000,restricted_30,aggregation,0.7908336247110933,,,0.7039406613756614
3586,1001,13,5,0.6,0.2,1000,restricted_30,aggregation,0.7905162899929777,,,0.7035059620626287
3587,1001,13,5,0.6,0.2,1000,restricted_30,aggregation,0.7882273021054838,,,0.7025503733380817
3588,1001,13,5,0.6,0.2,1000,restricted_30,aggregation,0.7906200727589388,,,0.7034270246574413
3589,1001,13,5,0.6,0.2,1000,restricted_30,aggregation,0.7906272195356228,,,0.7038669503721589
3590,1001,13,5,0.6,0.2,1000,restricted_30,aggregation,0.7910298376585201,,,0.7041151835510168
3591,1001,13,5,0.6,0.2,1000,restricted_30,aggregation,0.7902535387480937,,,0.703642017010767
3592,1001,13,5,0.6,0.2,1000,restricted_30,aggregation,0.7891697924052604,,,0.702832338710672
3593,1001,13,5,0.6,0.2,1000,restricted_30,aggregation,0.7890282910683648,,,0.7026747178593011
3594,1001,13,5,0.6,0.2,1000,restricted_30,aggregation,0.7912205581377367,,,0.7041857597572181
3595,1001,13,5,0.6,0.2,1000,restricted_30,aggregation,0.7895249801285391,,,0.7036760500841751
3596,1001,13,5,0.6,0.2,1000,restricted_30,aggregation,0.7887102195332362,,,0.7022651593391176
3597,1001,13,5,0.6,0.2,1000,restricted_30,aggregation,0.7888479486830262,,,0.7025868580108164
3598,1001,13,5,0.6,0.2,1000,restricted_30,aggregation,0.7888860550730082,,,0.7028941912948163
3599,1001,13,5,0.6,0.2,1000,restricted_30,aggregation,0.7896195100447112,,,0.7029163079513079
3600,1001,13,5,0.6,0.2,1000,restricted_30,aggregation,0.7882562589047457,,,0.7023255381038715
3601,1001,13,5,0.6,0.2,1000,restricted_30,aggregation,0.7877169269565123,,,0.7020771803505137
3602,1001,13,5,0.6,0.2,1000,restricted_30,aggregation,0.7915672910743599,,,0.7043586600590768
3603,1001,13,5,0.6,0.2,1000,restricted_30,aggregation,0.7888585186788584,,,0.7029726973643641
3604,1001,13,5,0.6,0.2,1000,restricted_30,aggregation,0.7895142172262457,,,0.7035139441731109
3605,1001,13,5,0.6,0.2,1000,restricted_30,aggregation,0.7910796577107466,,,0.7040631407789741
3606,1001,13,5,0.6,0.2,1000,restricted_30,aggregation,0.7899817287103134,,,0.7036282579997164
3607,1001,13,5,0.6,0.2,1000,restricted_30,aggregation,0.7887153335023476,,,0.7027518173955674
3608,1001,13,5,0.6,0.2,1000,restricted_30,aggregation,0.7899048559530922,,,0.703844118034743
3609,1001,13,5,0.6,0.2,1000,restricted_30,aggregation,0.7885189572796271,,,0.7025641406895573
3610,1001,13,5,0.6,0.2,1000,restricted_30,aggregation,0.7889491773415275,,,0.7028512289870623
3611,1001,13,5,0.6,0.2,1000,restricted_30,aggregation,0.789008111648427,,,0.7031000831267499
3612,1001,13,5,0.6,0.2,1000,restricted_30,aggregation,0.7889304961609624,,,0.7027921666450833
3613,1001,13,5,0.6,0.2,1000,restricted_30,aggregation,0.7911877039193975,,,0.7038361538384456
3614,1001,13,5,0.6,0.2,1000,restricted_30,aggregation,0.7913598582664366,,,0.7042612069103736
3615,1001,13,5,0.6,0.2,1000,restricted_30,aggregation,0.7889653729654206,,,0.702669360670194
3616,1001,13,5,0.6,0.2,1000,restricted_30,aggregation,0.7898414955871993,,,0.7037380538828455
3617,1001,13,5,0.6,0.2,1000,restricted_30,aggregation,0.7895832324822915,,,0.7031228824724658
3618,1001,13,5,0.6,0.2,1000,restricted_30,aggregation,0.7921543976006017,,,0.70477380492193
3619,1001,13,5,0.6,0.2,1000,restricted_30,aggregation,0.791060275278659,,,0.7042310004655837
3620,1001,13,5,0.6,0.2,1000,restricted_30,aggregation,0.7886773565125127,,,0.7029504227947978
3621,1001,13,5,0.6,0.2,1000,restricted_30,aggregation,0.7882035048990235,,,0.7023188373586291
3622,1001,13,5,0.6,0.2,1000,restricted_30,aggregation,0.7896468930971894,,,0.7034132401240735
3623,1001,13,5,0.6,0.2,1000,restricted_30,aggregation,0.7888163098104551,,,0.7026413043283876
3624,1001,13,5,0.6,0.2,1000,restricted_30,aggregation,0.7904562200606359,,,0.7039457375803209
3625,1001,13,5,0.6,0.2,1000,restricted_30,aggregation,0.7897084623472206,,,0.7032176559011976
3626,1001,13,5,0.6,0.2,1000,restricted_30,aggregation,0.7899206198567137,,,0.7033993225139058
3627,1001,13,5,0.6,0.2,1000,restricted_30,aggregation,0.7861615063512367,,,0.7014677606575523
3628,1001,13,5,0.6,0.2,1000,restricted_30,aggregation,0.7898109806710224,,,0.7029438207086124
3629,1001,13,5,0.6,0.2,1000,restricted_30,aggregation,0.7880710792735433,,,0.702551795326587
3630,1001,13,5,0.6,0.2,1000,restricted_30,aggregation,0.7884628999521477,,,0.7023347678401846
3631,1001,13,5,0.6,0.2,1000,restricted_30,aggregation,0.7919839069807083,,,0.7045715685394852
3632,1001,13,5,0.6,0.2,1000,restricted_30,aggregation,0.7910318166226602,,,0.7041113057698474
3633,1001,13,5,0.6,0.2,1000,restricted_30,aggregation,0.7875189344345642,,,0.7021385840625424
3634,1001,13,5,0.6,0.2,1000,restricted_30,aggregation,0.79131766701781,,,0.7040463900143066
3635,1001,13,5,0.6,0.2,1000,restricted_30,aggregation,0.7888038107331788,,,0.7028065919188836
3636,1001,13,5,0.6,0.2,1000,restricted_30,aggregation,0.7880658272278311,,,0.7026225719959053
3637,1001,13,5,0.6,0.2,1000,restricted_30,aggregation,0.7891537940345806,,,0.7029845566008066
3638,1001,13,5,0.6,0.2,1000,restricted_30,aggregation,0.788352681480683,,,0.7028925013643764
3639,1001,13,5,0.6,0.2,1000,restricted_30,aggregation,0.7894508938160039,,,0.7033440608696859
3640,1001,13,5,0.6,0.2,1000,restricted_30,aggregation,0.7904608289730415,,,0.7034479088658254
3641,1001,13,5,0.6,0.2,1000,restricted_30,aggregation,0.7863678657532027,,,0.7013236563359481
3642,1001,13,5,0.6,0.2,1000,restricted_30,aggregation,0.7838803027257285,,,0.7002385296956131
3643,1001,13,5,0.6,0.2,1000,restricted_30,aggregation,0.7905210161670392,,,0.7037925529871363
3644,1001,13,5,0.6,0.2,1000,restricted_30,aggregation,0.7897114761111274,,,0.7033099894318645
3645,1001,13,5,0.6,0.2,1000,restricted_30,aggregation,0.790026603248423,,,0.7037583716900384
3646,1001,13,5,0.6,0.2,1000,restricted_30,aggregation,0.7853533642053567,,,0.7011606396766814
3647,1001,13,5,0.6,0.2,1000,restricted_30,aggregation,0.7860998366059225,,,0.7017581054593556
3648,1001,13,5,0.6,0.2,1000,restricted_30,aggregation,0.7885630492663112,,,0.7023992622655123
3649,1001,13,5,0.6,0.2,1000,restricted_30,aggregation,0.7891123613569186,,,0.702843959343126
3650,1001,13,5,0.6,0.2,1000,restricted_30,aggregation,0.7886695195104126,,,0.7023926883995635
3651,1001,13,5,0.6,0.2,1000,restricted_30,aggregation,0.7898550516857039,,,0.7036923367681701
3652,1001,13,5,0.6,0.2,1000,restricted_30,aggregation,0.7883804836087945,,,0.7032146307858808
3653,1001,13,5,0.6,0.2,1000,restricted_30,aggregation,0.787736329748306,,,0.7026410414816665
3654,1001,13,5,0.6,0.2,1000,restricted_30,aggregation,0.7897862560056769,,,0.7034727430671182
3655,1001,13,5,0.6,0.2,1000,restricted_30,aggregation,0.7888299747180048,,,0.7028250590921424
3656,1001,13,5,0.6,0.2,1000,restricted_30,aggregation,0.7925340977392767,,,0.7048083685450353
3657,1001,13,5,0.6,0.2,1000,restricted_30,aggregation,0.7905164835075023,,,0.7037229174297924
3658,1001,13,5,0.6,0.2,1000,restricted_30,aggregation,0.7900136074436248,,,0.7036931801994302
3659,1001,13,5,0.6,0.2,1000,restricted_30,aggregation,0.7916701613812772,,,0.7041744681398847
3660,1001,13,5,0.6,0.2,1000,restricted_30,aggregation,0.7876002412236324,,,0.7020181473156474
3661,1001,13,5,0.6,0.2,1000,restricted_30,aggregation,0.7880018275663204,,,0.7023785328483244
3662,1001,13,5,0.6,0.2,1000,restricted_30,aggregation,0.7905288755277997,,,0.7037583831908831
3663,1001,13,5,0.6,0.2,1000,restricted_30,aggregation,0.7881943350193198,,,0.702589747351414
3664,1001,13,5,0.6,0.2,1000,restricted_30,aggregation,0.7857935719231463,,,0.7010763075967242
3665,1001,13,5,0.6,0.2,1000,restricted_30,aggregation,0.7851083154934949,,,0.7007141710450043
3666,1001,13,5,0.6,0.2,1000,restricted_30,aggregation,0.7880454813766947,,,0.702438308982684
3667,1001,13,5,0.6,0.2,1000,restricted_30,aggregation,0.7894769057297416,,,0.7032022174507592
3668,1001,13,5,0.6,0.2,1000,restricted_30,aggregation,0.788096229293697,,,0.7022855054282137
3669,1001,13,5,0.6,0.2,1000,restricted_30,aggregation,0.7905085140631126,,,0.70405404667863
3670,1001,13,5,0.6,0.2,1000,restricted_30,aggregation,0.7889984798321465,,,0.70312553337095
3671,1001,13,5,0.6,0.2,1000,restricted_30,aggregation,0.7901085886953035,,,0.7033416075899409
3672,1001,13,5,0.6,0.2,1000,restricted_30,aggregation,0.7886642008346223,,,0.7025398912275996
3673,1001,13,5,0.6,0.2,1000,restricted_30,aggregation,0.7897244577839458,,,0.7035009177550844
3674,1001,13,5,0.6,0.2,1000,restricted_30,aggregation,0.7886151575392031,,,0.702805596949347
3675,1001,13,5,0.6,0.2,1000,restricted_30,aggregation,0.7881228049448045,,,0.702298650639484
3676,1001,13,5,0.6,0.2,1000,restricted_30,aggregation,0.7925857824192207,,,0.7050766534776951
3677,1001,13,5,0.6,0.2,1000,restricted_30,aggregation,0.7900635690873893,,,0.70347638502701
3678,1001,13,5,0.6,0.2,1000,restricted_30,aggregation,0.7887028321505006,,,0.7023542338525672
3679,1001,13,5,0.6,0.2,1000,restricted_30,aggregation,0.7876295563606275,,,0.7022402402535736
3680,1001,13,5,0.6,0.2,1000,restricted_30,aggregation,0.785159057424045,,,0.7011447701758119
3681,1001,13,5,0.6,0.2,1000,restricted_30,aggregation,0.788382953105844,,,0.7023774213517965
3682,1001,13,5,0.6,0.2,1000,restricted_30,aggregation,0.7868050317619186,,,0.7016600924384259
3683,1001,13,5,0.6,0.2,1000,restricted_30,aggregation,0.7903715748629797,,,0.7035111122211122
3684,1001,13,5,0.6,0.2,1000,restricted_30,aggregation,0.7911096498620827,,,0.7042790960505543
3685,1001,13,5,0.6,0.2,1000,restricted_30,aggregation,0.7900524873724314,,,0.7033963754609587
3686,1001,13,5,0.6,0.2,1000,restricted_30,aggregation,0.788955228641276,,,0.7028036520655271
3687,1001,13,5,0.6,0.2,1000,restricted_30,aggregation,0.7896852820123367,,,0.7030559708732624
3688,1001,13,5,0.6,0.2,1000,restricted_30,aggregation,0.7878856494337052,,,0.7024494676003009
3689,1001,13,5,0.6,0.2,1000,restricted_30,aggregation,0.7897936592951058,,,0.7029089719462636
3690,1001,13,5,0.6,0.2,1000,restricted_30,aggregation,0.7908432025734893,,,0.7038533152495653
3691,1001,13,5,0.6,0.2,1000,restricted_30,aggregation,0.7859345634781959,,,0.7015010750129501
3692,1001,13,5,0.6,0.2,1000,restricted_30,aggregation,0.7913751903507662,,,0.7040134686378435
3693,1001,13,5,0.6,0.2,1000,restricted_30,aggregation,0.7890826486935327,,,0.7030313494144744
3694,1001,13,5,0.6,0.2,1000,restricted_30,aggregation,0.7892132793579977,,,0.7031847255368088
3695,1001,13,5,0.6,0.2,1000,restricted_30,aggregation,0.7883232709516841,,,0.7025826019351019
3696,1001,13,5,0.6,0.2,1000,restricted_30,aggregation,0.7898539769888535,,,0.7030719079146163
3697,1001,13,5,0.6,0.2,1000,restricted_30,aggregation,0.7888815806011754,,,0.702812976930477
3698,1001,13,5,0.6,0.2,1000,restricted_30,aggregation,0.7883762606017864,,,0.7027281564962816
3699,1001,13,5,0.6,0.2,1000,restricted_30,aggregation,0.7891298042513771,,,0.7031099141136642
3700,1001,13,5,0.6,0.2,1000,restricted_30,aggregation,0.7902593854823025,,,0.7036412941302523
3701,1001,13,5,0.6,0.2,1000,restricted_30,aggregation,0.7879349343270106,,,0.7021855294859463
3702,1001,13,5,0.6,0.2,1000,restricted_30,aggregation,0.7885945149486862,,,0.7028550776615361
3703,1001,13,5,0.6,0.2,1000,restricted_30,aggregation,0.7920817069693271,,,0.7049646768663437
3704,1001,13,5,0.6,0.2,1000,restricted_30,aggregation,0.7887806174034009,,,0.7024661346523846
3705,1001,13,5,0.6,0.2,1000,restricted_30,aggregation,0.790673358246354,,,0.7039481405862655
3706,1001,13,5,0.6,0.2,1000,restricted_30,aggregation,0.7880671214966485,,,0.7024302613744281
3707,1001,13,5,0.6,0.2,1000,restricted_30,aggregation,0.7888968389258363,,,0.7025099513834931
3708,1001,13,5,0.6,0.2,1000,restricted_30,aggregation,0.7904235566078089,,,0.7033487677214761
3709,1001,13,5,0.6,0.2,1000,restricted_30,aggregation,0.7899154358130653,,,0.7036872404293238
3710,1001,13,5,0.6,0.2,1000,restricted_30,aggregation,0.790721121047264,,,0.7037833343816677
3711,1001,13,5,0.6,0.2,1000,restricted_30,aggregation,0.7874064416801684,,,0.702402651977652
3712,1001,13,5,0.6,0.2,1000,restricted_30,aggregation,0.7914312501150642,,,0.7042994222058806
3713,1001,13,5,0.6,0.2,1000,restricted_30,aggregation,0.7881201223968703,,,0.702443015718849
3714,1001,13,5,0.6,0.2,1000,restricted_30,aggregation,0.7931675902610196,,,0.705929639334431
3715,1001,13,5,0.6,0.2,1000,restricted_30,aggregation,0.786829662586866,,,0.7018768070047238
3716,1001,13,5,0.6,0.2,1000,restricted_30,aggregation,0.7893692904639724,,,0.7033250379867046
3717,1001,13,5,0.6,0.2,1000,restricted_30,aggregation,0.78913047521159,,,0.7029452026060359
3718,1001,13,5,0.6,0.2,1000,restricted_30,aggregation,0.7885475629655941,,,0.7028945327357828
3719,1001,13,5,0.6,0.2,1000,restricted_30,aggregation,0.7898733592946884,,,0.7032461128377796
3720,1001,13,5,0.6,0.2,1000,restricted_30,aggregation,0.7926254669903351,,,0.7053944537715372
3721,1001,13,5,0.6,0.2,1000,restricted_30,aggregation,0.790811381331047,,,0.7040722978641728
3722,1001,13,5,0.6,0.2,1000,restricted_30,aggregation,0.7886769300069505,,,0.7028744667832169
3723,1001,13,5,0.6,0.2,1000,restricted_30,aggregation,0.7873011784031317,,,0.7020151497499415
3724,1001,13,5,0.6,0.2,1000,restricted_30,aggregation,0.7886960855865593,,,0.7025022534718367
3725,1001,13,5,0.6,0.2,1000,restricted_30,aggregation,0.7879052295670673,,,0.7023024651120484
3726,1001,13,5,0.6,0.2,1000,restricted_30,aggregation,0.7896082928890039,,,0.703316417008917
3727,1001,13,5,0.6,0.2,1000,restricted_30,aggregation,0.7883354607370135,,,0.7021999992908327
3728,1001,13,5,0.6,0.2,1000,restricted_30,aggregation,0.7881403453627592,,,0.7025597911424994
3729,1001,13,5,0.6,0.2,1000,restricted_30,aggregation,0.7914815638813254,,,0.7039766826229326
3730,1001,13,5,0.6,0.2,1000,restricted_30,aggregation,0.7857872604196013,,,0.7014836149498649
3731,1001,13,5,0.6,0.2,1000,restricted_30,aggregation,0.7903588995901605,,,0.7037902665467249
3732,1001,13,5,0.6,0.2,1000,restricted_30,aggregation,0.7934333378371823,,,0.705124046655505
3733,1001,13,5,0.6,0.2,1000,restricted_30,aggregation,0.7883839132891833,,,0.7024495434966268
3734,1001,13,5,0.6,0.2,1000,restricted_30,aggregation,0.7908623451150921,,,0.704068121831872
3735,1001,13,5,0.6,0.2,1000,restricted_30,aggregation,0.7903881637160254,,,0.7032169499790333
3736,1001,13,5,0.6,0.2,1000,restricted_30,aggregation,0.7871139394118254,,,0.701982263693097
3737,1001,13,5,0.6,0.2,1000,restricted_30,aggregation,0.7888726656511585,,,0.7026300955680123
3738,1001,13,5,0.6,0.2,1000,restricted_30,aggregation,0.7877849651392955,,,0.7019552020433271
3739,1001,13,5,0.6,0.2,1000,restricted_30,aggregation,0.7905442683765297,,,0.7038248744542495
3740,1001,13,5,0.6,0.2,1000,restricted_30,aggregation,0.7912316789866716,,,0.7045692350319435
3741,1001,13,5,0.6,0.2,1000,restricted_30,aggregation,0.7883122103591106,,,0.7022332707107707
3742,1001,13,5,0.6,0.2,1000,restricted_30,aggregation,0.7905064608194418,,,0.7038102200962617
3743,1001,13,5,0.6,0.2,1000,restricted_30,aggregation,0.7893337290119691,,,0.7029257364934448
3744,1001,13,5,0.6,0.2,1000,restricted_30,aggregation,0.7872037259386301,,,0.7021310655085654
3745,1001,13,5,0.6,0.2,1000,restricted_30,aggregation,0.78875948598347,,,0.7025974169117919
3746,1001,13,5,0.6,0.2,1000,restricted_30,aggregation,0.7906669889629125,,,0.7034453025446775
3747,1001,13,5,0.6,0.2,1000,restricted_30,aggregation,0.7931401770723652,,,0.7051637295651879
3748,1001,13,5,0.6,0.2,1000,restricted_30,aggregation,0.7888994344896595,,,0.7027546440056858
3749,1001,13,5,0.6,0.2,1000,restricted_30,aggregation,0.7890304669144632,,,0.7027974175670009
3750,1001,13,5,0.6,0.2,1000,restricted_30,aggregation,0.7885529602665838,,,0.7022901813233062
3751,1001,13,5,0.6,0.2,1000,restricted_30,aggregation,0.7934148074980981,,,0.705562841294508
3752,1001,13,5,0.6,0.2,1000,restricted_30,aggregation,0.7915845098512442,,,0.7043075224621057
3753,1001,13,5,0.6,0.2,1000,restricted_30,aggregation,0.791409377663483,,,0.7038384656701324
3754,1001,13,5,0.6,0.2,1000,restricted_30,aggregation,0.7890055153466715,,,0.7029679954998705
3755,1001,13,5,0.6,0.2,1000,restricted_30,aggregation,0.7905193216839376,,,0.7036769665982165
3756,1001,13,5,0.6,0.2,1000,restricted_30,aggregation,0.7874317827381202,,,0.701630014553348
3757,1001,13,5,0.6,0.2,1000,restricted_30,aggregation,0.7901404017662288,,,0.7032816008220175
3758,1001,13,5,0.6,0.2,1000,restricted_30,aggregation,0.7894847602867636,,,0.7028966290730874
3759,1001,13,5,0.6,0.2,1000,restricted_30,aggregation,0.7874232219921714,,,0.7021204442316942
3760,1001,13,5,0.6,0.2,1000,restricted_30,aggregation,0.7891168875008627,,,0.7027460994792245
3761,1001,13,5,0.6,0.2,1000,restricted_30,aggregation,0.7887265129034333,,,0.7023651685968352
3762,1001,13,5,0.6,0.2,1000,restricted_30,aggregation,0.7904606689345608,,,0.703797858044733
3763,1001,13,5,0.6,0.2,1000,restricted_30,aggregation,0.7904448197060819,,,0.7035958142937309
3764,1001,13,5,0.6,0.2,1000,restricted_30,aggregation,0.7913177594003621,,,0.7041101890933141
3765,1001,13,5,0.6,0.2,1000,restricted_30,aggregation,0.7918507799697919,,,0.7048878219774054
3766,1001,13,5,0.6,0.2,1000,restricted_30,aggregation,0.7867577566728392,,,0.701725144993895
3767,1001,13,5,0.6,0.2,1000,restricted_30,aggregation,0.788594225523217,,,0.7025747530093364
3768,1001,13,5,0.6,0.2,1000,restricted_30,aggregation,0.788400829387471,,,0.7024153891633058
3769,1001,13,5,0.6,0.2,1000,restricted_30,aggregation,0.7900885770730375,,,0.7036661928041095
3770,1001,13,5,0.6,0.2,1000,restricted_30,aggregation,0.7874222258658777,,,0.7019598245273244
3771,1001,13,5,0.6,0.2,1000,restricted_30,aggregation,0.7909111302462285,,,0.7038381145629063
3772,1001,13,5,0.6,0.2,1000,restricted_30,aggregation,0.7900432282363454,,,0.7036481821496404
3773,1001,13,5,0.6,0.2,1000,restricted_30,aggregation,0.7895448202413294,,,0.7035049616355866
3774,1001,13,5,0.6,0.2,1000,restricted_30,aggregation,0.7910797192657648,,,0.7035697126099208
3775,1001,13,5,0.6,0.2,1000,restricted_30,aggregation,0.7904522518003156,,,0.7034955022986273
3776,1001,13,5,0.6,0.2,1000,restricted_30,aggregation,0.7889675319019591,,,0.7028510238372738
3777,1001,13,5,0.6,0.2,1000,restricted_30,aggregation,0.7912395634133244,,,0.7043708084662251
3778,1001,13,5,0.6,0.2,1000,restricted_30,aggregation,0.7902600287780412,,,0.7035268037980538
3779,1001,13,5,0.6,0.2,1000,restricted_30,aggregation,0.7871047193110452,,,0.7020082545540879
3780,1001,13,5,0.6,0.2,1000,restricted_30,aggregation,0.7913931541953562,,,0.7035694762644762
3781,1001,13,5,0.6,0.2,1000,restricted_30,aggregation,0.7884459797127669,,,0.7028250077237577
3782,1001,13,5,0.6,0.2,1000,restricted_30,aggregation,0.7889966003372841,,,0.7031791732804232
3783,1001,13,5,0.6,0.2,1000,restricted_30,aggregation,0.7880138661037057,,,0.7018614354010188
3784,1001,13,5,0.6,0.2,1000,restricted_30,aggregation,0.7894010194526561,,,0.7034328953068536
3785,1001,13,5,0.6,0.2,1000,restricted_30,aggregation,0.7886675032849612,,,0.7026264032957782
3786,1001,13,5,0.6,0.2,1000,restricted_30,aggregation,0.7889158048325364,,,0.7029436999266165
3787,1001,13,5,0.6,0.2,1000,restricted_30,aggregation,0.7887473407121348,,,0.7026142120996287
3788,1001,13,5,0.6,0.2,1000,restricted_30,aggregation,0.7885810671445607,,,0.7028770686412353
3789,1001,13,5,0.6,0.2,1000,restricted_30,aggregation,0.7902092369493197,,,0.7033146355573439
3790,1001,13,5,0.6,0.2,1000,restricted_30,aggregation,0.7904898806675179,,,0.703484391973767
3791,1001,13,5,0.6,0.2,1000,restricted_30,aggregation,0.789076086473231,,,0.7029393234851569
3792,1001,13,5,0.6,0.2,1000,restricted_30,aggregation,0.7902854813674933,,,0.7035669058179475
3793,1001,13,5,0.6,0.2,1000,restricted_30,aggregation,0.7877264730881929,,,0.7021014439187355
3794,1001,13,5,0.6,0.2,1000,restricted_30,aggregation,0.7880167762017638,,,0.7025008574527325
3795,1001,13,5,0.6,0.2,1000,restricted_30,aggregation,0.7867422583460281,,,0.7014643637535305
3796,1001,13,5,0.6,0.2,1000,restricted_30,aggregation,0.7913608259933819,,,0.704421069879195
3797,1001,13,5,0.6,0.2,1000,restricted_30,aggregation,0.7873037311723113,,,0.7021819197777531
3798,1001,13,5,0.6,0.2,1000,restricted_30,aggregation,0.7855462182542016,,,0.7010952254921005
3799,1001,13,5,0.6,0.2,1000,restricted_30,aggregation,0.7875618540741947,,,0.7025076760045509
3800,1001,13,5,0.6,0.2,1000,restricted_30,aggregation,0.7897783345750841,,,0.703404766044141
3801,1001,13,5,0.6,0.2,1000,restricted_30,aggregation,0.7893836574494151,,,0.7029081364700115
3802,1001,13,5,0.6,0.2,1000,restricted_30,aggregation,0.7870106586040869,,,0.7020378771074605
3803,1001,13,5,0.6,0.2,1000,restricted_30,aggregation,0.7905919827448206,,,0.7037292810507394
3804,1001,13,5,0.6,0.2,1000,restricted_30,aggregation,0.7899600764629977,,,0.7034241384233051
3805,1001,13,5,0.6,0.2,1000,restricted_30,aggregation,0.7897393592590795,,,0.7029255849782933
3806,1001,13,5,0.6,0.2,1000,restricted_30,aggregation,0.7897449842485752,,,0.7030978847772599
3807,1001,13,5,0.6,0.2,1000,restricted_30,aggregation,0.7897902569993025,,,0.7034673352881686
3808,1001,13,5,0.6,0.2,1000,restricted_30,aggregation,0.7894075804376212,,,0.7031383094451844
3809,1001,13,5,0.6,0.2,1000,restricted_30,aggregation,0.7897626068416013,,,0.7031607673113924
3810,1001,13,5,0.6,0.2,1000,restricted_30,aggregation,0.789284396058244,,,0.7030398941028106
3811,1001,13,5,0.6,0.2,1000,restricted_30,aggregation,0.7885793659165374,,,0.7020866364345533
3812,1001,13,5,0.6,0.2,1000,restricted_30,aggregation,0.7878004556170042,,,0.7018445874572958
3813,1001,13,5,0.6,0.2,1000,restricted_30,aggregation,0.7909468255092317,,,0.7034227152708402
3814,1001,13,5,0.6,0.2,1000,restricted_30,aggregation,0.7862325566980486,,,0.7017982271278105
3815,1001,13,5,0.6,0.2,1000,restricted_30,aggregation,0.7902117559301208,,,0.7033735933588018
3816,1001,13,5,0.6,0.2,1000,restricted_30,aggregation,0.7894295304113598,,,0.7035895566855983
3817,1001,13,5,0.6,0.2,1000,restricted_30,aggregation,0.7893002903824295,,,0.7030817482517483
3818,1001,13,5,0.6,0.2,1000,restricted_30,aggregation,0.7885147735633878,,,0.7028546637390387
3819,1001,13,5,0.6,0.2,1000,restricted_30,aggregation,0.7897997248330888,,,0.7037087378208211
3820,1001,13,5,0.6,0.2,1000,restricted_30,aggregation,0.7914078521813088,,,0.704558352241894
3821,1001,13,5,0.6,0.2,1000,restricted_30,aggregation,0.791706912882192,,,0.7043410308826976
3822,1001,13,5,0.6,0.2,1000,restricted_30,aggregation,0.7891588355145776,,,0.7026445212888963
3823,1001,13,5,0.6,0.2,1000,restricted_30,aggregation,0.7904589223731698,,,0.7039215973301389
3824,1001,13,5,0.6,0.2,1000,restricted_30,aggregation,0.789497465144472,,,0.7033184784120201
3825,1001,13,5,0.6,0.2,1000,restricted_30,aggregation,0.7913201299932419,,,0.7041732128905046
3826,1001,13,5,0.6,0.2,1000,restricted_30,aggregation,0.7879067797495939,,,0.7024273837273838
3827,1001,13,5,0.6,0.2,1000,restricted_30,aggregation,0.7919798460250759,,,0.704613862063862
3828,1001,13,5,0.6,0.2,1000,restricted_30,aggregation,0.78825086001907,,,0.7024502501819169
3829,1001,13,5,0.6,0.2,1000,restricted_30,aggregation,0.7916064891528016,,,0.704426845369137
3830,1001,13,5,0.6,0.2,1000,restricted_30,aggregation,0.7887047306790593,,,0.7027541160691161
3831,1001,13,5,0.6,0.2,1000,restricted_30,aggregation,0.7912996273322737,,,0.704455700965701
3832,1001,13,5,0.6,0.2,1000,restricted_30,aggregation,0.7891347795459321,,,0.7035055942514276
3833,1001,13,5,0.6,0.2,1000,restricted_30,aggregation,0.7889398526299277,,,0.702878002067377
3834,1001,13,5,0.6,0.2,1000,restricted_30,aggregation,0.7907648416988624,,,0.7038882271123937
3835,1001,13,5,0.6,0.2,1000,restricted_30,aggregation,0.7920815352355873,,,0.7051244082769083
3836,1001,13,5,0.6,0.2,1000,restricted_30,aggregation,0.7900885953866166,,,0.7032275181608515
3837,1001,13,5,0.6,0.2,1000,restricted_30,aggregation,0.7868181377037282,,,0.7016465492223825
3838,1001,13,5,0.6,0.2,1000,restricted_30,aggregation,0.788345723169869,,,0.7027110022153772
3839,1001,13,5,0.6,0.2,1000,restricted_30,aggregation,0.7908544777603946,,,0.7037336534221951
3840,1001,13,5,0.6,0.2,1000,restricted_30,aggregation,0.7885580461982035,,,0.7027980161428078
3841,1001,13,5,0.6,0.2,1000,restricted_30,aggregation,0.7894762020235202,,,0.7031912054457887
3842,1001,13,5,0.6,0.2,1000,restricted_30,aggregation,0.7915598456554089,,,0.7039960714671132
3843,1001,13,5,0.6,0.2,1000,restricted_30,aggregation,0.788737003472591,,,0.702543645644479
3844,1001,13,5,0.6,0.2,1000,restricted_30,aggregation,0.7896990390092181,,,0.7034797683566434
3845,1001,13,5,0.6,0.2,1000,restricted_30,aggregation,0.78680663678023,,,0.7019664815739814
3846,1001,13,5,0.6,0.2,1000,restricted_30,aggregation,0.7877735779449392,,,0.7021729393600227
3847,1001,13,5,0.6,0.2,1000,restricted_30,aggregation,0.7912404751846399,,,0.7038838600905268
3848,1001,13,5,0.6,0.2,1000,restricted_30,aggregation,0.7909222487928552,,,0.7040266865773116
3849,1001,13,5,0.6,0.2,1000,restricted_30,aggregation,0.7883304058949933,,,0.7025866952029453
3850,1001,13,5,0.6,0.2,1000,restricted_30,aggregation,0.7877889329186454,,,0.7023785398012482
3851,1001,13,5,0.6,0.2,1000,restricted_30,aggregation,0.7874450246296306,,,0.7020410457983375
3852,1001,13,5,0.6,0.2,1000,restricted_30,aggregation,0.7865752363356449,,,0.7014742552894637
3853,1001,13,5,0.6,0.2,1000,restricted_30,aggregation,0.7893905120435678,,,0.703281111558195
3854,1001,13,5,0.6,0.2,1000,restricted_30,aggregation,0.7906954959843839,,,0.7043057368249035
3855,1001,13,5,0.6,0.2,1000,restricted_30,aggregation,0.7899355034399366,,,0.7034936458140625
3856,1001,13,5,0.6,0.2,1000,restricted_30,aggregation,0.7884860914229296,,,0.7023832328551078
3857,1001,13,5,0.6,0.2,1000,restricted_30,aggregation,0.7898013336781431,,,0.7034563188740273
3858,1001,13,5,0.6,0.2,1000,restricted_30,aggregation,0.7905719815940442,,,0.7040284931966182
3859,1001,13,5,0.6,0.2,1000,restricted_30,aggregation,0.7888029818772373,,,0.7028765549496799
3860,1001,13,5,0.6,0.2,1000,restricted_30,aggregation,0.7885976934993704,,,0.7022258351833351
3861,1001,13,5,0.6,0.2,1000,restricted_30,aggregation,0.7872219415778439,,,0.7022536629034547
3862,1001,13,5,0.6,0.2,1000,restricted_30,aggregation,0.7907018303256326,,,0.7035635458600041
3863,1001,13,5,0.6,0.2,1000,restricted_30,aggregation,0.7894968663728305,,,0.703024663199455
3864,1001,13,5,0.6,0.2,1000,restricted_30,aggregation,0.791012429447313,,,0.7042019922361589
3865,1001,13,5,0.6,0.2,1000,restricted_30,aggregation,0.7858244497704188,,,0.7010624620210038
3866,1001,13,5,0.6,0.2,1000,restricted_30,aggregation,0.7873616404444471,,,0.7017266560214477
3867,1001,13,5,0.6,0.2,1000,restricted_30,aggregation,0.7907875078547155,,,0.7039240340369507
3868,1001,13,5,0.6,0.2,1000,restricted_30,aggregation,0.7904396332506238,,,0.7036487275301859
3869,1001,13,5,0.6,0.2,1000,restricted_30,aggregation,0.7911427963926339,,,0.7041192908942908
3870,1001,13,5,0.6,0.2,1000,restricted_30,aggregation,0.788145298025566,,,0.7028673768284185
3871,1001,13,5,0.6,0.2,1000,restricted_30,aggregation,0.7888926872347548,,,0.7027985249164415
3872,1001,13,5,0.6,0.2,1000,restricted_30,aggregation,0.7892611392504086,,,0.7029794662050912
3873,1001,13,5,0.6,0.2,1000,restricted_30,aggregation,0.7897082918057144,,,0.7026209803005636
3874,1001,13,5,0.6,0.2,1000,restricted_30,aggregation,0.7906833625587273,,,0.7035721302617136
3875,1001,13,5,0.6,0.2,1000,restricted_30,aggregation,0.7904530334307195,,,0.7040385817885817
3876,1001,13,5,0.6,0.2,1000,restricted_30,aggregation,0.7900241965056092,,,0.7033349674322591
3877,1001,13,5,0.6,0.2,1000,restricted_30,aggregation,0.7875172074735709,,,0.7018702122260456
3878,1001,13,5,0.6,0.2,1000,restricted_30,aggregation,0.7912089900524119,,,0.7037706742948411
3879,1001,13,5,0.6,0.2,1000,restricted_30,aggregation,0.7902046643178565,,,0.7036308186720687
3880,1001,13,5,0.6,0.2,1000,restricted_30,aggregation,0.7879042028026862,,,0.7022261534376117
3881,1001,13,5,0.6,0.2,1000,restricted_30,aggregation,0.78948327192083,,,0.7029943488687238
3882,1001,13,5,0.6,0.2,1000,restricted_30,aggregation,0.7880272785562314,,,0.7022051610657861
3883,1001,13,5,0.6,0.2,1000,restricted_30,aggregation,0.7900753249787421,,,0.7034249058426142
3884,1001,13,5,0.6,0.2,1000,restricted_30,aggregation,0.7885178564177443,,,0.7027861250863333
3885,1001,13,5,0.6,0.2,1000,restricted_30,aggregation,0.7866457002537685,,,0.7013627837825754
3886,1001,13,5,0.6,0.2,1000,restricted_30,aggregation,0.7888993351719908,,,0.7033684448653199
3887,1001,13,5,0.6,0.2,1000,restricted_30,aggregation,0.7885276785521899,,,0.7019660436322936
3888,1001,13,5,0.6,0.2,1000,restricted_30,aggregation,0.7889499417626819,,,0.7030471071443987
3889,1001,13,5,0.6,0.2,1000,restricted_30,aggregation,0.7898373748966341,,,0.703645116357408
3890,1001,13,5,0.6,0.2,1000,restricted_30,aggregation,0.7894054822280745,,,0.7028226140757391
3891,1001,13,5,0.6,0.2,1000,restricted_30,aggregation,0.7890385767795293,,,0.7025551580055748
3892,1001,13,5,0.6,0.2,1000,restricted_30,aggregation,0.7906474236130004,,,0.7035830292007376
3893,1001,13,5,0.6,0.2,1000,restricted_30,aggregation,0.788204068407952,,,0.702099837893588
3894,1001,13,5,0.6,0.2,1000,restricted_30,aggregation,0.7876824399559262,,,0.7021758568668987
3895,1001,13,5,0.6,0.2,1000,restricted_30,aggregation,0.7883782914488465,,,0.7026194848824017
3896,1001,13,5,0.6,0.2,1000,restricted_30,aggregation,0.791030779317501,,,0.704255656211073
3897,1001,13,5,0.6,0.2,1000,restricted_30,aggregation,0.7899745514861517,,,0.7035529845771513
3898,1001,13,5,0.6,0.2,1000,restricted_30,aggregation,0.7892100227118236,,,0.7030615850045017
3899,1001,13,5,0.6,0.2,1000,restricted_30,aggregation,0.7890452732409381,,,0.7030384250934251
3900,1001,13,5,0.6,0.2,1000,restricted_30,aggregation,0.7886978695415189,,,0.7026802450481616
3901,1001,13,5,0.6,0.2,1000,restricted_30,aggregation,0.7878836809306414,,,0.7022759720911804
3902,1001,13,5,0.6,0.2,1000,restricted_30,aggregation,0.7887159702413651,,,0.7024400411085828
3903,1001,13,5,0.6,0.2,1000,restricted_30,aggregation,0.7914935678450303,,,0.7042165469869636
3904,1001,13,5,0.6,0.2,1000,restricted_30,aggregation,0.7896038612906469,,,0.703287821221988
3905,1001,13,5,0.6,0.2,1000,restricted_30,aggregation,0.790302840668706,,,0.7035307877539128
3906,1001,13,5,0.6,0.2,1000,restricted_30,aggregation,0.7882411818006574,,,0.7024906493660661
3907,1001,13,5,0.6,0.2,1000,restricted_30,aggregation,0.7879374966369016,,,0.7023671421017255
3908,1001,13,5,0.6,0.2,1000,restricted_30,aggregation,0.7905321310476757,,,0.7034879592244175
3909,1001,13,5,0.6,0.2,1000,restricted_30,aggregation,0.790037823270248,,,0.7035470797952049
3910,1001,13,5,0.6,0.2,1000,restricted_30,aggregation,0.7915953347151456,,,0.7045127600948434
3911,1001,13,5,0.6,0.2,1000,restricted_30,aggregation,0.7886855485436927,,,0.7025143376762127
3912,1001,13,5,0.6,0.2,1000,restricted_30,aggregation,0.7895303731629679,,,0.7027054038862373
3913,1001,13,5,0.6,0.2,1000,restricted_30,aggregation,0.789397044247894,,,0.702930013042513
3914,1001,13,5,0.6,0.2,1000,restricted_30,aggregation,0.7892801066240209,,,0.7028216791464708
3915,1001,13,5,0.6,0.2,1000,restricted_30,aggregation,0.7898037756831339,,,0.7029543832402165
3916,1001,13,5,0.6,0.2,1000,restricted_30,aggregation,0.7886703981341198,,,0.7025641044603544
3917,1001,13,5,0.6,0.2,1000,restricted_30,aggregation,0.787916364014072,,,0.7025387839475339
3918,1001,13,5,0.6,0.2,1000,restricted_30,aggregation,0.7910726459571317,,,0.7042720116611783
3919,1001,13,5,0.6,0.2,1000,restricted_30,aggregation,0.7893237719838232,,,0.7036114068107818
3920,1001,13,5,0.6,0.2,1000,restricted_30,aggregation,0.7901263156171878,,,0.703737804117179
3921,1001,13,5,0.6,0.2,1000,restricted_30,aggregation,0.7893875370668205,,,0.703000104378646
3922,1001,13,5,0.6,0.2,1000,restricted_30,aggregation,0.786643617740529,,,0.7017545395268312
3923,1001,13,5,0.6,0.2,1000,restricted_30,aggregation,0.7906316111767853,,,0.7035663586105254
3924,1001,13,5,0.6,0.2,1000,restricted_30,aggregation,0.788754076581881,,,0.7027182198280115
3925,1001,13,5,0.6,0.2,1000,restricted_30,aggregation,0.7908495983949785,,,0.7037487968898386
3926,1001,13,5,0.6,0.2,1000,restricted_30,aggregation,0.7881148753333571,,,0.7021397635774719
3927,1001,13,5,0.6,0.2,1000,restricted_30,aggregation,0.7893147606009752,,,0.7031365457382125
3928,1001,13,5,0.6,0.2,1000,restricted_30,aggregation,0.7914053583280898,,,0.7044789703429287
3929,1001,13,5,0.6,0.2,1000,restricted_30,aggregation,0.7897437199984888,,,0.7032451349036767
3930,1001,13,5,0.6,0.2,1000,restricted_30,aggregation,0.7901887168511736,,,0.7033077908665409
3931,1001,13,5,0.6,0.2,1000,restricted_30,aggregation,0.7877920118102804,,,0.7021537340283174
3932,1001,13,5,0.6,0.2,1000,restricted_30,aggregation,0.7888124386757868,,,0.7031614321172656
3933,1001,13,5,0.6,0.2,1000,restricted_30,aggregation,0.7881293954118852,,,0.7021909239680073
3934,1001,13,5,0.6,0.2,1000,restricted_30,aggregation,0.7882370258120169,,,0.7027219154996238
3935,1001,13,5,0.6,0.2,1000,restricted_30,aggregation,0.790803886879011,,,0.7041303807149641
3936,1001,13,5,0.6,0.2,1000,restricted_30,aggregation,0.7882680639126585,,,0.7028124798503965
3937,1001,13,5,0.6,0.2,1000,restricted_30,aggregation,0.7899459634496233,,,0.7036915511957178
3938,1001,13,5,0.6,0.2,1000,restricted_30,aggregation,0.7892846493679426,,,0.7028611297961298
3939,1001,13,5,0.6,0.2,1000,restricted_30,aggregation,0.789987008835402,,,0.7038738571998989
3940,1001,13,5,0.6,0.2,1000,restricted_30,aggregation,0.7896927231464773,,,0.7030258156889406
3941,1001,13,5,0.6,0.2,1000,restricted_30,aggregation,0.7910909043933254,,,0.7040297541578793
3942,1001,13,5,0.6,0.2,1000,restricted_30,aggregation,0.7874810791537005,,,0.7018054163043747
3943,1001,13,5,0.6,0.2,1000,restricted_30,aggregation,0.7900819146478494,,,0.7030464944160777
3944,1001,13,5,0.6,0.2,1000,restricted_30,aggregation,0.7901900742338416,,,0.7034313479884313
3945,1001,13,5,0.6,0.2,1000,restricted_30,aggregation,0.7881875297049293,,,0.7026459748199331
3946,1001,13,5,0.6,0.2,1000,restricted_30,aggregation,0.789035492825721,,,0.7030181912223579
3947,1001,13,5,0.6,0.2,1000,restricted_30,aggregation,0.7890163631410727,,,0.7029398026510526
3948,1001,13,5,0.6,0.2,1000,restricted_30,aggregation,0.7911805026431816,,,0.7038568878035545
3949,1001,13,5,0.6,0.2,1000,restricted_30,aggregation,0.7885135657418041,,,0.7023932924174591
3950,1001,13,5,0.6,0.2,1000,restricted_30,aggregation,0.789061973747086,,,0.7028390573855157
3951,1001,13,5,0.6,0.2,1000,restricted_30,aggregation,0.7875468469026764,,,0.70238443665902
3952,1001,13,5,0.6,0.2,1000,restricted_30,aggregation,0.7903122257969175,,,0.703684641731725
3953,1001,13,5,0.6,0.2,1000,restricted_30,aggregation,0.7902415175971006,,,0.7033117368434035
3954,1001,13,5,0.6,0.2,1000,restricted_30,aggregation,0.7886848964629732,,,0.7025294688953023
3955,1001,13,5,0.6,0.2,1000,restricted_30,aggregation,0.789398087241439,,,0.7035095557991392
3956,1001,13,5,0.6,0.2,1000,restricted_30,aggregation,0.7896138556250116,,,0.7032252237500154
3957,1001,13,5,0.6,0.2,1000,restricted_30,aggregation,0.7878583706144132,,,0.7019246774598858
3958,1001,13,5,0.6,0.2,1000,restricted_30,aggregation,0.7899865821206293,,,0.7035775316889902
3959,1001,13,5,0.6,0.2,1000,restricted_30,aggregation,0.7906879312146761,,,0.7038748176129426
3960,1001,13,5,0.6,0.2,1000,restricted_30,aggregation,0.7899559287065742,,,0.7036212315462316
3961,1001,13,5,0.6,0.2,1000,restricted_30,aggregation,0.7894478422715333,,,0.7032960374656209
3962,1001,13,5,0.6,0.2,1000,restricted_30,aggregation,0.7911899740769691,,,0.7041942402042403
3963,1001,13,5,0.6,0.2,1000,restricted_30,aggregation,0.7891693229041752,,,0.7029373717254968
3964,1001,13,5,0.6,0.2,1000,restricted_30,aggregation,0.7894136519624638,,,0.7029416209870376
3965,1001,13,5,0.6,0.2,1000,restricted_30,aggregation,0.7898609393764053,,,0.7036599487086987
3966,1001,13,5,0.6,0.2,1000,restricted_30,aggregation,0.7902506557135522,,,0.7037820237093155
3967,1001,13,5,0.6,0.2,1000,restricted_30,aggregation,0.789705057669982,,,0.7034672919133336
3968,1001,13,5,0.6,0.2,1000,restricted_30,aggregation,0.7888850176217925,,,0.7025769728265562
3969,1001,13,5,0.6,0.2,1000,restricted_30,aggregation,0.7882768338700854,,,0.7023686000033916
3970,1001,13,5,0.6,0.2,1000,restricted_30,aggregation,0.7896081778708705,,,0.703359437900063
3971,1001,13,5,0.6,0.2,1000,restricted_30,aggregation,0.7881693355719249,,,0.7023967690411441
3972,1001,13,5,0.6,0.2,1000,restricted_30,aggregation,0.789305978327727,,,0.7031416948175281
3973,1001,13,5,0.6,0.2,1000,restricted_30,aggregation,0.7882900319739596,,,0.7025820626364376
3974,1001,13,5,0.6,0.2,1000,restricted_30,aggregation,0.7883584910607621,,,0.702838602585686
3975,1001,13,5,0.6,0.2,1000,restricted_30,aggregation,0.7904007432545316,,,0.7035962402026986
3976,1001,13,5,0.6,0.2,1000,restricted_30,aggregation,0.7883047737715118,,,0.7024058996250663
3977,1001,13,5,0.6,0.2,1000,restricted_30,aggregation,0.7850540500580909,,,0.7010268632679049
3978,1001,13,5,0.6,0.2,1000,restricted_30,aggregation,0.7885603497813535,,,0.702828423081548
3979,1001,13,5,0.6,0.2,1000,restricted_30,aggregation,0.791498103329864,,,0.7042624066442816
3980,1001,13,5,0.6,0.2,1000,restricted_30,aggregation,0.7873334912607614,,,0.7025189267214267
3981,1001,13,5,0.6,0.2,1000,restricted_30,aggregation,0.7906419351307495,,,0.7040741638608305
3982,1001,13,5,0.6,0.2,1000,restricted_30,aggregation,0.7889725660368831,,,0.7029418891216807
3983,1001,13,5,0.6,0.2,1000,restricted_30,aggregation,0.7931358146447026,,,0.7055567240552657
3984,1001,13,5,0.6,0.2,1000,restricted_30,aggregation,0.789257623504792,,,0.7029913719382469
3985,1001,13,5,0.6,0.2,1000,restricted_30,aggregation,0.7870842799952921,,,0.702072012987013
3986,1001,13,5,0.6,0.2,1000,restricted_30,aggregation,0.7905452068301946,,,0.7037679993077911
3987,1001,13,5,0.6,0.2,1000,restricted_30,aggregation,0.7871928608879692,,,0.7017966821604322
3988,1001,13,5,0.6,0.2,1000,restricted_30,aggregation,0.7888523242132627,,,0.7027997467501634
3989,1001,13,5,0.6,0.2,1000,restricted_30,aggregation,0.7885328855207324,,,0.7025554672179671
3990,1001,13,5,0.6,0.2,1000,restricted_30,aggregation,0.7880450383447908,,,0.7027336007356841
3991,1001,13,5,0.6,0.2,1000,restricted_30,aggregation,0.7893252107804679,,,0.7031077897257064
3992,1001,13,5,0.6,0.2,1000,restricted_30,aggregation,0.7920805568582459,,,0.7046555635259802
3993,1001,13,5,0.6,0.2,1000,restricted_30,aggregation,0.7883799410611569,,,0.7028257376111543
3994,1001,13,5,0.6,0.2,1000,restricted_30,aggregation,0.7885640748776914,,,0.7027977294233544
3995,1001,13,5,0.6,0.2,1000,restricted_30,aggregation,0.7892471563993513,,,0.7031933139468557
3996,1001,13,5,0.6,0.2,1000,restricted_30,aggregation,0.7905299056691792,,,0.7036683319535403
3997,1001,13,5,0.6,0.2,1000,restricted_30,aggregation,0.7888283848113742,,,0.7027674445693195
3998,1001,13,5,0.6,0.2,1000,restricted_30,aggregation,0.7899487912491291,,,0.7035996458942292
3999,1001,13,5,0.6,0.2,1000,restricted_30,aggregation,0.7893487542276117,,,0.7032372098580432
4000,1001,13,5,0.6,0.2,1000,restricted_40,aggregation,0.7964166222134285,,,0.7092490717846968
4001,1001,13,5,0.6,0.2,1000,restricted_40,aggregation,0.7938292281216831,,,0.7070050007785426
4002,1001,13,5,0.6,0.2,1000,restricted_40,aggregation,0.7968939249370153,,,0.7091339551497885
4003,1001,13,5,0.6,0.2,1000,restricted_40,aggregation,0.7971012182923989,,,0.7093508020683021
4004,1001,13,5,0.6,0.2,1000,restricted_40,aggregation,0.7968144750192795,,,0.7090013463850965
4005,1001,13,5,0.6,0.2,1000,restricted_40,aggregation,0.7961799438036019,,,0.7083696631532048
4006,1001,13,5,0.6,0.2,1000,restricted_40,aggregation,0.7953643043774752,,,0.708303583669417
4007,1001,13,5,0.6,0.2,1000,restricted_40,aggregation,0.7980492032550816,,,0.7104178212605295
4008,1001,13,5,0.6,0.2,1000,restricted_40,aggregation,0.7973872220610912,,,0.7094610307670725
4009,1001,13,5,0.6,0.2,1000,restricted_40,aggregation,0.7946545575667011,,,0.7071330624159792
4010,1001,13,5,0.6,0.2,1000,restricted_40,aggregation,0.7967952320533185,,,0.7091684694703445
4011,1001,13,5,0.6,0.2,1000,restricted_40,aggregation,0.7978518446092592,,,0.7098887129151712
4012,1001,13,5,0.6,0.2,1000,restricted_40,aggregation,0.7952545507019696,,,0.7083739823602324
4013,1001,13,5,0.6,0.2,1000,restricted_40,aggregation,0.7966677539055586,,,0.7088283335029169
4014,1001,13,5,0.6,0.2,1000,restricted_40,aggregation,0.797328052166577,,,0.7097028412097162
4015,1001,13,5,0.6,0.2,1000,restricted_40,aggregation,0.7957517814769806,,,0.708503837088837
4016,1001,13,5,0.6,0.2,1000,restricted_40,aggregation,0.7962441182796636,,,0.7089736503928171
4017,1001,13,5,0.6,0.2,1000,restricted_40,aggregation,0.7947331520949659,,,0.7074703453413871
4018,1001,13,5,0.6,0.2,1000,restricted_40,aggregation,0.7980617652861662,,,0.7102206463983547
4019,1001,13,5,0.6,0.2,1000,restricted_40,aggregation,0.7972818830564405,,,0.709849278059903
4020,1001,13,5,0.6,0.2,1000,restricted_40,aggregation,0.7981892947787976,,,0.7107339243626745
4021,1001,13,5,0.6,0.2,1000,restricted_40,aggregation,0.797439254172627,,,0.70971930335097
4022,1001,13,5,0.6,0.2,1000,restricted_40,aggregation,0.7971397120078474,,,0.7091140334896585
4023,1001,13,5,0.6,0.2,1000,restricted_40,aggregation,0.798266592753234,,,0.7103563477957229
4024,1001,13,5,0.6,0.2,1000,restricted_40,aggregation,0.7965890312513875,,,0.7087128917764335
4025,1001,13,5,0.6,0.2,1000,restricted_40,aggregation,0.7953290704701823,,,0.7080458735246236
4026,1001,13,5,0.6,0.2,1000,restricted_40,aggregation,0.7959974840646382,,,0.7089215904697155
4027,1001,13,5,0.6,0.2,1000,restricted_40,aggregation,0.7977176481072783,,,0.7098332916620417
4028,1001,13,5,0.6,0.2,1000,restricted_40,aggregation,0.7969707633053993,,,0.7094814285251786
4029,1001,13,5,0.6,0.2,1000,restricted_40,aggregation,0.797297419379574,,,0.7101427798898633
4030,1001,13,5,0.6,0.2,1000,restricted_40,aggregation,0.7961656952808093,,,0.7086654907977825
4031,1001,13,5,0.6,0.2,1000,restricted_40,aggregation,0.7969041656568491,,,0.7092809184411267
4032,1001,13,5,0.6,0.2,1000,restricted_40,aggregation,0.7968882577750911,,,0.7092721750394667
4033,1001,13,5,0.6,0.2,1000,restricted_40,aggregation,0.797317368679817,,,0.7098164830462748
4034,1001,13,5,0.6,0.2,1000,restricted_40,aggregation,0.7957599742947732,,,0.7084018781372949
4035,1001,13,5,0.6,0.2,1000,restricted_40,aggregation,0.7962267808541849,,,0.7087767282254782
4036,1001,13,5,0.6,0.2,1000,restricted_40,aggregation,0.7970245448320937,,,0.7094593476276809
4037,1001,13,5,0.6,0.2,1000,restricted_40,aggregation,0.7960822705688864,,,0.7085415875174209
4038,1001,13,5,0.6,0.2,1000,restricted_40,aggregation,0.7956956372002204,,,0.7079470251045251
4039,1001,13,5,0.6,0.2,1000,restricted_40,aggregation,0.7960608127652583,,,0.7083618343385011
4040,1001,13,5,0.6,0.2,1000,restricted_40,aggregation,0.7953373781999649,,,0.7077960919481753
4041,1001,13,5,0.6,0.2,1000,restricted_40,aggregation,0.797576811632746,,,0.7102121266233766
4042,1001,13,5,0.6,0.2,1000,restricted_40,aggregation,0.7967766592270823,,,0.7088310872692122
4043,1001,13,5,0.6,0.2,1000,restricted_40,aggregation,0.7951354700791906,,,0.7079943923283506
4044,1001,13,5,0.6,0.2,1000,restricted_40,aggregation,0.7969068170411286,,,0.7091170826549994
4045,1001,13,5,0.6,0.2,1000,restricted_40,aggregation,0.7972666219243711,,,0.7093293079220163
4046,1001,13,5,0.6,0.2,1000,restricted_40,aggregation,0.7967857636202607,,,0.708922559739643
4047,1001,13,5,0.6,0.2,1000,restricted_40,aggregation,0.7969132815117055,,,0.709409625436292
4048,1001,13,5,0.6,0.2,1000,restricted_40,aggregation,0.7967777169064547,,,0.7092146028971029
4049,1001,13,5,0.6,0.2,1000,restricted_40,aggregation,0.7942578492407735,,,0.7073058357845857
4050,1001,13,5,0.6,0.2,1000,restricted_40,aggregation,0.7967568204799497,,,0.7087998354269188
4051,1001,13,5,0.6,0.2,1000,restricted_40,aggregation,0.7964338501920819,,,0.708758290020165
4052,1001,13,5,0.6,0.2,1000,restricted_40,aggregation,0.795758880027902,,,0.7080889743820993
4053,1001,13,5,0.6,0.2,1000,restricted_40,aggregation,0.7967017827514525,,,0.7087248364598365
4054,1001,13,5,0.6,0.2,1000,restricted_40,aggregation,0.7965646507562675,,,0.7086246427492261
4055,1001,13,5,0.6,0.2,1000,restricted_40,aggregation,0.7974092748524161,,,0.709744724611808
4056,1001,13,5,0.6,0.2,1000,restricted_40,aggregation,0.7971936199732096,,,0.7092153079944747
4057,1001,13,5,0.6,0.2,1000,restricted_40,aggregation,0.7960405863715769,,,0.7083244444752779
4058,1001,13,5,0.6,0.2,1000,restricted_40,aggregation,0.7958417366900564,,,0.7082063802863804
4059,1001,13,5,0.6,0.2,1000,restricted_40,aggregation,0.7937556915057482,,,0.7065988848343016
4060,1001,13,5,0.6,0.2,1000,restricted_40,aggregation,0.7967344404315437,,,0.7091691039824374
4061,1001,13,5,0.6,0.2,1000,restricted_40,aggregation,0.7959556952210627,,,0.7088440205627705
4062,1001,13,5,0.6,0.2,1000,restricted_40,aggregation,0.7962482204795286,,,0.7089480135528052
4063,1001,13,5,0.6,0.2,1000,restricted_40,aggregation,0.7963835551684901,,,0.7086740570848903
4064,1001,13,5,0.6,0.2,1000,restricted_40,aggregation,0.7961760015333998,,,0.7088423970782304
4065,1001,13,5,0.6,0.2,1000,restricted_40,aggregation,0.7974065781975727,,,0.7099069124085791
4066,1001,13,5,0.6,0.2,1000,restricted_40,aggregation,0.7966574961879024,,,0.7087881302956303
4067,1001,13,5,0.6,0.2,1000,restricted_40,aggregation,0.7966044904034237,,,0.7090085708273209
4068,1001,13,5,0.6,0.2,1000,restricted_40,aggregation,0.7975573978425939,,,0.7096185039651706
4069,1001,13,5,0.6,0.2,1000,restricted_40,aggregation,0.7975119538113817,,,0.7100548787015453
4070,1001,13,5,0.6,0.2,1000,restricted_40,aggregation,0.7962780536812892,,,0.7088732980214231
4071,1001,13,5,0.6,0.2,1000,restricted_40,aggregation,0.7973038223219558,,,0.7097760464997965
4072,1001,13,5,0.6,0.2,1000,restricted_40,aggregation,0.7969738760718976,,,0.7095423916361416
4073,1001,13,5,0.6,0.2,1000,restricted_40,aggregation,0.7950333956321011,,,0.7073723525240192
4074,1001,13,5,0.6,0.2,1000,restricted_40,aggregation,0.7946128058069651,,,0.7075218325732909
4075,1001,13,5,0.6,0.2,1000,restricted_40,aggregation,0.7966285843940064,,,0.7089753051809302
4076,1001,13,5,0.6,0.2,1000,restricted_40,aggregation,0.7966005348615651,,,0.7089314792152291
4077,1001,13,5,0.6,0.2,1000,restricted_40,aggregation,0.796237712966408,,,0.7085628456188874
4078,1001,13,5,0.6,0.2,1000,restricted_40,aggregation,0.7963305166319437,,,0.708643043068043
4079,1001,13,5,0.6,0.2,1000,restricted_40,aggregation,0.7967243576443621,,,0.7090769204715038
4080,1001,13,5,0.6,0.2,1000,restricted_40,aggregation,0.7967123303475548,,,0.7090287285476868
4081,1001,13,5,0.6,0.2,1000,restricted_40,aggregation,0.7955756333784163,,,0.7082529974732058
4082,1001,13,5,0.6,0.2,1000,restricted_40,aggregation,0.7957023084199377,,,0.7080789097707847
4083,1001,13,5,0.6,0.2,1000,restricted_40,aggregation,0.7960438567952676,,,0.7087916105345272
4084,1001,13,5,0.6,0.2,1000,restricted_40,aggregation,0.797267521380175,,,0.7094330511155511
4085,1001,13,5,0.6,0.2,1000,restricted_40,aggregation,0.7966213391681529,,,0.7090284993324577
4086,1001,13,5,0.6,0.2,1000,restricted_40,aggregation,0.7954133821963676,,,0.7082054192643776
4087,1001,13,5,0.6,0.2,1000,restricted_40,aggregation,0.7952381256668899,,,0.7081560229816479
4088,1001,13,5,0.6,0.2,1000,restricted_40,aggregation,0.795498522787999,,,0.7080029390439808
4089,1001,13,5,0.6,0.2,1000,restricted_40,aggregation,0.7960952785040132,,,0.7086884323392657
4090,1001,13,5,0.6,0.2,1000,restricted_40,aggregation,0.7969205104971724,,,0.7091331909988161
4091,1001,13,5,0.6,0.2,1000,restricted_40,aggregation,0.7964813134291459,,,0.7088244544344544
4092,1001,13,5,0.6,0.2,1000,restricted_40,aggregation,0.7958553193530266,,,0.7085922838427006
4093,1001,13,5,0.6,0.2,1000,restricted_40,aggregation,0.7956920343431949,,,0.7084830168288502
4094,1001,13,5,0.6,0.2,1000,restricted_40,aggregation,0.7969156200034853,,,0.7096255868360035
4095,1001,13,5,0.6,0.2,1000,restricted_40,aggregation,0.7971503038769434,,,0.7093167670601004
4096,1001,13,5,0.6,0.2,1000,restricted_40,aggregation,0.7969577238381826,,,0.709118003131128
4097,1001,13,5,0.6,0.2,1000,restricted_40,aggregation,0.7978090792236554,,,0.7098950567333902
4098,1001,13,5,0.6,0.2,1000,restricted_40,aggregation,0.7963302271806513,,,0.7088224591072508
4099,1001,13,5,0.6,0.2,1000,restricted_40,aggregation,0.7962386959367366,,,0.7082488744742912
4100,1001,13,5,0.6,0.2,1000,restricted_40,aggregation,0.7972641648116541,,,0.7095359362396864
4101,1001,13,5,0.6,0.2,1000,restricted_40,aggregation,0.796387415845959,,,0.709103322094572
4102,1001,13,5,0.6,0.2,1000,restricted_40,aggregation,0.7973481034320455,,,0.7092146327206744
4103,1001,13,5,0.6,0.2,1000,restricted_40,aggregation,0.7955037159151683,,,0.7079174991443742
4104,1001,13,5,0.6,0.2,1000,restricted_40,aggregation,0.796017144288326,,,0.7084162723079391
4105,1001,13,5,0.6,0.2,1000,restricted_40,aggregation,0.7961462899762716,,,0.7088396023498108
4106,1001,13,5,0.6,0.2,1000,restricted_40,aggregation,0.7951635589508742,,,0.7078675775998693
4107,1001,13,5,0.6,0.2,1000,restricted_40,aggregation,0.7973208993172157,,,0.7094366611860363
4108,1001,13,5,0.6,0.2,1000,restricted_40,aggregation,0.7958872820620619,,,0.7085911332725917
4109,1001,13,5,0.6,0.2,1000,restricted_40,aggregation,0.7960233686015671,,,0.7084192239396407
4110,1001,13,5,0.6,0.2,1000,restricted_40,aggregation,0.7978293753459473,,,0.7099868093788927
4111,1001,13,5,0.6,0.2,1000,restricted_40,aggregation,0.7973039617202674,,,0.7094807221250972
4112,1001,13,5,0.6,0.2,1000,restricted_40,aggregation,0.7963626240202896,,,0.7085526049490632
4113,1001,13,5,0.6,0.2,1000,restricted_40,aggregation,0.796363103316889,,,0.7085871511127763
4114,1001,13,5,0.6,0.2,1000,restricted_40,aggregation,0.7956473250761877,,,0.7079831347973015
4115,1001,13,5,0.6,0.2,1000,restricted_40,aggregation,0.7964906080939906,,,0.708332106358148
4116,1001,13,5,0.6,0.2,1000,restricted_40,aggregation,0.7971551772225899,,,0.7090672672235172
4117,1001,13,5,0.6,0.2,1000,restricted_40,aggregation,0.7952338486762516,,,0.7078421381319298
4118,1001,13,5,0.6,0.2,1000,restricted_40,aggregation,0.7961691338868316,,,0.7086403324992908
4119,1001,13,5,0.6,0.2,1000,restricted_40,aggregation,0.7972621035067142,,,0.7090492897072064
4120,1001,13,5,0.6,0.2,1000,restricted_40,aggregation,0.7968854922977318,,,0.7094852466669133
4121,1001,13,5,0.6,0.2,1000,restricted_40,aggregation,0.7970224737429736,,,0.7094999639326722
4122,1001,13,5,0.6,0.2,1000,restricted_40,aggregation,0.795603741243392,,,0.7078419336450587
4123,1001,13,5,0.6,0.2,1000,restricted_40,aggregation,0.7966874944398326,,,0.7091582880159965
4124,1001,13,5,0.6,0.2,1000,restricted_40,aggregation,0.7959521596266905,,,0.7090132093446677
4125,1001,13,5,0.6,0.2,1000,restricted_40,aggregation,0.7976681597765941,,,0.7097789485360319
4126,1001,13,5,0.6,0.2,1000,restricted_40,aggregation,0.7961499515769154,,,0.7087639864302365
4127,1001,13,5,0.6,0.2,1000,restricted_40,aggregation,0.7959823351586632,,,0.7085936126759044
4128,1001,13,5,0.6,0.2,1000,restricted_40,aggregation,0.7956821536616454,,,0.7083158167526917
4129,1001,13,5,0.6,0.2,1000,restricted_40,aggregation,0.7948693458949302,,,0.7077148165877333
4130,1001,13,5,0.6,0.2,1000,restricted_40,aggregation,0.7965522270606351,,,0.7095252558244225
4131,1001,13,5,0.6,0.2,1000,restricted_40,aggregation,0.7953608898787067,,,0.707735472344014
4132,1001,13,5,0.6,0.2,1000,restricted_40,aggregation,0.7968719313445489,,,0.7094748195400279
4133,1001,13,5,0.6,0.2,1000,restricted_40,aggregation,0.7963839365831927,,,0.7090444144898311
4134,1001,13,5,0.6,0.2,1000,restricted_40,aggregation,0.7962290195585189,,,0.7087550993528077
4135,1001,13,5,0.6,0.2,1000,restricted_40,aggregation,0.7964229679732703,,,0.7089843474426808
4136,1001,13,5,0.6,0.2,1000,restricted_40,aggregation,0.7966261527748272,,,0.7091798161560663
4137,1001,13,5,0.6,0.2,1000,restricted_40,aggregation,0.7968388476330897,,,0.7093742005062839
4138,1001,13,5,0.6,0.2,1000,restricted_40,aggregation,0.7947651950555703,,,0.7071700042627126
4139,1001,13,5,0.6,0.2,1000,restricted_40,aggregation,0.7973972052109702,,,0.7097901248057498
4140,1001,13,5,0.6,0.2,1000,restricted_40,aggregation,0.7959294860242697,,,0.7082467992115908
4141,1001,13,5,0.6,0.2,1000,restricted_40,aggregation,0.795477614801154,,,0.7081396190537858
4142,1001,13,5,0.6,0.2,1000,restricted_40,aggregation,0.7963558748624388,,,0.7092391096789014
4143,1001,13,5,0.6,0.2,1000,restricted_40,aggregation,0.7965993915607001,,,0.708596426389968
4144,1001,13,5,0.6,0.2,1000,restricted_40,aggregation,0.798547768548514,,,0.710612197624906
4145,1001,13,5,0.6,0.2,1000,restricted_40,aggregation,0.7966772223199777,,,0.7092008993706911
4146,1001,13,5,0.6,0.2,1000,restricted_40,aggregation,0.7972170562699893,,,0.7092446928071928
4147,1001,13,5,0.6,0.2,1000,restricted_40,aggregation,0.7973227389979125,,,0.7101309177936261
4148,1001,13,5,0.6,0.2,1000,restricted_40,aggregation,0.7962502358295395,,,0.7088367628744713
4149,1001,13,5,0.6,0.2,1000,restricted_40,aggregation,0.796367664088336,,,0.7086747356809857
4150,1001,13,5,0.6,0.2,1000,restricted_40,aggregation,0.7971632625318646,,,0.7092000979190562
4151,1001,13,5,0.6,0.2,1000,restricted_40,aggregation,0.7967306528612198,,,0.709015312704271
4152,1001,13,5,0.6,0.2,1000,restricted_40,aggregation,0.7967390763041989,,,0.7096053212219878
4153,1001,13,5,0.6,0.2,1000,restricted_40,aggregation,0.7970118247114483,,,0.7093537402412403
4154,1001,13,5,0.6,0.2,1000,restricted_40,aggregation,0.7962526482405784,,,0.7092417372750706
4155,1001,13,5,0.6,0.2,1000,restricted_40,aggregation,0.796314030390373,,,0.7084645095028428
4156,1001,13,5,0.6,0.2,1000,restricted_40,aggregation,0.7972520424184697,,,0.7093960845096262
4157,1001,13,5,0.6,0.2,1000,restricted_40,aggregation,0.7962534443063934,,,0.7085483101543518
4158,1001,13,5,0.6,0.2,1000,restricted_40,aggregation,0.7948970683106735,,,0.7070838574234408
4159,1001,13,5,0.6,0.2,1000,restricted_40,aggregation,0.795510401836211,,,0.7081747386795304
4160,1001,13,5,0.6,0.2,1000,restricted_40,aggregation,0.7966635663227188,,,0.7092291212028712
4161,1001,13,5,0.6,0.2,1000,restricted_40,aggregation,0.7961497747267164,,,0.7084139678300095
4162,1001,13,5,0.6,0.2,1000,restricted_40,aggregation,0.7941010313156559,,,0.7068605062992563
4163,1001,13,5,0.6,0.2,1000,restricted_40,aggregation,0.7958939604376306,,,0.7081765181038098
4164,1001,13,5,0.6,0.2,1000,restricted_40,aggregation,0.7976257369967108,,,0.7098885186649769
4165,1001,13,5,0.6,0.2,1000,restricted_40,aggregation,0.7969617653676982,,,0.7092193368437119
4166,1001,13,5,0.6,0.2,1000,restricted_40,aggregation,0.7957923527395796,,,0.7078754346502263
4167,1001,13,5,0.6,0.2,1000,restricted_40,aggregation,0.7962625421934225,,,0.7080453865887198
4168,1001,13,5,0.6,0.2,1000,restricted_40,aggregation,0.7953051599028121,,,0.7076596343471343
4169,1001,13,5,0.6,0.2,1000,restricted_40,aggregation,0.797030536154098,,,0.7088559414890664
4170,1001,13,5,0.6,0.2,1000,restricted_40,aggregation,0.7950656551034512,,,0.7075887701033535
4171,1001,13,5,0.6,0.2,1000,restricted_40,aggregation,0.7961787377364518,,,0.7086401256151256
4172,1001,13,5,0.6,0.2,1000,restricted_40,aggregation,0.7976685150922624,,,0.709735354406396
4173,1001,13,5,0.6,0.2,1000,restricted_40,aggregation,0.7961716617590245,,,0.708596165555124
4174,1001,13,5,0.6,0.2,1000,restricted_40,aggregation,0.7966845437480597,,,0.7088446156775324
4175,1001,13,5,0.6,0.2,1000,restricted_40,aggregation,0.7952351181592362,,,0.707959512670971
4176,1001,13,5,0.6,0.2,1000,restricted_40,aggregation,0.7977137471523947,,,0.7095438027404695
4177,1001,13,5,0.6,0.2,1000,restricted_40,aggregation,0.7977652204332609,,,0.7099436150731984
4178,1001,13,5,0.6,0.2,1000,restricted_40,aggregation,0.7945765531247626,,,0.7075220911958411
4179,1001,13,5,0.6,0.2,1000,restricted_40,aggregation,0.7963171170810179,,,0.708359274691358
4180,1001,13,5,0.6,0.2,1000,restricted_40,aggregation,0.7961901205732371,,,0.7087925981117648
4181,1001,13,5,0.6,0.2,1000,restricted_40,aggregation,0.7965338920289239,,,0.7090347152461736
4182,1001,13,5,0.6,0.2,1000,restricted_40,aggregation,0.7958635330304721,,,0.7080341392789309
4183,1001,13,5,0.6,0.2,1000,restricted_40,aggregation,0.7954307177135078,,,0.7080438585951085
4184,1001,13,5,0.6,0.2,1000,restricted_40,aggregation,0.79534223361216,,,0.7078540362492446
4185,1001,13,5,0.6,0.2,1000,restricted_40,aggregation,0.7962137700538765,,,0.7083504654219237
4186,1001,13,5,0.6,0.2,1000,restricted_40,aggregation,0.7967740793685822,,,0.7089045038217955
4187,1001,13,5,0.6,0.2,1000,restricted_40,aggregation,0.7970391375880646,,,0.7093971006925174
4188,1001,13,5,0.6,0.2,1000,restricted_40,aggregation,0.7964219782173794,,,0.7089485132383049
4189,1001,13,5,0.6,0.2,1000,restricted_40,aggregation,0.7984277749592773,,,0.7107576636018303
4190,1001,13,5,0.6,0.2,1000,restricted_40,aggregation,0.7965242846747587,,,0.7093071699519616
4191,1001,13,5,0.6,0.2,1000,restricted_40,aggregation,0.7970455650290611,,,0.7097060147414315
4192,1001,13,5,0.6,0.2,1000,restricted_40,aggregation,0.7970164108077736,,,0.7091072926302093
4193,1001,13,5,0.6,0.2,1000,restricted_40,aggregation,0.7972983811381764,,,0.7095896005460589
4194,1001,13,5,0.6,0.2,1000,restricted_40,aggregation,0.7977137630220968,,,0.7102637273297691
4195,1001,13,5,0.6,0.2,1000,restricted_40,aggregation,0.7975112622520818,,,0.7096108626481544
4196,1001,13,5,0.6,0.2,1000,restricted_40,aggregation,0.7972654339740849,,,0.7095017068039984
4197,1001,13,5,0.6,0.2,1000,restricted_40,aggregation,0.795743189093013,,,0.7083156585235751
4198,1001,13,5,0.6,0.2,1000,restricted_40,aggregation,0.7965637175783004,,,0.7085927308185641
4199,1001,13,5,0.6,0.2,1000,restricted_40,aggregation,0.7973036232667297,,,0.7093893874258457
4200,1001,13,5,0.6,0.2,1000,restricted_40,aggregation,0.7961903381624634,,,0.7090972243882661
4201,1001,13,5,0.6,0.2,1000,restricted_40,aggregation,0.7956008859131085,,,0.7079191760168844
4202,1001,13,5,0.6,0.2,1000,restricted_40,aggregation,0.7961590200155365,,,0.7082758687223271
4203,1001,13,5,0.6,0.2,1000,restricted_40,aggregation,0.7969108687207799,,,0.7089614265055931
4204,1001,13,5,0.6,0.2,1000,restricted_40,aggregation,0.7968890776409516,,,0.7085286683763767
4205,1001,13,5,0.6,0.2,1000,restricted_40,aggregation,0.7966245409897584,,,0.709301621357038
4206,1001,13,5,0.6,0.2,1000,restricted_40,aggregation,0.7968414688529913,,,0.7090764959500375
4207,1001,13,5,0.6,0.2,1000,restricted_40,aggregation,0.7953553353509596,,,0.7079502443004526
4208,1001,13,5,0.6,0.2,1000,restricted_40,aggregation,0.7956605695640533,,,0.7083816605924939
4209,1001,13,5,0.6,0.2,1000,restricted_40,aggregation,0.7941180890464141,,,0.706481794401586
4210,1001,13,5,0.6,0.2,1000,restricted_40,aggregation,0.7970911870860693,,,0.7090654287687621
4211,1001,13,5,0.6,0.2,1000,restricted_40,aggregation,0.7973367059445905,,,0.7093288097627681
4212,1001,13,5,0.6,0.2,1000,restricted_40,aggregation,0.795242103500621,,,0.7077020385247469
4213,1001,13,5,0.6,0.2,1000,restricted_40,aggregation,0.7981541482970766,,,0.710663266694725
4214,1001,13,5,0.6,0.2,1000,restricted_40,aggregation,0.7953610363716912,,,0.708575633294175
4215,1001,13,5,0.6,0.2,1000,restricted_40,aggregation,0.79648226308101,,,0.708954217079217
4216,1001,13,5,0.6,0.2,1000,restricted_40,aggregation,0.7939325854295048,,,0.7069130074246741
4217,1001,13,5,0.6,0.2,1000,restricted_40,aggregation,0.7967480689447535,,,0.7089040720082387
4218,1001,13,5,0.6,0.2,1000,restricted_40,aggregation,0.7962409843478677,,,0.7090223447077613
4219,1001,13,5,0.6,0.2,1000,restricted_40,aggregation,0.7963687085684678,,,0.7087988148656899
4220,1001,13,5,0.6,0.2,1000,restricted_40,aggregation,0.7954599792208656,,,0.7078965732724066
4221,1001,13,5,0.6,0.2,1000,restricted_40,aggregation,0.7976398011598171,,,0.7099090132090132
4222,1001,13,5,0.6,0.2,1000,restricted_40,aggregation,0.7977244608134882,,,0.7094721632765383
4223,1001,13,5,0.6,0.2,1000,restricted_40,aggregation,0.7964638218980011,,,0.7087241498085248
4224,1001,13,5,0.6,0.2,1000,restricted_40,aggregation,0.7981638637857947,,,0.710770738713447
4225,1001,13,5,0.6,0.2,1000,restricted_40,aggregation,0.7960185576651126,,,0.7081028711412045
4226,1001,13,5,0.6,0.2,1000,restricted_40,aggregation,0.797749965352133,,,0.7103515962201379
4227,1001,13,5,0.6,0.2,1000,restricted_40,aggregation,0.7964828900969204,,,0.7087623696134112
4228,1001,13,5,0.6,0.2,1000,restricted_40,aggregation,0.7964649775037772,,,0.7090158107864357
4229,1001,13,5,0.6,0.2,1000,restricted_40,aggregation,0.7951814045918683,,,0.7072886923107756
4230,1001,13,5,0.6,0.2,1000,restricted_40,aggregation,0.7969545697701979,,,0.709756072322739
4231,1001,13,5,0.6,0.2,1000,restricted_40,aggregation,0.7959159142161302,,,0.7081568390020473
4232,1001,13,5,0.6,0.2,1000,restricted_40,aggregation,0.7967143940356366,,,0.7093161289944624
4233,1001,13,5,0.6,0.2,1000,restricted_40,aggregation,0.7960644335242497,,,0.7085352610969278
4234,1001,13,5,0.6,0.2,1000,restricted_40,aggregation,0.7953607511408335,,,0.708066952592161
4235,1001,13,5,0.6,0.2,1000,restricted_40,aggregation,0.79696538320943,,,0.7093381600035766
4236,1001,13,5,0.6,0.2,1000,restricted_40,aggregation,0.7981375397040031,,,0.7101496471583971
4237,1001,13,5,0.6,0.2,1000,restricted_40,aggregation,0.7958547972539348,,,0.7082056651219151
4238,1001,13,5,0.6,0.2,1000,restricted_40,aggregation,0.7973545142214467,,,0.7101717906707491
4239,1001,13,5,0.6,0.2,1000,restricted_40,aggregation,0.7978053343427035,,,0.7101977125960459
4240,1001,13,5,0.6,0.2,1000,restricted_40,aggregation,0.7982019324848981,,,0.7104968056943056
4241,1001,13,5,0.6,0.2,1000,restricted_40,aggregation,0.7954718093429609,,,0.7083801863876863
4242,1001,13,5,0.6,0.2,1000,restricted_40,aggregation,0.7972892477724145,,,0.7097159862436947
4243,1001,13,5,0.6,0.2,1000,restricted_40,aggregation,0.7973052328850669,,,0.7092578970643554
4244,1001,13,5,0.6,0.2,1000,restricted_40,aggregation,0.7962715149614613,,,0.708498300981426
4245,1001,13,5,0.6,0.2,1000,restricted_40,aggregation,0.7967027795169459,,,0.7092256522798189
4246,1001,13,5,0.6,0.2,1000,restricted_40,aggregation,0.7963692497671333,,,0.7094911976834893
4247,1001,13,5,0.6,0.2,1000,restricted_40,aggregation,0.7964618712070021,,,0.7086576459111875
4248,1001,13,5,0.6,0.2,1000,restricted_40,aggregation,0.7957966397434778,,,0.7085039855669022
4249,1001,13,5,0.6,0.2,1000,restricted_40,aggregation,0.7952454681469773,,,0.7079600286441954
4250,1001,13,5,0.6,0.2,1000,restricted_40,aggregation,0.7967909843168655,,,0.7087891598524931
4251,1001,13,5,0.6,0.2,1000,restricted_40,aggregation,0.7957445910617909,,,0.7082854524950357
4252,1001,13,5,0.6,0.2,1000,restricted_40,aggregation,0.7969349988133381,,,0.7095389279085113
4253,1001,13,5,0.6,0.2,1000,restricted_40,aggregation,0.7967541909061417,,,0.7087422009240759
4254,1001,13,5,0.6,0.2,1000,restricted_40,aggregation,0.7978408351044207,,,0.7107010841087924
4255,1001,13,5,0.6,0.2,1000,restricted_40,aggregation,0.7965734285753326,,,0.7089226141990725
4256,1001,13,5,0.6,0.2,1000,restricted_40,aggregation,0.795611349192105,,,0.707941576764285
4257,1001,13,5,0.6,0.2,1000,restricted_40,aggregation,0.7957437568337797,,,0.7084565636446887
4258,1001,13,5,0.6,0.2,1000,restricted_40,aggregation,0.7964408728567051,,,0.7084877088497922
4259,1001,13,5,0.6,0.2,1000,restricted_40,aggregation,0.7959005124950916,,,0.708566881012506
4260,1001,13,5,0.6,0.2,1000,restricted_40,aggregation,0.7967267812018983,,,0.7091673735369568
4261,1001,13,5,0.6,0.2,1000,restricted_40,aggregation,0.7967318127189066,,,0.7089748387723387
4262,1001,13,5,0.6,0.2,1000,restricted_40,aggregation,0.796615362956383,,,0.7089175460650461
4263,1001,13,5,0.6,0.2,1000,restricted_40,aggregation,0.7971825732692466,,,0.7098484303119721
4264,1001,13,5,0.6,0.2,1000,restricted_40,aggregation,0.7970807985259678,,,0.7092001612507862
4265,1001,13,5,0.6,0.2,1000,restricted_40,aggregation,0.7970532308041116,,,0.7091444712078045
4266,1001,13,5,0.6,0.2,1000,restricted_40,aggregation,0.7973803863525045,,,0.7099299927541594
4267,1001,13,5,0.6,0.2,1000,restricted_40,aggregation,0.7971850936144209,,,0.7091243583808167
4268,1001,13,5,0.6,0.2,1000,restricted_40,aggregation,0.7960541818217046,,,0.7085767854830355
4269,1001,13,5,0.6,0.2,1000,restricted_40,aggregation,0.7975032588495612,,,0.7096515511186344
4270,1001,13,5,0.6,0.2,1000,restricted_40,aggregation,0.7975670540895006,,,0.7098585950083867
4271,1001,13,5,0.6,0.2,1000,restricted_40,aggregation,0.7973609853171383,,,0.7095147740376908
4272,1001,13,5,0.6,0.2,1000,restricted_40,aggregation,0.7964901316653129,,,0.7088689379293547
4273,1001,13,5,0.6,0.2,1000,restricted_40,aggregation,0.795419007800056,,,0.7078503788803788
4274,1001,13,5,0.6,0.2,1000,restricted_40,aggregation,0.797005548893523,,,0.7090969296829713
4275,1001,13,5,0.6,0.2,1000,restricted_40,aggregation,0.7948911102884839,,,0.7075761030558948
4276,1001,13,5,0.6,0.2,1000,restricted_40,aggregation,0.7976061302353532,,,0.7096961385450968
4277,1001,13,5,0.6,0.2,1000,restricted_40,aggregation,0.7969265806098046,,,0.7090707140621724
4278,1001,13,5,0.6,0.2,1000,restricted_40,aggregation,0.7951964349021357,,,0.708030380329547
4279,1001,13,5,0.6,0.2,1000,restricted_40,aggregation,0.7961337539577037,,,0.7082458513246013
4280,1001,13,5,0.6,0.2,1000,restricted_40,aggregation,0.7953880779596479,,,0.7079278928093511
4281,1001,13,5,0.6,0.2,1000,restricted_40,aggregation,0.7966304469289893,,,0.7085729358141859
4282,1001,13,5,0.6,0.2,1000,restricted_40,aggregation,0.7960801901918872,,,0.7080933869063036
4283,1001,13,5,0.6,0.2,1000,restricted_40,aggregation,0.7959644738874663,,,0.7084321564623649
4284,1001,13,5,0.6,0.2,1000,restricted_40,aggregation,0.7973400722453529,,,0.7096217227063061
4285,1001,13,5,0.6,0.2,1000,restricted_40,aggregation,0.7971180991642978,,,0.7094083444641778
4286,1001,13,5,0.6,0.2,1000,restricted_40,aggregation,0.7971643480500186,,,0.7093485871458788
4287,1001,13,5,0.6,0.2,1000,restricted_40,aggregation,0.7969404588061396,,,0.7090607657311824
4288,1001,13,5,0.6,0.2,1000,restricted_40,aggregation,0.7940979350174401,,,0.7067953031767614
4289,1001,13,5,0.6,0.2,1000,restricted_40,aggregation,0.7967782092536424,,,0.7091399754258088
4290,1001,13,5,0.6,0.2,1000,restricted_40,aggregation,0.7974428970770239,,,0.7094736958257791
4291,1001,13,5,0.6,0.2,1000,restricted_40,aggregation,0.7948052676141663,,,0.707659354996855
4292,1001,13,5,0.6,0.2,1000,restricted_40,aggregation,0.7970998292267651,,,0.7091068947873115
4293,1001,13,5,0.6,0.2,1000,restricted_40,aggregation,0.7966651717296701,,,0.7088970812212478
4294,1001,13,5,0.6,0.2,1000,restricted_40,aggregation,0.7981226647758599,,,0.7102346280494198
4295,1001,13,5,0.6,0.2,1000,restricted_40,aggregation,0.7962687601444727,,,0.7088495658816493
4296,1001,13,5,0.6,0.2,1000,restricted_40,aggregation,0.7970355221021977,,,0.708980721354263
4297,1001,13,5,0.6,0.2,1000,restricted_40,aggregation,0.7962028626002502,,,0.7087241075822326
4298,1001,13,5,0.6,0.2,1000,restricted_40,aggregation,0.7949577960071101,,,0.7080119556986223
4299,1001,13,5,0.6,0.2,1000,restricted_40,aggregation,0.7975275750810794,,,0.7099566984250318
4300,1001,13,5,0.6,0.2,1000,restricted_40,aggregation,0.7971739342683221,,,0.7098021748775915
4301,1001,13,5,0.6,0.2,1000,restricted_40,aggregation,0.7979249360734763,,,0.7100528319828319
4302,1001,13,5,0.6,0.2,1000,restricted_40,aggregation,0.7952309944781296,,,0.7077740488292571
4303,1001,13,5,0.6,0.2,1000,restricted_40,aggregation,0.7961147022490148,,,0.7082825101750103
4304,1001,13,5,0.6,0.2,1000,restricted_40,aggregation,0.7963765188246836,,,0.708952236436403
4305,1001,13,5,0.6,0.2,1000,restricted_40,aggregation,0.796768223564635,,,0.7091005910987161
4306,1001,13,5,0.6,0.2,1000,restricted_40,aggregation,0.7972531219613523,,,0.7094947153849237
4307,1001,13,5,0.6,0.2,1000,restricted_40,aggregation,0.7963823735972038,,,0.7085359161363329
4308,1001,13,5,0.6,0.2,1000,restricted_40,aggregation,0.7964625627939202,,,0.7088227125652125
4309,1001,13,5,0.6,0.2,1000,restricted_40,aggregation,0.7961050061646053,,,0.708628799433591
4310,1001,13,5,0.6,0.2,1000,restricted_40,aggregation,0.7965264000588055,,,0.7090739305216388
4311,1001,13,5,0.6,0.2,1000,restricted_40,aggregation,0.7969209545386583,,,0.7091526201344951
4312,1001,13,5,0.6,0.2,1000,restricted_40,aggregation,0.7978385807832171,,,0.70978320487383
4313,1001,13,5,0.6,0.2,1000,restricted_40,aggregation,0.7961498200176168,,,0.7091764447281115
4314,1001,13,5,0.6,0.2,1000,restricted_40,aggregation,0.7956799152155227,,,0.7080577915448749
4315,1001,13,5,0.6,0.2,1000,restricted_40,aggregation,0.7967138473876275,,,0.7086832110867527
4316,1001,13,5,0.6,0.2,1000,restricted_40,aggregation,0.7957019586010513,,,0.7082843069045152
4317,1001,13,5,0.6,0.2,1000,restricted_40,aggregation,0.7975084341845421,,,0.7093042648632233
4318,1001,13,5,0.6,0.2,1000,restricted_40,aggregation,0.79715749301685,,,0.7101008609446109
4319,1001,13,5,0.6,0.2,1000,restricted_40,aggregation,0.7964138376542002,,,0.7090431081341498
4320,1001,13,5,0.6,0.2,1000,restricted_40,aggregation,0.7974380026860706,,,0.709811068730652
4321,1001,13,5,0.6,0.2,1000,restricted_40,aggregation,0.7960095695072784,,,0.7084394156846241
4322,1001,13,5,0.6,0.2,1000,restricted_40,aggregation,0.7970379716512361,,,0.7092824401447317
4323,1001,13,5,0.6,0.2,1000,restricted_40,aggregation,0.7973898904518565,,,0.70952333999334
4324,1001,13,5,0.6,0.2,1000,restricted_40,aggregation,0.7966765351023721,,,0.7098043069199319
4325,1001,13,5,0.6,0.2,1000,restricted_40,aggregation,0.7957738223779105,,,0.7085988027867194
4326,1001,13,5,0.6,0.2,1000,restricted_40,aggregation,0.7955913126326387,,,0.7077578675182842
4327,1001,13,5,0.6,0.2,1000,restricted_40,aggregation,0.7982214556269144,,,0.7104563061629728
4328,1001,13,5,0.6,0.2,1000,restricted_40,aggregation,0.7959071466066152,,,0.708260312249479
4329,1001,13,5,0.6,0.2,1000,restricted_40,aggregation,0.7961469691232914,,,0.7086383326472909
4330,1001,13,5,0.6,0.2,1000,restricted_40,aggregation,0.7977566963094483,,,0.7098432398619898
4331,1001,13,5,0.6,0.2,1000,restricted_40,aggregation,0.7970377400065224,,,0.709466340542174
4332,1001,13,5,0.6,0.2,1000,restricted_40,aggregation,0.7970969302166659,,,0.7093633016983018
4333,1001,13,5,0.6,0.2,1000,restricted_40,aggregation,0.796718737031025,,,0.7089121131877382
4334,1001,13,5,0.6,0.2,1000,restricted_40,aggregation,0.7965596621124466,,,0.7087128856714274
4335,1001,13,5,0.6,0.2,1000,restricted_40,aggregation,0.7986338703552003,,,0.7105681115026949
4336,1001,13,5,0.6,0.2,1000,restricted_40,aggregation,0.797398570013261,,,0.7099981738708823
4337,1001,13,5,0.6,0.2,1000,restricted_40,aggregation,0.7962541703149347,,,0.7089288004896339
4338,1001,13,5,0.6,0.2,1000,restricted_40,aggregation,0.795702746330567,,,0.7080892486063318
4339,1001,13,5,0.6,0.2,1000,restricted_40,aggregation,0.7957589266999935,,,0.708511656591865
4340,1001,13,5,0.6,0.2,1000,restricted_40,aggregation,0.7975616044802201,,,0.7099026527407777
4341,1001,13,5,0.6,0.2,1000,restricted_40,aggregation,0.7969367190993686,,,0.7089513205467373
4342,1001,13,5,0.6,0.2,1000,restricted_40,aggregation,0.7969361247355554,,,0.7092363441342608
4343,1001,13,5,0.6,0.2,1000,restricted_40,aggregation,0.795930237350751,,,0.7083924137590805
4344,1001,13,5,0.6,0.2,1000,restricted_40,aggregation,0.7975326810733595,,,0.7092259194509195
4345,1001,13,5,0.6,0.2,1000,restricted_40,aggregation,0.7952119963258677,,,0.7081382295328128
4346,1001,13,5,0.6,0.2,1000,restricted_40,aggregation,0.796951583950467,,,0.709168534551868
4347,1001,13,5,0.6,0.2,1000,restricted_40,aggregation,0.7967977522681884,,,0.7090011089913173
4348,1001,13,5,0.6,0.2,1000,restricted_40,aggregation,0.7955346124107437,,,0.7085466321641322
4349,1001,13,5,0.6,0.2,1000,restricted_40,aggregation,0.7973256504516553,,,0.709010309405101
4350,1001,13,5,0.6,0.2,1000,restricted_40,aggregation,0.7955352095176382,,,0.7081600436060853
4351,1001,13,5,0.6,0.2,1000,restricted_40,aggregation,0.7963840100737413,,,0.7083391006832674
4352,1001,13,5,0.6,0.2,1000,restricted_40,aggregation,0.7964924031915414,,,0.7089442621113455
4353,1001,13,5,0.6,0.2,1000,restricted_40,aggregation,0.7965459760384649,,,0.7089830643816061
4354,1001,13,5,0.6,0.2,1000,restricted_40,aggregation,0.7981189229107865,,,0.710036701076701
4355,1001,13,5,0.6,0.2,1000,restricted_40,aggregation,0.7949708294582492,,,0.7079041889360639
4356,1001,13,5,0.6,0.2,1000,restricted_40,aggregation,0.7957016643102284,,,0.7085082730926481
4357,1001,13,5,0.6,0.2,1000,restricted_40,aggregation,0.7961037826817314,,,0.7087157215238464
4358,1001,13,5,0.6,0.2,1000,restricted_40,aggregation,0.7971349845300454,,,0.709345481385898
4359,1001,13,5,0.6,0.2,1000,restricted_40,aggregation,0.7966991161948647,,,0.7094716789614707
4360,1001,13,5,0.6,0.2,1000,restricted_40,aggregation,0.7961595114522306,,,0.7083904075939492
4361,1001,13,5,0.6,0.2,1000,restricted_40,aggregation,0.7951287832305345,,,0.7080090322177822
4362,1001,13,5,0.6,0.2,1000,restricted_40,aggregation,0.7959639328061029,,,0.708327347660056
4363,1001,13,5,0.6,0.2,1000,restricted_40,aggregation,0.797049488895013,,,0.7094254050270716
4364,1001,13,5,0.6,0.2,1000,restricted_40,aggregation,0.7960877395330649,,,0.7084226171513671
4365,1001,13,5,0.6,0.2,1000,restricted_40,aggregation,0.7962687534965758,,,0.7085591244712078
4366,1001,13,5,0.6,0.2,1000,restricted_40,aggregation,0.795369186727036,,,0.7080554599644183
4367,1001,13,5,0.6,0.2,1000,restricted_40,aggregation,0.7945069556859506,,,0.7071244514975765
4368,1001,13,5,0.6,0.2,1000,restricted_40,aggregation,0.7968958569026386,,,0.70896904672488
4369,1001,13,5,0.6,0.2,1000,restricted_40,aggregation,0.7962845466280254,,,0.7089541693337525
4370,1001,13,5,0.6,0.2,1000,restricted_40,aggregation,0.7968119634197791,,,0.7097035970896388
4371,1001,13,5,0.6,0.2,1000,restricted_40,aggregation,0.7951651435544461,,,0.7078990314084064
4372,1001,13,5,0.6,0.2,1000,restricted_40,aggregation,0.7939409084655649,,,0.7067233527043945
4373,1001,13,5,0.6,0.2,1000,restricted_40,aggregation,0.7977989492666899,,,0.7093569715778049
4374,1001,13,5,0.6,0.2,1000,restricted_40,aggregation,0.7960302850805094,,,0.7082158468691802
4375,1001,13,5,0.6,0.2,1000,restricted_40,aggregation,0.7974172966649292,,,0.7098840860990859
4376,1001,13,5,0.6,0.2,1000,restricted_40,aggregation,0.7974272689572485,,,0.7099775469206718
4377,1001,13,5,0.6,0.2,1000,restricted_40,aggregation,0.7958627736420673,,,0.7082328617986952
4378,1001,13,5,0.6,0.2,1000,restricted_40,aggregation,0.7967059448547912,,,0.7091005823266239
4379,1001,13,5,0.6,0.2,1000,restricted_40,aggregation,0.7963404391272113,,,0.708849655336947
4380,1001,13,5,0.6,0.2,1000,restricted_40,aggregation,0.7958753089681169,,,0.7082215159994327
4381,1001,13,5,0.6,0.2,1000,restricted_40,aggregation,0.7949084684145299,,,0.707185405551239
4382,1001,13,5,0.6,0.2,1000,restricted_40,aggregation,0.7952275500084285,,,0.7078608966804801
4383,1001,13,5,0.6,0.2,1000,restricted_40,aggregation,0.7961666440198527,,,0.7087736434476019
4384,1001,13,5,0.6,0.2,1000,restricted_40,aggregation,0.7967850973683931,,,0.7090441638299971
4385,1001,13,5,0.6,0.2,1000,restricted_40,aggregation,0.7973894600101368,,,0.7093872908727076
4386,1001,13,5,0.6,0.2,1000,restricted_40,aggregation,0.7978036915455999,,,0.7101497632537216
4387,1001,13,5,0.6,0.2,1000,restricted_40,aggregation,0.7973770873727836,,,0.7097860490975074
4388,1001,13,5,0.6,0.2,1000,restricted_40,aggregation,0.7972111336835805,,,0.709798908283075
4389,1001,13,5,0.6,0.2,1000,restricted_40,aggregation,0.7968105939707298,,,0.7092772331063998
4390,1001,13,5,0.6,0.2,1000,restricted_40,aggregation,0.7963107819287246,,,0.7083979391287725
4391,1001,13,5,0.6,0.2,1000,restricted_40,aggregation,0.7962415539574095,,,0.7085231089358174
4392,1001,13,5,0.6,0.2,1000,restricted_40,aggregation,0.7963352824421583,,,0.7089410547939715
4393,1001,13,5,0.6,0.2,1000,restricted_40,aggregation,0.7971763043860067,,,0.7092386782893033
4394,1001,13,5,0.6,0.2,1000,restricted_40,aggregation,0.797399940341173,,,0.7099916634060385
4395,1001,13,5,0.6,0.2,1000,restricted_40,aggregation,0.7968377410081422,,,0.7086860922565089
4396,1001,13,5,0.6,0.2,1000,restricted_40,aggregation,0.7976524676595135,,,0.7093559634809634
4397,1001,13,5,0.6,0.2,1000,restricted_40,aggregation,0.7985084082833287,,,0.7109884781576449
4398,1001,13,5,0.6,0.2,1000,restricted_40,aggregation,0.7961844474737167,,,0.709122661042661
4399,1001,13,5,0.6,0.2,1000,restricted_40,aggregation,0.7969685583869556,,,0.7095342328658995
4400,1001,13,5,0.6,0.2,1000,restricted_40,aggregation,0.796285579057299,,,0.7086331749963
4401,1001,13,5,0.6,0.2,1000,restricted_40,aggregation,0.7966966956777788,,,0.7092065397950814
4402,1001,13,5,0.6,0.2,1000,restricted_40,aggregation,0.7950841214675144,,,0.7076052408316992
4403,1001,13,5,0.6,0.2,1000,restricted_40,aggregation,0.7967481536078685,,,0.7092722281036864
4404,1001,13,5,0.6,0.2,1000,restricted_40,aggregation,0.7954589275781868,,,0.7082506032393532
4405,1001,13,5,0.6,0.2,1000,restricted_40,aggregation,0.7961094577568472,,,0.7084370070361737
4406,1001,13,5,0.6,0.2,1000,restricted_40,aggregation,0.7970551294800816,,,0.7092941977775311
4407,1001,13,5,0.6,0.2,1000,restricted_40,aggregation,0.7979438214339649,,,0.709784374275416
4408,1001,13,5,0.6,0.2,1000,restricted_40,aggregation,0.7973475192733869,,,0.7101167479896646
4409,1001,13,5,0.6,0.2,1000,restricted_40,aggregation,0.7983159062094206,,,0.7109725927698844
4410,1001,13,5,0.6,0.2,1000,restricted_40,aggregation,0.7964885004558091,,,0.7094538243623661
4411,1001,13,5,0.6,0.2,1000,restricted_40,aggregation,0.7956798400183719,,,0.7079590947401363
4412,1001,13,5,0.6,0.2,1000,restricted_40,aggregation,0.796060589944865,,,0.7083491978083645
4413,1001,13,5,0.6,0.2,1000,restricted_40,aggregation,0.79482293173381,,,0.7074626343332593
4414,1001,13,5,0.6,0.2,1000,restricted_40,aggregation,0.7966270058228825,,,0.7089699175284592
4415,1001,13,5,0.6,0.2,1000,restricted_40,aggregation,0.7972749125538664,,,0.709710476706935
4416,1001,13,5,0.6,0.2,1000,restricted_40,aggregation,0.7946919950400247,,,0.7074696494786079
4417,1001,13,5,0.6,0.2,1000,restricted_40,aggregation,0.7971893680542481,,,0.709186701346493
4418,1001,13,5,0.6,0.2,1000,restricted_40,aggregation,0.7962514259460538,,,0.7087671700598784
4419,1001,13,5,0.6,0.2,1000,restricted_40,aggregation,0.7971958901005027,,,0.7094197694512279
4420,1001,13,5,0.6,0.2,1000,restricted_40,aggregation,0.7953149718215167,,,0.7084155178155178
4421,1001,13,5,0.6,0.2,1000,restricted_40,aggregation,0.7969494849439657,,,0.7089365154752655
4422,1001,13,5,0.6,0.2,1000,restricted_40,aggregation,0.7960910513396325,,,0.7083511284317534
4423,1001,13,5,0.6,0.2,1000,restricted_40,aggregation,0.7967209072203438,,,0.7085211324169657
4424,1001,13,5,0.6,0.2,1000,restricted_40,aggregation,0.7969888695850086,,,0.709449352553311
4425,1001,13,5,0.6,0.2,1000,restricted_40,aggregation,0.7969679089200938,,,0.7087221761186344
4426,1001,13,5,0.6,0.2,1000,restricted_40,aggregation,0.7976294211607874,,,0.709763618071743
4427,1001,13,5,0.6,0.2,1000,restricted_40,aggregation,0.7959367184973954,,,0.7087445033361701
4428,1001,13,5,0.6,0.2,1000,restricted_40,aggregation,0.7949077502694646,,,0.708092367593826
4429,1001,13,5,0.6,0.2,1000,restricted_40,aggregation,0.7967652423837225,,,0.7088669138192054
4430,1001,13,5,0.6,0.2,1000,restricted_40,aggregation,0.7968391039863448,,,0.7093455585541003
4431,1001,13,5,0.6,0.2,1000,restricted_40,aggregation,0.7973181215877685,,,0.7094617338988172
4432,1001,13,5,0.6,0.2,1000,restricted_40,aggregation,0.7968410940777543,,,0.7095223401675486
4433,1001,13,5,0.6,0.2,1000,restricted_40,aggregation,0.7973133773906875,,,0.7095111878168127
4434,1001,13,5,0.6,0.2,1000,restricted_40,aggregation,0.7969231377919211,,,0.7096255766841184
4435,1001,13,5,0.6,0.2,1000,restricted_40,aggregation,0.796681821847631,,,0.7087939268293436
4436,1001,13,5,0.6,0.2,1000,restricted_40,aggregation,0.7967300363011198,,,0.7090057235819734
4437,1001,13,5,0.6,0.2,1000,restricted_40,aggregation,0.7972972776044361,,,0.7095066853054354
4438,1001,13,5,0.6,0.2,1000,restricted_40,aggregation,0.7946654199549594,,,0.7077029373943957
4439,1001,13,5,0.6,0.2,1000,restricted_40,aggregation,0.7967050631250328,,,0.7088158230272813
4440,1001,13,5,0.6,0.2,1000,restricted_40,aggregation,0.7961550457223057,,,0.7085671860315611
4441,1001,13,5,0.6,0.2,1000,restricted_40,aggregation,0.7952703610913233,,,0.7076999177211678
4442,1001,13,5,0.6,0.2,1000,restricted_40,aggregation,0.795672060576568,,,0.7084675879984214
4443,1001,13,5,0.6,0.2,1000,restricted_40,aggregation,0.7961582258698892,,,0.7086068062184729
4444,1001,13,5,0.6,0.2,1000,restricted_40,aggregation,0.7964607431961771,,,0.7086384499990751
4445,1001,13,5,0.6,0.2,1000,restricted_40,aggregation,0.7953883561365928,,,0.7079947484382901
4446,1001,13,5,0.6,0.2,1000,restricted_40,aggregation,0.7974587644491199,,,0.7102212612618862
4447,1001,13,5,0.6,0.2,1000,restricted_40,aggregation,0.7970815055402839,,,0.7092786475561476
4448,1001,13,5,0.6,0.2,1000,restricted_40,aggregation,0.7966491939661264,,,0.7092802925161258
4449,1001,13,5,0.6,0.2,1000,restricted_40,aggregation,0.7953656609702972,,,0.7079608720523304
4450,1001,13,5,0.6,0.2,1000,restricted_40,aggregation,0.798144311669597,,,0.710082206913457
4451,1001,13,5,0.6,0.2,1000,restricted_40,aggregation,0.7955311177220087,,,0.7079771784465535
4452,1001,13,5,0.6,0.2,1000,restricted_40,aggregation,0.7970125241769416,,,0.709183361669195
4453,1001,13,5,0.6,0.2,1000,restricted_40,aggregation,0.7978009857405455,,,0.7102106381041797
4454,1001,13,5,0.6,0.2,1000,restricted_40,aggregation,0.7973353786831981,,,0.7092993132638965
4455,1001,13,5,0.6,0.2,1000,restricted_40,aggregation,0.7965874097656749,,,0.7090891385851802
4456,1001,13,5,0.6,0.2,1000,restricted_40,aggregation,0.7955686985185987,,,0.7080260619627287
4457,1001,13,5,0.6,0.2,1000,restricted_40,aggregation,0.7964059438328793,,,0.7087169506573673
4458,1001,13,5,0.6,0.2,1000,restricted_40,aggregation,0.7971558230267966,,,0.7091473685804935
4459,1001,13,5,0.6,0.2,1000,restricted_40,aggregation,0.7966383177638278,,,0.7090276275499192
4460,1001,13,5,0.6,0.2,1000,restricted_40,aggregation,0.7973322329086752,,,0.7094628080098915
4461,1001,13,5,0.6,0.2,1000,restricted_40,aggregation,0.7964571493420892,,,0.7087441931216931
4462,1001,13,5,0.6,0.2,1000,restricted_40,aggregation,0.7965839085193702,,,0.7090138170240254
4463,1001,13,5,0.6,0.2,1000,restricted_40,aggregation,0.795041390287529,,,0.7082440396794563
4464,1001,13,5,0.6,0.2,1000,restricted_40,aggregation,0.7969442073673658,,,0.7095486997878665
4465,1001,13,5,0.6,0.2,1000,restricted_40,aggregation,0.7979989388390153,,,0.7109456537598204
4466,1001,13,5,0.6,0.2,1000,restricted_40,aggregation,0.7976846454004405,,,0.7100455856643356
4467,1001,13,5,0.6,0.2,1000,restricted_40,aggregation,0.7947690897006413,,,0.7076448760652928
4468,1001,13,5,0.6,0.2,1000,restricted_40,aggregation,0.7979604013440986,,,0.7100925101210518
4469,1001,13,5,0.6,0.2,1000,restricted_40,aggregation,0.7957067225950675,,,0.7080045873185457
4470,1001,13,5,0.6,0.2,1000,restricted_40,aggregation,0.79728204515064,,,0.7094994797486465
4471,1001,13,5,0.6,0.2,1000,restricted_40,aggregation,0.7956842120148299,,,0.7082691762943846
4472,1001,13,5,0.6,0.2,1000,restricted_40,aggregation,0.7958602374508,,,0.7082939722391806
4473,1001,13,5,0.6,0.2,1000,restricted_40,aggregation,0.7960678168233288,,,0.7087252630085963
4474,1001,13,5,0.6,0.2,1000,restricted_40,aggregation,0.7968738138484905,,,0.7094334327940578
4475,1001,13,5,0.6,0.2,1000,restricted_40,aggregation,0.794424166197089,,,0.7073147728197728
4476,1001,13,5,0.6,0.2,1000,restricted_40,aggregation,0.7964813737499274,,,0.7090051110540695
4477,1001,13,5,0.6,0.2,1000,restricted_40,aggregation,0.7956540378862107,,,0.7082141128470295
4478,1001,13,5,0.6,0.2,1000,restricted_40,aggregation,0.7954531196295195,,,0.7078789186739186
4479,1001,13,5,0.6,0.2,1000,restricted_40,aggregation,0.7970123480157407,,,0.7092061588797005
4480,1001,13,5,0.6,0.2,1000,restricted_40,aggregation,0.796066125548834,,,0.7086742698582282
4481,1001,13,5,0.6,0.2,1000,restricted_40,aggregation,0.7974939491597287,,,0.7101498641327807
4482,1001,13,5,0.6,0.2,1000,restricted_40,aggregation,0.7964424783300509,,,0.7089329487333654
4483,1001,13,5,0.6,0.2,1000,restricted_40,aggregation,0.7971968266789122,,,0.7097815453373787
4484,1001,13,5,0.6,0.2,1000,restricted_40,aggregation,0.7969283199696782,,,0.7095153723128723
4485,1001,13,5,0.6,0.2,1000,restricted_40,aggregation,0.7982540830729978,,,0.7104017092475426
4486,1001,13,5,0.6,0.2,1000,restricted_40,aggregation,0.7951716054353092,,,0.7077939929129513
4487,1001,13,5,0.6,0.2,1000,restricted_40,aggregation,0.7983875108732822,,,0.710918407325699
4488,1001,13,5,0.6,0.2,1000,restricted_40,aggregation,0.79615040620276,,,0.708877659570368
4489,1001,13,5,0.6,0.2,1000,restricted_40,aggregation,0.7967045671461197,,,0.7087575280737781
4490,1001,13,5,0.6,0.2,1000,restricted_40,aggregation,0.7962696615094621,,,0.7088840008140008
4491,1001,13,5,0.6,0.2,1000,restricted_40,aggregation,0.7959969364466927,,,0.7085342686942687
4492,1001,13,5,0.6,0.2,1000,restricted_40,aggregation,0.7957026167321116,,,0.7081167051158718
4493,1001,13,5,0.6,0.2,1000,restricted_40,aggregation,0.7962326154659221,,,0.7083486925343175
4494,1001,13,5,0.6,0.2,1000,restricted_40,aggregation,0.7978711439132952,,,0.7102343826158409
4495,1001,13,5,0.6,0.2,1000,restricted_40,aggregation,0.7964641205876593,,,0.7088632252238503
4496,1001,13,5,0.6,0.2,1000,restricted_40,aggregation,0.7973541701989354,,,0.7096854232495898
4497,1001,13,5,0.6,0.2,1000,restricted_40,aggregation,0.7963224214674173,,,0.7083804086037419
4498,1001,13,5,0.6,0.2,1000,restricted_40,aggregation,0.7948232047083919,,,0.7079772466191215
4499,1001,13,5,0.6,0.2,1000,restricted_40,aggregation,0.7968360611003201,,,0.7090787553727137
4500,1001,13,5,0.6,0.2,1000,restricted_40,aggregation,0.7976966940505117,,,0.7101340043212959
4501,1001,13,5,0.6,0.2,1000,restricted_40,aggregation,0.7971509642125174,,,0.7091056424208506
4502,1001,13,5,0.6,0.2,1000,restricted_40,aggregation,0.7971698982380293,,,0.7092694657425908
4503,1001,13,5,0.6,0.2,1000,restricted_40,aggregation,0.7966977535076235,,,0.7090508339191672
4504,1001,13,5,0.6,0.2,1000,restricted_40,aggregation,0.7968224313668795,,,0.7087763514648932
4505,1001,13,5,0.6,0.2,1000,restricted_40,aggregation,0.7964185487223043,,,0.708556610303277
4506,1001,13,5,0.6,0.2,1000,restricted_40,aggregation,0.7955107383512475,,,0.7076943519751854
4507,1001,13,5,0.6,0.2,1000,restricted_40,aggregation,0.7954916449868833,,,0.7081256363312614
4508,1001,13,5,0.6,0.2,1000,restricted_40,aggregation,0.7968967048217946,,,0.7093346444296444
4509,1001,13,5,0.6,0.2,1000,restricted_40,aggregation,0.7965118571835099,,,0.7089561782970116
4510,1001,13,5,0.6,0.2,1000,restricted_40,aggregation,0.7961043952515853,,,0.7082448509361009
4511,1001,13,5,0.6,0.2,1000,restricted_40,aggregation,0.7951940267408342,,,0.7079046380471381
4512,1001,13,5,0.6,0.2,1000,restricted_40,aggregation,0.7982274137904235,,,0.7107727858252858
4513,1001,13,5,0.6,0.2,1000,restricted_40,aggregation,0.7961316997054949,,,0.7088364784829368
4514,1001,13,5,0.6,0.2,1000,restricted_40,aggregation,0.7965331766190342,,,0.7091839672364673
4515,1001,13,5,0.6,0.2,1000,restricted_40,aggregation,0.796660175713251,,,0.709419702326994
4516,1001,13,5,0.6,0.2,1000,restricted_40,aggregation,0.7974020414788889,,,0.7095263062785979
4517,1001,13,5,0.6,0.2,1000,restricted_40,aggregation,0.796864292840983,,,0.7092719588667505
4518,1001,13,5,0.6,0.2,1000,restricted_40,aggregation,0.7965872630392258,,,0.7090180886551719
4519,1001,13,5,0.6,0.2,1000,restricted_40,aggregation,0.7970038074672927,,,0.7089036320546738
4520,1001,13,5,0.6,0.2,1000,restricted_40,aggregation,0.7971696365028946,,,0.7087133253243669
4521,1001,13,5,0.6,0.2,1000,restricted_40,aggregation,0.7961026347184255,,,0.7085398236408653
4522,1001,13,5,0.6,0.2,1000,restricted_40,aggregation,0.7948924879742715,,,0.7077890385232052
4523,1001,13,5,0.6,0.2,1000,restricted_40,aggregation,0.7958423011803394,,,0.7084081292858376
4524,1001,13,5,0.6,0.2,1000,restricted_40,aggregation,0.7961577730696586,,,0.7083630524722191
4525,1001,13,5,0.6,0.2,1000,restricted_40,aggregation,0.7967953446666285,,,0.7091733480793897
4526,1001,13,5,0.6,0.2,1000,restricted_40,aggregation,0.7966024512445438,,,0.7086367878803296
4527,1001,13,5,0.6,0.2,1000,restricted_40,aggregation,0.7975080458627204,,,0.7097728974343558
4528,1001,13,5,0.6,0.2,1000,restricted_40,aggregation,0.7963861996115754,,,0.7088690870163787
4529,1001,13,5,0.6,0.2,1000,restricted_40,aggregation,0.7963138705175178,,,0.7087349253293005
4530,1001,13,5,0.6,0.2,1000,restricted_40,aggregation,0.7961168632291289,,,0.708888721386638
4531,1001,13,5,0.6,0.2,1000,restricted_40,aggregation,0.796122260133244,,,0.7084463792688792
4532,1001,13,5,0.6,0.2,1000,restricted_40,aggregation,0.7966178118174522,,,0.7086293839493839
4533,1001,13,5,0.6,0.2,1000,restricted_40,aggregation,0.7975656277708375,,,0.7100749907576992
4534,1001,13,5,0.6,0.2,1000,restricted_40,aggregation,0.7954724302017632,,,0.7078879468756551
4535,1001,13,5,0.6,0.2,1000,restricted_40,aggregation,0.7979278909410208,,,0.7101486895280645
4536,1001,13,5,0.6,0.2,1000,restricted_40,aggregation,0.7960333740805573,,,0.708458421046546
4537,1001,13,5,0.6,0.2,1000,restricted_40,aggregation,0.7971915193791242,,,0.7096880240669825
4538,1001,13,5,0.6,0.2,1000,restricted_40,aggregation,0.7967483261782806,,,0.7089500396979563
4539,1001,13,5,0.6,0.2,1000,restricted_40,aggregation,0.7967231772923323,,,0.7093404612285862
4540,1001,13,5,0.6,0.2,1000,restricted_40,aggregation,0.7974913488229098,,,0.7096835928963012
4541,1001,13,5,0.6,0.2,1000,restricted_40,aggregation,0.7956139409687105,,,0.7080475517075517
4542,1001,13,5,0.6,0.2,1000,restricted_40,aggregation,0.7969860436748809,,,0.7097014266674684
4543,1001,13,5,0.6,0.2,1000,restricted_40,aggregation,0.7968281237077807,,,0.708879953642037
4544,1001,13,5,0.6,0.2,1000,restricted_40,aggregation,0.7950874416263116,,,0.7078341339833006
4545,1001,13,5,0.6,0.2,1000,restricted_40,aggregation,0.7960502983108391,,,0.7087621562002812
4546,1001,13,5,0.6,0.2,1000,restricted_40,aggregation,0.7962008909751473,,,0.7090977016887434
4547,1001,13,5,0.6,0.2,1000,restricted_40,aggregation,0.795431220022434,,,0.7084206446562695
4548,1001,13,5,0.6,0.2,1000,restricted_40,aggregation,0.7965850853734038,,,0.7088241357408025
4549,1001,13,5,0.6,0.2,1000,restricted_40,aggregation,0.7967539977465017,,,0.708779267638226
4550,1001,13,5,0.6,0.2,1000,restricted_40,aggregation,0.7958177307330855,,,0.7083159100467434
4551,1001,13,5,0.6,0.2,1000,restricted_40,aggregation,0.7970748964930898,,,0.709773776239193
4552,1001,13,5,0.6,0.2,1000,restricted_40,aggregation,0.7968098009917077,,,0.7094494575100826
4553,1001,13,5,0.6,0.2,1000,restricted_40,aggregation,0.7979654649336815,,,0.7104531931879848
4554,1001,13,5,0.6,0.2,1000,restricted_40,aggregation,0.7962727770021726,,,0.7089754570198321
4555,1001,13,5,0.6,0.2,1000,restricted_40,aggregation,0.7959550170979277,,,0.7082862388537389
4556,1001,13,5,0.6,0.2,1000,restricted_40,aggregation,0.7962263299985045,,,0.7088654438231522
4557,1001,13,5,0.6,0.2,1000,restricted_40,aggregation,0.7981135085337647,,,0.7103927797588214
4558,1001,13,5,0.6,0.2,1000,restricted_40,aggregation,0.7975034534433731,,,0.7100193350707934
4559,1001,13,5,0.6,0.2,1000,restricted_40,aggregation,0.7944073855080891,,,0.7069953090967674
4560,1001,13,5,0.6,0.2,1000,restricted_40,aggregation,0.7966331741789903,,,0.7088869973159557
4561,1001,13,5,0.6,0.2,1000,restricted_40,aggregation,0.7972953295384239,,,0.7095690420844587
4562,1001,13,5,0.6,0.2,1000,restricted_40,aggregation,0.7966769253901677,,,0.7089262433168684
4563,1001,13,5,0.6,0.2,1000,restricted_40,aggregation,0.7967585161844235,,,0.7089091413524747
4564,1001,13,5,0.6,0.2,1000,restricted_40,aggregation,0.7967076714451862,,,0.7091848467967218
4565,1001,13,5,0.6,0.2,1000,restricted_40,aggregation,0.7964869583904327,,,0.7088510561968896
4566,1001,13,5,0.6,0.2,1000,restricted_40,aggregation,0.7961715680100651,,,0.7085536507319842
4567,1001,13,5,0.6,0.2,1000,restricted_40,aggregation,0.7968017646179618,,,0.7093137275224776
4568,1001,13,5,0.6,0.2,1000,restricted_40,aggregation,0.796818957573018,,,0.7094131060297727
4569,1001,13,5,0.6,0.2,1000,restricted_40,aggregation,0.7967369374458558,,,0.7086202643960977
4570,1001,13,5,0.6,0.2,1000,restricted_40,aggregation,0.7971643068676395,,,0.7096311928349429
4571,1001,13,5,0.6,0.2,1000,restricted_40,aggregation,0.7958073143187931,,,0.7080739548491631
4572,1001,13,5,0.6,0.2,1000,restricted_40,aggregation,0.7969685246297031,,,0.7090865826688744
4573,1001,13,5,0.6,0.2,1000,restricted_40,aggregation,0.7979117068275782,,,0.7098645998291832
4574,1001,13,5,0.6,0.2,1000,restricted_40,aggregation,0.7958080533104139,,,0.7082350807371641
4575,1001,13,5,0.6,0.2,1000,restricted_40,aggregation,0.7971863510592294,,,0.7094836137473637
4576,1001,13,5,0.6,0.2,1000,restricted_40,aggregation,0.796512518762562,,,0.7089382925407927
4577,1001,13,5,0.6,0.2,1000,restricted_40,aggregation,0.7946118684224616,,,0.7076438577703161
4578,1001,13,5,0.6,0.2,1000,restricted_40,aggregation,0.7974743459353881,,,0.7094467695730197
4579,1001,13,5,0.6,0.2,1000,restricted_40,aggregation,0.7962082219709149,,,0.7087799421797338
4580,1001,13,5,0.6,0.2,1000,restricted_40,aggregation,0.7973856598858458,,,0.7098036419136419
4581,1001,13,5,0.6,0.2,1000,restricted_40,aggregation,0.7964762190048377,,,0.7090987769869019
4582,1001,13,5,0.6,0.2,1000,restricted_40,aggregation,0.796828128468994,,,0.7088802053502054
4583,1001,13,5,0.6,0.2,1000,restricted_40,aggregation,0.7970074703752733,,,0.7093138531221864
4584,1001,13,5,0.6,0.2,1000,restricted_40,aggregation,0.7961544488419464,,,0.7086149125026208
4585,1001,13,5,0.6,0.2,1000,restricted_40,aggregation,0.7966375617386731,,,0.7091574177982511
4586,1001,13,5,0.6,0.2,1000,restricted_40,aggregation,0.7967921851535053,,,0.7088356143547809
4587,1001,13,5,0.6,0.2,1000,restricted_40,aggregation,0.7967590396742121,,,0.709272094626053
4588,1001,13,5,0.6,0.2,1000,restricted_40,aggregation,0.7958891638417027,,,0.7079266823685574
4589,1001,13,5,0.6,0.2,1000,restricted_40,aggregation,0.7964556635624649,,,0.7090163292802877
4590,1001,13,5,0.6,0.2,1000,restricted_40,aggregation,0.7959102808648325,,,0.7082910196824781
4591,1001,13,5,0.6,0.2,1000,restricted_40,aggregation,0.7982700205764361,,,0.7109278704628705
4592,1001,13,5,0.6,0.2,1000,restricted_40,aggregation,0.7956199425150259,,,0.7080519003912755
4593,1001,13,5,0.6,0.2,1000,restricted_40,aggregation,0.7972455478321567,,,0.7097092865776199
4594,1001,13,5,0.6,0.2,1000,restricted_40,aggregation,0.7958980969468531,,,0.7082887774416942
4595,1001,13,5,0.6,0.2,1000,restricted_40,aggregation,0.7960846828751347,,,0.7081884196898781
4596,1001,13,5,0.6,0.2,1000,restricted_40,aggregation,0.7969895447398316,,,0.7096799541045375
4597,1001,13,5,0.6,0.2,1000,restricted_40,aggregation,0.7970080156841994,,,0.7090845945875112
4598,1001,13,5,0.6,0.2,1000,restricted_40,aggregation,0.7957446502847179,,,0.7083563833543001
4599,1001,13,5,0.6,0.2,1000,restricted_40,aggregation,0.7965356813294533,,,0.7088101692751693
4600,1001,13,5,0.6,0.2,1000,restricted_40,aggregation,0.7965115748328953,,,0.7085730568043068
4601,1001,13,5,0.6,0.2,1000,restricted_40,aggregation,0.7954582411564635,,,0.7078032624705541
4602,1001,13,5,0.6,0.2,1000,restricted_40,aggregation,0.7950968769444091,,,0.708052517605851
4603,1001,13,5,0.6,0.2,1000,restricted_40,aggregation,0.7973975675679288,,,0.7095009133304967
4604,1001,13,5,0.6,0.2,1000,restricted_40,aggregation,0.7965027301441869,,,0.7085572450620367
4605,1001,13,5,0.6,0.2,1000,restricted_40,aggregation,0.7982195758160645,,,0.7110657249848916
4606,1001,13,5,0.6,0.2,1000,restricted_40,aggregation,0.7969687512982077,,,0.7088710803317053
4607,1001,13,5,0.6,0.2,1000,restricted_40,aggregation,0.7962042759107264,,,0.708478916716
4608,1001,13,5,0.6,0.2,1000,restricted_40,aggregation,0.7964991263848223,,,0.7086654206364623
4609,1001,13,5,0.6,0.2,1000,restricted_40,aggregation,0.796481054790422,,,0.7088396476440226
4610,1001,13,5,0.6,0.2,1000,restricted_40,aggregation,0.7966308488029551,,,0.7092942183356766
4611,1001,13,5,0.6,0.2,1000,restricted_40,aggregation,0.797086243177914,,,0.7095726809841393
4612,1001,13,5,0.6,0.2,1000,restricted_40,aggregation,0.7977354061687117,,,0.7100370244570244
4613,1001,13,5,0.6,0.2,1000,restricted_40,aggregation,0.7957013813549136,,,0.7079687411739496
4614,1001,13,5,0.6,0.2,1000,restricted_40,aggregation,0.7968082040300217,,,0.7091176953601954
4615,1001,13,5,0.6,0.2,1000,restricted_40,aggregation,0.795921154896315,,,0.7084281059989394
4616,1001,13,5,0.6,0.2,1000,restricted_40,aggregation,0.7977929212518966,,,0.7101634391996892
4617,1001,13,5,0.6,0.2,1000,restricted_40,aggregation,0.7965864791008972,,,0.7089689725398058
4618,1001,13,5,0.6,0.2,1000,restricted_40,aggregation,0.7963122473361098,,,0.7084122892077059
4619,1001,13,5,0.6,0.2,1000,restricted_40,aggregation,0.7968120572821044,,,0.7091521253592088
4620,1001,13,5,0.6,0.2,1000,restricted_40,aggregation,0.796121122974223,,,0.7086184598888767
4621,1001,13,5,0.6,0.2,1000,restricted_40,aggregation,0.7956354512340126,,,0.7078873961763545
4622,1001,13,5,0.6,0.2,1000,restricted_40,aggregation,0.7965183860522707,,,0.7088114402264403
4623,1001,13,5,0.6,0.2,1000,restricted_40,aggregation,0.7966049901890243,,,0.7091982657003492
4624,1001,13,5,0.6,0.2,1000,restricted_40,aggregation,0.797918293857822,,,0.7098575587992255
4625,1001,13,5,0.6,0.2,1000,restricted_40,aggregation,0.797270164915486,,,0.7094397251128501
4626,1001,13,5,0.6,0.2,1000,restricted_40,aggregation,0.7960562800326035,,,0.7082865748449082
4627,1001,13,5,0.6,0.2,1000,restricted_40,aggregation,0.796136553267,,,0.7087261013292263
4628,1001,13,5,0.6,0.2,1000,restricted_40,aggregation,0.7963425183647735,,,0.7087637785825286
4629,1001,13,5,0.6,0.2,1000,restricted_40,aggregation,0.7986356299386443,,,0.7108589045522378
4630,1001,13,5,0.6,0.2,1000,restricted_40,aggregation,0.7968853153735996,,,0.7096261244465413
4631,1001,13,5,0.6,0.2,1000,restricted_40,aggregation,0.7970236112347107,,,0.7096503793428793
4632,1001,13,5,0.6,0.2,1000,restricted_40,aggregation,0.7968138220104989,,,0.7094399464347382
4633,1001,13,5,0.6,0.2,1000,restricted_40,aggregation,0.7976489354487558,,,0.7097518478897645
4634,1001,13,5,0.6,0.2,1000,restricted_40,aggregation,0.7965914158161652,,,0.7085104175068759
4635,1001,13,5,0.6,0.2,1000,restricted_40,aggregation,0.7967159886803418,,,0.7094210295414463
4636,1001,13,5,0.6,0.2,1000,restricted_40,aggregation,0.7951377582770451,,,0.7080380995778913
4637,1001,13,5,0.6,0.2,1000,restricted_40,aggregation,0.7980229197733983,,,0.7105799566097483
4638,1001,13,5,0.6,0.2,1000,restricted_40,aggregation,0.7964626022727758,,,0.7090177455183706
4639,1001,13,5,0.6,0.2,1000,restricted_40,aggregation,0.7962715306976375,,,0.7085219541107041
4640,1001,13,5,0.6,0.2,1000,restricted_40,aggregation,0.7958832809367097,,,0.7081642125390042
4641,1001,13,5,0.6,0.2,1000,restricted_40,aggregation,0.7961982620178262,,,0.7082843208951543
4642,1001,13,5,0.6,0.2,1000,restricted_40,aggregation,0.7936583645667142,,,0.7068450682881933
4643,1001,13,5,0.6,0.2,1000,restricted_40,aggregation,0.7976637673743177,,,0.7098663948628531
4644,1001,13,5,0.6,0.2,1000,restricted_40,aggregation,0.7965133525065873,,,0.7091085763542013
4645,1001,13,5,0.6,0.2,1000,restricted_40,aggregation,0.7977249330098538,,,0.7098351558086976
4646,1001,13,5,0.6,0.2,1000,restricted_40,aggregation,0.7968899466392227,,,0.7090071644636228
4647,1001,13,5,0.6,0.2,1000,restricted_40,aggregation,0.7972313133927462,,,0.7097581804538056
4648,1001,13,5,0.6,0.2,1000,restricted_40,aggregation,0.7982466264215083,,,0.7104151915368582
4649,1001,13,5,0.6,0.2,1000,restricted_40,aggregation,0.7939978726821932,,,0.7070209409186493
4650,1001,13,5,0.6,0.2,1000,restricted_40,aggregation,0.7969171646605275,,,0.7092883460752212
4651,1001,13,5,0.6,0.2,1000,restricted_40,aggregation,0.7958681941150811,,,0.7081509490201157
4652,1001,13,5,0.6,0.2,1000,restricted_40,aggregation,0.7977160252344294,,,0.7097519702828037
4653,1001,13,5,0.6,0.2,1000,restricted_40,aggregation,0.795412778312564,,,0.7078678493343076
4654,1001,13,5,0.6,0.2,1000,restricted_40,aggregation,0.7979484040791935,,,0.7099745580345581
4655,1001,13,5,0.6,0.2,1000,restricted_40,aggregation,0.796575307374751,,,0.7088261816424316
4656,1001,13,5,0.6,0.2,1000,restricted_40,aggregation,0.7962073104250001,,,0.7087522946112529
4657,1001,13,5,0.6,0.2,1000,restricted_40,aggregation,0.7969649715358955,,,0.7087911389767639
4658,1001,13,5,0.6,0.2,1000,restricted_40,aggregation,0.7963845520315552,,,0.7088938841790926
4659,1001,13,5,0.6,0.2,1000,restricted_40,aggregation,0.7979584398223207,,,0.7103660181176848
4660,1001,13,5,0.6,0.2,1000,restricted_40,aggregation,0.7971894649878613,,,0.709137076272493
4661,1001,13,5,0.6,0.2,1000,restricted_40,aggregation,0.7963236015857619,,,0.7083787757844007
4662,1001,13,5,0.6,0.2,1000,restricted_40,aggregation,0.7959043901301713,,,0.70856076327993
4663,1001,13,5,0.6,0.2,1000,restricted_40,aggregation,0.7965709348536114,,,0.7092214263205929
4664,1001,13,5,0.6,0.2,1000,restricted_40,aggregation,0.7978729402795737,,,0.7105272988585489
4665,1001,13,5,0.6,0.2,1000,restricted_40,aggregation,0.7967216455368032,,,0.7093352522015023
4666,1001,13,5,0.6,0.2,1000,restricted_40,aggregation,0.7959509036685557,,,0.7078423989205239
4667,1001,13,5,0.6,0.2,1000,restricted_40,aggregation,0.7977662503648579,,,0.7099339329497664
4668,1001,13,5,0.6,0.2,1000,restricted_40,aggregation,0.7949878177894034,,,0.7073099086099087
4669,1001,13,5,0.6,0.2,1000,restricted_40,aggregation,0.79723044782536,,,0.7096833435931352
4670,1001,13,5,0.6,0.2,1000,restricted_40,aggregation,0.7960963385795616,,,0.7084097128642961
4671,1001,13,5,0.6,0.2,1000,restricted_40,aggregation,0.7955679075836283,,,0.7081025281971116
4672,1001,13,5,0.6,0.2,1000,restricted_40,aggregation,0.7977422056415284,,,0.7106595441441276
4673,1001,13,5,0.6,0.2,1000,restricted_40,aggregation,0.7960028306029813,,,0.7086668239091155
4674,1001,13,5,0.6,0.2,1000,restricted_40,aggregation,0.7953929094393787,,,0.7079030262099012
4675,1001,13,5,0.6,0.2,1000,restricted_40,aggregation,0.797512170444536,,,0.7096910972283889
4676,1001,13,5,0.6,0.2,1000,restricted_40,aggregation,0.7960477090101183,,,0.7088261810026393
4677,1001,13,5,0.6,0.2,1000,restricted_40,aggregation,0.7964892489570309,,,0.7090140568459319
4678,1001,13,5,0.6,0.2,1000,restricted_40,aggregation,0.7964127967346437,,,0.7086724556462056
4679,1001,13,5,0.6,0.2,1000,restricted_40,aggregation,0.7970480069596114,,,0.7087084807938975
4680,1001,13,5,0.6,0.2,1000,restricted_40,aggregation,0.798525316028091,,,0.711055649204191
4681,1001,13,5,0.6,0.2,1000,restricted_40,aggregation,0.7971456861717824,,,0.7088780201280201
4682,1001,13,5,0.6,0.2,1000,restricted_40,aggregation,0.7967352896102541,,,0.7094245947570947
4683,1001,13,5,0.6,0.2,1000,restricted_40,aggregation,0.7950988023943929,,,0.7079383554948139
4684,1001,13,5,0.6,0.2,1000,restricted_40,aggregation,0.7955716718194052,,,0.7081108315141649
4685,1001,13,5,0.6,0.2,1000,restricted_40,aggregation,0.7963871014114473,,,0.708750881649215
4686,1001,13,5,0.6,0.2,1000,restricted_40,aggregation,0.7960940622456063,,,0.7089475768213268
4687,1001,13,5,0.6,0.2,1000,restricted_40,aggregation,0.796358847200887,,,0.7092149085867836
4688,1001,13,5,0.6,0.2,1000,restricted_40,aggregation,0.7965294620922931,,,0.7088264072964072
4689,1001,13,5,0.6,0.2,1000,restricted_40,aggregation,0.7964938523094385,,,0.7088292515894599
4690,1001,13,5,0.6,0.2,1000,restricted_40,aggregation,0.7963230602226089,,,0.7088145594914345
4691,1001,13,5,0.6,0.2,1000,restricted_40,aggregation,0.7980516163125614,,,0.7101895586974754
4692,1001,13,5,0.6,0.2,1000,restricted_40,aggregation,0.798117915037935,,,0.710467152962778
4693,1001,13,5,0.6,0.2,1000,restricted_40,aggregation,0.7954511391052682,,,0.7078349921760339
4694,1001,13,5,0.6,0.2,1000,restricted_40,aggregation,0.796315887322937,,,0.7088049724041391
4695,1001,13,5,0.6,0.2,1000,restricted_40,aggregation,0.7964544278252442,,,0.7091626003626004
4696,1001,13,5,0.6,0.2,1000,restricted_40,aggregation,0.7948250742586793,,,0.7075432048352881
4697,1001,13,5,0.6,0.2,1000,restricted_40,aggregation,0.7954481820660826,,,0.7082414823216907
4698,1001,13,5,0.6,0.2,1000,restricted_40,aggregation,0.7982582905646975,,,0.7104977351737769
4699,1001,13,5,0.6,0.2,1000,restricted_40,aggregation,0.7972140561855235,,,0.709323528292695
4700,1001,13,5,0.6,0.2,1000,restricted_40,aggregation,0.7972583626815817,,,0.7097560142403893
4701,1001,13,5,0.6,0.2,1000,restricted_40,aggregation,0.7972461803857462,,,0.7097064030568198
4702,1001,13,5,0.6,0.2,1000,restricted_40,aggregation,0.7962309678649271,,,0.7087476493182743
4703,1001,13,5,0.6,0.2,1000,restricted_40,aggregation,0.7966097981741318,,,0.7092324398518148
4704,1001,13,5,0.6,0.2,1000,restricted_40,aggregation,0.7972549422093297,,,0.7096725090264674
4705,1001,13,5,0.6,0.2,1000,restricted_40,aggregation,0.7965199793653092,,,0.7086457628713878
4706,1001,13,5,0.6,0.2,1000,restricted_40,aggregation,0.7977159477320372,,,0.7096704713496379
4707,1001,13,5,0.6,0.2,1000,restricted_40,aggregation,0.795637810603725,,,0.7078418442976777
4708,1001,13,5,0.6,0.2,1000,restricted_40,aggregation,0.7969700493762445,,,0.7096095715935299
4709,1001,13,5,0.6,0.2,1000,restricted_40,aggregation,0.7977130824483681,,,0.7101527434217016
4710,1001,13,5,0.6,0.2,1000,restricted_40,aggregation,0.7963396717722252,,,0.7088012683921018
4711,1001,13,5,0.6,0.2,1000,restricted_40,aggregation,0.7977606235295706,,,0.7103388032183866
4712,1001,13,5,0.6,0.2,1000,restricted_40,aggregation,0.7960829117238454,,,0.7085848747009165
4713,1001,13,5,0.6,0.2,1000,restricted_40,aggregation,0.7970649393804633,,,0.7090015522594689
4714,1001,13,5,0.6,0.2,1000,restricted_40,aggregation,0.7968153263139267,,,0.7093281468839803
4715,1001,13,5,0.6,0.2,1000,restricted_40,aggregation,0.7975062797874587,,,0.7096856518096102
4716,1001,13,5,0.6,0.2,1000,restricted_40,aggregation,0.7968897550812493,,,0.7094412161064244
4717,1001,13,5,0.6,0.2,1000,restricted_40,aggregation,0.794915506131218,,,0.7074173998609415
4718,1001,13,5,0.6,0.2,1000,restricted_40,aggregation,0.7974381719193921,,,0.7099481987996571
4719,1001,13,5,0.6,0.2,1000,restricted_40,aggregation,0.7971621158667648,,,0.7090472592376759
4720,1001,13,5,0.6,0.2,1000,restricted_40,aggregation,0.7957386288700727,,,0.7081262850035768
4721,1001,13,5,0.6,0.2,1000,restricted_40,aggregation,0.7971964135855335,,,0.7091561778036778
4722,1001,13,5,0.6,0.2,1000,restricted_40,aggregation,0.7972500316119161,,,0.7096624905187406
4723,1001,13,5,0.6,0.2,1000,restricted_40,aggregation,0.7968610039849534,,,0.7091120567858068
4724,1001,13,5,0.6,0.2,1000,restricted_40,aggregation,0.7963442830120895,,,0.7087674240959658
4725,1001,13,5,0.6,0.2,1000,restricted_40,aggregation,0.7953497607381136,,,0.7079429674723425
4726,1001,13,5,0.6,0.2,1000,restricted_40,aggregation,0.7957978011305987,,,0.7081210756527423
4727,1001,13,5,0.6,0.2,1000,restricted_40,aggregation,0.7970515112817824,,,0.7093684977522476
4728,1001,13,5,0.6,0.2,1000,restricted_40,aggregation,0.7966599781539095,,,0.7084241067034818
4729,1001,13,5,0.6,0.2,1000,restricted_40,aggregation,0.796725502882509,,,0.708726811282853
4730,1001,13,5,0.6,0.2,1000,restricted_40,aggregation,0.7972319514759947,,,0.7095552313735648
4731,1001,13,5,0.6,0.2,1000,restricted_40,aggregation,0.7973124497022366,,,0.7099192124465041
4732,1001,13,5,0.6,0.2,1000,restricted_40,aggregation,0.7959129855495898,,,0.7081911066942318
4733,1001,13,5,0.6,0.2,1000,restricted_40,aggregation,0.7982801077134143,,,0.7109997990666741
4734,1001,13,5,0.6,0.2,1000,restricted_40,aggregation,0.7973312312442788,,,0.7095029076401993
4735,1001,13,5,0.6,0.2,1000,restricted_40,aggregation,0.7966083897775544,,,0.7091717710221878
4736,1001,13,5,0.6,0.2,1000,restricted_40,aggregation,0.796569613758071,,,0.7090041407512241
4737,1001,13,5,0.6,0.2,1000,restricted_40,aggregation,0.7958034236878521,,,0.7077641149436982
4738,1001,13,5,0.6,0.2,1000,restricted_40,aggregation,0.7960090933040448,,,0.7086604492035742
4739,1001,13,5,0.6,0.2,1000,restricted_40,aggregation,0.7955417036309562,,,0.7082161107025691
4740,1001,13,5,0.6,0.2,1000,restricted_40,aggregation,0.7960635395439501,,,0.7086948884371801
4741,1001,13,5,0.6,0.2,1000,restricted_40,aggregation,0.7964573892647419,,,0.7089789605764606
4742,1001,13,5,0.6,0.2,1000,restricted_40,aggregation,0.7973650755586557,,,0.7093316308614226
4743,1001,13,5,0.6,0.2,1000,restricted_40,aggregation,0.7958122616300398,,,0.7081741888127305
4744,1001,13,5,0.6,0.2,1000,restricted_40,aggregation,0.797198237347526,,,0.7097162794227377
4745,1001,13,5,0.6,0.2,1000,restricted_40,aggregation,0.7984482446410038,,,0.7102795670147753
4746,1001,13,5,0.6,0.2,1000,restricted_40,aggregation,0.7962774857219913,,,0.7083995763572848
4747,1001,13,5,0.6,0.2,1000,restricted_40,aggregation,0.7953895366410485,,,0.7081426143763645
4748,1001,13,5,0.6,0.2,1000,restricted_40,aggregation,0.7967507765546302,,,0.7089885731089897
4749,1001,13,5,0.6,0.2,1000,restricted_40,aggregation,0.7956698849245045,,,0.7083522283657699
4750,1001,13,5,0.6,0.2,1000,restricted_40,aggregation,0.7970914937474853,,,0.7093823099662684
4751,1001,13,5,0.6,0.2,1000,restricted_40,aggregation,0.7957073068162752,,,0.7078710049980883
4752,1001,13,5,0.6,0.2,1000,restricted_40,aggregation,0.7970085521372763,,,0.7091498419481754
4753,1001,13,5,0.6,0.2,1000,restricted_40,aggregation,0.797643468841326,,,0.7098847049786633
4754,1001,13,5,0.6,0.2,1000,restricted_40,aggregation,0.7956864174437556,,,0.7083355538057622
4755,1001,13,5,0.6,0.2,1000,restricted_40,aggregation,0.7960636291640277,,,0.7085094499404917
4756,1001,13,5,0.6,0.2,1000,restricted_40,aggregation,0.7967066179132669,,,0.7092316856985607
4757,1001,13,5,0.6,0.2,1000,restricted_40,aggregation,0.7978803901852085,,,0.710121907120657
4758,1001,13,5,0.6,0.2,1000,restricted_40,aggregation,0.7961898292270249,,,0.7087560847023348
4759,1001,13,5,0.6,0.2,1000,restricted_40,aggregation,0.795742918126248,,,0.7080665226979811
4760,1001,13,5,0.6,0.2,1000,restricted_40,aggregation,0.7964251769804428,,,0.7086484974670391
4761,1001,13,5,0.6,0.2,1000,restricted_40,aggregation,0.7961203170747053,,,0.7089412226585143
4762,1001,13,5,0.6,0.2,1000,restricted_40,aggregation,0.7957809374147062,,,0.70839921330213
4763,1001,13,5,0.6,0.2,1000,restricted_40,aggregation,0.7967919808900076,,,0.708721954133829
4764,1001,13,5,0.6,0.2,1000,restricted_40,aggregation,0.7946699284156528,,,0.707343754902505
4765,1001,13,5,0.6,0.2,1000,restricted_40,aggregation,0.7957161939573032,,,0.7083391423853924
4766,1001,13,5,0.6,0.2,1000,restricted_40,aggregation,0.7950233829834842,,,0.7075748803357137
4767,1001,13,5,0.6,0.2,1000,restricted_40,aggregation,0.7961885539820936,,,0.7079755625778542
4768,1001,13,5,0.6,0.2,1000,restricted_40,aggregation,0.7941393872569046,,,0.7068983160974829
4769,1001,13,5,0.6,0.2,1000,restricted_40,aggregation,0.7975188320955936,,,0.709903288910164
4770,1001,13,5,0.6,0.2,1000,restricted_40,aggregation,0.797525471591356,,,0.709329079176996
4771,1001,13,5,0.6,0.2,1000,restricted_40,aggregation,0.7970244463887245,,,0.7092378474920142
4772,1001,13,5,0.6,0.2,1000,restricted_40,aggregation,0.7964001061098136,,,0.7089971320577572
4773,1001,13,5,0.6,0.2,1000,restricted_40,aggregation,0.7948341644401965,,,0.7077120587745588
4774,1001,13,5,0.6,0.2,1000,restricted_40,aggregation,0.7953146104897201,,,0.708331272215439
4775,1001,13,5,0.6,0.2,1000,restricted_40,aggregation,0.7946037183001685,,,0.7075270728808228
4776,1001,13,5,0.6,0.2,1000,restricted_40,aggregation,0.7958479634018424,,,0.7081539347612265
4777,1001,13,5,0.6,0.2,1000,restricted_40,aggregation,0.7964609607790261,,,0.7090715177569344
4778,1001,13,5,0.6,0.2,1000,restricted_40,aggregation,0.7962889557137628,,,0.7088585194589362
4779,1001,13,5,0.6,0.2,1000,restricted_40,aggregation,0.796013305925791,,,0.7084065438805023
4780,1001,13,5,0.6,0.2,1000,restricted_40,aggregation,0.7962266452823228,,,0.7086279518475351
4781,1001,13,5,0.6,0.2,1000,restricted_40,aggregation,0.7953783106278469,,,0.7080506688604605
4782,1001,13,5,0.6,0.2,1000,restricted_40,aggregation,0.7947202844253002,,,0.7078076970406136
4783,1001,13,5,0.6,0.2,1000,restricted_40,aggregation,0.7966581752741937,,,0.7087373321662905
4784,1001,13,5,0.6,0.2,1000,restricted_40,aggregation,0.7960854867312191,,,0.7083018394568394
4785,1001,13,5,0.6,0.2,1000,restricted_40,aggregation,0.7962417446989254,,,0.7088332814561981
4786,1001,13,5,0.6,0.2,1000,restricted_40,aggregation,0.7979769657342687,,,0.7105294938240773
4787,1001,13,5,0.6,0.2,1000,restricted_40,aggregation,0.7960826882467201,,,0.7088437281314365
4788,1001,13,5,0.6,0.2,1000,restricted_40,aggregation,0.7969548046859618,,,0.7092157778795278
4789,1001,13,5,0.6,0.2,1000,restricted_40,aggregation,0.7971221849771333,,,0.7091984823818157
4790,1001,13,5,0.6,0.2,1000,restricted_40,aggregation,0.7955000894302189,,,0.7084201368693034
4791,1001,13,5,0.6,0.2,1000,restricted_40,aggregation,0.7970379497792592,,,0.7092777119100035
4792,1001,13,5,0.6,0.2,1000,restricted_40,aggregation,0.7976528690704663,,,0.710547152284444
4793,1001,13,5,0.6,0.2,1000,restricted_40,aggregation,0.7957429479935436,,,0.7079805927405928
4794,1001,13,5,0.6,0.2,1000,restricted_40,aggregation,0.7976702980690457,,,0.709689324841825
4795,1001,13,5,0.6,0.2,1000,restricted_40,aggregation,0.7969440648388582,,,0.709299210434627
4796,1001,13,5,0.6,0.2,1000,restricted_40,aggregation,0.7982769497424832,,,0.710430024728358
4797,1001,13,5,0.6,0.2,1000,restricted_40,aggregation,0.7955403087134018,,,0.7081589682000099
4798,1001,13,5,0.6,0.2,1000,restricted_40,aggregation,0.7981949784995565,,,0.7099274962537462
4799,1001,13,5,0.6,0.2,1000,restricted_40,aggregation,0.7969476825222898,,,0.7091443168636918
4800,1001,13,5,0.6,0.2,1000,restricted_40,aggregation,0.7966620567590798,,,0.7087731137226971
4801,1001,13,5,0.6,0.2,1000,restricted_40,aggregation,0.7960481033389645,,,0.708639378121878
4802,1001,13,5,0.6,0.2,1000,restricted_40,aggregation,0.7964610990127949,,,0.7088477040243707
4803,1001,13,5,0.6,0.2,1000,restricted_40,aggregation,0.7967469417026798,,,0.7094394315021398
4804,1001,13,5,0.6,0.2,1000,restricted_40,aggregation,0.7964952580259088,,,0.7088668922050173
4805,1001,13,5,0.6,0.2,1000,restricted_40,aggregation,0.7968995853720219,,,0.7093688009367177
4806,1001,13,5,0.6,0.2,1000,restricted_40,aggregation,0.7962496307740752,,,0.7087085289170706
4807,1001,13,5,0.6,0.2,1000,restricted_40,aggregation,0.796466601615134,,,0.7090232915695415
4808,1001,13,5,0.6,0.2,1000,restricted_40,aggregation,0.7955433726728304,,,0.7085661587717837
4809,1001,13,5,0.6,0.2,1000,restricted_40,aggregation,0.7963249664230021,,,0.7087334722530556
4810,1001,13,5,0.6,0.2,1000,restricted_40,aggregation,0.7976280677995857,,,0.7098928858101775
4811,1001,13,5,0.6,0.2,1000,restricted_40,aggregation,0.7963861282293128,,,0.7082678533503535
4812,1001,13,5,0.6,0.2,1000,restricted_40,aggregation,0.7959502632040546,,,0.7082003587693171
4813,1001,13,5,0.6,0.2,1000,restricted_40,aggregation,0.7971926768818656,,,0.7097164301670552
4814,1001,13,5,0.6,0.2,1000,restricted_40,aggregation,0.7962928201620147,,,0.7087793679854097
4815,1001,13,5,0.6,0.2,1000,restricted_40,aggregation,0.7965046990491994,,,0.7089054765142265
4816,1001,13,5,0.6,0.2,1000,restricted_40,aggregation,0.7956924162508079,,,0.7083489215414215
4817,1001,13,5,0.6,0.2,1000,restricted_40,aggregation,0.7968712962395761,,,0.7090612772952357
4818,1001,13,5,0.6,0.2,1000,restricted_40,aggregation,0.7956036670547538,,,0.70794560664644
4819,1001,13,5,0.6,0.2,1000,restricted_40,aggregation,0.7971421093883471,,,0.7094320150065985
4820,1001,13,5,0.6,0.2,1000,restricted_40,aggregation,0.7976350486410753,,,0.710029642070892
4821,1001,13,5,0.6,0.2,1000,restricted_40,aggregation,0.7967153607744176,,,0.7089218283645367
4822,1001,13,5,0.6,0.2,1000,restricted_40,aggregation,0.7957772240382162,,,0.708566043755627
4823,1001,13,5,0.6,0.2,1000,restricted_40,aggregation,0.7966735491983236,,,0.708943885412427
4824,1001,13,5,0.6,0.2,1000,restricted_40,aggregation,0.7973837360506386,,,0.7095783873765124
4825,1001,13,5,0.6,0.2,1000,restricted_40,aggregation,0.7949905715658633,,,0.7079358932117266
4826,1001,13,5,0.6,0.2,1000,restricted_40,aggregation,0.796810913987276,,,0.7087685543160545
4827,1001,13,5,0.6,0.2,1000,restricted_40,aggregation,0.7956806213475854,,,0.7085225225777309
4828,1001,13,5,0.6,0.2,1000,restricted_40,aggregation,0.7970045977200867,,,0.7096394453231953
4829,1001,13,5,0.6,0.2,1000,restricted_40,aggregation,0.7980293288267153,,,0.7102907690149357
4830,1001,13,5,0.6,0.2,1000,restricted_40,aggregation,0.7973831838090756,,,0.7097733613377364
4831,1001,13,5,0.6,0.2,1000,restricted_40,aggregation,0.7962499825825483,,,0.7082340676376093
4832,1001,13,5,0.6,0.2,1000,restricted_40,aggregation,0.7952817773926094,,,0.7079275047406297
4833,1001,13,5,0.6,0.2,1000,restricted_40,aggregation,0.7960007025054368,,,0.7078857352678185
4834,1001,13,5,0.6,0.2,1000,restricted_40,aggregation,0.7959720844633529,,,0.7087197546126712
4835,1001,13,5,0.6,0.2,1000,restricted_40,aggregation,0.7954532297228506,,,0.708082896355188
4836,1001,13,5,0.6,0.2,1000,restricted_40,aggregation,0.7967227559519879,,,0.7087629508531592
4837,1001,13,5,0.6,0.2,1000,restricted_40,aggregation,0.7954054261008482,,,0.7083810119895536
4838,1001,13,5,0.6,0.2,1000,restricted_40,aggregation,0.7964162827358569,,,0.708759961080586
4839,1001,13,5,0.6,0.2,1000,restricted_40,aggregation,0.7958229227417498,,,0.7086642905165823
4840,1001,13,5,0.6,0.2,1000,restricted_40,aggregation,0.7980101085265245,,,0.7103583898894316
4841,1001,13,5,0.6,0.2,1000,restricted_40,aggregation,0.7969391545711738,,,0.7093963095469347
4842,1001,13,5,0.6,0.2,1000,restricted_40,aggregation,0.7960198829230866,,,0.7089564490910324
4843,1001,13,5,0.6,0.2,1000,restricted_40,aggregation,0.7975030039544097,,,0.7093500994221827
4844,1001,13,5,0.6,0.2,1000,restricted_40,aggregation,0.7970304363518056,,,0.708855266300058
4845,1001,13,5,0.6,0.2,1000,restricted_40,aggregation,0.7964047757657716,,,0.7084982619849286
4846,1001,13,5,0.6,0.2,1000,restricted_40,aggregation,0.7952429609961842,,,0.7080296993978243
4847,1001,13,5,0.6,0.2,1000,restricted_40,aggregation,0.7958620404266664,,,0.708059553039553
4848,1001,13,5,0.6,0.2,1000,restricted_40,aggregation,0.7969095167353277,,,0.7091875912282162
4849,1001,13,5,0.6,0.2,1000,restricted_40,aggregation,0.7963888369917033,,,0.7087538934984768
4850,1001,13,5,0.6,0.2,1000,restricted_40,aggregation,0.7955230524492863,,,0.7082586396859315
4851,1001,13,5,0.6,0.2,1000,restricted_40,aggregation,0.7971277837186206,,,0.7095588728247061
4852,1001,13,5,0.6,0.2,1000,restricted_40,aggregation,0.7971874284743279,,,0.7094662723387724
4853,1001,13,5,0.6,0.2,1000,restricted_40,aggregation,0.796141980901649,,,0.7087562695637696
4854,1001,13,5,0.6,0.2,1000,restricted_40,aggregation,0.7963789890189523,,,0.7086672114305448
4855,1001,13,5,0.6,0.2,1000,restricted_40,aggregation,0.7962960523322308,,,0.7087873873657207
4856,1001,13,5,0.6,0.2,1000,restricted_40,aggregation,0.7963554062899235,,,0.7090444442594445
4857,1001,13,5,0.6,0.2,1000,restricted_40,aggregation,0.7971211360969683,,,0.7091573718257052
4858,1001,13,5,0.6,0.2,1000,restricted_40,aggregation,0.7941229483569696,,,0.7072277775156942
4859,1001,13,5,0.6,0.2,1000,restricted_40,aggregation,0.7985224667975245,,,0.7109061105792356
4860,1001,13,5,0.6,0.2,1000,restricted_40,aggregation,0.7952478329933864,,,0.7080864335895586
4861,1001,13,5,0.6,0.2,1000,restricted_40,aggregation,0.7961024597829565,,,0.7084344231077564
4862,1001,13,5,0.6,0.2,1000,restricted_40,aggregation,0.7967982618032767,,,0.7094154548383714
4863,1001,13,5,0.6,0.2,1000,restricted_40,aggregation,0.7971752119061994,,,0.7094607685832686
4864,1001,13,5,0.6,0.2,1000,restricted_40,aggregation,0.795183572173666,,,0.7078329092281176
4865,1001,13,5,0.6,0.2,1000,restricted_40,aggregation,0.7971817890068039,,,0.7094060694552362
4866,1001,13,5,0.6,0.2,1000,restricted_40,aggregation,0.7981373894642386,,,0.7098034575609575
4867,1001,13,5,0.6,0.2,1000,restricted_40,aggregation,0.7959403546708181,,,0.7082553498353499
4868,1001,13,5,0.6,0.2,1000,restricted_40,aggregation,0.7967442874846195,,,0.7090242602536353
4869,1001,13,5,0.6,0.2,1000,restricted_40,aggregation,0.7986249961873166,,,0.7104157221328055
4870,1001,13,5,0.6,0.2,1000,restricted_40,aggregation,0.7958447299471244,,,0.7081672357966108
4871,1001,13,5,0.6,0.2,1000,restricted_40,aggregation,0.7958443808413491,,,0.7082334374190625
4872,1001,13,5,0.6,0.2,1000,restricted_40,aggregation,0.7958632600269268,,,0.7085135826056661
4873,1001,13,5,0.6,0.2,1000,restricted_40,aggregation,0.7961447375003776,,,0.7089278426434676
4874,1001,13,5,0.6,0.2,1000,restricted_40,aggregation,0.7962464847612425,,,0.7088325403377486
4875,1001,13,5,0.6,0.2,1000,restricted_40,aggregation,0.7968367055261137,,,0.7097236468778136
4876,1001,13,5,0.6,0.2,1000,restricted_40,aggregation,0.7973604007582406,,,0.7093060626718959
4877,1001,13,5,0.6,0.2,1000,restricted_40,aggregation,0.7975288282354684,,,0.7099732749041082
4878,1001,13,5,0.6,0.2,1000,restricted_40,aggregation,0.795395547155564,,,0.7079793654956155
4879,1001,13,5,0.6,0.2,1000,restricted_40,aggregation,0.7972368511949819,,,0.7091600422494172
4880,1001,13,5,0.6,0.2,1000,restricted_40,aggregation,0.7979393612169298,,,0.7104108407256324
4881,1001,13,5,0.6,0.2,1000,restricted_40,aggregation,0.7964483842383396,,,0.7088947321120237
4882,1001,13,5,0.6,0.2,1000,restricted_40,aggregation,0.7965286840859975,,,0.7087984464686549
4883,1001,13,5,0.6,0.2,1000,restricted_40,aggregation,0.7971571328825693,,,0.7097965667896917
4884,1001,13,5,0.6,0.2,1000,restricted_40,aggregation,0.7973293328648766,,,0.7097013898524315
4885,1001,13,5,0.6,0.2,1000,restricted_40,aggregation,0.79752505750633,,,0.7101710573145991
4886,1001,13,5,0.6,0.2,1000,restricted_40,aggregation,0.7959525956629111,,,0.7087324807137309
4887,1001,13,5,0.6,0.2,1000,restricted_40,aggregation,0.7968481405995947,,,0.7093720381239131
4888,1001,13,5,0.6,0.2,1000,restricted_40,aggregation,0.7971390517414069,,,0.7095419876805293
4889,1001,13,5,0.6,0.2,1000,restricted_40,aggregation,0.7963274897688032,,,0.7089073649498648
4890,1001,13,5,0.6,0.2,1000,restricted_40,aggregation,0.7943246321786731,,,0.7068486945847363
4891,1001,13,5,0.6,0.2,1000,restricted_40,aggregation,0.7967536348121088,,,0.7087231014433099
4892,1001,13,5,0.6,0.2,1000,restricted_40,aggregation,0.7948073466848227,,,0.7076194783765617
4893,1001,13,5,0.6,0.2,1000,restricted_40,aggregation,0.7970710665951979,,,0.7094869748615582
4894,1001,13,5,0.6,0.2,1000,restricted_40,aggregation,0.7956840853012173,,,0.7081502456417039
4895,1001,13,5,0.6,0.2,1000,restricted_40,aggregation,0.7972393044364676,,,0.7093631003487254
4896,1001,13,5,0.6,0.2,1000,restricted_40,aggregation,0.7962411250166385,,,0.7085368115449366
4897,1001,13,5,0.6,0.2,1000,restricted_40,aggregation,0.7955473682537438,,,0.7080294925676175
4898,1001,13,5,0.6,0.2,1000,restricted_40,aggregation,0.7970781633934065,,,0.7094496370373453
4899,1001,13,5,0.6,0.2,1000,restricted_40,aggregation,0.7962366125164361,,,0.7088270955741789
4900,1001,13,5,0.6,0.2,1000,restricted_40,aggregation,0.7964202921534823,,,0.7088658891494308
4901,1001,13,5,0.6,0.2,1000,restricted_40,aggregation,0.797230520416062,,,0.7095514786293953
4902,1001,13,5,0.6,0.2,1000,restricted_40,aggregation,0.79771062394006,,,0.7096753914295582
4903,1001,13,5,0.6,0.2,1000,restricted_40,aggregation,0.796384282431288,,,0.7087123462802629
4904,1001,13,5,0.6,0.2,1000,restricted_40,aggregation,0.7969366837796138,,,0.7089790995886829
4905,1001,13,5,0.6,0.2,1000,restricted_40,aggregation,0.7957681974542892,,,0.707992951862952
4906,1001,13,5,0.6,0.2,1000,restricted_40,aggregation,0.7957923278863546,,,0.7080050196254363
4907,1001,13,5,0.6,0.2,1000,restricted_40,aggregation,0.7971551741019925,,,0.7090528948983116
4908,1001,13,5,0.6,0.2,1000,restricted_40,aggregation,0.7968767368887288,,,0.7094824038230289
4909,1001,13,5,0.6,0.2,1000,restricted_40,aggregation,0.7957694497698103,,,0.7082610716983634
4910,1001,13,5,0.6,0.2,1000,restricted_40,aggregation,0.7966993874671437,,,0.708849806952307
4911,1001,13,5,0.6,0.2,1000,restricted_40,aggregation,0.7946602591669365,,,0.7075280150328067
4912,1001,13,5,0.6,0.2,1000,restricted_40,aggregation,0.7952545778298024,,,0.7079942145817146
4913,1001,13,5,0.6,0.2,1000,restricted_40,aggregation,0.7965431366436225,,,0.7089494871794872
4914,1001,13,5,0.6,0.2,1000,restricted_40,aggregation,0.7964332239706655,,,0.7084170090172174
4915,1001,13,5,0.6,0.2,1000,restricted_40,aggregation,0.7969790266953762,,,0.7088802440152441
4916,1001,13,5,0.6,0.2,1000,restricted_40,aggregation,0.7963412478245445,,,0.7084695939400105
4917,1001,13,5,0.6,0.2,1000,restricted_40,aggregation,0.7958125548494202,,,0.7084935841319175
4918,1001,13,5,0.6,0.2,1000,restricted_40,aggregation,0.797421627768355,,,0.7098129226791727
4919,1001,13,5,0.6,0.2,1000,restricted_40,aggregation,0.797276731857051,,,0.7094937629731379
4920,1001,13,5,0.6,0.2,1000,restricted_40,aggregation,0.7965489874656764,,,0.7086730018130017
4921,1001,13,5,0.6,0.2,1000,restricted_40,aggregation,0.7961866718312025,,,0.7089117176110926
4922,1001,13,5,0.6,0.2,1000,restricted_40,aggregation,0.7963593794162951,,,0.7082370589749757
4923,1001,13,5,0.6,0.2,1000,restricted_40,aggregation,0.797860766716785,,,0.7099246888759388
4924,1001,13,5,0.6,0.2,1000,restricted_40,aggregation,0.7975640403495065,,,0.7100375267094018
4925,1001,13,5,0.6,0.2,1000,restricted_40,aggregation,0.7956431446898273,,,0.7083758751973335
4926,1001,13,5,0.6,0.2,1000,restricted_40,aggregation,0.7958015397269517,,,0.7085351241890825
4927,1001,13,5,0.6,0.2,1000,restricted_40,aggregation,0.7969632720617521,,,0.7091701049028132
4928,1001,13,5,0.6,0.2,1000,restricted_40,aggregation,0.7942389843495972,,,0.7071903312736646
4929,1001,13,5,0.6,0.2,1000,restricted_40,aggregation,0.79608427265185,,,0.708527746320038
4930,1001,13,5,0.6,0.2,1000,restricted_40,aggregation,0.7965791158802251,,,0.7085665447052947
4931,1001,13,5,0.6,0.2,1000,restricted_40,aggregation,0.7969426854346346,,,0.7091153735693319
4932,1001,13,5,0.6,0.2,1000,restricted_40,aggregation,0.7965452170294083,,,0.7091378430982597
4933,1001,13,5,0.6,0.2,1000,restricted_40,aggregation,0.795623468587267,,,0.7078703458115959
4934,1001,13,5,0.6,0.2,1000,restricted_40,aggregation,0.7956927805857242,,,0.7083557713120213
4935,1001,13,5,0.6,0.2,1000,restricted_40,aggregation,0.7954291925098578,,,0.7075635275835276
4936,1001,13,5,0.6,0.2,1000,restricted_40,aggregation,0.7971618799546537,,,0.7090556692381693
4937,1001,13,5,0.6,0.2,1000,restricted_40,aggregation,0.7966005338676077,,,0.7087739153053737
4938,1001,13,5,0.6,0.2,1000,restricted_40,aggregation,0.7958636890566471,,,0.7091335648841899
4939,1001,13,5,0.6,0.2,1000,restricted_40,aggregation,0.7954571433815745,,,0.708228397451314
4940,1001,13,5,0.6,0.2,1000,restricted_40,aggregation,0.795516608028313,,,0.7079814452291536
4941,1001,13,5,0.6,0.2,1000,restricted_40,aggregation,0.79878760610319,,,0.7113040944009694
4942,1001,13,5,0.6,0.2,1000,restricted_40,aggregation,0.7958347646192938,,,0.7085958427529262
4943,1001,13,5,0.6,0.2,1000,restricted_40,aggregation,0.7980046103194558,,,0.7101805128436379
4944,1001,13,5,0.6,0.2,1000,restricted_40,aggregation,0.7957776867908797,,,0.7083867682626016
4945,1001,13,5,0.6,0.2,1000,restricted_40,aggregation,0.7958287645196399,,,0.7083197550982968
4946,1001,13,5,0.6,0.2,1000,restricted_40,aggregation,0.7964531083723504,,,0.7084967556748807
4947,1001,13,5,0.6,0.2,1000,restricted_40,aggregation,0.7967918288782142,,,0.7094874647960066
4948,1001,13,5,0.6,0.2,1000,restricted_40,aggregation,0.7972538889856736,,,0.7090080066230066
4949,1001,13,5,0.6,0.2,1000,restricted_40,aggregation,0.7964150346709192,,,0.7086176834739335
4950,1001,13,5,0.6,0.2,1000,restricted_40,aggregation,0.796141775770174,,,0.7085702801750718
4951,1001,13,5,0.6,0.2,1000,restricted_40,aggregation,0.7958902445670583,,,0.7081363877018044
4952,1001,13,5,0.6,0.2,1000,restricted_40,aggregation,0.794511530875316,,,0.707699152637486
4953,1001,13,5,0.6,0.2,1000,restricted_40,aggregation,0.7950615708584695,,,0.7077258930498515
4954,1001,13,5,0.6,0.2,1000,restricted_40,aggregation,0.7965105380151462,,,0.7088401031453114
4955,1001,13,5,0.6,0.2,1000,restricted_40,aggregation,0.7967558973178192,,,0.7086897535951702
4956,1001,13,5,0.6,0.2,1000,restricted_40,aggregation,0.7964299805022542,,,0.7086621738600904
4957,1001,13,5,0.6,0.2,1000,restricted_40,aggregation,0.7964439701845264,,,0.7087804342185593
4958,1001,13,5,0.6,0.2,1000,restricted_40,aggregation,0.7967898759043952,,,0.7083603972493554
4959,1001,13,5,0.6,0.2,1000,restricted_40,aggregation,0.7966434971960586,,,0.7088866321101738
4960,1001,13,5,0.6,0.2,1000,restricted_40,aggregation,0.7955497813347071,,,0.7084806287385453
4961,1001,13,5,0.6,0.2,1000,restricted_40,aggregation,0.7969875852920479,,,0.7095170022647107
4962,1001,13,5,0.6,0.2,1000,restricted_40,aggregation,0.7963602252180767,,,0.7093135052987136
4963,1001,13,5,0.6,0.2,1000,restricted_40,aggregation,0.796052803002619,,,0.708821507759216
4964,1001,13,5,0.6,0.2,1000,restricted_40,aggregation,0.7975671575874425,,,0.7098434471469888
4965,1001,13,5,0.6,0.2,1000,restricted_40,aggregation,0.795934019087365,,,0.7087070161165995
4966,1001,13,5,0.6,0.2,1000,restricted_40,aggregation,0.7971862916108203,,,0.709482478031228
4967,1001,13,5,0.6,0.2,1000,restricted_40,aggregation,0.7957590543623276,,,0.7082565357559109
4968,1001,13,5,0.6,0.2,1000,restricted_40,aggregation,0.7980024999998683,,,0.7100043708452043
4969,1001,13,5,0.6,0.2,1000,restricted_40,aggregation,0.796820694643014,,,0.7090845807587474
4970,1001,13,5,0.6,0.2,1000,restricted_40,aggregation,0.79499973590085,,,0.7080499370613954
4971,1001,13,5,0.6,0.2,1000,restricted_40,aggregation,0.7973816885964502,,,0.7091630121653039
4972,1001,13,5,0.6,0.2,1000,restricted_40,aggregation,0.7971848625467621,,,0.7092589747212664
4973,1001,13,5,0.6,0.2,1000,restricted_40,aggregation,0.7967174852769308,,,0.7089675477994228
4974,1001,13,5,0.6,0.2,1000,restricted_40,aggregation,0.7968323526384544,,,0.7088316283330867
4975,1001,13,5,0.6,0.2,1000,restricted_40,aggregation,0.7965175415765533,,,0.7086275208587708
4976,1001,13,5,0.6,0.2,1000,restricted_40,aggregation,0.7951873643126857,,,0.7082005970110138
4977,1001,13,5,0.6,0.2,1000,restricted_40,aggregation,0.7966790741899409,,,0.7090855499207583
4978,1001,13,5,0.6,0.2,1000,restricted_40,aggregation,0.7966124484223419,,,0.7088825006397923
4979,1001,13,5,0.6,0.2,1000,restricted_40,aggregation,0.7959706098990365,,,0.7083291782523031
4980,1001,13,5,0.6,0.2,1000,restricted_40,aggregation,0.7948145274329953,,,0.7077889818823152
4981,1001,13,5,0.6,0.2,1000,restricted_40,aggregation,0.7961550508030472,,,0.7086784588867922
4982,1001,13,5,0.6,0.2,1000,restricted_40,aggregation,0.7967932910226933,,,0.7091600113543864
4983,1001,13,5,0.6,0.2,1000,restricted_40,aggregation,0.7973820811178988,,,0.7101250525169275
4984,1001,13,5,0.6,0.2,1000,restricted_40,aggregation,0.7965579778479548,,,0.7087683518333519
4985,1001,13,5,0.6,0.2,1000,restricted_40,aggregation,0.7970457667448285,,,0.7093854167360416
4986,1001,13,5,0.6,0.2,1000,restricted_40,aggregation,0.7974847381273797,,,0.7096614080441165
4987,1001,13,5,0.6,0.2,1000,restricted_40,aggregation,0.7964333221802299,,,0.7091029508146175
4988,1001,13,5,0.6,0.2,1000,restricted_40,aggregation,0.7971169850387141,,,0.7091159392382308
4989,1001,13,5,0.6,0.2,1000,restricted_40,aggregation,0.7955465309747562,,,0.7082376317509651
4990,1001,13,5,0.6,0.2,1000,restricted_40,aggregation,0.7956543985578811,,,0.7082253760745427
4991,1001,13,5,0.6,0.2,1000,restricted_40,aggregation,0.7960340384620169,,,0.7077868474889308
4992,1001,13,5,0.6,0.2,1000,restricted_40,aggregation,0.7957524025197498,,,0.7084487569220903
4993,1001,13,5,0.6,0.2,1000,restricted_40,aggregation,0.7950304729050934,,,0.7075120697666532
4994,1001,13,5,0.6,0.2,1000,restricted_40,aggregation,0.7965464032790539,,,0.709084571955822
4995,1001,13,5,0.6,0.2,1000,restricted_40,aggregation,0.7965150661065943,,,0.7087421913271913
4996,1001,13,5,0.6,0.2,1000,restricted_40,aggregation,0.7965176069918404,,,0.7092786766705517
4997,1001,13,5,0.6,0.2,1000,restricted_40,aggregation,0.7971722240266254,,,0.7093048195862778
4998,1001,13,5,0.6,0.2,1000,restricted_40,aggregation,0.7975484926350065,,,0.7098922170268004
4999,1001,13,5,0.6,0.2,1000,restricted_40,aggregation,0.7977341301690482,,,0.7101303314355398
5000,1001,13,5,0.6,0.2,1000,restricted_50,aggregation,0.8018228976159878,,,0.7159737029945362
5001,1001,13,5,0.6,0.2,1000,restricted_50,aggregation,0.8004343538711423,,,0.7149551778930946
5002,1001,13,5,0.6,0.2,1000,restricted_50,aggregation,0.8009385763559506,,,0.7154228415180498
5003,1001,13,5,0.6,0.2,1000,restricted_50,aggregation,0.8001189256625224,,,0.7136511126142376
5004,1001,13,5,0.6,0.2,1000,restricted_50,aggregation,0.8013262146355885,,,0.7148217815671982
5005,1001,13,5,0.6,0.2,1000,restricted_50,aggregation,0.8008362289699607,,,0.7148255500363834
5006,1001,13,5,0.6,0.2,1000,restricted_50,aggregation,0.8007932054955668,,,0.7149487147266315
5007,1001,13,5,0.6,0.2,1000,restricted_50,aggregation,0.801225911585918,,,0.7149669076062827
5008,1001,13,5,0.6,0.2,1000,restricted_50,aggregation,0.8018984390398446,,,0.7155959771478522
5009,1001,13,5,0.6,0.2,1000,restricted_50,aggregation,0.8012191235588083,,,0.7151461178790345
5010,1001,13,5,0.6,0.2,1000,restricted_50,aggregation,0.8004289962616387,,,0.7139884390378141
5011,1001,13,5,0.6,0.2,1000,restricted_50,aggregation,0.8009731283018982,,,0.7146644259521343
5012,1001,13,5,0.6,0.2,1000,restricted_50,aggregation,0.8016858849913467,,,0.7156343516206015
5013,1001,13,5,0.6,0.2,1000,restricted_50,aggregation,0.8009173159492636,,,0.7142714593277093
5014,1001,13,5,0.6,0.2,1000,restricted_50,aggregation,0.8023847432406778,,,0.7160084288319705
5015,1001,13,5,0.6,0.2,1000,restricted_50,aggregation,0.8019449929577992,,,0.7159370396039146
5016,1001,13,5,0.6,0.2,1000,restricted_50,aggregation,0.8004697234314858,,,0.7144756065076899
5017,1001,13,5,0.6,0.2,1000,restricted_50,aggregation,0.8016515545917648,,,0.7154372757951925
5018,1001,13,5,0.6,0.2,1000,restricted_50,aggregation,0.8000064900814715,,,0.7143932086200837
5019,1001,13,5,0.6,0.2,1000,restricted_50,aggregation,0.8007966410110453,,,0.7145145092793009
5020,1001,13,5,0.6,0.2,1000,restricted_50,aggregation,0.80153945030712,,,0.7159854459583627
5021,1001,13,5,0.6,0.2,1000,restricted_50,aggregation,0.8003596077852002,,,0.714790725378017
5022,1001,13,5,0.6,0.2,1000,restricted_50,aggregation,0.7997697314075521,,,0.7136235961260962
5023,1001,13,5,0.6,0.2,1000,restricted_50,aggregation,0.8004989905413917,,,0.7140350402144152
5024,1001,13,5,0.6,0.2,1000,restricted_50,aggregation,0.8019862356409346,,,0.7164808072097656
5025,1001,13,5,0.6,0.2,1000,restricted_50,aggregation,0.8010346391669998,,,0.714935451955452
5026,1001,13,5,0.6,0.2,1000,restricted_50,aggregation,0.8014009927979575,,,0.7156922462028712
5027,1001,13,5,0.6,0.2,1000,restricted_50,aggregation,0.8011817810847907,,,0.7155631792513043
5028,1001,13,5,0.6,0.2,1000,restricted_50,aggregation,0.801471114793528,,,0.7154732672882673
5029,1001,13,5,0.6,0.2,1000,restricted_50,aggregation,0.8005830310526278,,,0.7139242808965727
5030,1001,13,5,0.6,0.2,1000,restricted_50,aggregation,0.8016401081148253,,,0.715661304721513
5031,1001,13,5,0.6,0.2,1000,restricted_50,aggregation,0.7999992079109111,,,0.713328812699646
5032,1001,13,5,0.6,0.2,1000,restricted_50,aggregation,0.801058963601862,,,0.7148559140782058
5033,1001,13,5,0.6,0.2,1000,restricted_50,aggregation,0.801225538882458,,,0.7153762732483566
5034,1001,13,5,0.6,0.2,1000,restricted_50,aggregation,0.8002051158001091,,,0.713625434781268
5035,1001,13,5,0.6,0.2,1000,restricted_50,aggregation,0.8005582923104092,,,0.7148909934509934
5036,1001,13,5,0.6,0.2,1000,restricted_50,aggregation,0.8014800949456077,,,0.7156684452276119
5037,1001,13,5,0.6,0.2,1000,restricted_50,aggregation,0.8017543029712192,,,0.7160684685761769
5038,1001,13,5,0.6,0.2,1000,restricted_50,aggregation,0.8008261360772901,,,0.7146494960826212
5039,1001,13,5,0.6,0.2,1000,restricted_50,aggregation,0.8020458661056593,,,0.7163830544609712
5040,1001,13,5,0.6,0.2,1000,restricted_50,aggregation,0.8013172980889601,,,0.7153663769717937
5041,1001,13,5,0.6,0.2,1000,restricted_50,aggregation,0.800082547116147,,,0.7139994778986446
5042,1001,13,5,0.6,0.2,1000,restricted_50,aggregation,0.8012534226668868,,,0.7152888778042945
5043,1001,13,5,0.6,0.2,1000,restricted_50,aggregation,0.8007154863317089,,,0.71486294006919
5044,1001,13,5,0.6,0.2,1000,restricted_50,aggregation,0.8017173030287698,,,0.7158792502173753
5045,1001,13,5,0.6,0.2,1000,restricted_50,aggregation,0.799974471743236,,,0.7137124484389068
5046,1001,13,5,0.6,0.2,1000,restricted_50,aggregation,0.8012969099468196,,,0.7150848433742183
5047,1001,13,5,0.6,0.2,1000,restricted_50,aggregation,0.8014498861975605,,,0.716139998643332
5048,1001,13,5,0.6,0.2,1000,restricted_50,aggregation,0.8010620470708927,,,0.7148607040798707
5049,1001,13,5,0.6,0.2,1000,restricted_50,aggregation,0.80135487234204,,,0.7154257916235
5050,1001,13,5,0.6,0.2,1000,restricted_50,aggregation,0.8009138669550223,,,0.7140875975028058
5051,1001,13,5,0.6,0.2,1000,restricted_50,aggregation,0.8018518006959651,,,0.7156383799687966
5052,1001,13,5,0.6,0.2,1000,restricted_50,aggregation,0.8010468726944043,,,0.7148389106726607
5053,1001,13,5,0.6,0.2,1000,restricted_50,aggregation,0.8003265110568144,,,0.7140160740108658
5054,1001,13,5,0.6,0.2,1000,restricted_50,aggregation,0.801991311452508,,,0.7157598261537845
5055,1001,13,5,0.6,0.2,1000,restricted_50,aggregation,0.8006838879152818,,,0.7141428271034521
5056,1001,13,5,0.6,0.2,1000,restricted_50,aggregation,0.801351188975106,,,0.715437722362514
5057,1001,13,5,0.6,0.2,1000,restricted_50,aggregation,0.8012739759899146,,,0.7155027048645798
5058,1001,13,5,0.6,0.2,1000,restricted_50,aggregation,0.8007023186652399,,,0.7144384113109113
5059,1001,13,5,0.6,0.2,1000,restricted_50,aggregation,0.8003088977359073,,,0.7143042314629815
5060,1001,13,5,0.6,0.2,1000,restricted_50,aggregation,0.8002187428217239,,,0.7137716064491065
5061,1001,13,5,0.6,0.2,1000,restricted_50,aggregation,0.8003015380866982,,,0.7147406029926863
5062,1001,13,5,0.6,0.2,1000,restricted_50,aggregation,0.8004646071747471,,,0.7144242759092758
5063,1001,13,5,0.6,0.2,1000,restricted_50,aggregation,0.8002728329331539,,,0.7136726485936902
5064,1001,13,5,0.6,0.2,1000,restricted_50,aggregation,0.8017890649707474,,,0.71532845666679
5065,1001,13,5,0.6,0.2,1000,restricted_50,aggregation,0.801028621848048,,,0.7146375813152898
5066,1001,13,5,0.6,0.2,1000,restricted_50,aggregation,0.8013751899163284,,,0.7150051775385109
5067,1001,13,5,0.6,0.2,1000,restricted_50,aggregation,0.8008972262967253,,,0.7145824337930587
5068,1001,13,5,0.6,0.2,1000,restricted_50,aggregation,0.7999158943913941,,,0.7137577937725854
5069,1001,13,5,0.6,0.2,1000,restricted_50,aggregation,0.8005685753577656,,,0.71416782488345
5070,1001,13,5,0.6,0.2,1000,restricted_50,aggregation,0.8013193220699361,,,0.7147075657444408
5071,1001,13,5,0.6,0.2,1000,restricted_50,aggregation,0.8003353497309598,,,0.7140395458553792
5072,1001,13,5,0.6,0.2,1000,restricted_50,aggregation,0.8001770463397196,,,0.7141205535436785
5073,1001,13,5,0.6,0.2,1000,restricted_50,aggregation,0.8001131116229764,,,0.714123632262799
5074,1001,13,5,0.6,0.2,1000,restricted_50,aggregation,0.8008591708266356,,,0.7148853629009879
5075,1001,13,5,0.6,0.2,1000,restricted_50,aggregation,0.8013164824227703,,,0.7152271298685883
5076,1001,13,5,0.6,0.2,1000,restricted_50,aggregation,0.801428450303232,,,0.7153535618548118
5077,1001,13,5,0.6,0.2,1000,restricted_50,aggregation,0.8018907876700652,,,0.715878495748079
5078,1001,13,5,0.6,0.2,1000,restricted_50,aggregation,0.8020176724823563,,,0.7165643108357692
5079,1001,13,5,0.6,0.2,1000,restricted_50,aggregation,0.8014400686706012,,,0.7149837465081215
5080,1001,13,5,0.6,0.2,1000,restricted_50,aggregation,0.8015207169292229,,,0.7156181966798634
5081,1001,13,5,0.6,0.2,1000,restricted_50,aggregation,0.8010532418077424,,,0.7151799308176391
5082,1001,13,5,0.6,0.2,1000,restricted_50,aggregation,0.8005643156979118,,,0.714360202382494
5083,1001,13,5,0.6,0.2,1000,restricted_50,aggregation,0.8007277258439056,,,0.7144276502664003
5084,1001,13,5,0.6,0.2,1000,restricted_50,aggregation,0.8006130629131117,,,0.7144345445295446
5085,1001,13,5,0.6,0.2,1000,restricted_50,aggregation,0.8021712214258178,,,0.7164344291665126
5086,1001,13,5,0.6,0.2,1000,restricted_50,aggregation,0.8013441928571796,,,0.715596711066711
5087,1001,13,5,0.6,0.2,1000,restricted_50,aggregation,0.8002651567670763,,,0.7139688028483862
5088,1001,13,5,0.6,0.2,1000,restricted_50,aggregation,0.8014609250434431,,,0.715313664722623
5089,1001,13,5,0.6,0.2,1000,restricted_50,aggregation,0.8010185084955134,,,0.7143694469419469
5090,1001,13,5,0.6,0.2,1000,restricted_50,aggregation,0.8000636740043324,,,0.7140231263489596
5091,1001,13,5,0.6,0.2,1000,restricted_50,aggregation,0.8015136229928974,,,0.715594746040996
5092,1001,13,5,0.6,0.2,1000,restricted_50,aggregation,0.8015077590125973,,,0.7155829706558873
5093,1001,13,5,0.6,0.2,1000,restricted_50,aggregation,0.8023527091482766,,,0.7162405990691406
5094,1001,13,5,0.6,0.2,1000,restricted_50,aggregation,0.8006521926198618,,,0.7152364710058461
5095,1001,13,5,0.6,0.2,1000,restricted_50,aggregation,0.8014345422938975,,,0.7158590658801076
5096,1001,13,5,0.6,0.2,1000,restricted_50,aggregation,0.8004887150156113,,,0.7140441289728789
5097,1001,13,5,0.6,0.2,1000,restricted_50,aggregation,0.8017993020148354,,,0.7153977110312526
5098,1001,13,5,0.6,0.2,1000,restricted_50,aggregation,0.8010026900800965,,,0.7149115356479939
5099,1001,13,5,0.6,0.2,1000,restricted_50,aggregation,0.8008557210745346,,,0.7145464235841318
5100,1001,13,5,0.6,0.2,1000,restricted_50,aggregation,0.8018278475639411,,,0.7158917352709019
5101,1001,13,5,0.6,0.2,1000,restricted_50,aggregation,0.8010959311936914,,,0.7149574845062344
5102,1001,13,5,0.6,0.2,1000,restricted_50,aggregation,0.8018119132554644,,,0.7155832034863284
5103,1001,13,5,0.6,0.2,1000,restricted_50,aggregation,0.8016061980879166,,,0.7148610301118634
5104,1001,13,5,0.6,0.2,1000,restricted_50,aggregation,0.8013537694163071,,,0.71548108825588
5105,1001,13,5,0.6,0.2,1000,restricted_50,aggregation,0.8012462169379743,,,0.7152986140942392
5106,1001,13,5,0.6,0.2,1000,restricted_50,aggregation,0.8019499015150773,,,0.7157079318289734
5107,1001,13,5,0.6,0.2,1000,restricted_50,aggregation,0.8004963936017326,,,0.7143711789136791
5108,1001,13,5,0.6,0.2,1000,restricted_50,aggregation,0.800049607600045,,,0.7135243152603569
5109,1001,13,5,0.6,0.2,1000,restricted_50,aggregation,0.8010746213335432,,,0.7146833843779677
5110,1001,13,5,0.6,0.2,1000,restricted_50,aggregation,0.8014117022401812,,,0.715219236041736
5111,1001,13,5,0.6,0.2,1000,restricted_50,aggregation,0.8011521371037874,,,0.7151013739038738
5112,1001,13,5,0.6,0.2,1000,restricted_50,aggregation,0.800869749504811,,,0.7143953816091316
5113,1001,13,5,0.6,0.2,1000,restricted_50,aggregation,0.8014136740063799,,,0.7153731204906204
5114,1001,13,5,0.6,0.2,1000,restricted_50,aggregation,0.8000392317246913,,,0.7137977617598451
5115,1001,13,5,0.6,0.2,1000,restricted_50,aggregation,0.8003960996231521,,,0.7143580460357545
5116,1001,13,5,0.6,0.2,1000,restricted_50,aggregation,0.8013581232653543,,,0.7153316315782983
5117,1001,13,5,0.6,0.2,1000,restricted_50,aggregation,0.8011049508188478,,,0.7153496687571688
5118,1001,13,5,0.6,0.2,1000,restricted_50,aggregation,0.8017619180195967,,,0.7159092852672019
5119,1001,13,5,0.6,0.2,1000,restricted_50,aggregation,0.8010464537862582,,,0.714962788045288
5120,1001,13,5,0.6,0.2,1000,restricted_50,aggregation,0.8001920059592595,,,0.7142192986642987
5121,1001,13,5,0.6,0.2,1000,restricted_50,aggregation,0.8015217894424679,,,0.7160831456737707
5122,1001,13,5,0.6,0.2,1000,restricted_50,aggregation,0.8012313286476953,,,0.7156308194197778
5123,1001,13,5,0.6,0.2,1000,restricted_50,aggregation,0.8009285754910486,,,0.715065812351229
5124,1001,13,5,0.6,0.2,1000,restricted_50,aggregation,0.8018931604751084,,,0.7162959586632504
5125,1001,13,5,0.6,0.2,1000,restricted_50,aggregation,0.8020750403158063,,,0.7162323682182017
5126,1001,13,5,0.6,0.2,1000,restricted_50,aggregation,0.8020306432540787,,,0.7164861417826001
5127,1001,13,5,0.6,0.2,1000,restricted_50,aggregation,0.8014588749191166,,,0.7157043680085347
5128,1001,13,5,0.6,0.2,1000,restricted_50,aggregation,0.8022053583842761,,,0.7162845754322837
5129,1001,13,5,0.6,0.2,1000,restricted_50,aggregation,0.801182368273953,,,0.7147014373589373
5130,1001,13,5,0.6,0.2,1000,restricted_50,aggregation,0.8016739307015411,,,0.7157354811083978
5131,1001,13,5,0.6,0.2,1000,restricted_50,aggregation,0.8012193897238098,,,0.715250554730763
5132,1001,13,5,0.6,0.2,1000,restricted_50,aggregation,0.8009457117514658,,,0.715006034058534
5133,1001,13,5,0.6,0.2,1000,restricted_50,aggregation,0.8010787969672903,,,0.7147871425950593
5134,1001,13,5,0.6,0.2,1000,restricted_50,aggregation,0.8008921730852804,,,0.7148966140495308
5135,1001,13,5,0.6,0.2,1000,restricted_50,aggregation,0.8005142665368227,,,0.7144215591892675
5136,1001,13,5,0.6,0.2,1000,restricted_50,aggregation,0.8011780579077011,,,0.7144967611092612
5137,1001,13,5,0.6,0.2,1000,restricted_50,aggregation,0.8016049130549426,,,0.7157258193889444
5138,1001,13,5,0.6,0.2,1000,restricted_50,aggregation,0.8009485793900247,,,0.7146531833598501
5139,1001,13,5,0.6,0.2,1000,restricted_50,aggregation,0.7997396104310269,,,0.713397453279745
5140,1001,13,5,0.6,0.2,1000,restricted_50,aggregation,0.8008949803138857,,,0.7144105829278746
5141,1001,13,5,0.6,0.2,1000,restricted_50,aggregation,0.8013656795535983,,,0.7148931680202513
5142,1001,13,5,0.6,0.2,1000,restricted_50,aggregation,0.8012977747925851,,,0.7147963513878097
5143,1001,13,5,0.6,0.2,1000,restricted_50,aggregation,0.8007886150264397,,,0.7144344612100861
5144,1001,13,5,0.6,0.2,1000,restricted_50,aggregation,0.801330550552263,,,0.7148140310769477
5145,1001,13,5,0.6,0.2,1000,restricted_50,aggregation,0.8010615716571636,,,0.7150087218568468
5146,1001,13,5,0.6,0.2,1000,restricted_50,aggregation,0.8005917189909831,,,0.7144631558256558
5147,1001,13,5,0.6,0.2,1000,restricted_50,aggregation,0.8007054209691591,,,0.7143185375658292
5148,1001,13,5,0.6,0.2,1000,restricted_50,aggregation,0.8010252251565123,,,0.7150919218204635
5149,1001,13,5,0.6,0.2,1000,restricted_50,aggregation,0.7996313914594487,,,0.7141153612205695
5150,1001,13,5,0.6,0.2,1000,restricted_50,aggregation,0.8005194638260048,,,0.7142276356590941
5151,1001,13,5,0.6,0.2,1000,restricted_50,aggregation,0.8009115452547717,,,0.7146148498106831
5152,1001,13,5,0.6,0.2,1000,restricted_50,aggregation,0.8001555171154752,,,0.7142855925016341
5153,1001,13,5,0.6,0.2,1000,restricted_50,aggregation,0.8016258574449637,,,0.7155628453568038
5154,1001,13,5,0.6,0.2,1000,restricted_50,aggregation,0.7998749328799999,,,0.7138369315560983
5155,1001,13,5,0.6,0.2,1000,restricted_50,aggregation,0.8003017808160835,,,0.7139975922457173
5156,1001,13,5,0.6,0.2,1000,restricted_50,aggregation,0.8009089087219595,,,0.7145620501412168
5157,1001,13,5,0.6,0.2,1000,restricted_50,aggregation,0.8007463603759633,,,0.7145880882851715
5158,1001,13,5,0.6,0.2,1000,restricted_50,aggregation,0.8011727479340417,,,0.7144828749259999
5159,1001,13,5,0.6,0.2,1000,restricted_50,aggregation,0.8003726568897196,,,0.7139977558090058
5160,1001,13,5,0.6,0.2,1000,restricted_50,aggregation,0.8016226219497479,,,0.7151936556653223
5161,1001,13,5,0.6,0.2,1000,restricted_50,aggregation,0.80058104417934,,,0.7144788984549401
5162,1001,13,5,0.6,0.2,1000,restricted_50,aggregation,0.8003355815990036,,,0.7144526161646995
5163,1001,13,5,0.6,0.2,1000,restricted_50,aggregation,0.8010177289077188,,,0.7151821684950852
5164,1001,13,5,0.6,0.2,1000,restricted_50,aggregation,0.8011609685820053,,,0.714843850894476
5165,1001,13,5,0.6,0.2,1000,restricted_50,aggregation,0.8015902504024023,,,0.7155171216746217
5166,1001,13,5,0.6,0.2,1000,restricted_50,aggregation,0.8011375116625962,,,0.7148722682101848
5167,1001,13,5,0.6,0.2,1000,restricted_50,aggregation,0.8014600827550564,,,0.7154601851928936
5168,1001,13,5,0.6,0.2,1000,restricted_50,aggregation,0.8019944199411991,,,0.7163815157450574
5169,1001,13,5,0.6,0.2,1000,restricted_50,aggregation,0.8006732181149953,,,0.7145314407043575
5170,1001,13,5,0.6,0.2,1000,restricted_50,aggregation,0.8009429599162974,,,0.7146914713758464
5171,1001,13,5,0.6,0.2,1000,restricted_50,aggregation,0.8019570377673138,,,0.7160895774364525
5172,1001,13,5,0.6,0.2,1000,restricted_50,aggregation,0.8012548393503638,,,0.715280333678667
5173,1001,13,5,0.6,0.2,1000,restricted_50,aggregation,0.8005875981425171,,,0.7143365535853036
5174,1001,13,5,0.6,0.2,1000,restricted_50,aggregation,0.8021150166290099,,,0.7165818660814495
5175,1001,13,5,0.6,0.2,1000,restricted_50,aggregation,0.8011828838413646,,,0.7153852571117155
5176,1001,13,5,0.6,0.2,1000,restricted_50,aggregation,0.8002630334794782,,,0.7136621467344384
5177,1001,13,5,0.6,0.2,1000,restricted_50,aggregation,0.8005704377408869,,,0.7140852576358827
5178,1001,13,5,0.6,0.2,1000,restricted_50,aggregation,0.8000644257402859,,,0.71422204004329
5179,1001,13,5,0.6,0.2,1000,restricted_50,aggregation,0.8013204358176986,,,0.714743614317781
5180,1001,13,5,0.6,0.2,1000,restricted_50,aggregation,0.8004023462490758,,,0.7145561140017391
5181,1001,13,5,0.6,0.2,1000,restricted_50,aggregation,0.8010293849911322,,,0.7146273195169028
5182,1001,13,5,0.6,0.2,1000,restricted_50,aggregation,0.800637921658383,,,0.7146076077626078
5183,1001,13,5,0.6,0.2,1000,restricted_50,aggregation,0.8006780091333023,,,0.7144598770288354
5184,1001,13,5,0.6,0.2,1000,restricted_50,aggregation,0.8008008076081644,,,0.7142059150186234
5185,1001,13,5,0.6,0.2,1000,restricted_50,aggregation,0.8012603536860042,,,0.7149105338797005
5186,1001,13,5,0.6,0.2,1000,restricted_50,aggregation,0.8012384611694372,,,0.7149017939699189
5187,1001,13,5,0.6,0.2,1000,restricted_50,aggregation,0.802229055673164,,,0.7162556435462686
5188,1001,13,5,0.6,0.2,1000,restricted_50,aggregation,0.8001970509352226,,,0.7137730234965651
5189,1001,13,5,0.6,0.2,1000,restricted_50,aggregation,0.8023844890319197,,,0.7172996351102602
5190,1001,13,5,0.6,0.2,1000,restricted_50,aggregation,0.801124206745794,,,0.7150208068166403
5191,1001,13,5,0.6,0.2,1000,restricted_50,aggregation,0.8002071479719282,,,0.7140866974075308
5192,1001,13,5,0.6,0.2,1000,restricted_50,aggregation,0.8008720187488794,,,0.714225814972065
5193,1001,13,5,0.6,0.2,1000,restricted_50,aggregation,0.8015878658420199,,,0.7154579204668788
5194,1001,13,5,0.6,0.2,1000,restricted_50,aggregation,0.8006417747884116,,,0.7146045052632553
5195,1001,13,5,0.6,0.2,1000,restricted_50,aggregation,0.8002296808483937,,,0.713811295702754
5196,1001,13,5,0.6,0.2,1000,restricted_50,aggregation,0.8009140741330617,,,0.7148320911804245
5197,1001,13,5,0.6,0.2,1000,restricted_50,aggregation,0.8005866069930345,,,0.7143893490845575
5198,1001,13,5,0.6,0.2,1000,restricted_50,aggregation,0.800088942236856,,,0.7137542452763286
5199,1001,13,5,0.6,0.2,1000,restricted_50,aggregation,0.801316527372275,,,0.7156448552142302
5200,1001,13,5,0.6,0.2,1000,restricted_50,aggregation,0.8001981542675398,,,0.714151501291918
5201,1001,13,5,0.6,0.2,1000,restricted_50,aggregation,0.800455910118933,,,0.7143567691028109
5202,1001,13,5,0.6,0.2,1000,restricted_50,aggregation,0.8009915375164774,,,0.7145310362708279
5203,1001,13,5,0.6,0.2,1000,restricted_50,aggregation,0.8020307862247243,,,0.7161124249438834
5204,1001,13,5,0.6,0.2,1000,restricted_50,aggregation,0.8016248238427908,,,0.7153239811346062
5205,1001,13,5,0.6,0.2,1000,restricted_50,aggregation,0.8020329734692517,,,0.7162916264676682
5206,1001,13,5,0.6,0.2,1000,restricted_50,aggregation,0.8007822898437706,,,0.7146450095043846
5207,1001,13,5,0.6,0.2,1000,restricted_50,aggregation,0.800937395875722,,,0.7151520119772202
5208,1001,13,5,0.6,0.2,1000,restricted_50,aggregation,0.8009097611198633,,,0.7144180187328105
5209,1001,13,5,0.6,0.2,1000,restricted_50,aggregation,0.8005485059927568,,,0.7142088980078564
5210,1001,13,5,0.6,0.2,1000,restricted_50,aggregation,0.8012796035733897,,,0.7151720089709673
5211,1001,13,5,0.6,0.2,1000,restricted_50,aggregation,0.8014600413179428,,,0.7155748978721896
5212,1001,13,5,0.6,0.2,1000,restricted_50,aggregation,0.8003642541117086,,,0.7141346852144769
5213,1001,13,5,0.6,0.2,1000,restricted_50,aggregation,0.7998539763288012,,,0.7136194276248443
5214,1001,13,5,0.6,0.2,1000,restricted_50,aggregation,0.8013878785917361,,,0.7157900373006623
5215,1001,13,5,0.6,0.2,1000,restricted_50,aggregation,0.8015494315059126,,,0.7157615078517162
5216,1001,13,5,0.6,0.2,1000,restricted_50,aggregation,0.8016463836241594,,,0.7156068210184877
5217,1001,13,5,0.6,0.2,1000,restricted_50,aggregation,0.8016964668581608,,,0.7157414475801975
5218,1001,13,5,0.6,0.2,1000,restricted_50,aggregation,0.8006637687494851,,,0.7144427135518803
5219,1001,13,5,0.6,0.2,1000,restricted_50,aggregation,0.8016533996116159,,,0.7160496121548205
5220,1001,13,5,0.6,0.2,1000,restricted_50,aggregation,0.8018873491755855,,,0.7157033544387712
5221,1001,13,5,0.6,0.2,1000,restricted_50,aggregation,0.8013138742209366,,,0.7152015887661721
5222,1001,13,5,0.6,0.2,1000,restricted_50,aggregation,0.8022546031733045,,,0.7158841236618321
5223,1001,13,5,0.6,0.2,1000,restricted_50,aggregation,0.8022879426103725,,,0.7165249779464363
5224,1001,13,5,0.6,0.2,1000,restricted_50,aggregation,0.8002153998428284,,,0.7135978720045387
5225,1001,13,5,0.6,0.2,1000,restricted_50,aggregation,0.8007870462114535,,,0.7145005746491163
5226,1001,13,5,0.6,0.2,1000,restricted_50,aggregation,0.8009264360339836,,,0.7150487572304239
5227,1001,13,5,0.6,0.2,1000,restricted_50,aggregation,0.8015648426283296,,,0.7154150950746784
5228,1001,13,5,0.6,0.2,1000,restricted_50,aggregation,0.8005149070511541,,,0.7149690999663916
5229,1001,13,5,0.6,0.2,1000,restricted_50,aggregation,0.801382336298047,,,0.7151561024700609
5230,1001,13,5,0.6,0.2,1000,restricted_50,aggregation,0.8011075102886428,,,0.7151615281940281
5231,1001,13,5,0.6,0.2,1000,restricted_50,aggregation,0.801372990631589,,,0.7156211186498687
5232,1001,13,5,0.6,0.2,1000,restricted_50,aggregation,0.8007347427477354,,,0.7148033447802197
5233,1001,13,5,0.6,0.2,1000,restricted_50,aggregation,0.7999544569234255,,,0.7136084367253117
5234,1001,13,5,0.6,0.2,1000,restricted_50,aggregation,0.8007199313422941,,,0.7141973846369679
5235,1001,13,5,0.6,0.2,1000,restricted_50,aggregation,0.8008632224207508,,,0.7153780707178623
5236,1001,13,5,0.6,0.2,1000,restricted_50,aggregation,0.8015793770220839,,,0.7159096858619776
5237,1001,13,5,0.6,0.2,1000,restricted_50,aggregation,0.801533288527663,,,0.7157925971482221
5238,1001,13,5,0.6,0.2,1000,restricted_50,aggregation,0.801145726168347,,,0.7151190806338723
5239,1001,13,5,0.6,0.2,1000,restricted_50,aggregation,0.801361229567658,,,0.7154106723831722
5240,1001,13,5,0.6,0.2,1000,restricted_50,aggregation,0.8013111025032735,,,0.7156306053051886
5241,1001,13,5,0.6,0.2,1000,restricted_50,aggregation,0.800935395817722,,,0.7146847709158126
5242,1001,13,5,0.6,0.2,1000,restricted_50,aggregation,0.8008230454230068,,,0.7146590288415288
5243,1001,13,5,0.6,0.2,1000,restricted_50,aggregation,0.8014282002788636,,,0.7154715753690754
5244,1001,13,5,0.6,0.2,1000,restricted_50,aggregation,0.8013698528852146,,,0.7154827507215007
5245,1001,13,5,0.6,0.2,1000,restricted_50,aggregation,0.8010937434316707,,,0.7148331723060889
5246,1001,13,5,0.6,0.2,1000,restricted_50,aggregation,0.8018103227249276,,,0.7154963571382321
5247,1001,13,5,0.6,0.2,1000,restricted_50,aggregation,0.8014491767789341,,,0.715487022730356
5248,1001,13,5,0.6,0.2,1000,restricted_50,aggregation,0.8003481639377973,,,0.7142569832173999
5249,1001,13,5,0.6,0.2,1000,restricted_50,aggregation,0.8007057249927612,,,0.7143536380209297
5250,1001,13,5,0.6,0.2,1000,restricted_50,aggregation,0.8017023126035533,,,0.715749142963518
5251,1001,13,5,0.6,0.2,1000,restricted_50,aggregation,0.8012411805735272,,,0.7150018193457777
5252,1001,13,5,0.6,0.2,1000,restricted_50,aggregation,0.801108421596938,,,0.7150190408202908
5253,1001,13,5,0.6,0.2,1000,restricted_50,aggregation,0.8003241299800423,,,0.7138557092984177
5254,1001,13,5,0.6,0.2,1000,restricted_50,aggregation,0.8013741775975948,,,0.7149197480991232
5255,1001,13,5,0.6,0.2,1000,restricted_50,aggregation,0.800947647885917,,,0.7143986924572342
5256,1001,13,5,0.6,0.2,1000,restricted_50,aggregation,0.8010832168806267,,,0.7144640453296703
5257,1001,13,5,0.6,0.2,1000,restricted_50,aggregation,0.8006357788993671,,,0.7141206843233927
5258,1001,13,5,0.6,0.2,1000,restricted_50,aggregation,0.8007748028561849,,,0.7144107043034126
5259,1001,13,5,0.6,0.2,1000,restricted_50,aggregation,0.8009509124757684,,,0.7146912864296198
5260,1001,13,5,0.6,0.2,1000,restricted_50,aggregation,0.8008269319135131,,,0.71519602817707
5261,1001,13,5,0.6,0.2,1000,restricted_50,aggregation,0.8009435887141884,,,0.7149360309597809
5262,1001,13,5,0.6,0.2,1000,restricted_50,aggregation,0.8015883747530839,,,0.7156371473048557
5263,1001,13,5,0.6,0.2,1000,restricted_50,aggregation,0.8006207060351131,,,0.7138941725558393
5264,1001,13,5,0.6,0.2,1000,restricted_50,aggregation,0.8008901714870665,,,0.7152444075446158
5265,1001,13,5,0.6,0.2,1000,restricted_50,aggregation,0.8005423362235422,,,0.7147121767969685
5266,1001,13,5,0.6,0.2,1000,restricted_50,aggregation,0.8006762661650236,,,0.7149936949778616
5267,1001,13,5,0.6,0.2,1000,restricted_50,aggregation,0.8011535894221945,,,0.7152374715639299
5268,1001,13,5,0.6,0.2,1000,restricted_50,aggregation,0.800700871860865,,,0.7151486865449366
5269,1001,13,5,0.6,0.2,1000,restricted_50,aggregation,0.8015439934515852,,,0.7156932231040565
5270,1001,13,5,0.6,0.2,1000,restricted_50,aggregation,0.8009733698425904,,,0.7145158994092327
5271,1001,13,5,0.6,0.2,1000,restricted_50,aggregation,0.8016606818687303,,,0.7159517630980131
5272,1001,13,5,0.6,0.2,1000,restricted_50,aggregation,0.8011752209414822,,,0.7150914017464017
5273,1001,13,5,0.6,0.2,1000,restricted_50,aggregation,0.800983180750661,,,0.7150096109137776
5274,1001,13,5,0.6,0.2,1000,restricted_50,aggregation,0.8016777047210989,,,0.7153305129438463
5275,1001,13,5,0.6,0.2,1000,restricted_50,aggregation,0.8008970637350085,,,0.7146920525153858
5276,1001,13,5,0.6,0.2,1000,restricted_50,aggregation,0.8013380089644052,,,0.7152854483171149
5277,1001,13,5,0.6,0.2,1000,restricted_50,aggregation,0.8012492018420558,,,0.715256487324404
5278,1001,13,5,0.6,0.2,1000,restricted_50,aggregation,0.8007357037008513,,,0.7144013541473959
5279,1001,13,5,0.6,0.2,1000,restricted_50,aggregation,0.8010060617139557,,,0.7150135755756588
5280,1001,13,5,0.6,0.2,1000,restricted_50,aggregation,0.8018769574314101,,,0.7154619807430224
5281,1001,13,5,0.6,0.2,1000,restricted_50,aggregation,0.8005453030734367,,,0.7141129772156856
5282,1001,13,5,0.6,0.2,1000,restricted_50,aggregation,0.8011377425567193,,,0.7149314123993291
5283,1001,13,5,0.6,0.2,1000,restricted_50,aggregation,0.8011774907894366,,,0.7147588470711388
5284,1001,13,5,0.6,0.2,1000,restricted_50,aggregation,0.8014805928375422,,,0.7152390680461513
5285,1001,13,5,0.6,0.2,1000,restricted_50,aggregation,0.8001954295685793,,,0.7141219575409159
5286,1001,13,5,0.6,0.2,1000,restricted_50,aggregation,0.802085823762799,,,0.7165533773942107
5287,1001,13,5,0.6,0.2,1000,restricted_50,aggregation,0.802029608661267,,,0.7159259969351636
5288,1001,13,5,0.6,0.2,1000,restricted_50,aggregation,0.8010279714308226,,,0.7149897013634514
5289,1001,13,5,0.6,0.2,1000,restricted_50,aggregation,0.8004936404670858,,,0.7142482306505222
5290,1001,13,5,0.6,0.2,1000,restricted_50,aggregation,0.800509090094516,,,0.7143004511460762
5291,1001,13,5,0.6,0.2,1000,restricted_50,aggregation,0.8013262261336697,,,0.7153714534308283
5292,1001,13,5,0.6,0.2,1000,restricted_50,aggregation,0.8008239848820244,,,0.7138478433449267
5293,1001,13,5,0.6,0.2,1000,restricted_50,aggregation,0.8009003987526466,,,0.7148325188006438
5294,1001,13,5,0.6,0.2,1000,restricted_50,aggregation,0.8019529377577435,,,0.7156172791791542
5295,1001,13,5,0.6,0.2,1000,restricted_50,aggregation,0.8008131844272337,,,0.714271827647661
5296,1001,13,5,0.6,0.2,1000,restricted_50,aggregation,0.800745297296,,,0.7148173664838248
5297,1001,13,5,0.6,0.2,1000,restricted_50,aggregation,0.8014372612174386,,,0.7158580342882426
5298,1001,13,5,0.6,0.2,1000,restricted_50,aggregation,0.8013085779551204,,,0.7155349982347899
5299,1001,13,5,0.6,0.2,1000,restricted_50,aggregation,0.8001825132871557,,,0.7135378690522441
5300,1001,13,5,0.6,0.2,1000,restricted_50,aggregation,0.8021115746450939,,,0.7159962145262146
5301,1001,13,5,0.6,0.2,1000,restricted_50,aggregation,0.8008245167222622,,,0.7149543270926605
5302,1001,13,5,0.6,0.2,1000,restricted_50,aggregation,0.8012994842239036,,,0.7154140330579914
5303,1001,13,5,0.6,0.2,1000,restricted_50,aggregation,0.8006297973502635,,,0.7149465572467656
5304,1001,13,5,0.6,0.2,1000,restricted_50,aggregation,0.8003407986868732,,,0.7139750339167006
5305,1001,13,5,0.6,0.2,1000,restricted_50,aggregation,0.8008149725606648,,,0.7144205702322369
5306,1001,13,5,0.6,0.2,1000,restricted_50,aggregation,0.8014998233474906,,,0.7155108744881662
5307,1001,13,5,0.6,0.2,1000,restricted_50,aggregation,0.80135540107776,,,0.7154898784086285
5308,1001,13,5,0.6,0.2,1000,restricted_50,aggregation,0.8012612465556176,,,0.7150376393359726
5309,1001,13,5,0.6,0.2,1000,restricted_50,aggregation,0.8006791646697556,,,0.7142553550384799
5310,1001,13,5,0.6,0.2,1000,restricted_50,aggregation,0.8005938557077196,,,0.7144363750601251
5311,1001,13,5,0.6,0.2,1000,restricted_50,aggregation,0.8008489387229123,,,0.7145978679807846
5312,1001,13,5,0.6,0.2,1000,restricted_50,aggregation,0.8013368173486802,,,0.7146178088269755
5313,1001,13,5,0.6,0.2,1000,restricted_50,aggregation,0.8018815025199527,,,0.7160755337255338
5314,1001,13,5,0.6,0.2,1000,restricted_50,aggregation,0.8019824221304658,,,0.715854293723252
5315,1001,13,5,0.6,0.2,1000,restricted_50,aggregation,0.8013804961923598,,,0.715967929262096
5316,1001,13,5,0.6,0.2,1000,restricted_50,aggregation,0.8013268540705969,,,0.714879553717887
5317,1001,13,5,0.6,0.2,1000,restricted_50,aggregation,0.8003985902259829,,,0.7135774387957722
5318,1001,13,5,0.6,0.2,1000,restricted_50,aggregation,0.8005871366103338,,,0.7143709096382013
5319,1001,13,5,0.6,0.2,1000,restricted_50,aggregation,0.8006857926579564,,,0.7141910749898249
5320,1001,13,5,0.6,0.2,1000,restricted_50,aggregation,0.8013802511296347,,,0.7154760227503978
5321,1001,13,5,0.6,0.2,1000,restricted_50,aggregation,0.8010121737471582,,,0.7148896066048149
5322,1001,13,5,0.6,0.2,1000,restricted_50,aggregation,0.8005312720474811,,,0.7141657979366313
5323,1001,13,5,0.6,0.2,1000,restricted_50,aggregation,0.8006956589991173,,,0.7142349722114305
5324,1001,13,5,0.6,0.2,1000,restricted_50,aggregation,0.8005934224243908,,,0.7143371437590187
5325,1001,13,5,0.6,0.2,1000,restricted_50,aggregation,0.8011866261263614,,,0.7148751948283198
5326,1001,13,5,0.6,0.2,1000,restricted_50,aggregation,0.8006411029001679,,,0.714076446709155
5327,1001,13,5,0.6,0.2,1000,restricted_50,aggregation,0.8013383194642796,,,0.7154786981691148
5328,1001,13,5,0.6,0.2,1000,restricted_50,aggregation,0.800371054978527,,,0.7134983231891566
5329,1001,13,5,0.6,0.2,1000,restricted_50,aggregation,0.8000901789259571,,,0.7138294508654925
5330,1001,13,5,0.6,0.2,1000,restricted_50,aggregation,0.8012139459340095,,,0.7146000947355114
5331,1001,13,5,0.6,0.2,1000,restricted_50,aggregation,0.8007479033001059,,,0.7142274037921954
5332,1001,13,5,0.6,0.2,1000,restricted_50,aggregation,0.8007833613547305,,,0.7151321652729986
5333,1001,13,5,0.6,0.2,1000,restricted_50,aggregation,0.801166556146994,,,0.7153882756980674
5334,1001,13,5,0.6,0.2,1000,restricted_50,aggregation,0.8001848993617561,,,0.7140040020087937
5335,1001,13,5,0.6,0.2,1000,restricted_50,aggregation,0.8010875056373106,,,0.714947815394482
5336,1001,13,5,0.6,0.2,1000,restricted_50,aggregation,0.8014499826755038,,,0.7155683029855947
5337,1001,13,5,0.6,0.2,1000,restricted_50,aggregation,0.8015792885063193,,,0.7157619234392151
5338,1001,13,5,0.6,0.2,1000,restricted_50,aggregation,0.8006112721062483,,,0.7144426274188773
5339,1001,13,5,0.6,0.2,1000,restricted_50,aggregation,0.8005562953091013,,,0.7142297165797166
5340,1001,13,5,0.6,0.2,1000,restricted_50,aggregation,0.8006433713669624,,,0.7148570765114516
5341,1001,13,5,0.6,0.2,1000,restricted_50,aggregation,0.8016784876588009,,,0.7157831623931624
5342,1001,13,5,0.6,0.2,1000,restricted_50,aggregation,0.7996716495883012,,,0.7134312089453756
5343,1001,13,5,0.6,0.2,1000,restricted_50,aggregation,0.8017285950568205,,,0.7156727434217016
5344,1001,13,5,0.6,0.2,1000,restricted_50,aggregation,0.8005096716249598,,,0.714642696007696
5345,1001,13,5,0.6,0.2,1000,restricted_50,aggregation,0.801308538074966,,,0.71533604662313
5346,1001,13,5,0.6,0.2,1000,restricted_50,aggregation,0.8007008974338564,,,0.7145392450296617
5347,1001,13,5,0.6,0.2,1000,restricted_50,aggregation,0.8007335237861956,,,0.7145901602024519
5348,1001,13,5,0.6,0.2,1000,restricted_50,aggregation,0.8011985843489045,,,0.7155133869679704
5349,1001,13,5,0.6,0.2,1000,restricted_50,aggregation,0.8011628971483991,,,0.7154445668143584
5350,1001,13,5,0.6,0.2,1000,restricted_50,aggregation,0.8012064340039736,,,0.715277649603483
5351,1001,13,5,0.6,0.2,1000,restricted_50,aggregation,0.8010329113992216,,,0.7153655823574574
5352,1001,13,5,0.6,0.2,1000,restricted_50,aggregation,0.8013014804010499,,,0.7149846809055143
5353,1001,13,5,0.6,0.2,1000,restricted_50,aggregation,0.8007574279235938,,,0.7146143397035064
5354,1001,13,5,0.6,0.2,1000,restricted_50,aggregation,0.8019920771145641,,,0.7160787688700189
5355,1001,13,5,0.6,0.2,1000,restricted_50,aggregation,0.8015931533982037,,,0.7161866679770847
5356,1001,13,5,0.6,0.2,1000,restricted_50,aggregation,0.8012673507738558,,,0.7152833315758317
5357,1001,13,5,0.6,0.2,1000,restricted_50,aggregation,0.8012062791687259,,,0.7152485889727557
5358,1001,13,5,0.6,0.2,1000,restricted_50,aggregation,0.8011414017681472,,,0.7149402627773461
5359,1001,13,5,0.6,0.2,1000,restricted_50,aggregation,0.8005322807685239,,,0.7150235670039837
5360,1001,13,5,0.6,0.2,1000,restricted_50,aggregation,0.8015577625565318,,,0.7155300980423897
5361,1001,13,5,0.6,0.2,1000,restricted_50,aggregation,0.8019208053162371,,,0.7159343879345963
5362,1001,13,5,0.6,0.2,1000,restricted_50,aggregation,0.802024567051753,,,0.7158786374350958
5363,1001,13,5,0.6,0.2,1000,restricted_50,aggregation,0.80110941692743,,,0.7151360941296359
5364,1001,13,5,0.6,0.2,1000,restricted_50,aggregation,0.8004605511950017,,,0.7147865832007498
5365,1001,13,5,0.6,0.2,1000,restricted_50,aggregation,0.8012966348044723,,,0.7150661425534341
5366,1001,13,5,0.6,0.2,1000,restricted_50,aggregation,0.8019660149063386,,,0.715980984694318
5367,1001,13,5,0.6,0.2,1000,restricted_50,aggregation,0.8025775150624391,,,0.7167039264747598
5368,1001,13,5,0.6,0.2,1000,restricted_50,aggregation,0.8015119377514487,,,0.7156330973655973
5369,1001,13,5,0.6,0.2,1000,restricted_50,aggregation,0.8002195735787961,,,0.7134843533087283
5370,1001,13,5,0.6,0.2,1000,restricted_50,aggregation,0.8011257585817603,,,0.7146370010236679
5371,1001,13,5,0.6,0.2,1000,restricted_50,aggregation,0.7998635501296014,,,0.7135884480411564
5372,1001,13,5,0.6,0.2,1000,restricted_50,aggregation,0.8021516182892064,,,0.7160205585926419
5373,1001,13,5,0.6,0.2,1000,restricted_50,aggregation,0.8020776234747505,,,0.7161244850288601
5374,1001,13,5,0.6,0.2,1000,restricted_50,aggregation,0.8028919986744828,,,0.717131137573846
5375,1001,13,5,0.6,0.2,1000,restricted_50,aggregation,0.8018159332692768,,,0.7159498368760868
5376,1001,13,5,0.6,0.2,1000,restricted_50,aggregation,0.8014693030274623,,,0.7151132978364229
5377,1001,13,5,0.6,0.2,1000,restricted_50,aggregation,0.8017123487068755,,,0.7157768423783006
5378,1001,13,5,0.6,0.2,1000,restricted_50,aggregation,0.8003848852054629,,,0.7142436226582058
5379,1001,13,5,0.6,0.2,1000,restricted_50,aggregation,0.801555485389287,,,0.7154670719866552
5380,1001,13,5,0.6,0.2,1000,restricted_50,aggregation,0.8019137650126863,,,0.7154816518049852
5381,1001,13,5,0.6,0.2,1000,restricted_50,aggregation,0.8015464551790772,,,0.7152755801220385
5382,1001,13,5,0.6,0.2,1000,restricted_50,aggregation,0.8006175796730971,,,0.7144289320247654
5383,1001,13,5,0.6,0.2,1000,restricted_50,aggregation,0.8006943579634301,,,0.7148085546629297
5384,1001,13,5,0.6,0.2,1000,restricted_50,aggregation,0.8014980976269491,,,0.7155997558460059
5385,1001,13,5,0.6,0.2,1000,restricted_50,aggregation,0.8010047591471716,,,0.714747469035594
5386,1001,13,5,0.6,0.2,1000,restricted_50,aggregation,0.8019350894764923,,,0.7165023153312737
5387,1001,13,5,0.6,0.2,1000,restricted_50,aggregation,0.8012992683835859,,,0.7152140321561156
5388,1001,13,5,0.6,0.2,1000,restricted_50,aggregation,0.8013780846481037,,,0.7148427595167178
5389,1001,13,5,0.6,0.2,1000,restricted_50,aggregation,0.8009802827551752,,,0.7147600469437969
5390,1001,13,5,0.6,0.2,1000,restricted_50,aggregation,0.8014471561198973,,,0.7151079751961001
5391,1001,13,5,0.6,0.2,1000,restricted_50,aggregation,0.8009658221469533,,,0.7148559379740629
5392,1001,13,5,0.6,0.2,1000,restricted_50,aggregation,0.8013603602638957,,,0.7155671296296297
5393,1001,13,5,0.6,0.2,1000,restricted_50,aggregation,0.8003283020245959,,,0.7137263923653507
5394,1001,13,5,0.6,0.2,1000,restricted_50,aggregation,0.8007792119766267,,,0.714457547938173
5395,1001,13,5,0.6,0.2,1000,restricted_50,aggregation,0.8013231689417853,,,0.7153020520143437
5396,1001,13,5,0.6,0.2,1000,restricted_50,aggregation,0.8005812235764203,,,0.7146039705741789
5397,1001,13,5,0.6,0.2,1000,restricted_50,aggregation,0.8017128891617399,,,0.7161728351047101
5398,1001,13,5,0.6,0.2,1000,restricted_50,aggregation,0.8015178216996361,,,0.7155216628356212
5399,1001,13,5,0.6,0.2,1000,restricted_50,aggregation,0.8015309129783663,,,0.7150289075893244
5400,1001,13,5,0.6,0.2,1000,restricted_50,aggregation,0.8010179060823883,,,0.71497347167493
5401,1001,13,5,0.6,0.2,1000,restricted_50,aggregation,0.8016790217708005,,,0.7155074240651325
5402,1001,13,5,0.6,0.2,1000,restricted_50,aggregation,0.8008024722081654,,,0.7143895396655814
5403,1001,13,5,0.6,0.2,1000,restricted_50,aggregation,0.8007221254983982,,,0.7145927424658675
5404,1001,13,5,0.6,0.2,1000,restricted_50,aggregation,0.8010681046844192,,,0.7143268253737004
5405,1001,13,5,0.6,0.2,1000,restricted_50,aggregation,0.801790083278403,,,0.7156189302133052
5406,1001,13,5,0.6,0.2,1000,restricted_50,aggregation,0.8013963932639345,,,0.7154809967732885
5407,1001,13,5,0.6,0.2,1000,restricted_50,aggregation,0.8015514301529769,,,0.7153234119815369
5408,1001,13,5,0.6,0.2,1000,restricted_50,aggregation,0.7999886831410494,,,0.71423793830398
5409,1001,13,5,0.6,0.2,1000,restricted_50,aggregation,0.8007825412453193,,,0.7152402410166994
5410,1001,13,5,0.6,0.2,1000,restricted_50,aggregation,0.800702076914111,,,0.7147622022267855
5411,1001,13,5,0.6,0.2,1000,restricted_50,aggregation,0.80134481857366,,,0.7150461788288872
5412,1001,13,5,0.6,0.2,1000,restricted_50,aggregation,0.801803182587566,,,0.7160236323938407
5413,1001,13,5,0.6,0.2,1000,restricted_50,aggregation,0.8006394001692438,,,0.7144174036380286
5414,1001,13,5,0.6,0.2,1000,restricted_50,aggregation,0.8008621612402642,,,0.714496634939135
5415,1001,13,5,0.6,0.2,1000,restricted_50,aggregation,0.8017339992973916,,,0.7154719365588116
5416,1001,13,5,0.6,0.2,1000,restricted_50,aggregation,0.800755055427874,,,0.7145915071733822
5417,1001,13,5,0.6,0.2,1000,restricted_50,aggregation,0.8009527959890377,,,0.7145215093548427
5418,1001,13,5,0.6,0.2,1000,restricted_50,aggregation,0.8007240400977315,,,0.7147232691305607
5419,1001,13,5,0.6,0.2,1000,restricted_50,aggregation,0.8017544185282403,,,0.7159228544680627
5420,1001,13,5,0.6,0.2,1000,restricted_50,aggregation,0.8014661884766247,,,0.7155762129614214
5421,1001,13,5,0.6,0.2,1000,restricted_50,aggregation,0.8012816744239266,,,0.7153054791119375
5422,1001,13,5,0.6,0.2,1000,restricted_50,aggregation,0.8005028190406569,,,0.7145172412772413
5423,1001,13,5,0.6,0.2,1000,restricted_50,aggregation,0.8012676111364792,,,0.7152360195822697
5424,1001,13,5,0.6,0.2,1000,restricted_50,aggregation,0.8013441221328864,,,0.7152637272989356
5425,1001,13,5,0.6,0.2,1000,restricted_50,aggregation,0.8006366835445091,,,0.7144430149711399
5426,1001,13,5,0.6,0.2,1000,restricted_50,aggregation,0.8002961765943609,,,0.7138902716419382
5427,1001,13,5,0.6,0.2,1000,restricted_50,aggregation,0.8007741676882656,,,0.7146378295084544
5428,1001,13,5,0.6,0.2,1000,restricted_50,aggregation,0.8003741591179367,,,0.7140481392912643
5429,1001,13,5,0.6,0.2,1000,restricted_50,aggregation,0.8004204544985333,,,0.7145062239689324
5430,1001,13,5,0.6,0.2,1000,restricted_50,aggregation,0.8012818240404779,,,0.7154023208350292
5431,1001,13,5,0.6,0.2,1000,restricted_50,aggregation,0.8012967026710137,,,0.7153105465136715
5432,1001,13,5,0.6,0.2,1000,restricted_50,aggregation,0.8009786466832987,,,0.7146826347495098
5433,1001,13,5,0.6,0.2,1000,restricted_50,aggregation,0.8006280414664134,,,0.7145517724867725
5434,1001,13,5,0.6,0.2,1000,restricted_50,aggregation,0.8015177651448889,,,0.714967244298911
5435,1001,13,5,0.6,0.2,1000,restricted_50,aggregation,0.8006444126932398,,,0.7144696797184298
5436,1001,13,5,0.6,0.2,1000,restricted_50,aggregation,0.8000387295000952,,,0.7135865271919439
5437,1001,13,5,0.6,0.2,1000,restricted_50,aggregation,0.8013551470743279,,,0.7157183970890221
5438,1001,13,5,0.6,0.2,1000,restricted_50,aggregation,0.800992218343517,,,0.7148226899720649
5439,1001,13,5,0.6,0.2,1000,restricted_50,aggregation,0.8011363671312294,,,0.7153927062983313
5440,1001,13,5,0.6,0.2,1000,restricted_50,aggregation,0.8009929998881493,,,0.7152303785180869
5441,1001,13,5,0.6,0.2,1000,restricted_50,aggregation,0.8019274113682621,,,0.7156345460326711
5442,1001,13,5,0.6,0.2,1000,restricted_50,aggregation,0.8017620211182802,,,0.7159868240093241
5443,1001,13,5,0.6,0.2,1000,restricted_50,aggregation,0.8016583824001767,,,0.7155718580108162
5444,1001,13,5,0.6,0.2,1000,restricted_50,aggregation,0.8009649238276176,,,0.7144110117660118
5445,1001,13,5,0.6,0.2,1000,restricted_50,aggregation,0.8007375544954254,,,0.7143263750215834
5446,1001,13,5,0.6,0.2,1000,restricted_50,aggregation,0.8010847286262998,,,0.7148875218685636
5447,1001,13,5,0.6,0.2,1000,restricted_50,aggregation,0.8011876892593789,,,0.715403001658835
5448,1001,13,5,0.6,0.2,1000,restricted_50,aggregation,0.8009047810717075,,,0.7145726349422182
5449,1001,13,5,0.6,0.2,1000,restricted_50,aggregation,0.8002863604311486,,,0.7136509073565325
5450,1001,13,5,0.6,0.2,1000,restricted_50,aggregation,0.801153447569512,,,0.7148690290342373
5451,1001,13,5,0.6,0.2,1000,restricted_50,aggregation,0.8014476436073775,,,0.7150765477500893
5452,1001,13,5,0.6,0.2,1000,restricted_50,aggregation,0.8009568493960969,,,0.7146141808114725
5453,1001,13,5,0.6,0.2,1000,restricted_50,aggregation,0.8013410194165234,,,0.7145184434701102
5454,1001,13,5,0.6,0.2,1000,restricted_50,aggregation,0.8014357989632822,,,0.7154202959925877
5455,1001,13,5,0.6,0.2,1000,restricted_50,aggregation,0.8011546943279644,,,0.7148009357617691
5456,1001,13,5,0.6,0.2,1000,restricted_50,aggregation,0.8009807280983969,,,0.7154413835547169
5457,1001,13,5,0.6,0.2,1000,restricted_50,aggregation,0.8011355178081729,,,0.7147713347763348
5458,1001,13,5,0.6,0.2,1000,restricted_50,aggregation,0.8010964227112753,,,0.7153591630360381
5459,1001,13,5,0.6,0.2,1000,restricted_50,aggregation,0.8009936852666332,,,0.7145829950990368
5460,1001,13,5,0.6,0.2,1000,restricted_50,aggregation,0.8020261842229585,,,0.7165237952325453
5461,1001,13,5,0.6,0.2,1000,restricted_50,aggregation,0.8014829775170382,,,0.7157271954588621
5462,1001,13,5,0.6,0.2,1000,restricted_50,aggregation,0.8008763786152882,,,0.7144344098108681
5463,1001,13,5,0.6,0.2,1000,restricted_50,aggregation,0.8010388366836861,,,0.7146962297501881
5464,1001,13,5,0.6,0.2,1000,restricted_50,aggregation,0.800869698337311,,,0.7144301393436809
5465,1001,13,5,0.6,0.2,1000,restricted_50,aggregation,0.8016405695150162,,,0.7159633830212997
5466,1001,13,5,0.6,0.2,1000,restricted_50,aggregation,0.8004911222410475,,,0.7140039986479569
5467,1001,13,5,0.6,0.2,1000,restricted_50,aggregation,0.801611944241269,,,0.7155943793243793
5468,1001,13,5,0.6,0.2,1000,restricted_50,aggregation,0.80018264218225,,,0.7135377201733452
5469,1001,13,5,0.6,0.2,1000,restricted_50,aggregation,0.8000669966147955,,,0.7136939658027157
5470,1001,13,5,0.6,0.2,1000,restricted_50,aggregation,0.8012653440813271,,,0.7150913797699215
5471,1001,13,5,0.6,0.2,1000,restricted_50,aggregation,0.7996854514215405,,,0.713058779314821
5472,1001,13,5,0.6,0.2,1000,restricted_50,aggregation,0.8021103831520325,,,0.715997895946646
5473,1001,13,5,0.6,0.2,1000,restricted_50,aggregation,0.8006883472071095,,,0.7142258999488167
5474,1001,13,5,0.6,0.2,1000,restricted_50,aggregation,0.801240335561679,,,0.7150360269899854
5475,1001,13,5,0.6,0.2,1000,restricted_50,aggregation,0.8018610820230696,,,0.7157933413345913
5476,1001,13,5,0.6,0.2,1000,restricted_50,aggregation,0.8007719805410748,,,0.7148322133730467
5477,1001,13,5,0.6,0.2,1000,restricted_50,aggregation,0.8013046944803177,,,0.7155369471654889
5478,1001,13,5,0.6,0.2,1000,restricted_50,aggregation,0.8005815837820396,,,0.7146150367764952
5479,1001,13,5,0.6,0.2,1000,restricted_50,aggregation,0.8011984160432567,,,0.715366273032523
5480,1001,13,5,0.6,0.2,1000,restricted_50,aggregation,0.8006087463043671,,,0.7143860337347837
5481,1001,13,5,0.6,0.2,1000,restricted_50,aggregation,0.8010224477841711,,,0.7140810322547824
5482,1001,13,5,0.6,0.2,1000,restricted_50,aggregation,0.8016125374691417,,,0.7161943587199837
5483,1001,13,5,0.6,0.2,1000,restricted_50,aggregation,0.8003872977579761,,,0.7144165200000617
5484,1001,13,5,0.6,0.2,1000,restricted_50,aggregation,0.8013734094148559,,,0.7154594341229759
5485,1001,13,5,0.6,0.2,1000,restricted_50,aggregation,0.8011642733510129,,,0.714823024259691
5486,1001,13,5,0.6,0.2,1000,restricted_50,aggregation,0.8006064079420167,,,0.7143979598873349
5487,1001,13,5,0.6,0.2,1000,restricted_50,aggregation,0.8009465656112794,,,0.715028477325144
5488,1001,13,5,0.6,0.2,1000,restricted_50,aggregation,0.8012107253270087,,,0.7152247725653975
5489,1001,13,5,0.6,0.2,1000,restricted_50,aggregation,0.8009304314651096,,,0.7148249374159792
5490,1001,13,5,0.6,0.2,1000,restricted_50,aggregation,0.8009992366858276,,,0.7147444742525992
5491,1001,13,5,0.6,0.2,1000,restricted_50,aggregation,0.8004463842183948,,,0.714634163737497
5492,1001,13,5,0.6,0.2,1000,restricted_50,aggregation,0.8009429002755584,,,0.7148720604010188
5493,1001,13,5,0.6,0.2,1000,restricted_50,aggregation,0.8014290692445519,,,0.7149323390421308
5494,1001,13,5,0.6,0.2,1000,restricted_50,aggregation,0.8008135418258138,,,0.7146824815693565
5495,1001,13,5,0.6,0.2,1000,restricted_50,aggregation,0.8010702241640796,,,0.7147652707631875
5496,1001,13,5,0.6,0.2,1000,restricted_50,aggregation,0.8014202818396702,,,0.7155558427529262
5497,1001,13,5,0.6,0.2,1000,restricted_50,aggregation,0.8003180261024013,,,0.7139553474920142
5498,1001,13,5,0.6,0.2,1000,restricted_50,aggregation,0.8016917975043494,,,0.7154372467193301
5499,1001,13,5,0.6,0.2,1000,restricted_50,aggregation,0.8003210418583179,,,0.7143194557525808
5500,1001,13,5,0.6,0.2,1000,restricted_50,aggregation,0.8007208019029332,,,0.7149322206882623
5501,1001,13,5,0.6,0.2,1000,restricted_50,aggregation,0.8011199555409225,,,0.7154665330888248
5502,1001,13,5,0.6,0.2,1000,restricted_50,aggregation,0.8012533444819674,,,0.7154171770513439
5503,1001,13,5,0.6,0.2,1000,restricted_50,aggregation,0.8019773928290402,,,0.7161409215938382
5504,1001,13,5,0.6,0.2,1000,restricted_50,aggregation,0.8024434617876927,,,0.7167244245569246
5505,1001,13,5,0.6,0.2,1000,restricted_50,aggregation,0.8007629458303149,,,0.7145564761087678
5506,1001,13,5,0.6,0.2,1000,restricted_50,aggregation,0.8015831277169843,,,0.7154638699880367
5507,1001,13,5,0.6,0.2,1000,restricted_50,aggregation,0.8022651514047536,,,0.7161458470773054
5508,1001,13,5,0.6,0.2,1000,restricted_50,aggregation,0.7998044150551251,,,0.7138526610889111
5509,1001,13,5,0.6,0.2,1000,restricted_50,aggregation,0.8020370063943902,,,0.7161716913641913
5510,1001,13,5,0.6,0.2,1000,restricted_50,aggregation,0.8019678102620192,,,0.7160828029532196
5511,1001,13,5,0.6,0.2,1000,restricted_50,aggregation,0.8018209217578306,,,0.7156055556018056
5512,1001,13,5,0.6,0.2,1000,restricted_50,aggregation,0.8021096609873803,,,0.7163125232946066
5513,1001,13,5,0.6,0.2,1000,restricted_50,aggregation,0.8014752318799859,,,0.7154212451745785
5514,1001,13,5,0.6,0.2,1000,restricted_50,aggregation,0.8012054194380605,,,0.7152964908316991
5515,1001,13,5,0.6,0.2,1000,restricted_50,aggregation,0.8012813584810206,,,0.7149312671664755
5516,1001,13,5,0.6,0.2,1000,restricted_50,aggregation,0.8012383302061334,,,0.7151710562200145
5517,1001,13,5,0.6,0.2,1000,restricted_50,aggregation,0.8000284152893282,,,0.7136276515074432
5518,1001,13,5,0.6,0.2,1000,restricted_50,aggregation,0.8014472447576146,,,0.7153250885765469
5519,1001,13,5,0.6,0.2,1000,restricted_50,aggregation,0.8010125507615353,,,0.7147342631211381
5520,1001,13,5,0.6,0.2,1000,restricted_50,aggregation,0.8011945107544266,,,0.7151625586604753
5521,1001,13,5,0.6,0.2,1000,restricted_50,aggregation,0.8007836525561545,,,0.7145195248424415
5522,1001,13,5,0.6,0.2,1000,restricted_50,aggregation,0.8014174664383646,,,0.7152340572005156
5523,1001,13,5,0.6,0.2,1000,restricted_50,aggregation,0.8019033441421004,,,0.7158795421014171
5524,1001,13,5,0.6,0.2,1000,restricted_50,aggregation,0.8012214696533775,,,0.7148539254033004
5525,1001,13,5,0.6,0.2,1000,restricted_50,aggregation,0.8015698677837314,,,0.7159736127375711
5526,1001,13,5,0.6,0.2,1000,restricted_50,aggregation,0.8006339542924443,,,0.7141204771000604
5527,1001,13,5,0.6,0.2,1000,restricted_50,aggregation,0.8015835211770908,,,0.7158950960459294
5528,1001,13,5,0.6,0.2,1000,restricted_50,aggregation,0.8004416484153087,,,0.714319994303536
5529,1001,13,5,0.6,0.2,1000,restricted_50,aggregation,0.8010740702204389,,,0.7152017401656985
5530,1001,13,5,0.6,0.2,1000,restricted_50,aggregation,0.8002954010684588,,,0.7137952936646687
5531,1001,13,5,0.6,0.2,1000,restricted_50,aggregation,0.801360639740788,,,0.7148253584686918
5532,1001,13,5,0.6,0.2,1000,restricted_50,aggregation,0.8013161439516092,,,0.7151150175210592
5533,1001,13,5,0.6,0.2,1000,restricted_50,aggregation,0.8012130255571241,,,0.715272730410022
5534,1001,13,5,0.6,0.2,1000,restricted_50,aggregation,0.8014523300916467,,,0.7151798885759302
5535,1001,13,5,0.6,0.2,1000,restricted_50,aggregation,0.800822095652023,,,0.714960250752334
5536,1001,13,5,0.6,0.2,1000,restricted_50,aggregation,0.8008857335378659,,,0.7148415660111493
5537,1001,13,5,0.6,0.2,1000,restricted_50,aggregation,0.8017786044069602,,,0.7154011369494703
5538,1001,13,5,0.6,0.2,1000,restricted_50,aggregation,0.8004939961568657,,,0.7139949565326649
5539,1001,13,5,0.6,0.2,1000,restricted_50,aggregation,0.8003204452779198,,,0.7138486481882316
5540,1001,13,5,0.6,0.2,1000,restricted_50,aggregation,0.8012293644774002,,,0.7152778701314118
5541,1001,13,5,0.6,0.2,1000,restricted_50,aggregation,0.8011122825929233,,,0.7148207640815973
5542,1001,13,5,0.6,0.2,1000,restricted_50,aggregation,0.800768026398813,,,0.714828642368434
5543,1001,13,5,0.6,0.2,1000,restricted_50,aggregation,0.8011112052638387,,,0.7154889623108374
5544,1001,13,5,0.6,0.2,1000,restricted_50,aggregation,0.8005022743819252,,,0.7140863855511772
5545,1001,13,5,0.6,0.2,1000,restricted_50,aggregation,0.801010134194047,,,0.7149799857935274
5546,1001,13,5,0.6,0.2,1000,restricted_50,aggregation,0.8013828290357207,,,0.7154195607633107
5547,1001,13,5,0.6,0.2,1000,restricted_50,aggregation,0.802158196848803,,,0.7162192825846992
5548,1001,13,5,0.6,0.2,1000,restricted_50,aggregation,0.8006488508556562,,,0.7142952087495839
5549,1001,13,5,0.6,0.2,1000,restricted_50,aggregation,0.8009033033537162,,,0.7147008257329089
5550,1001,13,5,0.6,0.2,1000,restricted_50,aggregation,0.8002027256272803,,,0.7140808853723437
5551,1001,13,5,0.6,0.2,1000,restricted_50,aggregation,0.8009783757980861,,,0.714710725624684
5552,1001,13,5,0.6,0.2,1000,restricted_50,aggregation,0.8006133356313047,,,0.7143715878334629
5553,1001,13,5,0.6,0.2,1000,restricted_50,aggregation,0.8015811533822499,,,0.7156714576395826
5554,1001,13,5,0.6,0.2,1000,restricted_50,aggregation,0.8003549569472406,,,0.7140853349736683
5555,1001,13,5,0.6,0.2,1000,restricted_50,aggregation,0.8005751352615919,,,0.7140031401545985
5556,1001,13,5,0.6,0.2,1000,restricted_50,aggregation,0.8021359441468296,,,0.716405692039442
5557,1001,13,5,0.6,0.2,1000,restricted_50,aggregation,0.8000996619912322,,,0.7139563374434208
5558,1001,13,5,0.6,0.2,1000,restricted_50,aggregation,0.8012290035521635,,,0.7152229922084089
5559,1001,13,5,0.6,0.2,1000,restricted_50,aggregation,0.8011592443265755,,,0.7151190736963653
5560,1001,13,5,0.6,0.2,1000,restricted_50,aggregation,0.8010544925080658,,,0.7151624834039417
5561,1001,13,5,0.6,0.2,1000,restricted_50,aggregation,0.8013645354826302,,,0.7149510223110224
5562,1001,13,5,0.6,0.2,1000,restricted_50,aggregation,0.8016508054871992,,,0.7156529099912433
5563,1001,13,5,0.6,0.2,1000,restricted_50,aggregation,0.8020705449255958,,,0.7157133006268424
5564,1001,13,5,0.6,0.2,1000,restricted_50,aggregation,0.8008586117417694,,,0.714734284681368
5565,1001,13,5,0.6,0.2,1000,restricted_50,aggregation,0.8023316471911355,,,0.7166999511984928
5566,1001,13,5,0.6,0.2,1000,restricted_50,aggregation,0.8004444156141005,,,0.7146678620068203
5567,1001,13,5,0.6,0.2,1000,restricted_50,aggregation,0.8008477995693295,,,0.7145224641407975
5568,1001,13,5,0.6,0.2,1000,restricted_50,aggregation,0.8015880700790121,,,0.7155553755657923
5569,1001,13,5,0.6,0.2,1000,restricted_50,aggregation,0.8009049634116849,,,0.714454194293361
5570,1001,13,5,0.6,0.2,1000,restricted_50,aggregation,0.8017660968036454,,,0.7151722852456186
5571,1001,13,5,0.6,0.2,1000,restricted_50,aggregation,0.8012146800154898,,,0.714861025648734
5572,1001,13,5,0.6,0.2,1000,restricted_50,aggregation,0.8008244233034707,,,0.715172706290623
5573,1001,13,5,0.6,0.2,1000,restricted_50,aggregation,0.8011269711000807,,,0.7145648633388216
5574,1001,13,5,0.6,0.2,1000,restricted_50,aggregation,0.8008850442657711,,,0.7146981494816911
5575,1001,13,5,0.6,0.2,1000,restricted_50,aggregation,0.8016863404481572,,,0.715959508785967
5576,1001,13,5,0.6,0.2,1000,restricted_50,aggregation,0.8026212719325307,,,0.7170136660484576
5577,1001,13,5,0.6,0.2,1000,restricted_50,aggregation,0.8013322280797552,,,0.7147917693880194
5578,1001,13,5,0.6,0.2,1000,restricted_50,aggregation,0.8010308762579325,,,0.7147259288319706
5579,1001,13,5,0.6,0.2,1000,restricted_50,aggregation,0.8001098947920582,,,0.7137124733368483
5580,1001,13,5,0.6,0.2,1000,restricted_50,aggregation,0.8008484022027944,,,0.7146066423006007
5581,1001,13,5,0.6,0.2,1000,restricted_50,aggregation,0.8012392192609614,,,0.715710219333136
5582,1001,13,5,0.6,0.2,1000,restricted_50,aggregation,0.8010862839706382,,,0.7147121674621675
5583,1001,13,5,0.6,0.2,1000,restricted_50,aggregation,0.8012347690834632,,,0.7154115407509157
5584,1001,13,5,0.6,0.2,1000,restricted_50,aggregation,0.8006024245232879,,,0.7141370079149245
5585,1001,13,5,0.6,0.2,1000,restricted_50,aggregation,0.8009654036093654,,,0.7145467427402844
5586,1001,13,5,0.6,0.2,1000,restricted_50,aggregation,0.8008838551641072,,,0.7152906334637584
5587,1001,13,5,0.6,0.2,1000,restricted_50,aggregation,0.8008189702246865,,,0.714758729611438
5588,1001,13,5,0.6,0.2,1000,restricted_50,aggregation,0.8020248078687233,,,0.7156141089774424
5589,1001,13,5,0.6,0.2,1000,restricted_50,aggregation,0.800271817854702,,,0.7132278409630494
5590,1001,13,5,0.6,0.2,1000,restricted_50,aggregation,0.8008868022389266,,,0.714566704961705
5591,1001,13,5,0.6,0.2,1000,restricted_50,aggregation,0.8013316571855411,,,0.71505693001443
5592,1001,13,5,0.6,0.2,1000,restricted_50,aggregation,0.8014703682059917,,,0.7153801298007546
5593,1001,13,5,0.6,0.2,1000,restricted_50,aggregation,0.8012829344719904,,,0.7152316741591742
5594,1001,13,5,0.6,0.2,1000,restricted_50,aggregation,0.799982732085679,,,0.7135861995489079
5595,1001,13,5,0.6,0.2,1000,restricted_50,aggregation,0.8013006161289755,,,0.7152617104500437
5596,1001,13,5,0.6,0.2,1000,restricted_50,aggregation,0.8010685192435051,,,0.7147562214020547
5597,1001,13,5,0.6,0.2,1000,restricted_50,aggregation,0.8008885528319369,,,0.7148794191148358
5598,1001,13,5,0.6,0.2,1000,restricted_50,aggregation,0.8000582365571087,,,0.7135150321206571
5599,1001,13,5,0.6,0.2,1000,restricted_50,aggregation,0.8012889922993207,,,0.7153889653093819
5600,1001,13,5,0.6,0.2,1000,restricted_50,aggregation,0.8005585381539537,,,0.7140346359890111
5601,1001,13,5,0.6,0.2,1000,restricted_50,aggregation,0.8010750739540322,,,0.7153472761574844
5602,1001,13,5,0.6,0.2,1000,restricted_50,aggregation,0.8004431083854441,,,0.7143664711908463
5603,1001,13,5,0.6,0.2,1000,restricted_50,aggregation,0.8008366133289275,,,0.7146745208803542
5604,1001,13,5,0.6,0.2,1000,restricted_50,aggregation,0.801605746484509,,,0.7156020110676361
5605,1001,13,5,0.6,0.2,1000,restricted_50,aggregation,0.8003583341405277,,,0.7140548482458899
5606,1001,13,5,0.6,0.2,1000,restricted_50,aggregation,0.8012591928241071,,,0.7150086328871744
5607,1001,13,5,0.6,0.2,1000,restricted_50,aggregation,0.801036098355901,,,0.7151803226634477
5608,1001,13,5,0.6,0.2,1000,restricted_50,aggregation,0.8017331164050384,,,0.7155844007073173
5609,1001,13,5,0.6,0.2,1000,restricted_50,aggregation,0.8008116119048228,,,0.7144571990201157
5610,1001,13,5,0.6,0.2,1000,restricted_50,aggregation,0.8012253828975385,,,0.7149455439236689
5611,1001,13,5,0.6,0.2,1000,restricted_50,aggregation,0.8016973831093027,,,0.7162709058688225
5612,1001,13,5,0.6,0.2,1000,restricted_50,aggregation,0.8008489858058627,,,0.7148230838297505
5613,1001,13,5,0.6,0.2,1000,restricted_50,aggregation,0.8011284558700498,,,0.7148644094871178
5614,1001,13,5,0.6,0.2,1000,restricted_50,aggregation,0.801250917846791,,,0.715718989629198
5615,1001,13,5,0.6,0.2,1000,restricted_50,aggregation,0.800223339940392,,,0.7136565386311219
5616,1001,13,5,0.6,0.2,1000,restricted_50,aggregation,0.8012812446238965,,,0.7153934350217683
5617,1001,13,5,0.6,0.2,1000,restricted_50,aggregation,0.801021102557533,,,0.7149146721257139
5618,1001,13,5,0.6,0.2,1000,restricted_50,aggregation,0.8013309309568156,,,0.7151164746056412
5619,1001,13,5,0.6,0.2,1000,restricted_50,aggregation,0.8009756595386859,,,0.7149646374613041
5620,1001,13,5,0.6,0.2,1000,restricted_50,aggregation,0.8007390317795641,,,0.7143678812314229
5621,1001,13,5,0.6,0.2,1000,restricted_50,aggregation,0.8009718435027698,,,0.7149862867764951
5622,1001,13,5,0.6,0.2,1000,restricted_50,aggregation,0.800580295948663,,,0.7146609939905774
5623,1001,13,5,0.6,0.2,1000,restricted_50,aggregation,0.8001735372412443,,,0.7137849231401314
5624,1001,13,5,0.6,0.2,1000,restricted_50,aggregation,0.801714730046303,,,0.715445032906908
5625,1001,13,5,0.6,0.2,1000,restricted_50,aggregation,0.8013225902939771,,,0.7153548221223222
5626,1001,13,5,0.6,0.2,1000,restricted_50,aggregation,0.8003599266330943,,,0.7145031196735365
5627,1001,13,5,0.6,0.2,1000,restricted_50,aggregation,0.801370695201974,,,0.7157985686073185
5628,1001,13,5,0.6,0.2,1000,restricted_50,aggregation,0.7996084789969407,,,0.7130669511969513
5629,1001,13,5,0.6,0.2,1000,restricted_50,aggregation,0.8008503761824564,,,0.7150461921257754
5630,1001,13,5,0.6,0.2,1000,restricted_50,aggregation,0.8012642329674151,,,0.715229282330324
5631,1001,13,5,0.6,0.2,1000,restricted_50,aggregation,0.8006869547434358,,,0.7141396451233952
5632,1001,13,5,0.6,0.2,1000,restricted_50,aggregation,0.8016795431335348,,,0.7155544662359244
5633,1001,13,5,0.6,0.2,1000,restricted_50,aggregation,0.8003617139574313,,,0.7138820960366795
5634,1001,13,5,0.6,0.2,1000,restricted_50,aggregation,0.8007073224933414,,,0.714433138697722
5635,1001,13,5,0.6,0.2,1000,restricted_50,aggregation,0.8012143758068793,,,0.7152741514195681
5636,1001,13,5,0.6,0.2,1000,restricted_50,aggregation,0.8004268614322251,,,0.7142516003672253
5637,1001,13,5,0.6,0.2,1000,restricted_50,aggregation,0.8011131811448737,,,0.7147520837418753
5638,1001,13,5,0.6,0.2,1000,restricted_50,aggregation,0.8020734057770919,,,0.7158198455942206
5639,1001,13,5,0.6,0.2,1000,restricted_50,aggregation,0.8016669651103037,,,0.7152347001917835
5640,1001,13,5,0.6,0.2,1000,restricted_50,aggregation,0.8014382604522664,,,0.7153662407731158
5641,1001,13,5,0.6,0.2,1000,restricted_50,aggregation,0.800903779662653,,,0.7150683000949668
5642,1001,13,5,0.6,0.2,1000,restricted_50,aggregation,0.8014258416862577,,,0.7148483162978997
5643,1001,13,5,0.6,0.2,1000,restricted_50,aggregation,0.8019105712595175,,,0.7160149977260395
5644,1001,13,5,0.6,0.2,1000,restricted_50,aggregation,0.8014325388215553,,,0.7152775299391967
5645,1001,13,5,0.6,0.2,1000,restricted_50,aggregation,0.800721131822797,,,0.7147374856856107
5646,1001,13,5,0.6,0.2,1000,restricted_50,aggregation,0.802136632926255,,,0.7167012967819217
5647,1001,13,5,0.6,0.2,1000,restricted_50,aggregation,0.8010628017711352,,,0.714504205300872
5648,1001,13,5,0.6,0.2,1000,restricted_50,aggregation,0.8013788028859078,,,0.7152262444962445
5649,1001,13,5,0.6,0.2,1000,restricted_50,aggregation,0.8011006933354397,,,0.7154754172139588
5650,1001,13,5,0.6,0.2,1000,restricted_50,aggregation,0.8015638132047979,,,0.7154119115683699
5651,1001,13,5,0.6,0.2,1000,restricted_50,aggregation,0.8001729778142601,,,0.713700499986125
5652,1001,13,5,0.6,0.2,1000,restricted_50,aggregation,0.8007060653832054,,,0.7143262515647932
5653,1001,13,5,0.6,0.2,1000,restricted_50,aggregation,0.7998093851579193,,,0.7139206635648303
5654,1001,13,5,0.6,0.2,1000,restricted_50,aggregation,0.8006973836482653,,,0.7141621624440374
5655,1001,13,5,0.6,0.2,1000,restricted_50,aggregation,0.8017178712498164,,,0.7161056601731601
5656,1001,13,5,0.6,0.2,1000,restricted_50,aggregation,0.8004013783750277,,,0.7138897361666112
5657,1001,13,5,0.6,0.2,1000,restricted_50,aggregation,0.8007197128190485,,,0.714822119215661
5658,1001,13,5,0.6,0.2,1000,restricted_50,aggregation,0.8006002356921136,,,0.7147267781832366
5659,1001,13,5,0.6,0.2,1000,restricted_50,aggregation,0.8010421603486253,,,0.715401890886891
5660,1001,13,5,0.6,0.2,1000,restricted_50,aggregation,0.8001540519813665,,,0.7136191335593419
5661,1001,13,5,0.6,0.2,1000,restricted_50,aggregation,0.8013176816099671,,,0.715419039309456
5662,1001,13,5,0.6,0.2,1000,restricted_50,aggregation,0.8005030325117832,,,0.714589714375131
5663,1001,13,5,0.6,0.2,1000,restricted_50,aggregation,0.8019461676422759,,,0.7160536442415608
5664,1001,13,5,0.6,0.2,1000,restricted_50,aggregation,0.8018415243889254,,,0.7159069190762942
5665,1001,13,5,0.6,0.2,1000,restricted_50,aggregation,0.8012516463640357,,,0.7144949139440807
5666,1001,13,5,0.6,0.2,1000,restricted_50,aggregation,0.801729442157774,,,0.7156108973202724
5667,1001,13,5,0.6,0.2,1000,restricted_50,aggregation,0.8013745817564736,,,0.7151055980208063
5668,1001,13,5,0.6,0.2,1000,restricted_50,aggregation,0.8019240892194808,,,0.7156779784875619
5669,1001,13,5,0.6,0.2,1000,restricted_50,aggregation,0.8002307288745306,,,0.7140269349015183
5670,1001,13,5,0.6,0.2,1000,restricted_50,aggregation,0.8005988427810092,,,0.714388711057461
5671,1001,13,5,0.6,0.2,1000,restricted_50,aggregation,0.8017324862651742,,,0.7152703541057708
5672,1001,13,5,0.6,0.2,1000,restricted_50,aggregation,0.7998269593250873,,,0.7135625999694749
5673,1001,13,5,0.6,0.2,1000,restricted_50,aggregation,0.8010340247789639,,,0.714368737543321
5674,1001,13,5,0.6,0.2,1000,restricted_50,aggregation,0.8007866743873667,,,0.7145191390322642
5675,1001,13,5,0.6,0.2,1000,restricted_50,aggregation,0.8013182199265928,,,0.7153161946078613
5676,1001,13,5,0.6,0.2,1000,restricted_50,aggregation,0.8007663687265555,,,0.7142711952245285
5677,1001,13,5,0.6,0.2,1000,restricted_50,aggregation,0.800774671551779,,,0.7146757770547353
5678,1001,13,5,0.6,0.2,1000,restricted_50,aggregation,0.801096590772149,,,0.7141414419222754
5679,1001,13,5,0.6,0.2,1000,restricted_50,aggregation,0.801995620778357,,,0.7159146314102564
5680,1001,13,5,0.6,0.2,1000,restricted_50,aggregation,0.8006189781344356,,,0.7142779387433554
5681,1001,13,5,0.6,0.2,1000,restricted_50,aggregation,0.8014537975534719,,,0.7156803982668566
5682,1001,13,5,0.6,0.2,1000,restricted_50,aggregation,0.8009413839558855,,,0.7150826572116156
5683,1001,13,5,0.6,0.2,1000,restricted_50,aggregation,0.8010964569107362,,,0.7148455884701719
5684,1001,13,5,0.6,0.2,1000,restricted_50,aggregation,0.8004813230535663,,,0.7143797308016059
5685,1001,13,5,0.6,0.2,1000,restricted_50,aggregation,0.8008749344172124,,,0.7140098724654975
5686,1001,13,5,0.6,0.2,1000,restricted_50,aggregation,0.801494584197031,,,0.7158224107990775
5687,1001,13,5,0.6,0.2,1000,restricted_50,aggregation,0.8005104749034897,,,0.7140858413422997
5688,1001,13,5,0.6,0.2,1000,restricted_50,aggregation,0.800705212217246,,,0.7145555191721858
5689,1001,13,5,0.6,0.2,1000,restricted_50,aggregation,0.8014413464408107,,,0.714851787911163
5690,1001,13,5,0.6,0.2,1000,restricted_50,aggregation,0.8018581261508166,,,0.7157935007353757
5691,1001,13,5,0.6,0.2,1000,restricted_50,aggregation,0.8009992366611564,,,0.7150693786537538
5692,1001,13,5,0.6,0.2,1000,restricted_50,aggregation,0.8011590681333959,,,0.7146613481580147
5693,1001,13,5,0.6,0.2,1000,restricted_50,aggregation,0.8014884180749905,,,0.7149513081594331
5694,1001,13,5,0.6,0.2,1000,restricted_50,aggregation,0.8013076220698577,,,0.7156562013989097
5695,1001,13,5,0.6,0.2,1000,restricted_50,aggregation,0.8006777179473972,,,0.7141088286482037
5696,1001,13,5,0.6,0.2,1000,restricted_50,aggregation,0.8014355697048425,,,0.7154218401120485
5697,1001,13,5,0.6,0.2,1000,restricted_50,aggregation,0.8008806338215131,,,0.7145237118591286
5698,1001,13,5,0.6,0.2,1000,restricted_50,aggregation,0.8008883034744724,,,0.714726472971473
5699,1001,13,5,0.6,0.2,1000,restricted_50,aggregation,0.8015578448940068,,,0.7154140546413462
5700,1001,13,5,0.6,0.2,1000,restricted_50,aggregation,0.8015354744634711,,,0.7154745750854085
5701,1001,13,5,0.6,0.2,1000,restricted_50,aggregation,0.8004137580349828,,,0.7142899914591582
5702,1001,13,5,0.6,0.2,1000,restricted_50,aggregation,0.801831215031783,,,0.7156980467757551
5703,1001,13,5,0.6,0.2,1000,restricted_50,aggregation,0.8009517211811152,,,0.7149704098987432
5704,1001,13,5,0.6,0.2,1000,restricted_50,aggregation,0.80029666511649,,,0.7138329277512611
5705,1001,13,5,0.6,0.2,1000,restricted_50,aggregation,0.8006791645029306,,,0.714073853114478
5706,1001,13,5,0.6,0.2,1000,restricted_50,aggregation,0.8016399194903231,,,0.7157353091892675
5707,1001,13,5,0.6,0.2,1000,restricted_50,aggregation,0.8011368135207115,,,0.7146192987799238
5708,1001,13,5,0.6,0.2,1000,restricted_50,aggregation,0.8013637440881403,,,0.7149225517692184
5709,1001,13,5,0.6,0.2,1000,restricted_50,aggregation,0.8021239597455588,,,0.7159099070451154
5710,1001,13,5,0.6,0.2,1000,restricted_50,aggregation,0.8012213832498163,,,0.7151432032936199
5711,1001,13,5,0.6,0.2,1000,restricted_50,aggregation,0.8016540188732035,,,0.7155148910734328
5712,1001,13,5,0.6,0.2,1000,restricted_50,aggregation,0.80085693060719,,,0.7150533227574893
5713,1001,13,5,0.6,0.2,1000,restricted_50,aggregation,0.8020604016412939,,,0.7162099287749288
5714,1001,13,5,0.6,0.2,1000,restricted_50,aggregation,0.8005745231910353,,,0.7140506189566607
5715,1001,13,5,0.6,0.2,1000,restricted_50,aggregation,0.8011220579169728,,,0.7150738525055191
5716,1001,13,5,0.6,0.2,1000,restricted_50,aggregation,0.8008917762000588,,,0.7147199870422787
5717,1001,13,5,0.6,0.2,1000,restricted_50,aggregation,0.8002202648508551,,,0.7138049740383074
5718,1001,13,5,0.6,0.2,1000,restricted_50,aggregation,0.8006846213512233,,,0.7142798631538215
5719,1001,13,5,0.6,0.2,1000,restricted_50,aggregation,0.8010368562552447,,,0.7150917485754986
5720,1001,13,5,0.6,0.2,1000,restricted_50,aggregation,0.8011472986645087,,,0.7150822954206287
5721,1001,13,5,0.6,0.2,1000,restricted_50,aggregation,0.8001461802656067,,,0.7140190810732477
5722,1001,13,5,0.6,0.2,1000,restricted_50,aggregation,0.8009101930793099,,,0.714477195366362
5723,1001,13,5,0.6,0.2,1000,restricted_50,aggregation,0.8001800134328712,,,0.714121890640224
5724,1001,13,5,0.6,0.2,1000,restricted_50,aggregation,0.8004277759836241,,,0.7141072660364326
5725,1001,13,5,0.6,0.2,1000,restricted_50,aggregation,0.8016043481492758,,,0.7155589416370667
5726,1001,13,5,0.6,0.2,1000,restricted_50,aggregation,0.8008520219653403,,,0.7148031967569467
5727,1001,13,5,0.6,0.2,1000,restricted_50,aggregation,0.80078548927236,,,0.7145423708775792
5728,1001,13,5,0.6,0.2,1000,restricted_50,aggregation,0.8006851971579715,,,0.7146030017590435
5729,1001,13,5,0.6,0.2,1000,restricted_50,aggregation,0.80024640092044,,,0.714166173086173
5730,1001,13,5,0.6,0.2,1000,restricted_50,aggregation,0.801465541829121,,,0.7150441987102405
5731,1001,13,5,0.6,0.2,1000,restricted_50,aggregation,0.7999213195857595,,,0.7136164222505889
5732,1001,13,5,0.6,0.2,1000,restricted_50,aggregation,0.8017023183489281,,,0.71577314656023
5733,1001,13,5,0.6,0.2,1000,restricted_50,aggregation,0.8014348759704826,,,0.7151541073124406
5734,1001,13,5,0.6,0.2,1000,restricted_50,aggregation,0.8005723880722734,,,0.714444470699054
5735,1001,13,5,0.6,0.2,1000,restricted_50,aggregation,0.8009352997499593,,,0.714761184093684
5736,1001,13,5,0.6,0.2,1000,restricted_50,aggregation,0.8007082821037048,,,0.714049757634341
5737,1001,13,5,0.6,0.2,1000,restricted_50,aggregation,0.8017496417416308,,,0.7160664818360652
5738,1001,13,5,0.6,0.2,1000,restricted_50,aggregation,0.8012228860598988,,,0.7149897171886755
5739,1001,13,5,0.6,0.2,1000,restricted_50,aggregation,0.8006276148719925,,,0.7144914587958339
5740,1001,13,5,0.6,0.2,1000,restricted_50,aggregation,0.8011168334549299,,,0.7148796690500857
5741,1001,13,5,0.6,0.2,1000,restricted_50,aggregation,0.8006283350163403,,,0.7146272286509786
5742,1001,13,5,0.6,0.2,1000,restricted_50,aggregation,0.8014226404708665,,,0.7153285984308901
5743,1001,13,5,0.6,0.2,1000,restricted_50,aggregation,0.8008436634289644,,,0.7150990668744834
5744,1001,13,5,0.6,0.2,1000,restricted_50,aggregation,0.8008879122991,,,0.7146894110596194
5745,1001,13,5,0.6,0.2,1000,restricted_50,aggregation,0.8020629230655725,,,0.7157565707055291
5746,1001,13,5,0.6,0.2,1000,restricted_50,aggregation,0.8018370515079666,,,0.7155143520908104
5747,1001,13,5,0.6,0.2,1000,restricted_50,aggregation,0.8001031032125938,,,0.7135503680887013
5748,1001,13,5,0.6,0.2,1000,restricted_50,aggregation,0.8013153630426072,,,0.714870730642814
5749,1001,13,5,0.6,0.2,1000,restricted_50,aggregation,0.8012513462594887,,,0.7147687968821302
5750,1001,13,5,0.6,0.2,1000,restricted_50,aggregation,0.8010572864777364,,,0.7150121990046989
5751,1001,13,5,0.6,0.2,1000,restricted_50,aggregation,0.8013427891596011,,,0.7152295891993808
5752,1001,13,5,0.6,0.2,1000,restricted_50,aggregation,0.8008048990269732,,,0.7146960769631603
5753,1001,13,5,0.6,0.2,1000,restricted_50,aggregation,0.8003047105627903,,,0.7138891358949693
5754,1001,13,5,0.6,0.2,1000,restricted_50,aggregation,0.8009329503216102,,,0.7146541080138997
5755,1001,13,5,0.6,0.2,1000,restricted_50,aggregation,0.8012014602930002,,,0.7154484565357482
5756,1001,13,5,0.6,0.2,1000,restricted_50,aggregation,0.8013110466575805,,,0.7155862869229536
5757,1001,13,5,0.6,0.2,1000,restricted_50,aggregation,0.8011122512292255,,,0.7151092128242128
5758,1001,13,5,0.6,0.2,1000,restricted_50,aggregation,0.8003278415056237,,,0.7139755578911829
5759,1001,13,5,0.6,0.2,1000,restricted_50,aggregation,0.8008134430891619,,,0.7147436721072138
5760,1001,13,5,0.6,0.2,1000,restricted_50,aggregation,0.8003721991851848,,,0.7137716518743603
5761,1001,13,5,0.6,0.2,1000,restricted_50,aggregation,0.801232329363457,,,0.7152457200592617
5762,1001,13,5,0.6,0.2,1000,restricted_50,aggregation,0.8000845614473012,,,0.7136970281184865
5763,1001,13,5,0.6,0.2,1000,restricted_50,aggregation,0.8015685089626345,,,0.7151503553005636
5764,1001,13,5,0.6,0.2,1000,restricted_50,aggregation,0.8013032520228905,,,0.7158933698939949
5765,1001,13,5,0.6,0.2,1000,restricted_50,aggregation,0.8000335363401037,,,0.71360505826735
5766,1001,13,5,0.6,0.2,1000,restricted_50,aggregation,0.8004412180519669,,,0.7139660675821092
5767,1001,13,5,0.6,0.2,1000,restricted_50,aggregation,0.8024976286315085,,,0.7165007472542888
5768,1001,13,5,0.6,0.2,1000,restricted_50,aggregation,0.8002562811309043,,,0.7138129931565348
5769,1001,13,5,0.6,0.2,1000,restricted_50,aggregation,0.8021739560474663,,,0.7159939191980859
5770,1001,13,5,0.6,0.2,1000,restricted_50,aggregation,0.8007655759201928,,,0.7143400558623475
5771,1001,13,5,0.6,0.2,1000,restricted_50,aggregation,0.8014292740619319,,,0.7153232997789248
5772,1001,13,5,0.6,0.2,1000,restricted_50,aggregation,0.8017146606984764,,,0.7156351891549808
5773,1001,13,5,0.6,0.2,1000,restricted_50,aggregation,0.801874446628172,,,0.7159921451465202
5774,1001,13,5,0.6,0.2,1000,restricted_50,aggregation,0.8000654355304666,,,0.7131816060251478
5775,1001,13,5,0.6,0.2,1000,restricted_50,aggregation,0.8001952604576599,,,0.7139257826895327
5776,1001,13,5,0.6,0.2,1000,restricted_50,aggregation,0.8017080957627808,,,0.7157263077200579
5777,1001,13,5,0.6,0.2,1000,restricted_50,aggregation,0.8005265219983109,,,0.714316774329066
5778,1001,13,5,0.6,0.2,1000,restricted_50,aggregation,0.8016031768720799,,,0.7156642982865898
5779,1001,13,5,0.6,0.2,1000,restricted_50,aggregation,0.8006523293369177,,,0.7145774759114343
5780,1001,13,5,0.6,0.2,1000,restricted_50,aggregation,0.799722741892683,,,0.7133283948304783
5781,1001,13,5,0.6,0.2,1000,restricted_50,aggregation,0.8007471385761974,,,0.7146488672901172
5782,1001,13,5,0.6,0.2,1000,restricted_50,aggregation,0.8012854746501044,,,0.7151416765641766
5783,1001,13,5,0.6,0.2,1000,restricted_50,aggregation,0.801004504272356,,,0.7144914525674942
5784,1001,13,5,0.6,0.2,1000,restricted_50,aggregation,0.8004419241827356,,,0.714514731055981
5785,1001,13,5,0.6,0.2,1000,restricted_50,aggregation,0.8009882469303163,,,0.7143835021151688
5786,1001,13,5,0.6,0.2,1000,restricted_50,aggregation,0.800447022594866,,,0.7139310233593567
5787,1001,13,5,0.6,0.2,1000,restricted_50,aggregation,0.8017841263274211,,,0.7162384635811718
5788,1001,13,5,0.6,0.2,1000,restricted_50,aggregation,0.7999668787319972,,,0.714026109184026
5789,1001,13,5,0.6,0.2,1000,restricted_50,aggregation,0.8014087610536018,,,0.7147888886268053
5790,1001,13,5,0.6,0.2,1000,restricted_50,aggregation,0.8002485867271498,,,0.7136435158822659
5791,1001,13,5,0.6,0.2,1000,restricted_50,aggregation,0.8008992085340866,,,0.7143221959290709
5792,1001,13,5,0.6,0.2,1000,restricted_50,aggregation,0.802104209872341,,,0.715873466587425
5793,1001,13,5,0.6,0.2,1000,restricted_50,aggregation,0.8012911668305125,,,0.7150777652748486
5794,1001,13,5,0.6,0.2,1000,restricted_50,aggregation,0.8008981861233545,,,0.7145331400389733
5795,1001,13,5,0.6,0.2,1000,restricted_50,aggregation,0.8020443623781459,,,0.7158923089564757
5796,1001,13,5,0.6,0.2,1000,restricted_50,aggregation,0.801719565485316,,,0.7158546027352278
5797,1001,13,5,0.6,0.2,1000,restricted_50,aggregation,0.8002921752462174,,,0.7141656178543678
5798,1001,13,5,0.6,0.2,1000,restricted_50,aggregation,0.80164920535893,,,0.7158804283139699
5799,1001,13,5,0.6,0.2,1000,restricted_50,aggregation,0.8002262211702242,,,0.7137136728317978
5800,1001,13,5,0.6,0.2,1000,restricted_50,aggregation,0.8008484846774419,,,0.715258607603816
5801,1001,13,5,0.6,0.2,1000,restricted_50,aggregation,0.8008639221762661,,,0.7142219309779726
5802,1001,13,5,0.6,0.2,1000,restricted_50,aggregation,0.8009060641151183,,,0.7143322412232829
5803,1001,13,5,0.6,0.2,1000,restricted_50,aggregation,0.8009871135867693,,,0.7146704009262342
5804,1001,13,5,0.6,0.2,1000,restricted_50,aggregation,0.801887109780357,,,0.7159072285816036
5805,1001,13,5,0.6,0.2,1000,restricted_50,aggregation,0.8005450623915842,,,0.7138951546832798
5806,1001,13,5,0.6,0.2,1000,restricted_50,aggregation,0.8008870461046186,,,0.7149466352860103
5807,1001,13,5,0.6,0.2,1000,restricted_50,aggregation,0.8020875825362052,,,0.7162443005065923
5808,1001,13,5,0.6,0.2,1000,restricted_50,aggregation,0.8004601593335601,,,0.714440887322554
5809,1001,13,5,0.6,0.2,1000,restricted_50,aggregation,0.8007930264006817,,,0.7145478132284383
5810,1001,13,5,0.6,0.2,1000,restricted_50,aggregation,0.8011797438467008,,,0.7155873065129315
5811,1001,13,5,0.6,0.2,1000,restricted_50,aggregation,0.8000134337624341,,,0.7135904089968674
5812,1001,13,5,0.6,0.2,1000,restricted_50,aggregation,0.8008213146133573,,,0.7140804945209112
5813,1001,13,5,0.6,0.2,1000,restricted_50,aggregation,0.8020162527455044,,,0.7158500701381952
5814,1001,13,5,0.6,0.2,1000,restricted_50,aggregation,0.8011548298814,,,0.7149803767837101
5815,1001,13,5,0.6,0.2,1000,restricted_50,aggregation,0.8006787734038777,,,0.7142410308210309
5816,1001,13,5,0.6,0.2,1000,restricted_50,aggregation,0.8002966298312079,,,0.7139354075245742
5817,1001,13,5,0.6,0.2,1000,restricted_50,aggregation,0.8001161561577934,,,0.714211019929145
5818,1001,13,5,0.6,0.2,1000,restricted_50,aggregation,0.8017335613417839,,,0.7154966992652408
5819,1001,13,5,0.6,0.2,1000,restricted_50,aggregation,0.8016938430841619,,,0.7155382005494506
5820,1001,13,5,0.6,0.2,1000,restricted_50,aggregation,0.8011942550370115,,,0.7155184141629974
5821,1001,13,5,0.6,0.2,1000,restricted_50,aggregation,0.800981677903837,,,0.7150447769976936
5822,1001,13,5,0.6,0.2,1000,restricted_50,aggregation,0.801412998475961,,,0.7150370347862015
5823,1001,13,5,0.6,0.2,1000,restricted_50,aggregation,0.8014763587913148,,,0.71582460820815
5824,1001,13,5,0.6,0.2,1000,restricted_50,aggregation,0.8016751282840474,,,0.7154841474728975
5825,1001,13,5,0.6,0.2,1000,restricted_50,aggregation,0.8016727414028262,,,0.7157314634054217
5826,1001,13,5,0.6,0.2,1000,restricted_50,aggregation,0.8010083271853609,,,0.7147155897343397
5827,1001,13,5,0.6,0.2,1000,restricted_50,aggregation,0.8016112300413012,,,0.7156461762388846
5828,1001,13,5,0.6,0.2,1000,restricted_50,aggregation,0.8005226375329506,,,0.714785487375279
5829,1001,13,5,0.6,0.2,1000,restricted_50,aggregation,0.8011091700767677,,,0.7150925081014664
5830,1001,13,5,0.6,0.2,1000,restricted_50,aggregation,0.8010371832931145,,,0.714962512950013
5831,1001,13,5,0.6,0.2,1000,restricted_50,aggregation,0.8023012845238584,,,0.7161655892024642
5832,1001,13,5,0.6,0.2,1000,restricted_50,aggregation,0.8012539137330429,,,0.715440738983239
5833,1001,13,5,0.6,0.2,1000,restricted_50,aggregation,0.8018579246440308,,,0.7159467463863297
5834,1001,13,5,0.6,0.2,1000,restricted_50,aggregation,0.8011364269060777,,,0.7147997161557578
5835,1001,13,5,0.6,0.2,1000,restricted_50,aggregation,0.8013833730694322,,,0.7153307217936385
5836,1001,13,5,0.6,0.2,1000,restricted_50,aggregation,0.8014718412426813,,,0.715361007657466
5837,1001,13,5,0.6,0.2,1000,restricted_50,aggregation,0.801706970972927,,,0.7158789988175405
5838,1001,13,5,0.6,0.2,1000,restricted_50,aggregation,0.800050193985756,,,0.7136806877921461
5839,1001,13,5,0.6,0.2,1000,restricted_50,aggregation,0.801441602304946,,,0.7158206861425612
5840,1001,13,5,0.6,0.2,1000,restricted_50,aggregation,0.8014852050748267,,,0.7153168048849299
5841,1001,13,5,0.6,0.2,1000,restricted_50,aggregation,0.8012715494869236,,,0.7150057218321803
5842,1001,13,5,0.6,0.2,1000,restricted_50,aggregation,0.8009816159023116,,,0.7145433674350341
5843,1001,13,5,0.6,0.2,1000,restricted_50,aggregation,0.8014872841754151,,,0.7156208750200417
5844,1001,13,5,0.6,0.2,1000,restricted_50,aggregation,0.8008127908395135,,,0.7143514055466138
5845,1001,13,5,0.6,0.2,1000,restricted_50,aggregation,0.8014019702156049,,,0.7151104900346568
5846,1001,13,5,0.6,0.2,1000,restricted_50,aggregation,0.8016518030364121,,,0.7152660611302278
5847,1001,13,5,0.6,0.2,1000,restricted_50,aggregation,0.8006758225577874,,,0.7149326492411909
5848,1001,13,5,0.6,0.2,1000,restricted_50,aggregation,0.8014842175303524,,,0.7151245497789248
5849,1001,13,5,0.6,0.2,1000,restricted_50,aggregation,0.800834395028823,,,0.7147061532063615
5850,1001,13,5,0.6,0.2,1000,restricted_50,aggregation,0.8016535236896148,,,0.7154100163493915
5851,1001,13,5,0.6,0.2,1000,restricted_50,aggregation,0.8014557081875241,,,0.7152222021805354
5852,1001,13,5,0.6,0.2,1000,restricted_50,aggregation,0.8009958970724986,,,0.7144997147297147
5853,1001,13,5,0.6,0.2,1000,restricted_50,aggregation,0.7996474270503064,,,0.7128048140054389
5854,1001,13,5,0.6,0.2,1000,restricted_50,aggregation,0.8017618515411906,,,0.7160979805379806
5855,1001,13,5,0.6,0.2,1000,restricted_50,aggregation,0.8007933180959806,,,0.7145721018950185
5856,1001,13,5,0.6,0.2,1000,restricted_50,aggregation,0.8012701374341341,,,0.7144813674597008
5857,1001,13,5,0.6,0.2,1000,restricted_50,aggregation,0.8007147865436739,,,0.7144775574271407
5858,1001,13,5,0.6,0.2,1000,restricted_50,aggregation,0.8010430780208795,,,0.7145574699528866
5859,1001,13,5,0.6,0.2,1000,restricted_50,aggregation,0.8018935680086575,,,0.7158565177569344
5860,1001,13,5,0.6,0.2,1000,restricted_50,aggregation,0.8006258595754753,,,0.7144210885873385
5861,1001,13,5,0.6,0.2,1000,restricted_50,aggregation,0.8007382306163046,,,0.7142681356298023
5862,1001,13,5,0.6,0.2,1000,restricted_50,aggregation,0.8016765770353999,,,0.7159827383881551
5863,1001,13,5,0.6,0.2,1000,restricted_50,aggregation,0.8011778572921175,,,0.7151014725012641
5864,1001,13,5,0.6,0.2,1000,restricted_50,aggregation,0.8011763770445254,,,0.715318641443433
5865,1001,13,5,0.6,0.2,1000,restricted_50,aggregation,0.8002472417028126,,,0.7142197108292941
5866,1001,13,5,0.6,0.2,1000,restricted_50,aggregation,0.8009924833545214,,,0.714911692959818
5867,1001,13,5,0.6,0.2,1000,restricted_50,aggregation,0.8023604524912776,,,0.716799227724436
5868,1001,13,5,0.6,0.2,1000,restricted_50,aggregation,0.801797326756708,,,0.7154198629225712
5869,1001,13,5,0.6,0.2,1000,restricted_50,aggregation,0.8006546907998623,,,0.71476988332655
5870,1001,13,5,0.6,0.2,1000,restricted_50,aggregation,0.8008652622267675,,,0.7148293878806379
5871,1001,13,5,0.6,0.2,1000,restricted_50,aggregation,0.8013051880327845,,,0.714801168900544
5872,1001,13,5,0.6,0.2,1000,restricted_50,aggregation,0.8024025960710449,,,0.7166353716345384
5873,1001,13,5,0.6,0.2,1000,restricted_50,aggregation,0.8008265562888885,,,0.7142747616195533
5874,1001,13,5,0.6,0.2,1000,restricted_50,aggregation,0.800863165448653,,,0.7148275449319199
5875,1001,13,5,0.6,0.2,1000,restricted_50,aggregation,0.8009169154155334,,,0.7145161858434775
5876,1001,13,5,0.6,0.2,1000,restricted_50,aggregation,0.8003635204992378,,,0.7146602243204326
5877,1001,13,5,0.6,0.2,1000,restricted_50,aggregation,0.8013442148717284,,,0.7153471518836102
5878,1001,13,5,0.6,0.2,1000,restricted_50,aggregation,0.8017514501875787,,,0.7157807518253351
5879,1001,13,5,0.6,0.2,1000,restricted_50,aggregation,0.801107510952643,,,0.715090704989455
5880,1001,13,5,0.6,0.2,1000,restricted_50,aggregation,0.8016656665248453,,,0.715852629214921
5881,1001,13,5,0.6,0.2,1000,restricted_50,aggregation,0.8015735236339735,,,0.7156656185018685
5882,1001,13,5,0.6,0.2,1000,restricted_50,aggregation,0.8013003872251248,,,0.7153653516776434
5883,1001,13,5,0.6,0.2,1000,restricted_50,aggregation,0.7998432550722429,,,0.7136416828618912
5884,1001,13,5,0.6,0.2,1000,restricted_50,aggregation,0.8012465993420455,,,0.7152149602789186
5885,1001,13,5,0.6,0.2,1000,restricted_50,aggregation,0.8007309590849391,,,0.7144096753709254
5886,1001,13,5,0.6,0.2,1000,restricted_50,aggregation,0.8015997118508612,,,0.7155963639292807
5887,1001,13,5,0.6,0.2,1000,restricted_50,aggregation,0.8006121743847933,,,0.714109301655135
5888,1001,13,5,0.6,0.2,1000,restricted_50,aggregation,0.8008968304963447,,,0.7151813605838605
5889,1001,13,5,0.6,0.2,1000,restricted_50,aggregation,0.8022662338659405,,,0.7163268701052034
5890,1001,13,5,0.6,0.2,1000,restricted_50,aggregation,0.8026134642529172,,,0.7164452991144658
5891,1001,13,5,0.6,0.2,1000,restricted_50,aggregation,0.8008016264793913,,,0.7145981500983584
5892,1001,13,5,0.6,0.2,1000,restricted_50,aggregation,0.8010015844779587,,,0.7153614811037727
5893,1001,13,5,0.6,0.2,1000,restricted_50,aggregation,0.8025102093168799,,,0.7167264537854121
5894,1001,13,5,0.6,0.2,1000,restricted_50,aggregation,0.8007266083388355,,,0.7141530362461612
5895,1001,13,5,0.6,0.2,1000,restricted_50,aggregation,0.8018048715620208,,,0.7153818261599512
5896,1001,13,5,0.6,0.2,1000,restricted_50,aggregation,0.8000177073008713,,,0.7139380484870067
5897,1001,13,5,0.6,0.2,1000,restricted_50,aggregation,0.8011217695451629,,,0.7146021454856871
5898,1001,13,5,0.6,0.2,1000,restricted_50,aggregation,0.8009654800296859,,,0.7147881028693528
5899,1001,13,5,0.6,0.2,1000,restricted_50,aggregation,0.8002179866292851,,,0.7140308002260086
5900,1001,13,5,0.6,0.2,1000,restricted_50,aggregation,0.8011919301787883,,,0.7150768083613916
5901,1001,13,5,0.6,0.2,1000,restricted_50,aggregation,0.8011765473146442,,,0.7145818342999594
5902,1001,13,5,0.6,0.2,1000,restricted_50,aggregation,0.8001167172478066,,,0.7136983292247876
5903,1001,13,5,0.6,0.2,1000,restricted_50,aggregation,0.8014016034122503,,,0.7152767904240821
5904,1001,13,5,0.6,0.2,1000,restricted_50,aggregation,0.80111033552347,,,0.7148355596872265
5905,1001,13,5,0.6,0.2,1000,restricted_50,aggregation,0.8013669771524438,,,0.7151342553742553
5906,1001,13,5,0.6,0.2,1000,restricted_50,aggregation,0.8004749473867361,,,0.7139912496762496
5907,1001,13,5,0.6,0.2,1000,restricted_50,aggregation,0.8014834891158438,,,0.7153044955507455
5908,1001,13,5,0.6,0.2,1000,restricted_50,aggregation,0.8003049411412917,,,0.7141197602012185
5909,1001,13,5,0.6,0.2,1000,restricted_50,aggregation,0.8011871891303142,,,0.715386202308494
5910,1001,13,5,0.6,0.2,1000,restricted_50,aggregation,0.8004377514215778,,,0.7138227101370851
5911,1001,13,5,0.6,0.2,1000,restricted_50,aggregation,0.801175214761679,,,0.7153446120700288
5912,1001,13,5,0.6,0.2,1000,restricted_50,aggregation,0.8028587972303174,,,0.7170782518253352
5913,1001,13,5,0.6,0.2,1000,restricted_50,aggregation,0.8000073627136195,,,0.7137670028274196
5914,1001,13,5,0.6,0.2,1000,restricted_50,aggregation,0.8011839924506122,,,0.7153365934682602
5915,1001,13,5,0.6,0.2,1000,restricted_50,aggregation,0.8009589589420291,,,0.714721698972324
5916,1001,13,5,0.6,0.2,1000,restricted_50,aggregation,0.8012371978847833,,,0.7146594080379498
5917,1001,13,5,0.6,0.2,1000,restricted_50,aggregation,0.8000566598379365,,,0.7139981948606949
5918,1001,13,5,0.6,0.2,1000,restricted_50,aggregation,0.8008277058761119,,,0.7152946979640731
5919,1001,13,5,0.6,0.2,1000,restricted_50,aggregation,0.801433926342099,,,0.7154393026957611
5920,1001,13,5,0.6,0.2,1000,restricted_50,aggregation,0.8004795890385477,,,0.7139716407203909
5921,1001,13,5,0.6,0.2,1000,restricted_50,aggregation,0.8016161059669111,,,0.7154682876074543
5922,1001,13,5,0.6,0.2,1000,restricted_50,aggregation,0.8010182304883592,,,0.7147655915689248
5923,1001,13,5,0.6,0.2,1000,restricted_50,aggregation,0.8014859850919701,,,0.7147703126657292
5924,1001,13,5,0.6,0.2,1000,restricted_50,aggregation,0.8018390605820707,,,0.7157531449414783
5925,1001,13,5,0.6,0.2,1000,restricted_50,aggregation,0.8016233317353941,,,0.7158105236430236
5926,1001,13,5,0.6,0.2,1000,restricted_50,aggregation,0.8018659525381638,,,0.7161605601188935
5927,1001,13,5,0.6,0.2,1000,restricted_50,aggregation,0.8008808132562294,,,0.7147145088476339
5928,1001,13,5,0.6,0.2,1000,restricted_50,aggregation,0.8004570503937077,,,0.7143644972619972
5929,1001,13,5,0.6,0.2,1000,restricted_50,aggregation,0.8018523886254907,,,0.7156256283839617
5930,1001,13,5,0.6,0.2,1000,restricted_50,aggregation,0.8004913042500003,,,0.7143136946849448
5931,1001,13,5,0.6,0.2,1000,restricted_50,aggregation,0.8013054236438837,,,0.7149025578588079
5932,1001,13,5,0.6,0.2,1000,restricted_50,aggregation,0.8011274850618133,,,0.7152305448486698
5933,1001,13,5,0.6,0.2,1000,restricted_50,aggregation,0.8018106612617182,,,0.7158591033811867
5934,1001,13,5,0.6,0.2,1000,restricted_50,aggregation,0.8010337149571458,,,0.7149548853692603
5935,1001,13,5,0.6,0.2,1000,restricted_50,aggregation,0.8004519056806866,,,0.714274774292066
5936,1001,13,5,0.6,0.2,1000,restricted_50,aggregation,0.8010781481362166,,,0.7147092829469912
5937,1001,13,5,0.6,0.2,1000,restricted_50,aggregation,0.8012883223108752,,,0.7147139328187244
5938,1001,13,5,0.6,0.2,1000,restricted_50,aggregation,0.8021440317137454,,,0.7163266789845957
5939,1001,13,5,0.6,0.2,1000,restricted_50,aggregation,0.8006131780274974,,,0.7144966869010619
5940,1001,13,5,0.6,0.2,1000,restricted_50,aggregation,0.8010348567890686,,,0.7152815421615422
5941,1001,13,5,0.6,0.2,1000,restricted_50,aggregation,0.8011160801559644,,,0.7145077274346024
5942,1001,13,5,0.6,0.2,1000,restricted_50,aggregation,0.8017220472004143,,,0.715470116873867
5943,1001,13,5,0.6,0.2,1000,restricted_50,aggregation,0.8015680706642455,,,0.7155675891084224
5944,1001,13,5,0.6,0.2,1000,restricted_50,aggregation,0.8013442105028782,,,0.7151127548300465
5945,1001,13,5,0.6,0.2,1000,restricted_50,aggregation,0.8003627611986531,,,0.7142648293835794
5946,1001,13,5,0.6,0.2,1000,restricted_50,aggregation,0.8018905264080534,,,0.7158502895021646
5947,1001,13,5,0.6,0.2,1000,restricted_50,aggregation,0.8015102517734543,,,0.7147283691848276
5948,1001,13,5,0.6,0.2,1000,restricted_50,aggregation,0.8007724431876581,,,0.7142657281144782
5949,1001,13,5,0.6,0.2,1000,restricted_50,aggregation,0.8009269705661513,,,0.7146131694308777
5950,1001,13,5,0.6,0.2,1000,restricted_50,aggregation,0.800752282037622,,,0.7146807851793269
5951,1001,13,5,0.6,0.2,1000,restricted_50,aggregation,0.8006256917580239,,,0.7138905642582726
5952,1001,13,5,0.6,0.2,1000,restricted_50,aggregation,0.8012887442349498,,,0.715303990577324
5953,1001,13,5,0.6,0.2,1000,restricted_50,aggregation,0.8007343040839391,,,0.714072619409911
5954,1001,13,5,0.6,0.2,1000,restricted_50,aggregation,0.8013536824520748,,,0.7153265622571873
5955,1001,13,5,0.6,0.2,1000,restricted_50,aggregation,0.801102034257059,,,0.7147531588010755
5956,1001,13,5,0.6,0.2,1000,restricted_50,aggregation,0.8010964102482798,,,0.714846750641334
5957,1001,13,5,0.6,0.2,1000,restricted_50,aggregation,0.8016209448493211,,,0.7153873108527276
5958,1001,13,5,0.6,0.2,1000,restricted_50,aggregation,0.8004548128008167,,,0.7140936736565904
5959,1001,13,5,0.6,0.2,1000,restricted_50,aggregation,0.8015920476488196,,,0.7160458715898299
5960,1001,13,5,0.6,0.2,1000,restricted_50,aggregation,0.802153793853142,,,0.7162487893048309
5961,1001,13,5,0.6,0.2,1000,restricted_50,aggregation,0.802037091096767,,,0.716111861124986
5962,1001,13,5,0.6,0.2,1000,restricted_50,aggregation,0.8006262038866714,,,0.7145284972666223
5963,1001,13,5,0.6,0.2,1000,restricted_50,aggregation,0.8015018026821812,,,0.7155696752553002
5964,1001,13,5,0.6,0.2,1000,restricted_50,aggregation,0.8006617741723898,,,0.7140359701640953
5965,1001,13,5,0.6,0.2,1000,restricted_50,aggregation,0.8012245934669826,,,0.7145624123407458
5966,1001,13,5,0.6,0.2,1000,restricted_50,aggregation,0.8012301221317398,,,0.7153947937864603
5967,1001,13,5,0.6,0.2,1000,restricted_50,aggregation,0.8011473970029955,,,0.7152279859338192
5968,1001,13,5,0.6,0.2,1000,restricted_50,aggregation,0.8002958103474164,,,0.7142835407956243
5969,1001,13,5,0.6,0.2,1000,restricted_50,aggregation,0.8016034934588783,,,0.7153704708331792
5970,1001,13,5,0.6,0.2,1000,restricted_50,aggregation,0.8004822837991008,,,0.7143066137103636
5971,1001,13,5,0.6,0.2,1000,restricted_50,aggregation,0.8012710816248985,,,0.7150900259539843
5972,1001,13,5,0.6,0.2,1000,restricted_50,aggregation,0.8020653850500528,,,0.7159661380363463
5973,1001,13,5,0.6,0.2,1000,restricted_50,aggregation,0.800910404282066,,,0.714595089278006
5974,1001,13,5,0.6,0.2,1000,restricted_50,aggregation,0.8009792161656555,,,0.7146638824986741
5975,1001,13,5,0.6,0.2,1000,restricted_50,aggregation,0.801272915159381,,,0.7150298567944401
5976,1001,13,5,0.6,0.2,1000,restricted_50,aggregation,0.8005482394430186,,,0.7141192199544283
5977,1001,13,5,0.6,0.2,1000,restricted_50,aggregation,0.8005900235036922,,,0.7141395845666678
5978,1001,13,5,0.6,0.2,1000,restricted_50,aggregation,0.8015534370436369,,,0.7150378050036384
5979,1001,13,5,0.6,0.2,1000,restricted_50,aggregation,0.8010866255224417,,,0.7148419650334233
5980,1001,13,5,0.6,0.2,1000,restricted_50,aggregation,0.8015550223078814,,,0.7151672408918242
5981,1001,13,5,0.6,0.2,1000,restricted_50,aggregation,0.8016141525532082,,,0.7150645038217954
5982,1001,13,5,0.6,0.2,1000,restricted_50,aggregation,0.8014420234056673,,,0.7154392076210827
5983,1001,13,5,0.6,0.2,1000,restricted_50,aggregation,0.8013929650381116,,,0.715470916228833
5984,1001,13,5,0.6,0.2,1000,restricted_50,aggregation,0.8018825313326087,,,0.715448214347381
5985,1001,13,5,0.6,0.2,1000,restricted_50,aggregation,0.8011977192532083,,,0.7147846657971658
5986,1001,13,5,0.6,0.2,1000,restricted_50,aggregation,0.8011896046562239,,,0.7155162348299847
5987,1001,13,5,0.6,0.2,1000,restricted_50,aggregation,0.8016561333338357,,,0.7152620500487167
5988,1001,13,5,0.6,0.2,1000,restricted_50,aggregation,0.8012310098706112,,,0.7152215458307125
5989,1001,13,5,0.6,0.2,1000,restricted_50,aggregation,0.8018119438833046,,,0.715779612370654
5990,1001,13,5,0.6,0.2,1000,restricted_50,aggregation,0.8016345521179085,,,0.7160581762758846
5991,1001,13,5,0.6,0.2,1000,restricted_50,aggregation,0.8015140751421097,,,0.7155379032156115
5992,1001,13,5,0.6,0.2,1000,restricted_50,aggregation,0.8007848377232095,,,0.7149507502142919
5993,1001,13,5,0.6,0.2,1000,restricted_50,aggregation,0.8015620518081836,,,0.7151472209349293
5994,1001,13,5,0.6,0.2,1000,restricted_50,aggregation,0.8012917706724474,,,0.7152601849385182
5995,1001,13,5,0.6,0.2,1000,restricted_50,aggregation,0.8014821752062924,,,0.7157975146766813
5996,1001,13,5,0.6,0.2,1000,restricted_50,aggregation,0.8008224106621628,,,0.7143385135158052
5997,1001,13,5,0.6,0.2,1000,restricted_50,aggregation,0.8006701162174603,,,0.714866103672562
5998,1001,13,5,0.6,0.2,1000,restricted_50,aggregation,0.8015706998313767,,,0.7148457123971707
5999,1001,13,5,0.6,0.2,1000,restricted_50,aggregation,0.8016073183558149,,,0.7155819179123347
6000,1001,13,5,0.6,0.2,1000,restricted_60,aggregation,0.8049123493384144,,,0.7217359147642481
6001,1001,13,5,0.6,0.2,1000,restricted_60,aggregation,0.8051394249092259,,,0.7220030754893255
6002,1001,13,5,0.6,0.2,1000,restricted_60,aggregation,0.805179388721448,,,0.722096617556826
6003,1001,13,5,0.6,0.2,1000,restricted_60,aggregation,0.8047377050810424,,,0.7211269091942009
6004,1001,13,5,0.6,0.2,1000,restricted_60,aggregation,0.8048402475723597,,,0.7215157778872363
6005,1001,13,5,0.6,0.2,1000,restricted_60,aggregation,0.8045371445606556,,,0.7207369565773732
6006,1001,13,5,0.6,0.2,1000,restricted_60,aggregation,0.804489277639698,,,0.7210884512401179
6007,1001,13,5,0.6,0.2,1000,restricted_60,aggregation,0.805147696119358,,,0.7215604926940343
6008,1001,13,5,0.6,0.2,1000,restricted_60,aggregation,0.8048008478435417,,,0.7214847524697524
6009,1001,13,5,0.6,0.2,1000,restricted_60,aggregation,0.8048946872075637,,,0.7218559568363735
6010,1001,13,5,0.6,0.2,1000,restricted_60,aggregation,0.8053564040347067,,,0.7226177739544406
6011,1001,13,5,0.6,0.2,1000,restricted_60,aggregation,0.804877538614929,,,0.7214918987416905
6012,1001,13,5,0.6,0.2,1000,restricted_60,aggregation,0.8041655865501283,,,0.7204305387051221
6013,1001,13,5,0.6,0.2,1000,restricted_60,aggregation,0.8045874841339837,,,0.7207429470529471
6014,1001,13,5,0.6,0.2,1000,restricted_60,aggregation,0.804383674301939,,,0.7212442534009199
6015,1001,13,5,0.6,0.2,1000,restricted_60,aggregation,0.8043240711185764,,,0.7210299468432801
6016,1001,13,5,0.6,0.2,1000,restricted_60,aggregation,0.804580777073748,,,0.7213957052129969
6017,1001,13,5,0.6,0.2,1000,restricted_60,aggregation,0.8044854890690785,,,0.7209089218882969
6018,1001,13,5,0.6,0.2,1000,restricted_60,aggregation,0.804931439985584,,,0.7219620287120286
6019,1001,13,5,0.6,0.2,1000,restricted_60,aggregation,0.8042346565258434,,,0.7210270134880552
6020,1001,13,5,0.6,0.2,1000,restricted_60,aggregation,0.8044391605626287,,,0.721027504093129
6021,1001,13,5,0.6,0.2,1000,restricted_60,aggregation,0.804562765806955,,,0.7212923992828161
6022,1001,13,5,0.6,0.2,1000,restricted_60,aggregation,0.8048562218359947,,,0.7215647045007463
6023,1001,13,5,0.6,0.2,1000,restricted_60,aggregation,0.8043872717010336,,,0.7205166878877297
6024,1001,13,5,0.6,0.2,1000,restricted_60,aggregation,0.8045124719440844,,,0.7206208994631912
6025,1001,13,5,0.6,0.2,1000,restricted_60,aggregation,0.8047108448588642,,,0.72117484499297
6026,1001,13,5,0.6,0.2,1000,restricted_60,aggregation,0.8050605528617458,,,0.7214886502540669
6027,1001,13,5,0.6,0.2,1000,restricted_60,aggregation,0.8045909320844851,,,0.7214552383419051
6028,1001,13,5,0.6,0.2,1000,restricted_60,aggregation,0.804947589575996,,,0.7217855284376118
6029,1001,13,5,0.6,0.2,1000,restricted_60,aggregation,0.804345642786883,,,0.7208673888071805
6030,1001,13,5,0.6,0.2,1000,restricted_60,aggregation,0.8054457147428962,,,0.7221716240164158
6031,1001,13,5,0.6,0.2,1000,restricted_60,aggregation,0.8057916546456725,,,0.7236646972780307
6032,1001,13,5,0.6,0.2,1000,restricted_60,aggregation,0.8039304652993976,,,0.7204842968142969
6033,1001,13,5,0.6,0.2,1000,restricted_60,aggregation,0.8041207474871732,,,0.7207488694869946
6034,1001,13,5,0.6,0.2,1000,restricted_60,aggregation,0.8050622473513126,,,0.7216344303073471
6035,1001,13,5,0.6,0.2,1000,restricted_60,aggregation,0.8043301982231447,,,0.7207570875575041
6036,1001,13,5,0.6,0.2,1000,restricted_60,aggregation,0.804046652531674,,,0.7205236481342732
6037,1001,13,5,0.6,0.2,1000,restricted_60,aggregation,0.8049131678145258,,,0.7217248782236283
6038,1001,13,5,0.6,0.2,1000,restricted_60,aggregation,0.8047643740489888,,,0.7212706731231731
6039,1001,13,5,0.6,0.2,1000,restricted_60,aggregation,0.8043078927012202,,,0.7209748180523182
6040,1001,13,5,0.6,0.2,1000,restricted_60,aggregation,0.8043595717107154,,,0.7208273029439697
6041,1001,13,5,0.6,0.2,1000,restricted_60,aggregation,0.8049278025971918,,,0.7213937889348306
6042,1001,13,5,0.6,0.2,1000,restricted_60,aggregation,0.8041551179705294,,,0.7208319412686078
6043,1001,13,5,0.6,0.2,1000,restricted_60,aggregation,0.8049623217933103,,,0.7225542844115761
6044,1001,13,5,0.6,0.2,1000,restricted_60,aggregation,0.8047301249158082,,,0.7210464365033116
6045,1001,13,5,0.6,0.2,1000,restricted_60,aggregation,0.8051737130682148,,,0.7220934288473871
6046,1001,13,5,0.6,0.2,1000,restricted_60,aggregation,0.8052397946647817,,,0.7220682336182336
6047,1001,13,5,0.6,0.2,1000,restricted_60,aggregation,0.804873935067339,,,0.7220967785301119
6048,1001,13,5,0.6,0.2,1000,restricted_60,aggregation,0.8051542969884388,,,0.722372450273492
6049,1001,13,5,0.6,0.2,1000,restricted_60,aggregation,0.8047802234818511,,,0.721689367630826
6050,1001,13,5,0.6,0.2,1000,restricted_60,aggregation,0.8045963279176815,,,0.7213761012444345
6051,1001,13,5,0.6,0.2,1000,restricted_60,aggregation,0.8043979527591535,,,0.7209901903960237
6052,1001,13,5,0.6,0.2,1000,restricted_60,aggregation,0.8044212376401833,,,0.7215376477457727
6053,1001,13,5,0.6,0.2,1000,restricted_60,aggregation,0.8048713392683465,,,0.7212204483016983
6054,1001,13,5,0.6,0.2,1000,restricted_60,aggregation,0.8042649341087553,,,0.7207698243962827
6055,1001,13,5,0.6,0.2,1000,restricted_60,aggregation,0.804319163765259,,,0.7205012898444149
6056,1001,13,5,0.6,0.2,1000,restricted_60,aggregation,0.8049173666769032,,,0.7216389363568531
6057,1001,13,5,0.6,0.2,1000,restricted_60,aggregation,0.8043920304258796,,,0.7210991039361871
6058,1001,13,5,0.6,0.2,1000,restricted_60,aggregation,0.8048987399777081,,,0.7216808344047928
6059,1001,13,5,0.6,0.2,1000,restricted_60,aggregation,0.8043811111949569,,,0.7207448231937815
6060,1001,13,5,0.6,0.2,1000,restricted_60,aggregation,0.8053308324564487,,,0.7218755264334431
6061,1001,13,5,0.6,0.2,1000,restricted_60,aggregation,0.8043190669643385,,,0.7209998828563412
6062,1001,13,5,0.6,0.2,1000,restricted_60,aggregation,0.8046927977096037,,,0.7209085440177107
6063,1001,13,5,0.6,0.2,1000,restricted_60,aggregation,0.8046091070282987,,,0.7211261676440843
6064,1001,13,5,0.6,0.2,1000,restricted_60,aggregation,0.8047611283539121,,,0.721051336680295
6065,1001,13,5,0.6,0.2,1000,restricted_60,aggregation,0.8046411553393436,,,0.7215374211822129
6066,1001,13,5,0.6,0.2,1000,restricted_60,aggregation,0.8047825289208361,,,0.7218856278597946
6067,1001,13,5,0.6,0.2,1000,restricted_60,aggregation,0.8048400884147866,,,0.7219863403340487
6068,1001,13,5,0.6,0.2,1000,restricted_60,aggregation,0.8038812550681718,,,0.7202932089746673
6069,1001,13,5,0.6,0.2,1000,restricted_60,aggregation,0.8048459968469523,,,0.7216078373709625
6070,1001,13,5,0.6,0.2,1000,restricted_60,aggregation,0.8035868681760437,,,0.7201084286546786
6071,1001,13,5,0.6,0.2,1000,restricted_60,aggregation,0.8046054030553474,,,0.7210475999000999
6072,1001,13,5,0.6,0.2,1000,restricted_60,aggregation,0.8046686360437939,,,0.7208422020803271
6073,1001,13,5,0.6,0.2,1000,restricted_60,aggregation,0.8040847796955072,,,0.7207231066387315
6074,1001,13,5,0.6,0.2,1000,restricted_60,aggregation,0.8046362865190115,,,0.7211700422494173
6075,1001,13,5,0.6,0.2,1000,restricted_60,aggregation,0.8049700697488408,,,0.7218704154564571
6076,1001,13,5,0.6,0.2,1000,restricted_60,aggregation,0.8042207188790822,,,0.7212232836376586
6077,1001,13,5,0.6,0.2,1000,restricted_60,aggregation,0.8040508014843039,,,0.7201600128575129
6078,1001,13,5,0.6,0.2,1000,restricted_60,aggregation,0.8033216431709996,,,0.7196320316951568
6079,1001,13,5,0.6,0.2,1000,restricted_60,aggregation,0.8047515543437425,,,0.7212272607408023
6080,1001,13,5,0.6,0.2,1000,restricted_60,aggregation,0.8046265780155307,,,0.7210089688860523
6081,1001,13,5,0.6,0.2,1000,restricted_60,aggregation,0.8048762918876876,,,0.7220682381892799
6082,1001,13,5,0.6,0.2,1000,restricted_60,aggregation,0.804703225011984,,,0.7215181238822905
6083,1001,13,5,0.6,0.2,1000,restricted_60,aggregation,0.8049054933372791,,,0.7210635375581209
6084,1001,13,5,0.6,0.2,1000,restricted_60,aggregation,0.8051401358542508,,,0.7223752241816825
6085,1001,13,5,0.6,0.2,1000,restricted_60,aggregation,0.805281484886173,,,0.722497061287478
6086,1001,13,5,0.6,0.2,1000,restricted_60,aggregation,0.8042247844683796,,,0.720019814706898
6087,1001,13,5,0.6,0.2,1000,restricted_60,aggregation,0.8037506867635617,,,0.7199699525628692
6088,1001,13,5,0.6,0.2,1000,restricted_60,aggregation,0.8050019895542876,,,0.7217601895249811
6089,1001,13,5,0.6,0.2,1000,restricted_60,aggregation,0.8056551486200335,,,0.7228429446171114
6090,1001,13,5,0.6,0.2,1000,restricted_60,aggregation,0.8050623950966511,,,0.7221471762188428
6091,1001,13,5,0.6,0.2,1000,restricted_60,aggregation,0.8049652678972814,,,0.7214243301066219
6092,1001,13,5,0.6,0.2,1000,restricted_60,aggregation,0.8047284586001482,,,0.7211338070725571
6093,1001,13,5,0.6,0.2,1000,restricted_60,aggregation,0.8054527881634735,,,0.7224393311009978
6094,1001,13,5,0.6,0.2,1000,restricted_60,aggregation,0.8045038193217056,,,0.7206445504187171
6095,1001,13,5,0.6,0.2,1000,restricted_60,aggregation,0.8044478189155971,,,0.7208484784582702
6096,1001,13,5,0.6,0.2,1000,restricted_60,aggregation,0.8047334159116298,,,0.7212990365807033
6097,1001,13,5,0.6,0.2,1000,restricted_60,aggregation,0.8051706525336304,,,0.7221109277528027
6098,1001,13,5,0.6,0.2,1000,restricted_60,aggregation,0.8050616072441525,,,0.7217390731876149
6099,1001,13,5,0.6,0.2,1000,restricted_60,aggregation,0.804052702333992,,,0.7203599457409875
6100,1001,13,5,0.6,0.2,1000,restricted_60,aggregation,0.805212867833346,,,0.7221986844020177
6101,1001,13,5,0.6,0.2,1000,restricted_60,aggregation,0.8055509948280901,,,0.7227037249478916
6102,1001,13,5,0.6,0.2,1000,restricted_60,aggregation,0.8046590806018055,,,0.7216458504998089
6103,1001,13,5,0.6,0.2,1000,restricted_60,aggregation,0.8044805144054908,,,0.7213107467994968
6104,1001,13,5,0.6,0.2,1000,restricted_60,aggregation,0.8047761302438744,,,0.7212168609785277
6105,1001,13,5,0.6,0.2,1000,restricted_60,aggregation,0.8046915164689424,,,0.7212975608188109
6106,1001,13,5,0.6,0.2,1000,restricted_60,aggregation,0.8044363469977565,,,0.7206084320386404
6107,1001,13,5,0.6,0.2,1000,restricted_60,aggregation,0.8045829715320603,,,0.7210937654320988
6108,1001,13,5,0.6,0.2,1000,restricted_60,aggregation,0.804480775493319,,,0.7205263098552682
6109,1001,13,5,0.6,0.2,1000,restricted_60,aggregation,0.8050916282135039,,,0.7220349136280385
6110,1001,13,5,0.6,0.2,1000,restricted_60,aggregation,0.8042396990803338,,,0.7210177733763151
6111,1001,13,5,0.6,0.2,1000,restricted_60,aggregation,0.8046775419542327,,,0.7205662331033165
6112,1001,13,5,0.6,0.2,1000,restricted_60,aggregation,0.8048715805017224,,,0.7216113671128254
6113,1001,13,5,0.6,0.2,1000,restricted_60,aggregation,0.8048243441904264,,,0.7212800713175713
6114,1001,13,5,0.6,0.2,1000,restricted_60,aggregation,0.8048161340966256,,,0.7218448450315117
6115,1001,13,5,0.6,0.2,1000,restricted_60,aggregation,0.8048411301001895,,,0.721475897089022
6116,1001,13,5,0.6,0.2,1000,restricted_60,aggregation,0.8044786714711639,,,0.7208355588238922
6117,1001,13,5,0.6,0.2,1000,restricted_60,aggregation,0.804710301068132,,,0.7206783611296111
6118,1001,13,5,0.6,0.2,1000,restricted_60,aggregation,0.8047742677445069,,,0.7213407628482629
6119,1001,13,5,0.6,0.2,1000,restricted_60,aggregation,0.8050340053968956,,,0.7217071315181732
6120,1001,13,5,0.6,0.2,1000,restricted_60,aggregation,0.8048098344914124,,,0.722064040596749
6121,1001,13,5,0.6,0.2,1000,restricted_60,aggregation,0.8048334453959638,,,0.7213000935715519
6122,1001,13,5,0.6,0.2,1000,restricted_60,aggregation,0.8050676947233228,,,0.7217938310686227
6123,1001,13,5,0.6,0.2,1000,restricted_60,aggregation,0.8043021468138868,,,0.7215009087517421
6124,1001,13,5,0.6,0.2,1000,restricted_60,aggregation,0.8049151236602532,,,0.7214698332531666
6125,1001,13,5,0.6,0.2,1000,restricted_60,aggregation,0.8045190412525102,,,0.721210238095238
6126,1001,13,5,0.6,0.2,1000,restricted_60,aggregation,0.8046240848992532,,,0.7208580311124061
6127,1001,13,5,0.6,0.2,1000,restricted_60,aggregation,0.8036575896940009,,,0.7200524452707786
6128,1001,13,5,0.6,0.2,1000,restricted_60,aggregation,0.8050552406015162,,,0.7222264937762854
6129,1001,13,5,0.6,0.2,1000,restricted_60,aggregation,0.8050867571750444,,,0.7215150311648229
6130,1001,13,5,0.6,0.2,1000,restricted_60,aggregation,0.8045260751927081,,,0.7211006474698142
6131,1001,13,5,0.6,0.2,1000,restricted_60,aggregation,0.8052916970098969,,,0.7223116885737719
6132,1001,13,5,0.6,0.2,1000,restricted_60,aggregation,0.8042717569037625,,,0.7203794120617037
6133,1001,13,5,0.6,0.2,1000,restricted_60,aggregation,0.805466375995913,,,0.7226369131794131
6134,1001,13,5,0.6,0.2,1000,restricted_60,aggregation,0.8054453371247118,,,0.7225134855422355
6135,1001,13,5,0.6,0.2,1000,restricted_60,aggregation,0.8046855649778855,,,0.7212990870857537
6136,1001,13,5,0.6,0.2,1000,restricted_60,aggregation,0.804842336171531,,,0.7211851446007697
6137,1001,13,5,0.6,0.2,1000,restricted_60,aggregation,0.804773245493512,,,0.7220355810316228
6138,1001,13,5,0.6,0.2,1000,restricted_60,aggregation,0.8046097294352319,,,0.7209370666293583
6139,1001,13,5,0.6,0.2,1000,restricted_60,aggregation,0.8047159860889909,,,0.7215228781326698
6140,1001,13,5,0.6,0.2,1000,restricted_60,aggregation,0.8047899862131911,,,0.721954834370876
6141,1001,13,5,0.6,0.2,1000,restricted_60,aggregation,0.8039788800429021,,,0.719762099736683
6142,1001,13,5,0.6,0.2,1000,restricted_60,aggregation,0.8052916897906254,,,0.7223885543700127
6143,1001,13,5,0.6,0.2,1000,restricted_60,aggregation,0.804414642009321,,,0.7210251220847054
6144,1001,13,5,0.6,0.2,1000,restricted_60,aggregation,0.8043117438027015,,,0.7209331344812595
6145,1001,13,5,0.6,0.2,1000,restricted_60,aggregation,0.8046179526114628,,,0.7213933773248357
6146,1001,13,5,0.6,0.2,1000,restricted_60,aggregation,0.8045873125485824,,,0.7211941631131215
6147,1001,13,5,0.6,0.2,1000,restricted_60,aggregation,0.8054112542736908,,,0.722526415428707
6148,1001,13,5,0.6,0.2,1000,restricted_60,aggregation,0.8044827521110133,,,0.7207169783457283
6149,1001,13,5,0.6,0.2,1000,restricted_60,aggregation,0.8041256762748544,,,0.7208263605838606
6150,1001,13,5,0.6,0.2,1000,restricted_60,aggregation,0.8047808070072651,,,0.7211417580875915
6151,1001,13,5,0.6,0.2,1000,restricted_60,aggregation,0.8040977749629133,,,0.7204450769292435
6152,1001,13,5,0.6,0.2,1000,restricted_60,aggregation,0.8051481537053058,,,0.7221382565120065
6153,1001,13,5,0.6,0.2,1000,restricted_60,aggregation,0.8045404668829242,,,0.7211608762610845
6154,1001,13,5,0.6,0.2,1000,restricted_60,aggregation,0.8046768477043724,,,0.7212747636776803
6155,1001,13,5,0.6,0.2,1000,restricted_60,aggregation,0.8045770751207293,,,0.7214729050656133
6156,1001,13,5,0.6,0.2,1000,restricted_60,aggregation,0.8043206468753421,,,0.7204140474263391
6157,1001,13,5,0.6,0.2,1000,restricted_60,aggregation,0.8048869760106373,,,0.7214492388321554
6158,1001,13,5,0.6,0.2,1000,restricted_60,aggregation,0.8043365814182686,,,0.7205128704397454
6159,1001,13,5,0.6,0.2,1000,restricted_60,aggregation,0.804655219009553,,,0.7214358059533059
6160,1001,13,5,0.6,0.2,1000,restricted_60,aggregation,0.8047549816337485,,,0.7212634968118302
6161,1001,13,5,0.6,0.2,1000,restricted_60,aggregation,0.8043208832178668,,,0.7213252108925026
6162,1001,13,5,0.6,0.2,1000,restricted_60,aggregation,0.8043036218224147,,,0.7207286498223998
6163,1001,13,5,0.6,0.2,1000,restricted_60,aggregation,0.8049470546327799,,,0.7215944821921905
6164,1001,13,5,0.6,0.2,1000,restricted_60,aggregation,0.8046167561644653,,,0.7212865056394223
6165,1001,13,5,0.6,0.2,1000,restricted_60,aggregation,0.8043002393704569,,,0.7208129387741886
6166,1001,13,5,0.6,0.2,1000,restricted_60,aggregation,0.804433775797339,,,0.7209444742988493
6167,1001,13,5,0.6,0.2,1000,restricted_60,aggregation,0.8048533424249917,,,0.721576854588313
6168,1001,13,5,0.6,0.2,1000,restricted_60,aggregation,0.8052240882842042,,,0.7222395660281077
6169,1001,13,5,0.6,0.2,1000,restricted_60,aggregation,0.8042894142287875,,,0.7207275585679753
6170,1001,13,5,0.6,0.2,1000,restricted_60,aggregation,0.8051101907101366,,,0.722077832275749
6171,1001,13,5,0.6,0.2,1000,restricted_60,aggregation,0.8048451731403371,,,0.7213248821163405
6172,1001,13,5,0.6,0.2,1000,restricted_60,aggregation,0.8049231373603329,,,0.7225141796629296
6173,1001,13,5,0.6,0.2,1000,restricted_60,aggregation,0.8047596328532589,,,0.7214584077419495
6174,1001,13,5,0.6,0.2,1000,restricted_60,aggregation,0.8051262139793401,,,0.721869184935435
6175,1001,13,5,0.6,0.2,1000,restricted_60,aggregation,0.8042966473419396,,,0.7213411994024495
6176,1001,13,5,0.6,0.2,1000,restricted_60,aggregation,0.8049125082748411,,,0.721834898766357
6177,1001,13,5,0.6,0.2,1000,restricted_60,aggregation,0.8041420407742623,,,0.7207242700201034
6178,1001,13,5,0.6,0.2,1000,restricted_60,aggregation,0.8050866752147837,,,0.7217085664412748
6179,1001,13,5,0.6,0.2,1000,restricted_60,aggregation,0.8043764450531984,,,0.7207846251048334
6180,1001,13,5,0.6,0.2,1000,restricted_60,aggregation,0.8045667667339313,,,0.7211844901857403
6181,1001,13,5,0.6,0.2,1000,restricted_60,aggregation,0.8046949394726426,,,0.7212591187747439
6182,1001,13,5,0.6,0.2,1000,restricted_60,aggregation,0.8047450704164644,,,0.7208730942745526
6183,1001,13,5,0.6,0.2,1000,restricted_60,aggregation,0.8053181500645765,,,0.7225054650827567
6184,1001,13,5,0.6,0.2,1000,restricted_60,aggregation,0.8051989807798906,,,0.7222986874776459
6185,1001,13,5,0.6,0.2,1000,restricted_60,aggregation,0.8044969826173154,,,0.7206424777614361
6186,1001,13,5,0.6,0.2,1000,restricted_60,aggregation,0.8049566242757927,,,0.7218900606723524
6187,1001,13,5,0.6,0.2,1000,restricted_60,aggregation,0.8047352300275439,,,0.7209687689393939
6188,1001,13,5,0.6,0.2,1000,restricted_60,aggregation,0.8052171098801159,,,0.7219852357287774
6189,1001,13,5,0.6,0.2,1000,restricted_60,aggregation,0.8047120455266445,,,0.7209660909075493
6190,1001,13,5,0.6,0.2,1000,restricted_60,aggregation,0.8045988113420478,,,0.7217232659393076
6191,1001,13,5,0.6,0.2,1000,restricted_60,aggregation,0.8048242089796008,,,0.7217160782350365
6192,1001,13,5,0.6,0.2,1000,restricted_60,aggregation,0.8046622540785682,,,0.7214043652489486
6193,1001,13,5,0.6,0.2,1000,restricted_60,aggregation,0.804919522396037,,,0.7215950077854246
6194,1001,13,5,0.6,0.2,1000,restricted_60,aggregation,0.8052154042496148,,,0.7220504010187344
6195,1001,13,5,0.6,0.2,1000,restricted_60,aggregation,0.8051920217983399,,,0.7222331776479693
6196,1001,13,5,0.6,0.2,1000,restricted_60,aggregation,0.8048301251127786,,,0.7213475239421072
6197,1001,13,5,0.6,0.2,1000,restricted_60,aggregation,0.8048646447041589,,,0.7220938358940442
6198,1001,13,5,0.6,0.2,1000,restricted_60,aggregation,0.804248026259324,,,0.7213616616947867
6199,1001,13,5,0.6,0.2,1000,restricted_60,aggregation,0.8050223982177707,,,0.7222757334332334
6200,1001,13,5,0.6,0.2,1000,restricted_60,aggregation,0.8042772995289021,,,0.7207138837474255
6201,1001,13,5,0.6,0.2,1000,restricted_60,aggregation,0.8041721260298698,,,0.7202013090921425
6202,1001,13,5,0.6,0.2,1000,restricted_60,aggregation,0.8053008991290216,,,0.7219868376993377
6203,1001,13,5,0.6,0.2,1000,restricted_60,aggregation,0.8051082559824664,,,0.7223605021907106
6204,1001,13,5,0.6,0.2,1000,restricted_60,aggregation,0.804618286051811,,,0.7210049218836718
6205,1001,13,5,0.6,0.2,1000,restricted_60,aggregation,0.8041431724930798,,,0.7201261446809364
6206,1001,13,5,0.6,0.2,1000,restricted_60,aggregation,0.8047771698550731,,,0.7211538028021361
6207,1001,13,5,0.6,0.2,1000,restricted_60,aggregation,0.8045645323316125,,,0.7216071294831712
6208,1001,13,5,0.6,0.2,1000,restricted_60,aggregation,0.8047218514495099,,,0.7214586347140514
6209,1001,13,5,0.6,0.2,1000,restricted_60,aggregation,0.8043721180863441,,,0.7208740871782539
6210,1001,13,5,0.6,0.2,1000,restricted_60,aggregation,0.8048214567005151,,,0.7209367013773263
6211,1001,13,5,0.6,0.2,1000,restricted_60,aggregation,0.8049658890107859,,,0.721403518479977
6212,1001,13,5,0.6,0.2,1000,restricted_60,aggregation,0.8048018339169527,,,0.7215605838837089
6213,1001,13,5,0.6,0.2,1000,restricted_60,aggregation,0.8041041301543236,,,0.7201478732532899
6214,1001,13,5,0.6,0.2,1000,restricted_60,aggregation,0.8048368227455528,,,0.7218063172475673
6215,1001,13,5,0.6,0.2,1000,restricted_60,aggregation,0.8046812737862346,,,0.7214344997672081
6216,1001,13,5,0.6,0.2,1000,restricted_60,aggregation,0.8042682165523025,,,0.7208567369513202
6217,1001,13,5,0.6,0.2,1000,restricted_60,aggregation,0.8052724003701612,,,0.7219534427609428
6218,1001,13,5,0.6,0.2,1000,restricted_60,aggregation,0.8044537848999417,,,0.7208035844248344
6219,1001,13,5,0.6,0.2,1000,restricted_60,aggregation,0.8046050610152126,,,0.7215740202158952
6220,1001,13,5,0.6,0.2,1000,restricted_60,aggregation,0.8048374091121921,,,0.7209718121153538
6221,1001,13,5,0.6,0.2,1000,restricted_60,aggregation,0.804367531782865,,,0.7211294315175566
6222,1001,13,5,0.6,0.2,1000,restricted_60,aggregation,0.8042414546192416,,,0.7206470828245828
6223,1001,13,5,0.6,0.2,1000,restricted_60,aggregation,0.8056131442225603,,,0.7223676770066353
6224,1001,13,5,0.6,0.2,1000,restricted_60,aggregation,0.8049940111905451,,,0.7216896433890183
6225,1001,13,5,0.6,0.2,1000,restricted_60,aggregation,0.8045628896109227,,,0.7215808836996338
6226,1001,13,5,0.6,0.2,1000,restricted_60,aggregation,0.8046529097336788,,,0.7213094002448169
6227,1001,13,5,0.6,0.2,1000,restricted_60,aggregation,0.8054168976087172,,,0.7223378406007572
6228,1001,13,5,0.6,0.2,1000,restricted_60,aggregation,0.8052286136580148,,,0.7222466028338944
6229,1001,13,5,0.6,0.2,1000,restricted_60,aggregation,0.805025716496286,,,0.7218191190214108
6230,1001,13,5,0.6,0.2,1000,restricted_60,aggregation,0.8045740289049427,,,0.7212240777740777
6231,1001,13,5,0.6,0.2,1000,restricted_60,aggregation,0.8044852654211764,,,0.7206527225783477
6232,1001,13,5,0.6,0.2,1000,restricted_60,aggregation,0.8049529297246599,,,0.721304074613658
6233,1001,13,5,0.6,0.2,1000,restricted_60,aggregation,0.8044839427191698,,,0.7214459430230264
6234,1001,13,5,0.6,0.2,1000,restricted_60,aggregation,0.80482307922203,,,0.7219017374523625
6235,1001,13,5,0.6,0.2,1000,restricted_60,aggregation,0.8043795507426093,,,0.7209866762635513
6236,1001,13,5,0.6,0.2,1000,restricted_60,aggregation,0.804606615945851,,,0.7209159653540904
6237,1001,13,5,0.6,0.2,1000,restricted_60,aggregation,0.8049298699863309,,,0.7215804616679616
6238,1001,13,5,0.6,0.2,1000,restricted_60,aggregation,0.8052644609565721,,,0.7219882418507418
6239,1001,13,5,0.6,0.2,1000,restricted_60,aggregation,0.8048711794078535,,,0.7216420612103945
6240,1001,13,5,0.6,0.2,1000,restricted_60,aggregation,0.8046222285276209,,,0.7211609725613892
6241,1001,13,5,0.6,0.2,1000,restricted_60,aggregation,0.8047342397454176,,,0.7213176552074468
6242,1001,13,5,0.6,0.2,1000,restricted_60,aggregation,0.8053884777738963,,,0.7226735411964579
6243,1001,13,5,0.6,0.2,1000,restricted_60,aggregation,0.8052856301389294,,,0.7219312210937211
6244,1001,13,5,0.6,0.2,1000,restricted_60,aggregation,0.8046458440256236,,,0.721278124321666
6245,1001,13,5,0.6,0.2,1000,restricted_60,aggregation,0.8050223962706612,,,0.7219701377249294
6246,1001,13,5,0.6,0.2,1000,restricted_60,aggregation,0.8044223610998591,,,0.7208863138790222
6247,1001,13,5,0.6,0.2,1000,restricted_60,aggregation,0.804505189413486,,,0.7210431195887446
6248,1001,13,5,0.6,0.2,1000,restricted_60,aggregation,0.8048097870969715,,,0.7214901578514079
6249,1001,13,5,0.6,0.2,1000,restricted_60,aggregation,0.8045954841886208,,,0.7213687782048198
6250,1001,13,5,0.6,0.2,1000,restricted_60,aggregation,0.8041449106808767,,,0.720559196490238
6251,1001,13,5,0.6,0.2,1000,restricted_60,aggregation,0.8046347812707052,,,0.7208845608712275
6252,1001,13,5,0.6,0.2,1000,restricted_60,aggregation,0.8052546632900713,,,0.7221562357318607
6253,1001,13,5,0.6,0.2,1000,restricted_60,aggregation,0.8054066605024428,,,0.721944281382198
6254,1001,13,5,0.6,0.2,1000,restricted_60,aggregation,0.8047756238516589,,,0.7217362218491384
6255,1001,13,5,0.6,0.2,1000,restricted_60,aggregation,0.8047979464814874,,,0.7210131508923175
6256,1001,13,5,0.6,0.2,1000,restricted_60,aggregation,0.8049654878409874,,,0.7212495582041415
6257,1001,13,5,0.6,0.2,1000,restricted_60,aggregation,0.8045902162908394,,,0.7209652866500783
6258,1001,13,5,0.6,0.2,1000,restricted_60,aggregation,0.8048317297538627,,,0.7217205879691297
6259,1001,13,5,0.6,0.2,1000,restricted_60,aggregation,0.8049253790807386,,,0.7219828825110075
6260,1001,13,5,0.6,0.2,1000,restricted_60,aggregation,0.8049779060809641,,,0.7213406808777643
6261,1001,13,5,0.6,0.2,1000,restricted_60,aggregation,0.8038503955017587,,,0.7201507377421962
6262,1001,13,5,0.6,0.2,1000,restricted_60,aggregation,0.8045068524717887,,,0.7213915271379855
6263,1001,13,5,0.6,0.2,1000,restricted_60,aggregation,0.8042193811408876,,,0.7206332889024555
6264,1001,13,5,0.6,0.2,1000,restricted_60,aggregation,0.804725932478503,,,0.721384798026048
6265,1001,13,5,0.6,0.2,1000,restricted_60,aggregation,0.8049291361194251,,,0.7222163541936459
6266,1001,13,5,0.6,0.2,1000,restricted_60,aggregation,0.8051105891311752,,,0.72223331332248
6267,1001,13,5,0.6,0.2,1000,restricted_60,aggregation,0.805077765866125,,,0.7218176021278104
6268,1001,13,5,0.6,0.2,1000,restricted_60,aggregation,0.8043047065553294,,,0.7206799826099827
6269,1001,13,5,0.6,0.2,1000,restricted_60,aggregation,0.805022689887485,,,0.7217524318274318
6270,1001,13,5,0.6,0.2,1000,restricted_60,aggregation,0.8050243062718575,,,0.7223342288961038
6271,1001,13,5,0.6,0.2,1000,restricted_60,aggregation,0.8046188320513311,,,0.7208350529640112
6272,1001,13,5,0.6,0.2,1000,restricted_60,aggregation,0.8043119700170294,,,0.7210521594532011
6273,1001,13,5,0.6,0.2,1000,restricted_60,aggregation,0.8047532859232478,,,0.7219878126888544
6274,1001,13,5,0.6,0.2,1000,restricted_60,aggregation,0.8048852142093353,,,0.7210550275804443
6275,1001,13,5,0.6,0.2,1000,restricted_60,aggregation,0.8051599920081179,,,0.7217355903818403
6276,1001,13,5,0.6,0.2,1000,restricted_60,aggregation,0.8044224353571922,,,0.7209031538831538
6277,1001,13,5,0.6,0.2,1000,restricted_60,aggregation,0.8049463644110364,,,0.7216941228524562
6278,1001,13,5,0.6,0.2,1000,restricted_60,aggregation,0.8049668027876133,,,0.7220819671146755
6279,1001,13,5,0.6,0.2,1000,restricted_60,aggregation,0.8052552751333235,,,0.7227066051695219
6280,1001,13,5,0.6,0.2,1000,restricted_60,aggregation,0.8047471008846886,,,0.7211760061543394
6281,1001,13,5,0.6,0.2,1000,restricted_60,aggregation,0.8052457187309189,,,0.72224783998409
6282,1001,13,5,0.6,0.2,1000,restricted_60,aggregation,0.8045496309131476,,,0.7211490551809303
6283,1001,13,5,0.6,0.2,1000,restricted_60,aggregation,0.8043192130045018,,,0.7205694967840801
6284,1001,13,5,0.6,0.2,1000,restricted_60,aggregation,0.8055028269680148,,,0.7224803512459763
6285,1001,13,5,0.6,0.2,1000,restricted_60,aggregation,0.8049555390995112,,,0.7215186578930328
6286,1001,13,5,0.6,0.2,1000,restricted_60,aggregation,0.8043650114837321,,,0.7206229955384121
6287,1001,13,5,0.6,0.2,1000,restricted_60,aggregation,0.804369090340439,,,0.7207889701502201
6288,1001,13,5,0.6,0.2,1000,restricted_60,aggregation,0.8047912785890184,,,0.7216797251282667
6289,1001,13,5,0.6,0.2,1000,restricted_60,aggregation,0.8044848120498415,,,0.720880481948607
6290,1001,13,5,0.6,0.2,1000,restricted_60,aggregation,0.8046223890177024,,,0.7216953573124406
6291,1001,13,5,0.6,0.2,1000,restricted_60,aggregation,0.8048617751332516,,,0.721951515806724
6292,1001,13,5,0.6,0.2,1000,restricted_60,aggregation,0.8043967361886487,,,0.7210474869729036
6293,1001,13,5,0.6,0.2,1000,restricted_60,aggregation,0.804711722004173,,,0.721270769408061
6294,1001,13,5,0.6,0.2,1000,restricted_60,aggregation,0.8047144449873517,,,0.721021463343755
6295,1001,13,5,0.6,0.2,1000,restricted_60,aggregation,0.8046695168234209,,,0.7211394542494542
6296,1001,13,5,0.6,0.2,1000,restricted_60,aggregation,0.8043208814165116,,,0.7207066177495344
6297,1001,13,5,0.6,0.2,1000,restricted_60,aggregation,0.8046713303335711,,,0.721075867612326
6298,1001,13,5,0.6,0.2,1000,restricted_60,aggregation,0.8052577897965203,,,0.7219926402609737
6299,1001,13,5,0.6,0.2,1000,restricted_60,aggregation,0.8048545566614681,,,0.7218444312863063
6300,1001,13,5,0.6,0.2,1000,restricted_60,aggregation,0.8051254229750132,,,0.7224942820374072
6301,1001,13,5,0.6,0.2,1000,restricted_60,aggregation,0.8044882724040431,,,0.7214293828702163
6302,1001,13,5,0.6,0.2,1000,restricted_60,aggregation,0.8051857863502203,,,0.7221815225746475
6303,1001,13,5,0.6,0.2,1000,restricted_60,aggregation,0.8046863189782663,,,0.7213260814262897
6304,1001,13,5,0.6,0.2,1000,restricted_60,aggregation,0.8042055971482823,,,0.7205429169210419
6305,1001,13,5,0.6,0.2,1000,restricted_60,aggregation,0.803922846958467,,,0.720772057672266
6306,1001,13,5,0.6,0.2,1000,restricted_60,aggregation,0.8045744851648873,,,0.7206231364700114
6307,1001,13,5,0.6,0.2,1000,restricted_60,aggregation,0.8052398677260639,,,0.7216182656849324
6308,1001,13,5,0.6,0.2,1000,restricted_60,aggregation,0.8051129083592179,,,0.7220049342324342
6309,1001,13,5,0.6,0.2,1000,restricted_60,aggregation,0.8051722791718336,,,0.721943965062715
6310,1001,13,5,0.6,0.2,1000,restricted_60,aggregation,0.8051681503358862,,,0.7220666560908229
6311,1001,13,5,0.6,0.2,1000,restricted_60,aggregation,0.8045438245180784,,,0.7209957946066278
6312,1001,13,5,0.6,0.2,1000,restricted_60,aggregation,0.804704672000699,,,0.721072008015133
6313,1001,13,5,0.6,0.2,1000,restricted_60,aggregation,0.8049611183220273,,,0.7218077868350786
6314,1001,13,5,0.6,0.2,1000,restricted_60,aggregation,0.8049825650466532,,,0.7216503047261381
6315,1001,13,5,0.6,0.2,1000,restricted_60,aggregation,0.8048139346082319,,,0.7211090938845106
6316,1001,13,5,0.6,0.2,1000,restricted_60,aggregation,0.8048861990990291,,,0.721724354457271
6317,1001,13,5,0.6,0.2,1000,restricted_60,aggregation,0.8048167271253198,,,0.721510099584058
6318,1001,13,5,0.6,0.2,1000,restricted_60,aggregation,0.8055394130941392,,,0.7226870473122557
6319,1001,13,5,0.6,0.2,1000,restricted_60,aggregation,0.8048217620940581,,,0.721193145635229
6320,1001,13,5,0.6,0.2,1000,restricted_60,aggregation,0.8047010067848923,,,0.7205089237768404
6321,1001,13,5,0.6,0.2,1000,restricted_60,aggregation,0.8052757566228541,,,0.7219959339194757
6322,1001,13,5,0.6,0.2,1000,restricted_60,aggregation,0.8049426608799028,,,0.7218509253709253
6323,1001,13,5,0.6,0.2,1000,restricted_60,aggregation,0.8051747823505205,,,0.7216010665183583
6324,1001,13,5,0.6,0.2,1000,restricted_60,aggregation,0.8046488867469275,,,0.721468691617025
6325,1001,13,5,0.6,0.2,1000,restricted_60,aggregation,0.8051640930697077,,,0.7221852310498145
6326,1001,13,5,0.6,0.2,1000,restricted_60,aggregation,0.8041617188246816,,,0.7203690652248985
6327,1001,13,5,0.6,0.2,1000,restricted_60,aggregation,0.8046638214592612,,,0.7216665903463819
6328,1001,13,5,0.6,0.2,1000,restricted_60,aggregation,0.8052116383806391,,,0.7214661068561068
6329,1001,13,5,0.6,0.2,1000,restricted_60,aggregation,0.8053094356017122,,,0.7222955029384196
6330,1001,13,5,0.6,0.2,1000,restricted_60,aggregation,0.8039997344854273,,,0.7205093523374774
6331,1001,13,5,0.6,0.2,1000,restricted_60,aggregation,0.8046194265539428,,,0.7208486268438351
6332,1001,13,5,0.6,0.2,1000,restricted_60,aggregation,0.8047219177580767,,,0.7205254057824891
6333,1001,13,5,0.6,0.2,1000,restricted_60,aggregation,0.8049126795322104,,,0.721897235865986
6334,1001,13,5,0.6,0.2,1000,restricted_60,aggregation,0.805289123715659,,,0.7219130099375934
6335,1001,13,5,0.6,0.2,1000,restricted_60,aggregation,0.8047169071413226,,,0.7212002515462932
6336,1001,13,5,0.6,0.2,1000,restricted_60,aggregation,0.8050464783801737,,,0.7214567254736005
6337,1001,13,5,0.6,0.2,1000,restricted_60,aggregation,0.8048422334406269,,,0.722724244451536
6338,1001,13,5,0.6,0.2,1000,restricted_60,aggregation,0.8044248333923374,,,0.7207301375861792
6339,1001,13,5,0.6,0.2,1000,restricted_60,aggregation,0.8039295874152368,,,0.7209275938644689
6340,1001,13,5,0.6,0.2,1000,restricted_60,aggregation,0.8049127248984512,,,0.7217176000773918
6341,1001,13,5,0.6,0.2,1000,restricted_60,aggregation,0.8047998485250422,,,0.7215193544881046
6342,1001,13,5,0.6,0.2,1000,restricted_60,aggregation,0.8048677428909025,,,0.7217194233390066
6343,1001,13,5,0.6,0.2,1000,restricted_60,aggregation,0.8045057045087011,,,0.7211875524475524
6344,1001,13,5,0.6,0.2,1000,restricted_60,aggregation,0.8050668261180209,,,0.7216081938817355
6345,1001,13,5,0.6,0.2,1000,restricted_60,aggregation,0.8048473615171793,,,0.7211955026609194
6346,1001,13,5,0.6,0.2,1000,restricted_60,aggregation,0.804605579723837,,,0.7211502921846672
6347,1001,13,5,0.6,0.2,1000,restricted_60,aggregation,0.8047303560852135,,,0.7217436303588387
6348,1001,13,5,0.6,0.2,1000,restricted_60,aggregation,0.8047768572153292,,,0.721436387987013
6349,1001,13,5,0.6,0.2,1000,restricted_60,aggregation,0.8041652894744707,,,0.721016112783821
6350,1001,13,5,0.6,0.2,1000,restricted_60,aggregation,0.8049085564729068,,,0.7217698697444531
6351,1001,13,5,0.6,0.2,1000,restricted_60,aggregation,0.8046778182264125,,,0.7209182290934375
6352,1001,13,5,0.6,0.2,1000,restricted_60,aggregation,0.8047751718977051,,,0.7214978937189354
6353,1001,13,5,0.6,0.2,1000,restricted_60,aggregation,0.8049107156332634,,,0.7212871183677434
6354,1001,13,5,0.6,0.2,1000,restricted_60,aggregation,0.8040124476253042,,,0.7208601877212295
6355,1001,13,5,0.6,0.2,1000,restricted_60,aggregation,0.8043403833943596,,,0.7207341207480791
6356,1001,13,5,0.6,0.2,1000,restricted_60,aggregation,0.8052969035249871,,,0.7221763337048754
6357,1001,13,5,0.6,0.2,1000,restricted_60,aggregation,0.8051635376145454,,,0.7220564638756305
6358,1001,13,5,0.6,0.2,1000,restricted_60,aggregation,0.805108586526887,,,0.7220845644247726
6359,1001,13,5,0.6,0.2,1000,restricted_60,aggregation,0.8047782217225956,,,0.7221228555549387
6360,1001,13,5,0.6,0.2,1000,restricted_60,aggregation,0.8044699836781559,,,0.7211406046191463
6361,1001,13,5,0.6,0.2,1000,restricted_60,aggregation,0.8050644373472959,,,0.7214804469681553
6362,1001,13,5,0.6,0.2,1000,restricted_60,aggregation,0.8044109603695124,,,0.7206473682413266
6363,1001,13,5,0.6,0.2,1000,restricted_60,aggregation,0.8041047067047722,,,0.7206173742307075
6364,1001,13,5,0.6,0.2,1000,restricted_60,aggregation,0.8046517335687121,,,0.7211769258981758
6365,1001,13,5,0.6,0.2,1000,restricted_60,aggregation,0.8046911191010027,,,0.7210234868834868
6366,1001,13,5,0.6,0.2,1000,restricted_60,aggregation,0.8054859976261118,,,0.7224234750897252
6367,1001,13,5,0.6,0.2,1000,restricted_60,aggregation,0.8050227653588344,,,0.7218073827869661
6368,1001,13,5,0.6,0.2,1000,restricted_60,aggregation,0.804975693359488,,,0.7217960102551769
6369,1001,13,5,0.6,0.2,1000,restricted_60,aggregation,0.8048233804500798,,,0.7211741300751717
6370,1001,13,5,0.6,0.2,1000,restricted_60,aggregation,0.8051273418586969,,,0.7217449003851086
6371,1001,13,5,0.6,0.2,1000,restricted_60,aggregation,0.8052519799021163,,,0.7221386856816023
6372,1001,13,5,0.6,0.2,1000,restricted_60,aggregation,0.8055239196219385,,,0.7222789810498144
6373,1001,13,5,0.6,0.2,1000,restricted_60,aggregation,0.8041694605414798,,,0.7209910284931117
6374,1001,13,5,0.6,0.2,1000,restricted_60,aggregation,0.8047852253749478,,,0.7215564017232766
6375,1001,13,5,0.6,0.2,1000,restricted_60,aggregation,0.8053127999071981,,,0.7220101624378708
6376,1001,13,5,0.6,0.2,1000,restricted_60,aggregation,0.804243358910219,,,0.7210521486769403
6377,1001,13,5,0.6,0.2,1000,restricted_60,aggregation,0.8047371294552474,,,0.7211275491715076
6378,1001,13,5,0.6,0.2,1000,restricted_60,aggregation,0.8047755567816737,,,0.721582184582393
6379,1001,13,5,0.6,0.2,1000,restricted_60,aggregation,0.8045058237455259,,,0.7207203715266216
6380,1001,13,5,0.6,0.2,1000,restricted_60,aggregation,0.8049050696490727,,,0.721541132108632
6381,1001,13,5,0.6,0.2,1000,restricted_60,aggregation,0.8049211421727632,,,0.7226052702236037
6382,1001,13,5,0.6,0.2,1000,restricted_60,aggregation,0.8054752168010753,,,0.7225309092373675
6383,1001,13,5,0.6,0.2,1000,restricted_60,aggregation,0.8056680821260158,,,0.7234192718084385
6384,1001,13,5,0.6,0.2,1000,restricted_60,aggregation,0.8042513600220071,,,0.7206801694062112
6385,1001,13,5,0.6,0.2,1000,restricted_60,aggregation,0.8038628737234003,,,0.7204962511793762
6386,1001,13,5,0.6,0.2,1000,restricted_60,aggregation,0.8055113997811277,,,0.7223229852400685
6387,1001,13,5,0.6,0.2,1000,restricted_60,aggregation,0.804520189410795,,,0.7210905587622255
6388,1001,13,5,0.6,0.2,1000,restricted_60,aggregation,0.8043484765663201,,,0.7205163544171878
6389,1001,13,5,0.6,0.2,1000,restricted_60,aggregation,0.8046240525947131,,,0.721692170614879
6390,1001,13,5,0.6,0.2,1000,restricted_60,aggregation,0.805120250368582,,,0.7220152189554273
6391,1001,13,5,0.6,0.2,1000,restricted_60,aggregation,0.8048467781967744,,,0.7207569485298653
6392,1001,13,5,0.6,0.2,1000,restricted_60,aggregation,0.8046172106083029,,,0.7214346221062887
6393,1001,13,5,0.6,0.2,1000,restricted_60,aggregation,0.8050358927714963,,,0.7216443668908252
6394,1001,13,5,0.6,0.2,1000,restricted_60,aggregation,0.8050160971163539,,,0.7218223241958659
6395,1001,13,5,0.6,0.2,1000,restricted_60,aggregation,0.8048592241486509,,,0.7215391842416842
6396,1001,13,5,0.6,0.2,1000,restricted_60,aggregation,0.8052358156512414,,,0.7214515874095041
6397,1001,13,5,0.6,0.2,1000,restricted_60,aggregation,0.8052345707926427,,,0.7219757531280449
6398,1001,13,5,0.6,0.2,1000,restricted_60,aggregation,0.8052463484156832,,,0.7218330071163406
6399,1001,13,5,0.6,0.2,1000,restricted_60,aggregation,0.8051357205928474,,,0.7218909260569677
6400,1001,13,5,0.6,0.2,1000,restricted_60,aggregation,0.8045334393248205,,,0.7211788760159593
6401,1001,13,5,0.6,0.2,1000,restricted_60,aggregation,0.804361889673784,,,0.7208321827400994
6402,1001,13,5,0.6,0.2,1000,restricted_60,aggregation,0.8047954897995521,,,0.721283672562006
6403,1001,13,5,0.6,0.2,1000,restricted_60,aggregation,0.8050961921891677,,,0.721763328083953
6404,1001,13,5,0.6,0.2,1000,restricted_60,aggregation,0.8046308042128402,,,0.7209769313171396
6405,1001,13,5,0.6,0.2,1000,restricted_60,aggregation,0.8047392375055484,,,0.7219468263989097
6406,1001,13,5,0.6,0.2,1000,restricted_60,aggregation,0.8050402101939402,,,0.7219319085467002
6407,1001,13,5,0.6,0.2,1000,restricted_60,aggregation,0.805195871693532,,,0.7218546314410897
6408,1001,13,5,0.6,0.2,1000,restricted_60,aggregation,0.8045945255673186,,,0.7213498183837768
6409,1001,13,5,0.6,0.2,1000,restricted_60,aggregation,0.8048593238163391,,,0.7213333958017291
6410,1001,13,5,0.6,0.2,1000,restricted_60,aggregation,0.8047832175388377,,,0.7215655305574056
6411,1001,13,5,0.6,0.2,1000,restricted_60,aggregation,0.8048217052696254,,,0.7211808037718455
6412,1001,13,5,0.6,0.2,1000,restricted_60,aggregation,0.8033472731144549,,,0.7197413277463279
6413,1001,13,5,0.6,0.2,1000,restricted_60,aggregation,0.8049242430315905,,,0.7214231837529754
6414,1001,13,5,0.6,0.2,1000,restricted_60,aggregation,0.8048854372231613,,,0.7217154989532073
6415,1001,13,5,0.6,0.2,1000,restricted_60,aggregation,0.8042259211609901,,,0.7201172518607937
6416,1001,13,5,0.6,0.2,1000,restricted_60,aggregation,0.8045373611972113,,,0.7216500179141845
6417,1001,13,5,0.6,0.2,1000,restricted_60,aggregation,0.8050683509062039,,,0.7217761563899064
6418,1001,13,5,0.6,0.2,1000,restricted_60,aggregation,0.8047247332102722,,,0.720890127997003
6419,1001,13,5,0.6,0.2,1000,restricted_60,aggregation,0.8049431941926161,,,0.7220081639579555
6420,1001,13,5,0.6,0.2,1000,restricted_60,aggregation,0.8043054530567254,,,0.7207162590881342
6421,1001,13,5,0.6,0.2,1000,restricted_60,aggregation,0.8044785176860647,,,0.721354265718849
6422,1001,13,5,0.6,0.2,1000,restricted_60,aggregation,0.8044752449743929,,,0.7206506339262589
6423,1001,13,5,0.6,0.2,1000,restricted_60,aggregation,0.8044706959199813,,,0.7212821394500561
6424,1001,13,5,0.6,0.2,1000,restricted_60,aggregation,0.8041019062277417,,,0.7205734865751533
6425,1001,13,5,0.6,0.2,1000,restricted_60,aggregation,0.8042584957866391,,,0.7205540769955353
6426,1001,13,5,0.6,0.2,1000,restricted_60,aggregation,0.8045185774362558,,,0.7208745348401598
6427,1001,13,5,0.6,0.2,1000,restricted_60,aggregation,0.8054297680640418,,,0.7219281045574797
6428,1001,13,5,0.6,0.2,1000,restricted_60,aggregation,0.8044958290027107,,,0.7209270537949706
6429,1001,13,5,0.6,0.2,1000,restricted_60,aggregation,0.8048706696944575,,,0.7216709874770292
6430,1001,13,5,0.6,0.2,1000,restricted_60,aggregation,0.8057745317305998,,,0.7228536178327847
6431,1001,13,5,0.6,0.2,1000,restricted_60,aggregation,0.8045076611690859,,,0.7212950352733686
6432,1001,13,5,0.6,0.2,1000,restricted_60,aggregation,0.8048381025551531,,,0.721357792994043
6433,1001,13,5,0.6,0.2,1000,restricted_60,aggregation,0.8047058692651656,,,0.7213727664696414
6434,1001,13,5,0.6,0.2,1000,restricted_60,aggregation,0.8041367945555774,,,0.7204385645912729
6435,1001,13,5,0.6,0.2,1000,restricted_60,aggregation,0.8048602544213118,,,0.7214409654234655
6436,1001,13,5,0.6,0.2,1000,restricted_60,aggregation,0.8045862040566585,,,0.721134892098642
6437,1001,13,5,0.6,0.2,1000,restricted_60,aggregation,0.8047647108640538,,,0.7217307730078563
6438,1001,13,5,0.6,0.2,1000,restricted_60,aggregation,0.8044867870366366,,,0.7212258642514894
6439,1001,13,5,0.6,0.2,1000,restricted_60,aggregation,0.8048918060452185,,,0.7213709725459727
6440,1001,13,5,0.6,0.2,1000,restricted_60,aggregation,0.8050259789754544,,,0.7215102147852148
6441,1001,13,5,0.6,0.2,1000,restricted_60,aggregation,0.8053947971211343,,,0.7225455464057547
6442,1001,13,5,0.6,0.2,1000,restricted_60,aggregation,0.8050388199190298,,,0.722066507890258
6443,1001,13,5,0.6,0.2,1000,restricted_60,aggregation,0.8050003763253512,,,0.7222388509792677
6444,1001,13,5,0.6,0.2,1000,restricted_60,aggregation,0.8044834127458499,,,0.7212357711501461
6445,1001,13,5,0.6,0.2,1000,restricted_60,aggregation,0.8049114621246248,,,0.7214922345093178
6446,1001,13,5,0.6,0.2,1000,restricted_60,aggregation,0.8048378071710467,,,0.7214502562946312
6447,1001,13,5,0.6,0.2,1000,restricted_60,aggregation,0.8042460659411125,,,0.720967653897029
6448,1001,13,5,0.6,0.2,1000,restricted_60,aggregation,0.8043586934647836,,,0.7208732333484417
6449,1001,13,5,0.6,0.2,1000,restricted_60,aggregation,0.8053514972975586,,,0.7219960143560143
6450,1001,13,5,0.6,0.2,1000,restricted_60,aggregation,0.804029509343085,,,0.7212590327034077
6451,1001,13,5,0.6,0.2,1000,restricted_60,aggregation,0.8043045136479071,,,0.7209611717526301
6452,1001,13,5,0.6,0.2,1000,restricted_60,aggregation,0.8050727090170106,,,0.7212085220026887
6453,1001,13,5,0.6,0.2,1000,restricted_60,aggregation,0.8046293579208114,,,0.7210840990336823
6454,1001,13,5,0.6,0.2,1000,restricted_60,aggregation,0.8043400073090888,,,0.7212012824444074
6455,1001,13,5,0.6,0.2,1000,restricted_60,aggregation,0.8049387502127419,,,0.7215446953740704
6456,1001,13,5,0.6,0.2,1000,restricted_60,aggregation,0.8038388070193438,,,0.7204291874946042
6457,1001,13,5,0.6,0.2,1000,restricted_60,aggregation,0.8047174953768573,,,0.7213161452205201
6458,1001,13,5,0.6,0.2,1000,restricted_60,aggregation,0.8052431149886929,,,0.7223609826747326
6459,1001,13,5,0.6,0.2,1000,restricted_60,aggregation,0.8051939015562097,,,0.721980970726804
6460,1001,13,5,0.6,0.2,1000,restricted_60,aggregation,0.8049036772722371,,,0.7216096379546378
6461,1001,13,5,0.6,0.2,1000,restricted_60,aggregation,0.80412490877964,,,0.7207798186535687
6462,1001,13,5,0.6,0.2,1000,restricted_60,aggregation,0.8046239800042534,,,0.7205988783053366
6463,1001,13,5,0.6,0.2,1000,restricted_60,aggregation,0.8049621193630004,,,0.7217264510720761
6464,1001,13,5,0.6,0.2,1000,restricted_60,aggregation,0.8049267264280074,,,0.7211718574018574
6465,1001,13,5,0.6,0.2,1000,restricted_60,aggregation,0.8047136384372443,,,0.7215652582602583
6466,1001,13,5,0.6,0.2,1000,restricted_60,aggregation,0.8047530576575701,,,0.7216918348318349
6467,1001,13,5,0.6,0.2,1000,restricted_60,aggregation,0.8052107487261744,,,0.7228902789879873
6468,1001,13,5,0.6,0.2,1000,restricted_60,aggregation,0.8047295349264848,,,0.7207994590594592
6469,1001,13,5,0.6,0.2,1000,restricted_60,aggregation,0.8053176439407526,,,0.7221814494764495
6470,1001,13,5,0.6,0.2,1000,restricted_60,aggregation,0.804987203903495,,,0.7216482329476078
6471,1001,13,5,0.6,0.2,1000,restricted_60,aggregation,0.8044555958540919,,,0.7209703965556049
6472,1001,13,5,0.6,0.2,1000,restricted_60,aggregation,0.8049357742032485,,,0.7216218381695464
6473,1001,13,5,0.6,0.2,1000,restricted_60,aggregation,0.8046607860428303,,,0.7207637496993746
6474,1001,13,5,0.6,0.2,1000,restricted_60,aggregation,0.8048751068191771,,,0.7219931828973496
6475,1001,13,5,0.6,0.2,1000,restricted_60,aggregation,0.8047150973884378,,,0.7210465443044609
6476,1001,13,5,0.6,0.2,1000,restricted_60,aggregation,0.8051584330581982,,,0.7219313165461082
6477,1001,13,5,0.6,0.2,1000,restricted_60,aggregation,0.8045602953310631,,,0.7211171680248764
6478,1001,13,5,0.6,0.2,1000,restricted_60,aggregation,0.8045300313685386,,,0.7208086478567729
6479,1001,13,5,0.6,0.2,1000,restricted_60,aggregation,0.804897554822665,,,0.7215587581708415
6480,1001,13,5,0.6,0.2,1000,restricted_60,aggregation,0.8038694014129623,,,0.7202848174973175
6481,1001,13,5,0.6,0.2,1000,restricted_60,aggregation,0.8044332750290695,,,0.7205407111561278
6482,1001,13,5,0.6,0.2,1000,restricted_60,aggregation,0.8050488221208923,,,0.7218493105351438
6483,1001,13,5,0.6,0.2,1000,restricted_60,aggregation,0.8049083362106324,,,0.7217294784305202
6484,1001,13,5,0.6,0.2,1000,restricted_60,aggregation,0.8048593704210752,,,0.7220409598040848
6485,1001,13,5,0.6,0.2,1000,restricted_60,aggregation,0.8049315790813539,,,0.7214291526529026
6486,1001,13,5,0.6,0.2,1000,restricted_60,aggregation,0.8047926708856399,,,0.7216204281983448
6487,1001,13,5,0.6,0.2,1000,restricted_60,aggregation,0.8051442187328752,,,0.7217152172364673
6488,1001,13,5,0.6,0.2,1000,restricted_60,aggregation,0.8048559057031672,,,0.7212071084933585
6489,1001,13,5,0.6,0.2,1000,restricted_60,aggregation,0.8058426714415777,,,0.7229088604528189
6490,1001,13,5,0.6,0.2,1000,restricted_60,aggregation,0.8047252055444883,,,0.7217725964005131
6491,1001,13,5,0.6,0.2,1000,restricted_60,aggregation,0.8054835060878395,,,0.7221998771598772
6492,1001,13,5,0.6,0.2,1000,restricted_60,aggregation,0.8049089201098109,,,0.7218206738940073
6493,1001,13,5,0.6,0.2,1000,restricted_60,aggregation,0.8043320504467917,,,0.7206563592965676
6494,1001,13,5,0.6,0.2,1000,restricted_60,aggregation,0.8047040109378379,,,0.7212720093178426
6495,1001,13,5,0.6,0.2,1000,restricted_60,aggregation,0.8046389781917733,,,0.72096343989344
6496,1001,13,5,0.6,0.2,1000,restricted_60,aggregation,0.8051186650610608,,,0.7218527365073198
6497,1001,13,5,0.6,0.2,1000,restricted_60,aggregation,0.8043580975680085,,,0.7208841476656059
6498,1001,13,5,0.6,0.2,1000,restricted_60,aggregation,0.804886339251792,,,0.7215631963638214
6499,1001,13,5,0.6,0.2,1000,restricted_60,aggregation,0.8046362883931847,,,0.7212776933945685
6500,1001,13,5,0.6,0.2,1000,restricted_60,aggregation,0.8046146230470046,,,0.721583579036704
6501,1001,13,5,0.6,0.2,1000,restricted_60,aggregation,0.8043801880753554,,,0.7204021883826051
6502,1001,13,5,0.6,0.2,1000,restricted_60,aggregation,0.8046766093775323,,,0.7211092250881834
6503,1001,13,5,0.6,0.2,1000,restricted_60,aggregation,0.8042533143363396,,,0.7203577215223048
6504,1001,13,5,0.6,0.2,1000,restricted_60,aggregation,0.8046914616528523,,,0.7214003990145657
6505,1001,13,5,0.6,0.2,1000,restricted_60,aggregation,0.804609478513903,,,0.720962863332655
6506,1001,13,5,0.6,0.2,1000,restricted_60,aggregation,0.8048320754874952,,,0.7210435731629482
6507,1001,13,5,0.6,0.2,1000,restricted_60,aggregation,0.8046184766047185,,,0.7211281111635278
6508,1001,13,5,0.6,0.2,1000,restricted_60,aggregation,0.8048099476331557,,,0.7213427289839789
6509,1001,13,5,0.6,0.2,1000,restricted_60,aggregation,0.8044297646117093,,,0.7211986040425623
6510,1001,13,5,0.6,0.2,1000,restricted_60,aggregation,0.805239683282206,,,0.7223027507754591
6511,1001,13,5,0.6,0.2,1000,restricted_60,aggregation,0.8056476646630446,,,0.722608144371061
6512,1001,13,5,0.6,0.2,1000,restricted_60,aggregation,0.8048144272520986,,,0.7213928016119683
6513,1001,13,5,0.6,0.2,1000,restricted_60,aggregation,0.8049306901035979,,,0.7215222340545258
6514,1001,13,5,0.6,0.2,1000,restricted_60,aggregation,0.8050393224650807,,,0.721973355610439
6515,1001,13,5,0.6,0.2,1000,restricted_60,aggregation,0.8051036204758274,,,0.7223922549595467
6516,1001,13,5,0.6,0.2,1000,restricted_60,aggregation,0.8044911289578578,,,0.7215824724966392
6517,1001,13,5,0.6,0.2,1000,restricted_60,aggregation,0.8045756139095327,,,0.7215836007202674
6518,1001,13,5,0.6,0.2,1000,restricted_60,aggregation,0.8055561397741323,,,0.7230190122763038
6519,1001,13,5,0.6,0.2,1000,restricted_60,aggregation,0.8048388631995447,,,0.721793684340351
6520,1001,13,5,0.6,0.2,1000,restricted_60,aggregation,0.804436987486181,,,0.7210180660003577
6521,1001,13,5,0.6,0.2,1000,restricted_60,aggregation,0.8055201378134937,,,0.7223160180714348
6522,1001,13,5,0.6,0.2,1000,restricted_60,aggregation,0.8041146212110442,,,0.7206645629524796
6523,1001,13,5,0.6,0.2,1000,restricted_60,aggregation,0.8043850480885613,,,0.7205756146554063
6524,1001,13,5,0.6,0.2,1000,restricted_60,aggregation,0.8052194595054019,,,0.7221447321505655
6525,1001,13,5,0.6,0.2,1000,restricted_60,aggregation,0.8046638681386601,,,0.720799609202526
6526,1001,13,5,0.6,0.2,1000,restricted_60,aggregation,0.8049339763955292,,,0.7216275705081955
6527,1001,13,5,0.6,0.2,1000,restricted_60,aggregation,0.8050402173309991,,,0.7216257353988604
6528,1001,13,5,0.6,0.2,1000,restricted_60,aggregation,0.8043021720696507,,,0.7207686117740284
6529,1001,13,5,0.6,0.2,1000,restricted_60,aggregation,0.8041160605255493,,,0.7202095721099888
6530,1001,13,5,0.6,0.2,1000,restricted_60,aggregation,0.8048682556804174,,,0.7225250810686228
6531,1001,13,5,0.6,0.2,1000,restricted_60,aggregation,0.8045859449368957,,,0.7211924580434997
6532,1001,13,5,0.6,0.2,1000,restricted_60,aggregation,0.8047877972951163,,,0.721769673621132
6533,1001,13,5,0.6,0.2,1000,restricted_60,aggregation,0.8044051774230955,,,0.7209942361342361
6534,1001,13,5,0.6,0.2,1000,restricted_60,aggregation,0.8044834951718263,,,0.7214373059039726
6535,1001,13,5,0.6,0.2,1000,restricted_60,aggregation,0.8047480103777607,,,0.7216554842919426
6536,1001,13,5,0.6,0.2,1000,restricted_60,aggregation,0.8045707058890738,,,0.7215700367533701
6537,1001,13,5,0.6,0.2,1000,restricted_60,aggregation,0.8050307314307074,,,0.7215294912803246
6538,1001,13,5,0.6,0.2,1000,restricted_60,aggregation,0.8055649635477586,,,0.7228633014130931
6539,1001,13,5,0.6,0.2,1000,restricted_60,aggregation,0.8047883329366798,,,0.7219958612452362
6540,1001,13,5,0.6,0.2,1000,restricted_60,aggregation,0.804139245560026,,,0.7203515686551103
6541,1001,13,5,0.6,0.2,1000,restricted_60,aggregation,0.8042154821226568,,,0.7206095508735092
6542,1001,13,5,0.6,0.2,1000,restricted_60,aggregation,0.8052680958710514,,,0.7217758386675053
6543,1001,13,5,0.6,0.2,1000,restricted_60,aggregation,0.804094742313614,,,0.7205332907678742
6544,1001,13,5,0.6,0.2,1000,restricted_60,aggregation,0.8046555791862194,,,0.7217165825532492
6545,1001,13,5,0.6,0.2,1000,restricted_60,aggregation,0.8054631196833895,,,0.7222576580286997
6546,1001,13,5,0.6,0.2,1000,restricted_60,aggregation,0.8049644718201736,,,0.7218325558700559
6547,1001,13,5,0.6,0.2,1000,restricted_60,aggregation,0.8048176055563524,,,0.7214152018660351
6548,1001,13,5,0.6,0.2,1000,restricted_60,aggregation,0.8035868281254976,,,0.7198382715201466
6549,1001,13,5,0.6,0.2,1000,restricted_60,aggregation,0.8050660416065349,,,0.7219565630126046
6550,1001,13,5,0.6,0.2,1000,restricted_60,aggregation,0.8050510190251526,,,0.7216483413191745
6551,1001,13,5,0.6,0.2,1000,restricted_60,aggregation,0.8050244213744607,,,0.7214109931734932
6552,1001,13,5,0.6,0.2,1000,restricted_60,aggregation,0.8041344753842868,,,0.7204489165464166
6553,1001,13,5,0.6,0.2,1000,restricted_60,aggregation,0.8044233881764056,,,0.7212660862054612
6554,1001,13,5,0.6,0.2,1000,restricted_60,aggregation,0.8044811126099815,,,0.7210212270676855
6555,1001,13,5,0.6,0.2,1000,restricted_60,aggregation,0.8055067129836382,,,0.7223171007541841
6556,1001,13,5,0.6,0.2,1000,restricted_60,aggregation,0.8041683004673053,,,0.7206893665824915
6557,1001,13,5,0.6,0.2,1000,restricted_60,aggregation,0.8052106431636874,,,0.721733741366658
6558,1001,13,5,0.6,0.2,1000,restricted_60,aggregation,0.804730559905454,,,0.7216775036922953
6559,1001,13,5,0.6,0.2,1000,restricted_60,aggregation,0.8046839899757121,,,0.7210849797039381
6560,1001,13,5,0.6,0.2,1000,restricted_60,aggregation,0.8046549544154881,,,0.7217141284795453
6561,1001,13,5,0.6,0.2,1000,restricted_60,aggregation,0.8053282998374874,,,0.7219871798494715
6562,1001,13,5,0.6,0.2,1000,restricted_60,aggregation,0.8053837192525775,,,0.7225279886702803
6563,1001,13,5,0.6,0.2,1000,restricted_60,aggregation,0.805146681896844,,,0.7221447738372737
6564,1001,13,5,0.6,0.2,1000,restricted_60,aggregation,0.8050463843162134,,,0.7219386024161024
6565,1001,13,5,0.6,0.2,1000,restricted_60,aggregation,0.8046068554653752,,,0.7211925124335541
6566,1001,13,5,0.6,0.2,1000,restricted_60,aggregation,0.80459763763494,,,0.7214881919006919
6567,1001,13,5,0.6,0.2,1000,restricted_60,aggregation,0.8045452414047047,,,0.7206686456059374
6568,1001,13,5,0.6,0.2,1000,restricted_60,aggregation,0.8051382988940513,,,0.7218981081958166
6569,1001,13,5,0.6,0.2,1000,restricted_60,aggregation,0.8042763146197084,,,0.7206787635666803
6570,1001,13,5,0.6,0.2,1000,restricted_60,aggregation,0.8049007936662198,,,0.7210332205217622
6571,1001,13,5,0.6,0.2,1000,restricted_60,aggregation,0.8047821769940805,,,0.7216213286404953
6572,1001,13,5,0.6,0.2,1000,restricted_60,aggregation,0.8046022213849092,,,0.7213120162861829
6573,1001,13,5,0.6,0.2,1000,restricted_60,aggregation,0.8042899949859368,,,0.7208644630986297
6574,1001,13,5,0.6,0.2,1000,restricted_60,aggregation,0.8052325881045672,,,0.7218892383156966
6575,1001,13,5,0.6,0.2,1000,restricted_60,aggregation,0.8047705227337818,,,0.7220428521324355
6576,1001,13,5,0.6,0.2,1000,restricted_60,aggregation,0.8047404360783076,,,0.721127002364919
6577,1001,13,5,0.6,0.2,1000,restricted_60,aggregation,0.804794554265862,,,0.721222617983868
6578,1001,13,5,0.6,0.2,1000,restricted_60,aggregation,0.8042279456228006,,,0.7210842437809104
6579,1001,13,5,0.6,0.2,1000,restricted_60,aggregation,0.8042372950363131,,,0.7206251509061926
6580,1001,13,5,0.6,0.2,1000,restricted_60,aggregation,0.8048939577933388,,,0.7217880533972202
6581,1001,13,5,0.6,0.2,1000,restricted_60,aggregation,0.8045819751996505,,,0.7214826511297344
6582,1001,13,5,0.6,0.2,1000,restricted_60,aggregation,0.8047228281399073,,,0.7216241731108397
6583,1001,13,5,0.6,0.2,1000,restricted_60,aggregation,0.8049327994233,,,0.7216851659066241
6584,1001,13,5,0.6,0.2,1000,restricted_60,aggregation,0.8037922546488419,,,0.7201684972666222
6585,1001,13,5,0.6,0.2,1000,restricted_60,aggregation,0.8052199812526538,,,0.7219553120798954
6586,1001,13,5,0.6,0.2,1000,restricted_60,aggregation,0.8044369982035241,,,0.7207444309548476
6587,1001,13,5,0.6,0.2,1000,restricted_60,aggregation,0.8046259088771779,,,0.7213938663805332
6588,1001,13,5,0.6,0.2,1000,restricted_60,aggregation,0.8048357754573805,,,0.7212224988206238
6589,1001,13,5,0.6,0.2,1000,restricted_60,aggregation,0.8046865501342941,,,0.7209646561617395
6590,1001,13,5,0.6,0.2,1000,restricted_60,aggregation,0.8054170328467987,,,0.7225093044918044
6591,1001,13,5,0.6,0.2,1000,restricted_60,aggregation,0.8048429026495423,,,0.722048729657688
6592,1001,13,5,0.6,0.2,1000,restricted_60,aggregation,0.8043063155856315,,,0.7212715363957031
6593,1001,13,5,0.6,0.2,1000,restricted_60,aggregation,0.8046737132022601,,,0.721302644022644
6594,1001,13,5,0.6,0.2,1000,restricted_60,aggregation,0.8053234129055948,,,0.7222496290592123
6595,1001,13,5,0.6,0.2,1000,restricted_60,aggregation,0.8047060059639065,,,0.7218232220480137
6596,1001,13,5,0.6,0.2,1000,restricted_60,aggregation,0.8049884474983452,,,0.7218741209562042
6597,1001,13,5,0.6,0.2,1000,restricted_60,aggregation,0.8052612521360732,,,0.7222941615945783
6598,1001,13,5,0.6,0.2,1000,restricted_60,aggregation,0.8047620886100431,,,0.7210105730766148
6599,1001,13,5,0.6,0.2,1000,restricted_60,aggregation,0.8050617450244834,,,0.7217768696966614
6600,1001,13,5,0.6,0.2,1000,restricted_60,aggregation,0.8049725372546397,,,0.7219121555681972
6601,1001,13,5,0.6,0.2,1000,restricted_60,aggregation,0.8050405428904682,,,0.7220879700931784
6602,1001,13,5,0.6,0.2,1000,restricted_60,aggregation,0.8046548846046392,,,0.7211347176665927
6603,1001,13,5,0.6,0.2,1000,restricted_60,aggregation,0.8043599695797509,,,0.720408380022755
6604,1001,13,5,0.6,0.2,1000,restricted_60,aggregation,0.8046500947342553,,,0.72154708167604
6605,1001,13,5,0.6,0.2,1000,restricted_60,aggregation,0.804749653968901,,,0.7215658989467323
6606,1001,13,5,0.6,0.2,1000,restricted_60,aggregation,0.8047183901351481,,,0.7213276813541396
6607,1001,13,5,0.6,0.2,1000,restricted_60,aggregation,0.8058755342767336,,,0.7233834077342411
6608,1001,13,5,0.6,0.2,1000,restricted_60,aggregation,0.8048305185476192,,,0.7214766161770328
6609,1001,13,5,0.6,0.2,1000,restricted_60,aggregation,0.8045218000961337,,,0.7210107623240957
6610,1001,13,5,0.6,0.2,1000,restricted_60,aggregation,0.8046110424949492,,,0.7207662962808796
6611,1001,13,5,0.6,0.2,1000,restricted_60,aggregation,0.8047034005908458,,,0.7217929142693726
6612,1001,13,5,0.6,0.2,1000,restricted_60,aggregation,0.80497199099063,,,0.7215180207678125
6613,1001,13,5,0.6,0.2,1000,restricted_60,aggregation,0.8047885715326591,,,0.7213691144426561
6614,1001,13,5,0.6,0.2,1000,restricted_60,aggregation,0.8041877202751322,,,0.7209393056634723
6615,1001,13,5,0.6,0.2,1000,restricted_60,aggregation,0.8047044512098941,,,0.7212309204915455
6616,1001,13,5,0.6,0.2,1000,restricted_60,aggregation,0.8046806066541651,,,0.7211024701533035
6617,1001,13,5,0.6,0.2,1000,restricted_60,aggregation,0.8048794342491352,,,0.721369205231497
6618,1001,13,5,0.6,0.2,1000,restricted_60,aggregation,0.8049883921601227,,,0.7212181635262885
6619,1001,13,5,0.6,0.2,1000,restricted_60,aggregation,0.8048030215558161,,,0.7214925461421295
6620,1001,13,5,0.6,0.2,1000,restricted_60,aggregation,0.8048706949228336,,,0.7214011495834414
6621,1001,13,5,0.6,0.2,1000,restricted_60,aggregation,0.804163893454137,,,0.7208029360531445
6622,1001,13,5,0.6,0.2,1000,restricted_60,aggregation,0.8049801794553296,,,0.7216787466006215
6623,1001,13,5,0.6,0.2,1000,restricted_60,aggregation,0.8045001037002804,,,0.720743729565188
6624,1001,13,5,0.6,0.2,1000,restricted_60,aggregation,0.8046614772673356,,,0.721021236864987
6625,1001,13,5,0.6,0.2,1000,restricted_60,aggregation,0.8052477451536089,,,0.7219078943818528
6626,1001,13,5,0.6,0.2,1000,restricted_60,aggregation,0.8049324775800454,,,0.7215217924282507
6627,1001,13,5,0.6,0.2,1000,restricted_60,aggregation,0.8044135057878266,,,0.7214839140180807
6628,1001,13,5,0.6,0.2,1000,restricted_60,aggregation,0.8044922113709095,,,0.720989698033448
6629,1001,13,5,0.6,0.2,1000,restricted_60,aggregation,0.8045993012116212,,,0.7212014174020424
6630,1001,13,5,0.6,0.2,1000,restricted_60,aggregation,0.8048480588952973,,,0.7219104396143978
6631,1001,13,5,0.6,0.2,1000,restricted_60,aggregation,0.8040893803556428,,,0.7205868378226711
6632,1001,13,5,0.6,0.2,1000,restricted_60,aggregation,0.8052196718656726,,,0.721939078344495
6633,1001,13,5,0.6,0.2,1000,restricted_60,aggregation,0.8050092422955925,,,0.7213435961800544
6634,1001,13,5,0.6,0.2,1000,restricted_60,aggregation,0.8051897040705649,,,0.7215974375161875
6635,1001,13,5,0.6,0.2,1000,restricted_60,aggregation,0.8046974794001702,,,0.7213174277188861
6636,1001,13,5,0.6,0.2,1000,restricted_60,aggregation,0.804924208222682,,,0.7214098484848485
6637,1001,13,5,0.6,0.2,1000,restricted_60,aggregation,0.8044901659674547,,,0.7219816888589805
6638,1001,13,5,0.6,0.2,1000,restricted_60,aggregation,0.805234563772405,,,0.7217092700355201
6639,1001,13,5,0.6,0.2,1000,restricted_60,aggregation,0.8048058511948875,,,0.7217155563649313
6640,1001,13,5,0.6,0.2,1000,restricted_60,aggregation,0.804089620033857,,,0.7209128954378954
6641,1001,13,5,0.6,0.2,1000,restricted_60,aggregation,0.8050207746491773,,,0.7217985545935546
6642,1001,13,5,0.6,0.2,1000,restricted_60,aggregation,0.8046118981084889,,,0.7208280831668331
6643,1001,13,5,0.6,0.2,1000,restricted_60,aggregation,0.804703160446391,,,0.7211346212660795
6644,1001,13,5,0.6,0.2,1000,restricted_60,aggregation,0.8052341417779922,,,0.722243412274454
6645,1001,13,5,0.6,0.2,1000,restricted_60,aggregation,0.8045441340501761,,,0.7213526799897633
6646,1001,13,5,0.6,0.2,1000,restricted_60,aggregation,0.8045543499929143,,,0.7208942790696957
6647,1001,13,5,0.6,0.2,1000,restricted_60,aggregation,0.8054634818015881,,,0.7225867770192771
6648,1001,13,5,0.6,0.2,1000,restricted_60,aggregation,0.8038284150640177,,,0.7202116164853665
6649,1001,13,5,0.6,0.2,1000,restricted_60,aggregation,0.8056950030865704,,,0.7224329582300415
6650,1001,13,5,0.6,0.2,1000,restricted_60,aggregation,0.8045939142888344,,,0.7213930502136753
6651,1001,13,5,0.6,0.2,1000,restricted_60,aggregation,0.8047095491115017,,,0.7216575142758476
6652,1001,13,5,0.6,0.2,1000,restricted_60,aggregation,0.8050672314962727,,,0.7215326438607689
6653,1001,13,5,0.6,0.2,1000,restricted_60,aggregation,0.8045213304226861,,,0.7206432388753223
6654,1001,13,5,0.6,0.2,1000,restricted_60,aggregation,0.8050491137895347,,,0.721710702075702
6655,1001,13,5,0.6,0.2,1000,restricted_60,aggregation,0.8046199387410169,,,0.7221598845136344
6656,1001,13,5,0.6,0.2,1000,restricted_60,aggregation,0.8044085410616082,,,0.7211752917607084
6657,1001,13,5,0.6,0.2,1000,restricted_60,aggregation,0.804999052116803,,,0.7225009298803049
6658,1001,13,5,0.6,0.2,1000,restricted_60,aggregation,0.8043695721136996,,,0.72135140500703
6659,1001,13,5,0.6,0.2,1000,restricted_60,aggregation,0.803999713276756,,,0.7202979210527127
6660,1001,13,5,0.6,0.2,1000,restricted_60,aggregation,0.8048776943759686,,,0.7214331457816875
6661,1001,13,5,0.6,0.2,1000,restricted_60,aggregation,0.8054112416447494,,,0.7224655508303425
6662,1001,13,5,0.6,0.2,1000,restricted_60,aggregation,0.8045053807638299,,,0.7208409341738509
6663,1001,13,5,0.6,0.2,1000,restricted_60,aggregation,0.8051049496895849,,,0.7219051000928085
6664,1001,13,5,0.6,0.2,1000,restricted_60,aggregation,0.8052022361285115,,,0.7219465745057412
6665,1001,13,5,0.6,0.2,1000,restricted_60,aggregation,0.8042896676887697,,,0.7207621533867368
6666,1001,13,5,0.6,0.2,1000,restricted_60,aggregation,0.8049608877124064,,,0.721850495106745
6667,1001,13,5,0.6,0.2,1000,restricted_60,aggregation,0.8044627136352014,,,0.7209792358798609
6668,1001,13,5,0.6,0.2,1000,restricted_60,aggregation,0.80511633118037,,,0.7215973647956981
6669,1001,13,5,0.6,0.2,1000,restricted_60,aggregation,0.8042628195043892,,,0.7204033105166439
6670,1001,13,5,0.6,0.2,1000,restricted_60,aggregation,0.8053227798582197,,,0.7220481868748535
6671,1001,13,5,0.6,0.2,1000,restricted_60,aggregation,0.8050680025082159,,,0.7218783184485268
6672,1001,13,5,0.6,0.2,1000,restricted_60,aggregation,0.8046782949172218,,,0.72125139822369
6673,1001,13,5,0.6,0.2,1000,restricted_60,aggregation,0.8048542147457357,,,0.7208207610753443
6674,1001,13,5,0.6,0.2,1000,restricted_60,aggregation,0.8046042921583515,,,0.7207571860238527
6675,1001,13,5,0.6,0.2,1000,restricted_60,aggregation,0.805177671821522,,,0.7219937205695539
6676,1001,13,5,0.6,0.2,1000,restricted_60,aggregation,0.8042456200602592,,,0.7204999542201626
6677,1001,13,5,0.6,0.2,1000,restricted_60,aggregation,0.8044124275196505,,,0.7207818141966058
6678,1001,13,5,0.6,0.2,1000,restricted_60,aggregation,0.8051946816169702,,,0.7223796196935781
6679,1001,13,5,0.6,0.2,1000,restricted_60,aggregation,0.8046370039171921,,,0.7209490355940357
6680,1001,13,5,0.6,0.2,1000,restricted_60,aggregation,0.8044569866456213,,,0.7211473540348541
6681,1001,13,5,0.6,0.2,1000,restricted_60,aggregation,0.8042330220293308,,,0.7206617251421418
6682,1001,13,5,0.6,0.2,1000,restricted_60,aggregation,0.8044910543704165,,,0.7207693558370641
6683,1001,13,5,0.6,0.2,1000,restricted_60,aggregation,0.8048718747847237,,,0.7215014237074654
6684,1001,13,5,0.6,0.2,1000,restricted_60,aggregation,0.8051088547530777,,,0.721942346195471
6685,1001,13,5,0.6,0.2,1000,restricted_60,aggregation,0.8047178332936799,,,0.7217018732964566
6686,1001,13,5,0.6,0.2,1000,restricted_60,aggregation,0.8049379802234734,,,0.7218208561500228
6687,1001,13,5,0.6,0.2,1000,restricted_60,aggregation,0.8049230053901696,,,0.7216901314657564
6688,1001,13,5,0.6,0.2,1000,restricted_60,aggregation,0.8041677788737996,,,0.7206452979273813
6689,1001,13,5,0.6,0.2,1000,restricted_60,aggregation,0.8046820117423793,,,0.7215101369463869
6690,1001,13,5,0.6,0.2,1000,restricted_60,aggregation,0.8043859769270437,,,0.7204613362717529
6691,1001,13,5,0.6,0.2,1000,restricted_60,aggregation,0.8044898369319559,,,0.7209589793693961
6692,1001,13,5,0.6,0.2,1000,restricted_60,aggregation,0.804815552196925,,,0.7217884470776137
6693,1001,13,5,0.6,0.2,1000,restricted_60,aggregation,0.8051204246482212,,,0.7219657652918069
6694,1001,13,5,0.6,0.2,1000,restricted_60,aggregation,0.8042548948232706,,,0.7207492604155104
6695,1001,13,5,0.6,0.2,1000,restricted_60,aggregation,0.8052694047724369,,,0.7223684394078144
6696,1001,13,5,0.6,0.2,1000,restricted_60,aggregation,0.8049820097132856,,,0.7215598366833783
6697,1001,13,5,0.6,0.2,1000,restricted_60,aggregation,0.8037163332951394,,,0.7203151039084373
6698,1001,13,5,0.6,0.2,1000,restricted_60,aggregation,0.8047556318248024,,,0.7210611408653075
6699,1001,13,5,0.6,0.2,1000,restricted_60,aggregation,0.8040348102558644,,,0.7210353506678507
6700,1001,13,5,0.6,0.2,1000,restricted_60,aggregation,0.8052438945860568,,,0.7224418584656084
6701,1001,13,5,0.6,0.2,1000,restricted_60,aggregation,0.8051136450569113,,,0.7217057376342793
6702,1001,13,5,0.6,0.2,1000,restricted_60,aggregation,0.803997881503102,,,0.7204317078523328
6703,1001,13,5,0.6,0.2,1000,restricted_60,aggregation,0.8050300231125218,,,0.7217619937161603
6704,1001,13,5,0.6,0.2,1000,restricted_60,aggregation,0.8038500408511872,,,0.7197703298476216
6705,1001,13,5,0.6,0.2,1000,restricted_60,aggregation,0.8042365640645174,,,0.7207211201298702
6706,1001,13,5,0.6,0.2,1000,restricted_60,aggregation,0.805366809060067,,,0.7220309760224344
6707,1001,13,5,0.6,0.2,1000,restricted_60,aggregation,0.8043891739224104,,,0.7205886763082596
6708,1001,13,5,0.6,0.2,1000,restricted_60,aggregation,0.8044457313405505,,,0.721578060427227
6709,1001,13,5,0.6,0.2,1000,restricted_60,aggregation,0.8053490724700619,,,0.7223059401863569
6710,1001,13,5,0.6,0.2,1000,restricted_60,aggregation,0.8041372355696393,,,0.7203754759283927
6711,1001,13,5,0.6,0.2,1000,restricted_60,aggregation,0.8046396957445723,,,0.7213738371659205
6712,1001,13,5,0.6,0.2,1000,restricted_60,aggregation,0.8038917503020119,,,0.7197550691977774
6713,1001,13,5,0.6,0.2,1000,restricted_60,aggregation,0.8046492964465805,,,0.7211116330428831
6714,1001,13,5,0.6,0.2,1000,restricted_60,aggregation,0.8042772346000516,,,0.720575220982721
6715,1001,13,5,0.6,0.2,1000,restricted_60,aggregation,0.8045213378503675,,,0.7209924241884659
6716,1001,13,5,0.6,0.2,1000,restricted_60,aggregation,0.8046791142130842,,,0.7207826803135137
6717,1001,13,5,0.6,0.2,1000,restricted_60,aggregation,0.8047426948942432,,,0.7211154993077911
6718,1001,13,5,0.6,0.2,1000,restricted_60,aggregation,0.8050386409984319,,,0.7220095234009817
6719,1001,13,5,0.6,0.2,1000,restricted_60,aggregation,0.8044695907418515,,,0.7207554028764446
6720,1001,13,5,0.6,0.2,1000,restricted_60,aggregation,0.8039587219289924,,,0.7199950434287934
6721,1001,13,5,0.6,0.2,1000,restricted_60,aggregation,0.805023153392128,,,0.7217572603630936
6722,1001,13,5,0.6,0.2,1000,restricted_60,aggregation,0.8040391353513081,,,0.7204338292957042
6723,1001,13,5,0.6,0.2,1000,restricted_60,aggregation,0.8051506649628586,,,0.7221903452334703
6724,1001,13,5,0.6,0.2,1000,restricted_60,aggregation,0.8042786233845897,,,0.720779161432703
6725,1001,13,5,0.6,0.2,1000,restricted_60,aggregation,0.8048549280087256,,,0.7215285055068388
6726,1001,13,5,0.6,0.2,1000,restricted_60,aggregation,0.8049032730252975,,,0.7212662400639485
6727,1001,13,5,0.6,0.2,1000,restricted_60,aggregation,0.804145904773567,,,0.7208542068271235
6728,1001,13,5,0.6,0.2,1000,restricted_60,aggregation,0.805037071320748,,,0.722349727078477
6729,1001,13,5,0.6,0.2,1000,restricted_60,aggregation,0.8047303596335886,,,0.7215044599227932
6730,1001,13,5,0.6,0.2,1000,restricted_60,aggregation,0.804873239542124,,,0.7215747629993463
6731,1001,13,5,0.6,0.2,1000,restricted_60,aggregation,0.8050104103358529,,,0.72203588497151
6732,1001,13,5,0.6,0.2,1000,restricted_60,aggregation,0.8051125453094239,,,0.7217846024808525
6733,1001,13,5,0.6,0.2,1000,restricted_60,aggregation,0.8048621238079026,,,0.7217954750265166
6734,1001,13,5,0.6,0.2,1000,restricted_60,aggregation,0.804336521065843,,,0.7203649669158003
6735,1001,13,5,0.6,0.2,1000,restricted_60,aggregation,0.8048237162646693,,,0.7210442641463475
6736,1001,13,5,0.6,0.2,1000,restricted_60,aggregation,0.8053038744856675,,,0.7224556111404028
6737,1001,13,5,0.6,0.2,1000,restricted_60,aggregation,0.8044275354886701,,,0.7205947198095115
6738,1001,13,5,0.6,0.2,1000,restricted_60,aggregation,0.8052779317690661,,,0.7217247130107547
6739,1001,13,5,0.6,0.2,1000,restricted_60,aggregation,0.8050647219893484,,,0.7217199991212492
6740,1001,13,5,0.6,0.2,1000,restricted_60,aggregation,0.8049889955879866,,,0.7217377081868748
6741,1001,13,5,0.6,0.2,1000,restricted_60,aggregation,0.8046060345778004,,,0.7207802213373048
6742,1001,13,5,0.6,0.2,1000,restricted_60,aggregation,0.8045296113096747,,,0.7212503108157275
6743,1001,13,5,0.6,0.2,1000,restricted_60,aggregation,0.8047431982989914,,,0.721059182337724
6744,1001,13,5,0.6,0.2,1000,restricted_60,aggregation,0.805303260959136,,,0.7223738918643086
6745,1001,13,5,0.6,0.2,1000,restricted_60,aggregation,0.8046252762069733,,,0.7213966381458048
6746,1001,13,5,0.6,0.2,1000,restricted_60,aggregation,0.8045999900323672,,,0.7217091428247678
6747,1001,13,5,0.6,0.2,1000,restricted_60,aggregation,0.8044867646617792,,,0.7206571232317066
6748,1001,13,5,0.6,0.2,1000,restricted_60,aggregation,0.8047113551091619,,,0.7213713317546651
6749,1001,13,5,0.6,0.2,1000,restricted_60,aggregation,0.8039646827556677,,,0.7208759530361614
6750,1001,13,5,0.6,0.2,1000,restricted_60,aggregation,0.805316368952521,,,0.7221297558305891
6751,1001,13,5,0.6,0.2,1000,restricted_60,aggregation,0.8049673343685954,,,0.7218610725462808
6752,1001,13,5,0.6,0.2,1000,restricted_60,aggregation,0.8049130984120632,,,0.7213588219573636
6753,1001,13,5,0.6,0.2,1000,restricted_60,aggregation,0.8040867629045717,,,0.7204045670379005
6754,1001,13,5,0.6,0.2,1000,restricted_60,aggregation,0.804958271276677,,,0.7210276115628199
6755,1001,13,5,0.6,0.2,1000,restricted_60,aggregation,0.8043740460013487,,,0.7208559024231942
6756,1001,13,5,0.6,0.2,1000,restricted_60,aggregation,0.8045068954242347,,,0.7207489722777223
6757,1001,13,5,0.6,0.2,1000,restricted_60,aggregation,0.8050619125052066,,,0.7221125324906574
6758,1001,13,5,0.6,0.2,1000,restricted_60,aggregation,0.8046086293619152,,,0.7213188677449094
6759,1001,13,5,0.6,0.2,1000,restricted_60,aggregation,0.8048722340574238,,,0.7220160348910349
6760,1001,13,5,0.6,0.2,1000,restricted_60,aggregation,0.8048798478865844,,,0.7209137082516249
6761,1001,13,5,0.6,0.2,1000,restricted_60,aggregation,0.8045842945810595,,,0.7209684330638498
6762,1001,13,5,0.6,0.2,1000,restricted_60,aggregation,0.8053540751036664,,,0.7224729404160655
6763,1001,13,5,0.6,0.2,1000,restricted_60,aggregation,0.804739677938064,,,0.7213548280423281
6764,1001,13,5,0.6,0.2,1000,restricted_60,aggregation,0.8046665181277445,,,0.7213768445058029
6765,1001,13,5,0.6,0.2,1000,restricted_60,aggregation,0.8050218508937437,,,0.7218943811127144
6766,1001,13,5,0.6,0.2,1000,restricted_60,aggregation,0.8048384921804248,,,0.7217334043117377
6767,1001,13,5,0.6,0.2,1000,restricted_60,aggregation,0.8051695773137524,,,0.7219914959654544
6768,1001,13,5,0.6,0.2,1000,restricted_60,aggregation,0.8041494129635104,,,0.7203659816495233
6769,1001,13,5,0.6,0.2,1000,restricted_60,aggregation,0.805006235694465,,,0.7219305950222618
6770,1001,13,5,0.6,0.2,1000,restricted_60,aggregation,0.8056070755818798,,,0.72276688838168
6771,1001,13,5,0.6,0.2,1000,restricted_60,aggregation,0.8047459439723659,,,0.7213958292324959
6772,1001,13,5,0.6,0.2,1000,restricted_60,aggregation,0.8045527210133534,,,0.7210207756132755
6773,1001,13,5,0.6,0.2,1000,restricted_60,aggregation,0.8049915743154367,,,0.7216681774321357
6774,1001,13,5,0.6,0.2,1000,restricted_60,aggregation,0.8048822709004895,,,0.7214024730670564
6775,1001,13,5,0.6,0.2,1000,restricted_60,aggregation,0.805092457896387,,,0.7221052225166807
6776,1001,13,5,0.6,0.2,1000,restricted_60,aggregation,0.8046093767503418,,,0.7217103109082277
6777,1001,13,5,0.6,0.2,1000,restricted_60,aggregation,0.8048422673048105,,,0.7215199395511895
6778,1001,13,5,0.6,0.2,1000,restricted_60,aggregation,0.8045223529945053,,,0.7207245735976986
6779,1001,13,5,0.6,0.2,1000,restricted_60,aggregation,0.8049710356502543,,,0.7212780211840628
6780,1001,13,5,0.6,0.2,1000,restricted_60,aggregation,0.8045536068802225,,,0.7207506525804441
6781,1001,13,5,0.6,0.2,1000,restricted_60,aggregation,0.804765123956422,,,0.7214372242418076
6782,1001,13,5,0.6,0.2,1000,restricted_60,aggregation,0.8045892100427181,,,0.72124663161684
6783,1001,13,5,0.6,0.2,1000,restricted_60,aggregation,0.8051554985285139,,,0.7215873291523291
6784,1001,13,5,0.6,0.2,1000,restricted_60,aggregation,0.8050006868586151,,,0.7214456119266537
6785,1001,13,5,0.6,0.2,1000,restricted_60,aggregation,0.8042084383202331,,,0.7217735367410367
6786,1001,13,5,0.6,0.2,1000,restricted_60,aggregation,0.8043638121171806,,,0.7207595179203512
6787,1001,13,5,0.6,0.2,1000,restricted_60,aggregation,0.8044419572234183,,,0.7208038322171656
6788,1001,13,5,0.6,0.2,1000,restricted_60,aggregation,0.8053679192413888,,,0.722451338530297
6789,1001,13,5,0.6,0.2,1000,restricted_60,aggregation,0.8049236943356869,,,0.7212920222061889
6790,1001,13,5,0.6,0.2,1000,restricted_60,aggregation,0.8051877686899926,,,0.7218381305268805
6791,1001,13,5,0.6,0.2,1000,restricted_60,aggregation,0.8049004571146656,,,0.7214929825883992
6792,1001,13,5,0.6,0.2,1000,restricted_60,aggregation,0.8048524705201946,,,0.7213646644250811
6793,1001,13,5,0.6,0.2,1000,restricted_60,aggregation,0.8045965410813717,,,0.7209740340446591
6794,1001,13,5,0.6,0.2,1000,restricted_60,aggregation,0.8049038089563582,,,0.7220843870712621
6795,1001,13,5,0.6,0.2,1000,restricted_60,aggregation,0.8038118869949591,,,0.7204163246629913
6796,1001,13,5,0.6,0.2,1000,restricted_60,aggregation,0.8041678366365542,,,0.7206724977722895
6797,1001,13,5,0.6,0.2,1000,restricted_60,aggregation,0.804899027839202,,,0.7216603009259259
6798,1001,13,5,0.6,0.2,1000,restricted_60,aggregation,0.8052667034893539,,,0.7214403998779
6799,1001,13,5,0.6,0.2,1000,restricted_60,aggregation,0.8044244942545623,,,0.7204242599992601
6800,1001,13,5,0.6,0.2,1000,restricted_60,aggregation,0.8044080814049669,,,0.721132609620318
6801,1001,13,5,0.6,0.2,1000,restricted_60,aggregation,0.8049529246391094,,,0.7216746238792072
6802,1001,13,5,0.6,0.2,1000,restricted_60,aggregation,0.8040963116211748,,,0.7209147111838778
6803,1001,13,5,0.6,0.2,1000,restricted_60,aggregation,0.804926461842571,,,0.7217317529846697
6804,1001,13,5,0.6,0.2,1000,restricted_60,aggregation,0.804539544552418,,,0.7213398354577522
6805,1001,13,5,0.6,0.2,1000,restricted_60,aggregation,0.8048795597393219,,,0.7212186292642543
6806,1001,13,5,0.6,0.2,1000,restricted_60,aggregation,0.8050517207315578,,,0.7221920788008288
6807,1001,13,5,0.6,0.2,1000,restricted_60,aggregation,0.8047487493586514,,,0.7213479251920919
6808,1001,13,5,0.6,0.2,1000,restricted_60,aggregation,0.8051837371886609,,,0.722070042041292
6809,1001,13,5,0.6,0.2,1000,restricted_60,aggregation,0.804863312294835,,,0.7216483793135876
6810,1001,13,5,0.6,0.2,1000,restricted_60,aggregation,0.8051227988813568,,,0.7219068351247518
6811,1001,13,5,0.6,0.2,1000,restricted_60,aggregation,0.8047677760238834,,,0.7217569738903072
6812,1001,13,5,0.6,0.2,1000,restricted_60,aggregation,0.804093741099994,,,0.7204148926690592
6813,1001,13,5,0.6,0.2,1000,restricted_60,aggregation,0.8046816832037245,,,0.7212727346033595
6814,1001,13,5,0.6,0.2,1000,restricted_60,aggregation,0.804579010719074,,,0.72079552668011
6815,1001,13,5,0.6,0.2,1000,restricted_60,aggregation,0.8049361953078579,,,0.721501637336429
6816,1001,13,5,0.6,0.2,1000,restricted_60,aggregation,0.8045709182052794,,,0.720764373550832
6817,1001,13,5,0.6,0.2,1000,restricted_60,aggregation,0.8046345805527197,,,0.720843088924964
6818,1001,13,5,0.6,0.2,1000,restricted_60,aggregation,0.8050681746909324,,,0.7216653104148936
6819,1001,13,5,0.6,0.2,1000,restricted_60,aggregation,0.8045041606585978,,,0.7211674884606134
6820,1001,13,5,0.6,0.2,1000,restricted_60,aggregation,0.8046364692460974,,,0.7212304066149899
6821,1001,13,5,0.6,0.2,1000,restricted_60,aggregation,0.8044613974772082,,,0.7207784563661647
6822,1001,13,5,0.6,0.2,1000,restricted_60,aggregation,0.8051530114366071,,,0.7220641330737164
6823,1001,13,5,0.6,0.2,1000,restricted_60,aggregation,0.8050940445189435,,,0.7216141034351451
6824,1001,13,5,0.6,0.2,1000,restricted_60,aggregation,0.8046879067805753,,,0.7213487329260245
6825,1001,13,5,0.6,0.2,1000,restricted_60,aggregation,0.8047245275699972,,,0.7210337266360184
6826,1001,13,5,0.6,0.2,1000,restricted_60,aggregation,0.8048823029397083,,,0.7217021042691876
6827,1001,13,5,0.6,0.2,1000,restricted_60,aggregation,0.8043359491807923,,,0.7210767950182534
6828,1001,13,5,0.6,0.2,1000,restricted_60,aggregation,0.8049980877054417,,,0.7218154401385651
6829,1001,13,5,0.6,0.2,1000,restricted_60,aggregation,0.8045484151917129,,,0.721391388711597
6830,1001,13,5,0.6,0.2,1000,restricted_60,aggregation,0.8044512023966209,,,0.7213237661720996
6831,1001,13,5,0.6,0.2,1000,restricted_60,aggregation,0.8046318021471838,,,0.7216473043160543
6832,1001,13,5,0.6,0.2,1000,restricted_60,aggregation,0.8050907505761923,,,0.7222894381544381
6833,1001,13,5,0.6,0.2,1000,restricted_60,aggregation,0.8048623257179943,,,0.7220734922407839
6834,1001,13,5,0.6,0.2,1000,restricted_60,aggregation,0.8046392513476055,,,0.7215771201252452
6835,1001,13,5,0.6,0.2,1000,restricted_60,aggregation,0.8050250721844874,,,0.7215534871918206
6836,1001,13,5,0.6,0.2,1000,restricted_60,aggregation,0.8047979831543951,,,0.7211279451412784
6837,1001,13,5,0.6,0.2,1000,restricted_60,aggregation,0.8043201185204968,,,0.720754101939727
6838,1001,13,5,0.6,0.2,1000,restricted_60,aggregation,0.8046157168237926,,,0.721133086373503
6839,1001,13,5,0.6,0.2,1000,restricted_60,aggregation,0.8047285162585115,,,0.7214048609261109
6840,1001,13,5,0.6,0.2,1000,restricted_60,aggregation,0.8044528621875422,,,0.7214373985428153
6841,1001,13,5,0.6,0.2,1000,restricted_60,aggregation,0.8049625631378954,,,0.7214045663826915
6842,1001,13,5,0.6,0.2,1000,restricted_60,aggregation,0.8043653566474673,,,0.7207395681633181
6843,1001,13,5,0.6,0.2,1000,restricted_60,aggregation,0.8044454250151087,,,0.7210253737157905
6844,1001,13,5,0.6,0.2,1000,restricted_60,aggregation,0.8052459595350477,,,0.7222500284746117
6845,1001,13,5,0.6,0.2,1000,restricted_60,aggregation,0.8045867581035281,,,0.7206221541729876
6846,1001,13,5,0.6,0.2,1000,restricted_60,aggregation,0.8040445966218773,,,0.7201467288190205
6847,1001,13,5,0.6,0.2,1000,restricted_60,aggregation,0.8045950702084763,,,0.720928025685734
6848,1001,13,5,0.6,0.2,1000,restricted_60,aggregation,0.8044732710477515,,,0.7210014257424674
6849,1001,13,5,0.6,0.2,1000,restricted_60,aggregation,0.8045131605215317,,,0.7213070516905933
6850,1001,13,5,0.6,0.2,1000,restricted_60,aggregation,0.8044506421024966,,,0.7211417468796636
6851,1001,13,5,0.6,0.2,1000,restricted_60,aggregation,0.8047230072970722,,,0.7220361331415498
6852,1001,13,5,0.6,0.2,1000,restricted_60,aggregation,0.8046980523796816,,,0.7213315157604742
6853,1001,13,5,0.6,0.2,1000,restricted_60,aggregation,0.804846034300296,,,0.7210866588658255
6854,1001,13,5,0.6,0.2,1000,restricted_60,aggregation,0.8043203626551788,,,0.7207846333758834
6855,1001,13,5,0.6,0.2,1000,restricted_60,aggregation,0.8052883726399317,,,0.7220441868856452
6856,1001,13,5,0.6,0.2,1000,restricted_60,aggregation,0.8051681910233898,,,0.7216511266665434
6857,1001,13,5,0.6,0.2,1000,restricted_60,aggregation,0.8046088436196631,,,0.7214556576679493
6858,1001,13,5,0.6,0.2,1000,restricted_60,aggregation,0.8042926923397551,,,0.720492111013986
6859,1001,13,5,0.6,0.2,1000,restricted_60,aggregation,0.8048925031213731,,,0.7215898816923817
6860,1001,13,5,0.6,0.2,1000,restricted_60,aggregation,0.8050600265120893,,,0.7220242187981771
6861,1001,13,5,0.6,0.2,1000,restricted_60,aggregation,0.8044057413338642,,,0.7208286526205276
6862,1001,13,5,0.6,0.2,1000,restricted_60,aggregation,0.8046383233769691,,,0.7212189300360133
6863,1001,13,5,0.6,0.2,1000,restricted_60,aggregation,0.8044299733427653,,,0.721352836908462
6864,1001,13,5,0.6,0.2,1000,restricted_60,aggregation,0.8048320109450297,,,0.7210642630363464
6865,1001,13,5,0.6,0.2,1000,restricted_60,aggregation,0.8040485849772716,,,0.7205288515419765
6866,1001,13,5,0.6,0.2,1000,restricted_60,aggregation,0.8045627032752785,,,0.720945642405434
6867,1001,13,5,0.6,0.2,1000,restricted_60,aggregation,0.8052938905558348,,,0.721859326607035
6868,1001,13,5,0.6,0.2,1000,restricted_60,aggregation,0.8048323497576342,,,0.7215071675161259
6869,1001,13,5,0.6,0.2,1000,restricted_60,aggregation,0.8046775415518088,,,0.721275470424637
6870,1001,13,5,0.6,0.2,1000,restricted_60,aggregation,0.8054974595479899,,,0.7225852971873805
6871,1001,13,5,0.6,0.2,1000,restricted_60,aggregation,0.8045949063656075,,,0.7209097062119979
6872,1001,13,5,0.6,0.2,1000,restricted_60,aggregation,0.8042613299908031,,,0.7203709720834721
6873,1001,13,5,0.6,0.2,1000,restricted_60,aggregation,0.8050066914569629,,,0.7219202376173209
6874,1001,13,5,0.6,0.2,1000,restricted_60,aggregation,0.8043186024458886,,,0.7208764574931241
6875,1001,13,5,0.6,0.2,1000,restricted_60,aggregation,0.8048137923376215,,,0.7217731178543679
6876,1001,13,5,0.6,0.2,1000,restricted_60,aggregation,0.8055441968983814,,,0.7226562711054377
6877,1001,13,5,0.6,0.2,1000,restricted_60,aggregation,0.804875603445775,,,0.7221361815653482
6878,1001,13,5,0.6,0.2,1000,restricted_60,aggregation,0.8051252691158665,,,0.7215539351081018
6879,1001,13,5,0.6,0.2,1000,restricted_60,aggregation,0.8051106479872939,,,0.7216298090952258
6880,1001,13,5,0.6,0.2,1000,restricted_60,aggregation,0.8043225471598185,,,0.7211014575856243
6881,1001,13,5,0.6,0.2,1000,restricted_60,aggregation,0.8043616948801866,,,0.7209110921331754
6882,1001,13,5,0.6,0.2,1000,restricted_60,aggregation,0.805404213212677,,,0.72267853500666
6883,1001,13,5,0.6,0.2,1000,restricted_60,aggregation,0.8056189132186808,,,0.722602106111481
6884,1001,13,5,0.6,0.2,1000,restricted_60,aggregation,0.8048358789661871,,,0.7210937070645405
6885,1001,13,5,0.6,0.2,1000,restricted_60,aggregation,0.8046385371933094,,,0.7215265842105426
6886,1001,13,5,0.6,0.2,1000,restricted_60,aggregation,0.8042959769295541,,,0.7208382900818318
6887,1001,13,5,0.6,0.2,1000,restricted_60,aggregation,0.8051573526198575,,,0.7219293375297542
6888,1001,13,5,0.6,0.2,1000,restricted_60,aggregation,0.8049765448741069,,,0.7212915176644344
6889,1001,13,5,0.6,0.2,1000,restricted_60,aggregation,0.8049848061497322,,,0.7217267898536649
6890,1001,13,5,0.6,0.2,1000,restricted_60,aggregation,0.8045223153028084,,,0.7209271875809377
6891,1001,13,5,0.6,0.2,1000,restricted_60,aggregation,0.8044442800737974,,,0.720584211698795
6892,1001,13,5,0.6,0.2,1000,restricted_60,aggregation,0.8045720858230099,,,0.7209426950287366
6893,1001,13,5,0.6,0.2,1000,restricted_60,aggregation,0.8050670032397578,,,0.7219518516206017
6894,1001,13,5,0.6,0.2,1000,restricted_60,aggregation,0.8048552798811157,,,0.7214173942646859
6895,1001,13,5,0.6,0.2,1000,restricted_60,aggregation,0.8045191868179561,,,0.7212153850393433
6896,1001,13,5,0.6,0.2,1000,restricted_60,aggregation,0.805204996257148,,,0.7219205334865751
6897,1001,13,5,0.6,0.2,1000,restricted_60,aggregation,0.8046254585451282,,,0.7214448779075862
6898,1001,13,5,0.6,0.2,1000,restricted_60,aggregation,0.805023295248344,,,0.722257149802358
6899,1001,13,5,0.6,0.2,1000,restricted_60,aggregation,0.8044849915390568,,,0.7209206174458258
6900,1001,13,5,0.6,0.2,1000,restricted_60,aggregation,0.8045628162906499,,,0.7207662615779282
6901,1001,13,5,0.6,0.2,1000,restricted_60,aggregation,0.8048473438350696,,,0.7215900786944537
6902,1001,13,5,0.6,0.2,1000,restricted_60,aggregation,0.8045683861396243,,,0.7209545358576609
6903,1001,13,5,0.6,0.2,1000,restricted_60,aggregation,0.805118029185701,,,0.7218825747554914
6904,1001,13,5,0.6,0.2,1000,restricted_60,aggregation,0.8045809451488928,,,0.721483223951974
6905,1001,13,5,0.6,0.2,1000,restricted_60,aggregation,0.8048917317451243,,,0.7214632480636647
6906,1001,13,5,0.6,0.2,1000,restricted_60,aggregation,0.8048753959305298,,,0.7209608324777075
6907,1001,13,5,0.6,0.2,1000,restricted_60,aggregation,0.8049309919757417,,,0.7212731964100715
6908,1001,13,5,0.6,0.2,1000,restricted_60,aggregation,0.8044295264612431,,,0.7210989373358123
6909,1001,13,5,0.6,0.2,1000,restricted_60,aggregation,0.8039485432391036,,,0.7207380039713372
6910,1001,13,5,0.6,0.2,1000,restricted_60,aggregation,0.8054029159216832,,,0.7222461695095029
6911,1001,13,5,0.6,0.2,1000,restricted_60,aggregation,0.8044952679903682,,,0.7207002617444284
6912,1001,13,5,0.6,0.2,1000,restricted_60,aggregation,0.8043304351123937,,,0.7205141124461959
6913,1001,13,5,0.6,0.2,1000,restricted_60,aggregation,0.8050759877280886,,,0.7219257369096953
6914,1001,13,5,0.6,0.2,1000,restricted_60,aggregation,0.8050573607570362,,,0.721767333985459
6915,1001,13,5,0.6,0.2,1000,restricted_60,aggregation,0.8044817493474432,,,0.7211037335658169
6916,1001,13,5,0.6,0.2,1000,restricted_60,aggregation,0.8044259941590657,,,0.7213509215938383
6917,1001,13,5,0.6,0.2,1000,restricted_60,aggregation,0.8052385023434933,,,0.7220291378374712
6918,1001,13,5,0.6,0.2,1000,restricted_60,aggregation,0.8044864573415219,,,0.7206491282251699
6919,1001,13,5,0.6,0.2,1000,restricted_60,aggregation,0.8046748100241982,,,0.721868451941577
6920,1001,13,5,0.6,0.2,1000,restricted_60,aggregation,0.8048094562063234,,,0.7217670464489214
6921,1001,13,5,0.6,0.2,1000,restricted_60,aggregation,0.8042434802421933,,,0.7210843375374625
6922,1001,13,5,0.6,0.2,1000,restricted_60,aggregation,0.8049698389261358,,,0.7215811404721821
6923,1001,13,5,0.6,0.2,1000,restricted_60,aggregation,0.8049863220063673,,,0.7215911244542496
6924,1001,13,5,0.6,0.2,1000,restricted_60,aggregation,0.8047963008427917,,,0.7212326672864173
6925,1001,13,5,0.6,0.2,1000,restricted_60,aggregation,0.8051196497224896,,,0.7217541479045645
6926,1001,13,5,0.6,0.2,1000,restricted_60,aggregation,0.8051396738127647,,,0.7218332720366053
6927,1001,13,5,0.6,0.2,1000,restricted_60,aggregation,0.8050433177531872,,,0.7218671089558589
6928,1001,13,5,0.6,0.2,1000,restricted_60,aggregation,0.8044569196967412,,,0.7213065675913594
6929,1001,13,5,0.6,0.2,1000,restricted_60,aggregation,0.8054361792539577,,,0.721652284127909
6930,1001,13,5,0.6,0.2,1000,restricted_60,aggregation,0.8044755029354024,,,0.7203003908283074
6931,1001,13,5,0.6,0.2,1000,restricted_60,aggregation,0.8048982166916708,,,0.7215129833284001
6932,1001,13,5,0.6,0.2,1000,restricted_60,aggregation,0.8048826220495195,,,0.7211835315764482
6933,1001,13,5,0.6,0.2,1000,restricted_60,aggregation,0.8049429068322603,,,0.7212590688709439
6934,1001,13,5,0.6,0.2,1000,restricted_60,aggregation,0.8047409398411061,,,0.720700647354189
6935,1001,13,5,0.6,0.2,1000,restricted_60,aggregation,0.8053771484871031,,,0.7221611987780738
6936,1001,13,5,0.6,0.2,1000,restricted_60,aggregation,0.8048371560247772,,,0.7214951991758242
6937,1001,13,5,0.6,0.2,1000,restricted_60,aggregation,0.8045698653203878,,,0.7210329399612734
6938,1001,13,5,0.6,0.2,1000,restricted_60,aggregation,0.8048695242882787,,,0.7208868394568394
6939,1001,13,5,0.6,0.2,1000,restricted_60,aggregation,0.8043362704086245,,,0.7203613755534589
6940,1001,13,5,0.6,0.2,1000,restricted_60,aggregation,0.8046103176847347,,,0.7216730358222024
6941,1001,13,5,0.6,0.2,1000,restricted_60,aggregation,0.804815105841127,,,0.7215935705960707
6942,1001,13,5,0.6,0.2,1000,restricted_60,aggregation,0.8051837066529604,,,0.7223058653075319
6943,1001,13,5,0.6,0.2,1000,restricted_60,aggregation,0.8047777391444075,,,0.7214586766320099
6944,1001,13,5,0.6,0.2,1000,restricted_60,aggregation,0.8040920076630924,,,0.720344325998076
6945,1001,13,5,0.6,0.2,1000,restricted_60,aggregation,0.8051327274150398,,,0.7221576228786646
6946,1001,13,5,0.6,0.2,1000,restricted_60,aggregation,0.8043791795683723,,,0.7212385155199739
6947,1001,13,5,0.6,0.2,1000,restricted_60,aggregation,0.8053465867006268,,,0.7221668087005588
6948,1001,13,5,0.6,0.2,1000,restricted_60,aggregation,0.8043377543491477,,,0.7203756476548143
6949,1001,13,5,0.6,0.2,1000,restricted_60,aggregation,0.8051432800310713,,,0.7222029348121015
6950,1001,13,5,0.6,0.2,1000,restricted_60,aggregation,0.8048629810465411,,,0.7213923609106941
6951,1001,13,5,0.6,0.2,1000,restricted_60,aggregation,0.804646233899303,,,0.7213864078745329
6952,1001,13,5,0.6,0.2,1000,restricted_60,aggregation,0.8042537533396306,,,0.7207540318015317
6953,1001,13,5,0.6,0.2,1000,restricted_60,aggregation,0.8053494399949143,,,0.7223704834517335
6954,1001,13,5,0.6,0.2,1000,restricted_60,aggregation,0.8045249097971063,,,0.7205546624671626
6955,1001,13,5,0.6,0.2,1000,restricted_60,aggregation,0.8047469122408475,,,0.7212425215679382
6956,1001,13,5,0.6,0.2,1000,restricted_60,aggregation,0.8047868120893992,,,0.7218861962266129
6957,1001,13,5,0.6,0.2,1000,restricted_60,aggregation,0.8043380490117665,,,0.7209203364767949
6958,1001,13,5,0.6,0.2,1000,restricted_60,aggregation,0.805954169716277,,,0.7233442636530137
6959,1001,13,5,0.6,0.2,1000,restricted_60,aggregation,0.8047304423067334,,,0.7214074517303684
6960,1001,13,5,0.6,0.2,1000,restricted_60,aggregation,0.8052656931652261,,,0.7220840323873657
6961,1001,13,5,0.6,0.2,1000,restricted_60,aggregation,0.8046573071740631,,,0.7212994263067181
6962,1001,13,5,0.6,0.2,1000,restricted_60,aggregation,0.8042096799193714,,,0.7206666435031018
6963,1001,13,5,0.6,0.2,1000,restricted_60,aggregation,0.8054688770887697,,,0.7219884968580801
6964,1001,13,5,0.6,0.2,1000,restricted_60,aggregation,0.8050901679574007,,,0.7223423602863186
6965,1001,13,5,0.6,0.2,1000,restricted_60,aggregation,0.8048655075871695,,,0.721808820384862
6966,1001,13,5,0.6,0.2,1000,restricted_60,aggregation,0.8048472861768552,,,0.7218394336604753
6967,1001,13,5,0.6,0.2,1000,restricted_60,aggregation,0.8044335179705002,,,0.7213627831581998
6968,1001,13,5,0.6,0.2,1000,restricted_60,aggregation,0.804854237564514,,,0.7218281605354522
6969,1001,13,5,0.6,0.2,1000,restricted_60,aggregation,0.8047061803963345,,,0.7214418757554174
6970,1001,13,5,0.6,0.2,1000,restricted_60,aggregation,0.8045479245739643,,,0.7208532950460034
6971,1001,13,5,0.6,0.2,1000,restricted_60,aggregation,0.8052118351344888,,,0.722049798611882
6972,1001,13,5,0.6,0.2,1000,restricted_60,aggregation,0.8042819488816142,,,0.720433960676669
6973,1001,13,5,0.6,0.2,1000,restricted_60,aggregation,0.8049071972387768,,,0.7215063010446343
6974,1001,13,5,0.6,0.2,1000,restricted_60,aggregation,0.8052419872390038,,,0.7222506517479433
6975,1001,13,5,0.6,0.2,1000,restricted_60,aggregation,0.8046808768934349,,,0.7209545702368619
6976,1001,13,5,0.6,0.2,1000,restricted_60,aggregation,0.8041445297794749,,,0.7204276743703827
6977,1001,13,5,0.6,0.2,1000,restricted_60,aggregation,0.8045818574909909,,,0.7204620267618185
6978,1001,13,5,0.6,0.2,1000,restricted_60,aggregation,0.8057360285619372,,,0.7232202158335492
6979,1001,13,5,0.6,0.2,1000,restricted_60,aggregation,0.804633634833797,,,0.7213149564324564
6980,1001,13,5,0.6,0.2,1000,restricted_60,aggregation,0.8043900131166357,,,0.7212640069035902
6981,1001,13,5,0.6,0.2,1000,restricted_60,aggregation,0.8053651480470408,,,0.7225038403263403
6982,1001,13,5,0.6,0.2,1000,restricted_60,aggregation,0.8048072327833802,,,0.7218604125812459
6983,1001,13,5,0.6,0.2,1000,restricted_60,aggregation,0.8048862544033264,,,0.7210454884929884
6984,1001,13,5,0.6,0.2,1000,restricted_60,aggregation,0.805158083896352,,,0.7212817766878185
6985,1001,13,5,0.6,0.2,1000,restricted_60,aggregation,0.8042949723169254,,,0.7210368144432728
6986,1001,13,5,0.6,0.2,1000,restricted_60,aggregation,0.8053142493989733,,,0.7222926454332703
6987,1001,13,5,0.6,0.2,1000,restricted_60,aggregation,0.8050570766036449,,,0.7217291313778813
6988,1001,13,5,0.6,0.2,1000,restricted_60,aggregation,0.8039395657611877,,,0.7213348834730084
6989,1001,13,5,0.6,0.2,1000,restricted_60,aggregation,0.804715677985114,,,0.7214741926514843
6990,1001,13,5,0.6,0.2,1000,restricted_60,aggregation,0.8048064775825777,,,0.7216314481583231
6991,1001,13,5,0.6,0.2,1000,restricted_60,aggregation,0.8057194987973403,,,0.7230531953000703
6992,1001,13,5,0.6,0.2,1000,restricted_60,aggregation,0.8048404103478812,,,0.7217191860839777
6993,1001,13,5,0.6,0.2,1000,restricted_60,aggregation,0.8045085786042968,,,0.721288083706417
6994,1001,13,5,0.6,0.2,1000,restricted_60,aggregation,0.8047743602674561,,,0.7215548571644406
6995,1001,13,5,0.6,0.2,1000,restricted_60,aggregation,0.8050424181213384,,,0.7215997135272134
6996,1001,13,5,0.6,0.2,1000,restricted_60,aggregation,0.8052643837507124,,,0.7221759668495086
6997,1001,13,5,0.6,0.2,1000,restricted_60,aggregation,0.8048122382531675,,,0.7219596957055291
6998,1001,13,5,0.6,0.2,1000,restricted_60,aggregation,0.8045813304474726,,,0.7212564146887064
6999,1001,13,5,0.6,0.2,1000,restricted_60,aggregation,0.8039883162011251,,,0.7206525474062975
7000,1001,13,5,0.6,0.2,1000,restricted_70,aggregation,0.8073578516978285,,,0.7286212150503818
7001,1001,13,5,0.6,0.2,1000,restricted_70,aggregation,0.807830008472844,,,0.7288822252361836
7002,1001,13,5,0.6,0.2,1000,restricted_70,aggregation,0.8081349652439349,,,0.7295690216958967
7003,1001,13,5,0.6,0.2,1000,restricted_70,aggregation,0.8078621898378763,,,0.7292665249025666
7004,1001,13,5,0.6,0.2,1000,restricted_70,aggregation,0.8077824345009789,,,0.728695424583133
7005,1001,13,5,0.6,0.2,1000,restricted_70,aggregation,0.8077460259499989,,,0.7286801048257299
7006,1001,13,5,0.6,0.2,1000,restricted_70,aggregation,0.8073987090505035,,,0.7284868366047533
7007,1001,13,5,0.6,0.2,1000,restricted_70,aggregation,0.8076576759158679,,,0.7290255127665544
7008,1001,13,5,0.6,0.2,1000,restricted_70,aggregation,0.8077047980737112,,,0.728751085072335
7009,1001,13,5,0.6,0.2,1000,restricted_70,aggregation,0.8071456713663699,,,0.7278633944373527
7010,1001,13,5,0.6,0.2,1000,restricted_70,aggregation,0.8076642926220488,,,0.7281518606470689
7011,1001,13,5,0.6,0.2,1000,restricted_70,aggregation,0.806801054738867,,,0.728028870265537
7012,1001,13,5,0.6,0.2,1000,restricted_70,aggregation,0.8077671468437796,,,0.7291412053455804
7013,1001,13,5,0.6,0.2,1000,restricted_70,aggregation,0.8076868200429258,,,0.7281054881461132
7014,1001,13,5,0.6,0.2,1000,restricted_70,aggregation,0.8079573159244432,,,0.7290502372550288
7015,1001,13,5,0.6,0.2,1000,restricted_70,aggregation,0.8076595860247675,,,0.7288238185348601
7016,1001,13,5,0.6,0.2,1000,restricted_70,aggregation,0.8075788629991527,,,0.7283319971155388
7017,1001,13,5,0.6,0.2,1000,restricted_70,aggregation,0.8080555342643307,,,0.7288957817414068
7018,1001,13,5,0.6,0.2,1000,restricted_70,aggregation,0.8080221169923845,,,0.7290902268256435
7019,1001,13,5,0.6,0.2,1000,restricted_70,aggregation,0.8082459612057317,,,0.7291690840717925
7020,1001,13,5,0.6,0.2,1000,restricted_70,aggregation,0.8080033043831965,,,0.7290584754982672
7021,1001,13,5,0.6,0.2,1000,restricted_70,aggregation,0.8075564005793726,,,0.729058041056166
7022,1001,13,5,0.6,0.2,1000,restricted_70,aggregation,0.8079755402128377,,,0.7289393939239772
7023,1001,13,5,0.6,0.2,1000,restricted_70,aggregation,0.8075973341043009,,,0.7284631135531134
7024,1001,13,5,0.6,0.2,1000,restricted_70,aggregation,0.807687178875132,,,0.7284377499969167
7025,1001,13,5,0.6,0.2,1000,restricted_70,aggregation,0.8076781876368091,,,0.7282389613164614
7026,1001,13,5,0.6,0.2,1000,restricted_70,aggregation,0.8079858022352351,,,0.7290771035291869
7027,1001,13,5,0.6,0.2,1000,restricted_70,aggregation,0.8078930681649098,,,0.728573498415165
7028,1001,13,5,0.6,0.2,1000,restricted_70,aggregation,0.8076278456926059,,,0.7280060876777544
7029,1001,13,5,0.6,0.2,1000,restricted_70,aggregation,0.8075828201865126,,,0.7286016059249393
7030,1001,13,5,0.6,0.2,1000,restricted_70,aggregation,0.8079544475337574,,,0.7289483007887174
7031,1001,13,5,0.6,0.2,1000,restricted_70,aggregation,0.8075243885679108,,,0.7285437234755985
7032,1001,13,5,0.6,0.2,1000,restricted_70,aggregation,0.8081063597699683,,,0.7291276328378412
7033,1001,13,5,0.6,0.2,1000,restricted_70,aggregation,0.8079586999708966,,,0.7286989600754185
7034,1001,13,5,0.6,0.2,1000,restricted_70,aggregation,0.8077032572444999,,,0.7285186378128045
7035,1001,13,5,0.6,0.2,1000,restricted_70,aggregation,0.8073384879323023,,,0.7276711984928651
7036,1001,13,5,0.6,0.2,1000,restricted_70,aggregation,0.8078261346710816,,,0.7289298391269224
7037,1001,13,5,0.6,0.2,1000,restricted_70,aggregation,0.8080719521814194,,,0.7291135650306485
7038,1001,13,5,0.6,0.2,1000,restricted_70,aggregation,0.8076423028150375,,,0.7283363750215833
7039,1001,13,5,0.6,0.2,1000,restricted_70,aggregation,0.8078944810802521,,,0.7294644181821265
7040,1001,13,5,0.6,0.2,1000,restricted_70,aggregation,0.8083474997931084,,,0.7303299767593519
7041,1001,13,5,0.6,0.2,1000,restricted_70,aggregation,0.807775405004334,,,0.7287096056721056
7042,1001,13,5,0.6,0.2,1000,restricted_70,aggregation,0.8076302157048263,,,0.7287398030595947
7043,1001,13,5,0.6,0.2,1000,restricted_70,aggregation,0.8078147538519898,,,0.7287519436042353
7044,1001,13,5,0.6,0.2,1000,restricted_70,aggregation,0.8076096865551734,,,0.7285102932252931
7045,1001,13,5,0.6,0.2,1000,restricted_70,aggregation,0.807282925624331,,,0.7280029843844427
7046,1001,13,5,0.6,0.2,1000,restricted_70,aggregation,0.8077906934083149,,,0.728885773878899
7047,1001,13,5,0.6,0.2,1000,restricted_70,aggregation,0.8077042515387655,,,0.7292552314429397
7048,1001,13,5,0.6,0.2,1000,restricted_70,aggregation,0.807844265771657,,,0.7287017327502743
7049,1001,13,5,0.6,0.2,1000,restricted_70,aggregation,0.8069517537841837,,,0.7271314976227475
7050,1001,13,5,0.6,0.2,1000,restricted_70,aggregation,0.8079273323901004,,,0.7288048842823843
7051,1001,13,5,0.6,0.2,1000,restricted_70,aggregation,0.8078156852482121,,,0.7286124777691445
7052,1001,13,5,0.6,0.2,1000,restricted_70,aggregation,0.8076678824026504,,,0.7285855789580788
7053,1001,13,5,0.6,0.2,1000,restricted_70,aggregation,0.8078681243131125,,,0.7290847810291561
7054,1001,13,5,0.6,0.2,1000,restricted_70,aggregation,0.8079527865919968,,,0.7290984037181953
7055,1001,13,5,0.6,0.2,1000,restricted_70,aggregation,0.8075436778400298,,,0.7282392012694097
7056,1001,13,5,0.6,0.2,1000,restricted_70,aggregation,0.807788859659735,,,0.7295411844791012
7057,1001,13,5,0.6,0.2,1000,restricted_70,aggregation,0.8077459314370438,,,0.7289681950765284
7058,1001,13,5,0.6,0.2,1000,restricted_70,aggregation,0.8074748066520364,,,0.7279361705270039
7059,1001,13,5,0.6,0.2,1000,restricted_70,aggregation,0.8069418895824549,,,0.7271201293151294
7060,1001,13,5,0.6,0.2,1000,restricted_70,aggregation,0.8075695964781057,,,0.7274862434093685
7061,1001,13,5,0.6,0.2,1000,restricted_70,aggregation,0.8078451937205112,,,0.7287491535547785
7062,1001,13,5,0.6,0.2,1000,restricted_70,aggregation,0.8075026924341492,,,0.728155797612881
7063,1001,13,5,0.6,0.2,1000,restricted_70,aggregation,0.8079140978821876,,,0.7286836095463178
7064,1001,13,5,0.6,0.2,1000,restricted_70,aggregation,0.807847472600641,,,0.7293173089873091
7065,1001,13,5,0.6,0.2,1000,restricted_70,aggregation,0.8078098998796808,,,0.7293961968047386
7066,1001,13,5,0.6,0.2,1000,restricted_70,aggregation,0.8078538706220937,,,0.7285963639678223
7067,1001,13,5,0.6,0.2,1000,restricted_70,aggregation,0.8081006172508903,,,0.7292114562212478
7068,1001,13,5,0.6,0.2,1000,restricted_70,aggregation,0.8074533410379994,,,0.7281357601580518
7069,1001,13,5,0.6,0.2,1000,restricted_70,aggregation,0.8083694812865138,,,0.7297940059862977
7070,1001,13,5,0.6,0.2,1000,restricted_70,aggregation,0.8078326991549116,,,0.7290572408147408
7071,1001,13,5,0.6,0.2,1000,restricted_70,aggregation,0.8078581632183585,,,0.7293034817959818
7072,1001,13,5,0.6,0.2,1000,restricted_70,aggregation,0.8076646094121096,,,0.7276775014029181
7073,1001,13,5,0.6,0.2,1000,restricted_70,aggregation,0.807669598478276,,,0.7281534055759056
7074,1001,13,5,0.6,0.2,1000,restricted_70,aggregation,0.807372968391605,,,0.7283860556341807
7075,1001,13,5,0.6,0.2,1000,restricted_70,aggregation,0.8077771413272639,,,0.7289315090388007
7076,1001,13,5,0.6,0.2,1000,restricted_70,aggregation,0.8076062655537162,,,0.7286930599801433
7077,1001,13,5,0.6,0.2,1000,restricted_70,aggregation,0.8078602701026856,,,0.728829323600782
7078,1001,13,5,0.6,0.2,1000,restricted_70,aggregation,0.8074686489973699,,,0.7285829211837545
7079,1001,13,5,0.6,0.2,1000,restricted_70,aggregation,0.8079575642961089,,,0.7293918674843676
7080,1001,13,5,0.6,0.2,1000,restricted_70,aggregation,0.8077922725667207,,,0.7285843118070201
7081,1001,13,5,0.6,0.2,1000,restricted_70,aggregation,0.8077703772961462,,,0.7288970173576425
7082,1001,13,5,0.6,0.2,1000,restricted_70,aggregation,0.8077269526474115,,,0.7285947011553262
7083,1001,13,5,0.6,0.2,1000,restricted_70,aggregation,0.8079091111882373,,,0.7292855785495369
7084,1001,13,5,0.6,0.2,1000,restricted_70,aggregation,0.8073371862121511,,,0.728120954970955
7085,1001,13,5,0.6,0.2,1000,restricted_70,aggregation,0.8076244644924983,,,0.7284702657219324
7086,1001,13,5,0.6,0.2,1000,restricted_70,aggregation,0.8075260598587589,,,0.729054968287885
7087,1001,13,5,0.6,0.2,1000,restricted_70,aggregation,0.8077374670337704,,,0.7288790046296297
7088,1001,13,5,0.6,0.2,1000,restricted_70,aggregation,0.807250588440439,,,0.7281737927427511
7089,1001,13,5,0.6,0.2,1000,restricted_70,aggregation,0.807891722415254,,,0.7290735170539336
7090,1001,13,5,0.6,0.2,1000,restricted_70,aggregation,0.8078988802922438,,,0.7285880770926605
7091,1001,13,5,0.6,0.2,1000,restricted_70,aggregation,0.8076756006586884,,,0.7286717044760794
7092,1001,13,5,0.6,0.2,1000,restricted_70,aggregation,0.8076403264427543,,,0.7285599774299774
7093,1001,13,5,0.6,0.2,1000,restricted_70,aggregation,0.8079962427977337,,,0.7298519920511588
7094,1001,13,5,0.6,0.2,1000,restricted_70,aggregation,0.8073423991347302,,,0.7274069443056943
7095,1001,13,5,0.6,0.2,1000,restricted_70,aggregation,0.8077599470643037,,,0.72886507996633
7096,1001,13,5,0.6,0.2,1000,restricted_70,aggregation,0.8076233598069732,,,0.7277630446174197
7097,1001,13,5,0.6,0.2,1000,restricted_70,aggregation,0.8074523225647153,,,0.728152159476326
7098,1001,13,5,0.6,0.2,1000,restricted_70,aggregation,0.8079380825148527,,,0.7290339139718307
7099,1001,13,5,0.6,0.2,1000,restricted_70,aggregation,0.8080942393262618,,,0.7293869064423231
7100,1001,13,5,0.6,0.2,1000,restricted_70,aggregation,0.8078579387575833,,,0.72864166493229
7101,1001,13,5,0.6,0.2,1000,restricted_70,aggregation,0.80780635499065,,,0.7287378805222556
7102,1001,13,5,0.6,0.2,1000,restricted_70,aggregation,0.8077808159435294,,,0.7287594929992846
7103,1001,13,5,0.6,0.2,1000,restricted_70,aggregation,0.8076640796827518,,,0.7287686199371617
7104,1001,13,5,0.6,0.2,1000,restricted_70,aggregation,0.8077198678822822,,,0.7281866228755813
7105,1001,13,5,0.6,0.2,1000,restricted_70,aggregation,0.8077679135175271,,,0.7284430595330595
7106,1001,13,5,0.6,0.2,1000,restricted_70,aggregation,0.8078167089328142,,,0.7289974332457666
7107,1001,13,5,0.6,0.2,1000,restricted_70,aggregation,0.8076975237317924,,,0.7288615855826274
7108,1001,13,5,0.6,0.2,1000,restricted_70,aggregation,0.8073622281218524,,,0.7281489969521219
7109,1001,13,5,0.6,0.2,1000,restricted_70,aggregation,0.8079676636326298,,,0.7290360328791579
7110,1001,13,5,0.6,0.2,1000,restricted_70,aggregation,0.8074913476346008,,,0.7280792019169102
7111,1001,13,5,0.6,0.2,1000,restricted_70,aggregation,0.8075140193057687,,,0.7284356271814606
7112,1001,13,5,0.6,0.2,1000,restricted_70,aggregation,0.8076525654417781,,,0.728411084756293
7113,1001,13,5,0.6,0.2,1000,restricted_70,aggregation,0.8073455100205935,,,0.7283187738110655
7114,1001,13,5,0.6,0.2,1000,restricted_70,aggregation,0.8078377720707605,,,0.7291991620802037
7115,1001,13,5,0.6,0.2,1000,restricted_70,aggregation,0.8076813306426469,,,0.7281986535146951
7116,1001,13,5,0.6,0.2,1000,restricted_70,aggregation,0.8077913779490917,,,0.7291750879598795
7117,1001,13,5,0.6,0.2,1000,restricted_70,aggregation,0.8075508329620821,,,0.7287444794711462
7118,1001,13,5,0.6,0.2,1000,restricted_70,aggregation,0.8078048679689248,,,0.7291396590138257
7119,1001,13,5,0.6,0.2,1000,restricted_70,aggregation,0.8077353867140237,,,0.7286698845367595
7120,1001,13,5,0.6,0.2,1000,restricted_70,aggregation,0.8081772563737463,,,0.729528547617506
7121,1001,13,5,0.6,0.2,1000,restricted_70,aggregation,0.8075427686129455,,,0.7282482217396801
7122,1001,13,5,0.6,0.2,1000,restricted_70,aggregation,0.8072723152226934,,,0.7275431275668776
7123,1001,13,5,0.6,0.2,1000,restricted_70,aggregation,0.8079776336436671,,,0.7292165037508787
7124,1001,13,5,0.6,0.2,1000,restricted_70,aggregation,0.8078726596153472,,,0.7285572666453917
7125,1001,13,5,0.6,0.2,1000,restricted_70,aggregation,0.8074154580194558,,,0.7286038646461563
7126,1001,13,5,0.6,0.2,1000,restricted_70,aggregation,0.807430269377728,,,0.728551428941429
7127,1001,13,5,0.6,0.2,1000,restricted_70,aggregation,0.8074757571480287,,,0.7285112381831133
7128,1001,13,5,0.6,0.2,1000,restricted_70,aggregation,0.8076176610531419,,,0.7286491772193856
7129,1001,13,5,0.6,0.2,1000,restricted_70,aggregation,0.8078568505844471,,,0.7287376251757501
7130,1001,13,5,0.6,0.2,1000,restricted_70,aggregation,0.8077114454150146,,,0.7286485288554038
7131,1001,13,5,0.6,0.2,1000,restricted_70,aggregation,0.8077913208791098,,,0.7289643406130907
7132,1001,13,5,0.6,0.2,1000,restricted_70,aggregation,0.8078886777969563,,,0.7296451392897226
7133,1001,13,5,0.6,0.2,1000,restricted_70,aggregation,0.8078704321362146,,,0.7290057401317819
7134,1001,13,5,0.6,0.2,1000,restricted_70,aggregation,0.8076432475826005,,,0.7289735656704407
7135,1001,13,5,0.6,0.2,1000,restricted_70,aggregation,0.8078517698518861,,,0.7288084559267893
7136,1001,13,5,0.6,0.2,1000,restricted_70,aggregation,0.8076812227271569,,,0.7282933542460626
7137,1001,13,5,0.6,0.2,1000,restricted_70,aggregation,0.8071165314110421,,,0.7281265036275453
7138,1001,13,5,0.6,0.2,1000,restricted_70,aggregation,0.8076759121625114,,,0.7283508027851778
7139,1001,13,5,0.6,0.2,1000,restricted_70,aggregation,0.807803160675653,,,0.7289755052663386
7140,1001,13,5,0.6,0.2,1000,restricted_70,aggregation,0.8073209213021839,,,0.7281653394522144
7141,1001,13,5,0.6,0.2,1000,restricted_70,aggregation,0.8071662436717283,,,0.7274947066590818
7142,1001,13,5,0.6,0.2,1000,restricted_70,aggregation,0.8080060358395486,,,0.7292842395490312
7143,1001,13,5,0.6,0.2,1000,restricted_70,aggregation,0.8075445798121722,,,0.7279939567531234
7144,1001,13,5,0.6,0.2,1000,restricted_70,aggregation,0.8078928787789476,,,0.7291927263323098
7145,1001,13,5,0.6,0.2,1000,restricted_70,aggregation,0.8077429757522419,,,0.7291464343603926
7146,1001,13,5,0.6,0.2,1000,restricted_70,aggregation,0.808209492312188,,,0.7296189161609995
7147,1001,13,5,0.6,0.2,1000,restricted_70,aggregation,0.8073097671501787,,,0.7287084045275712
7148,1001,13,5,0.6,0.2,1000,restricted_70,aggregation,0.8078534595463989,,,0.7293243454770538
7149,1001,13,5,0.6,0.2,1000,restricted_70,aggregation,0.8083849912832327,,,0.7298679902042401
7150,1001,13,5,0.6,0.2,1000,restricted_70,aggregation,0.8072998822068737,,,0.7280385692856526
7151,1001,13,5,0.6,0.2,1000,restricted_70,aggregation,0.8070499615350467,,,0.7276370353951603
7152,1001,13,5,0.6,0.2,1000,restricted_70,aggregation,0.8076196503828592,,,0.7282361082204831
7153,1001,13,5,0.6,0.2,1000,restricted_70,aggregation,0.8074972545263283,,,0.7281240253265253
7154,1001,13,5,0.6,0.2,1000,restricted_70,aggregation,0.807941249129134,,,0.7291566907089824
7155,1001,13,5,0.6,0.2,1000,restricted_70,aggregation,0.8078439137992552,,,0.7285581005722672
7156,1001,13,5,0.6,0.2,1000,restricted_70,aggregation,0.8078893410050456,,,0.7293865228213146
7157,1001,13,5,0.6,0.2,1000,restricted_70,aggregation,0.8071827510146131,,,0.7277234410188577
7158,1001,13,5,0.6,0.2,1000,restricted_70,aggregation,0.8078221103646711,,,0.7287325865338367
7159,1001,13,5,0.6,0.2,1000,restricted_70,aggregation,0.8077689089848765,,,0.7287758737096236
7160,1001,13,5,0.6,0.2,1000,restricted_70,aggregation,0.8079218130169493,,,0.7292614781977281
7161,1001,13,5,0.6,0.2,1000,restricted_70,aggregation,0.8081148578729249,,,0.7292826618905787
7162,1001,13,5,0.6,0.2,1000,restricted_70,aggregation,0.8078748250383059,,,0.7290997053178303
7163,1001,13,5,0.6,0.2,1000,restricted_70,aggregation,0.8076865051450518,,,0.7286476996768664
7164,1001,13,5,0.6,0.2,1000,restricted_70,aggregation,0.8073093575646271,,,0.7279010001803752
7165,1001,13,5,0.6,0.2,1000,restricted_70,aggregation,0.8076447063900978,,,0.7284059197746697
7166,1001,13,5,0.6,0.2,1000,restricted_70,aggregation,0.807852966608972,,,0.7292216142576559
7167,1001,13,5,0.6,0.2,1000,restricted_70,aggregation,0.807631793019503,,,0.7286506083885249
7168,1001,13,5,0.6,0.2,1000,restricted_70,aggregation,0.8074546916803086,,,0.7282876174057423
7169,1001,13,5,0.6,0.2,1000,restricted_70,aggregation,0.8080644979394858,,,0.7289038384069634
7170,1001,13,5,0.6,0.2,1000,restricted_70,aggregation,0.8071778596933201,,,0.7279927562792146
7171,1001,13,5,0.6,0.2,1000,restricted_70,aggregation,0.8074293442539751,,,0.7283229917227835
7172,1001,13,5,0.6,0.2,1000,restricted_70,aggregation,0.8075089739083829,,,0.7280770470501721
7173,1001,13,5,0.6,0.2,1000,restricted_70,aggregation,0.8077777818928451,,,0.7290395121853456
7174,1001,13,5,0.6,0.2,1000,restricted_70,aggregation,0.8071455244280193,,,0.7274508371335455
7175,1001,13,5,0.6,0.2,1000,restricted_70,aggregation,0.807591818619835,,,0.7280563288640373
7176,1001,13,5,0.6,0.2,1000,restricted_70,aggregation,0.8072464758554327,,,0.7278901621834954
7177,1001,13,5,0.6,0.2,1000,restricted_70,aggregation,0.8073791553551717,,,0.7282303333549167
7178,1001,13,5,0.6,0.2,1000,restricted_70,aggregation,0.8076708144536768,,,0.7287776558472392
7179,1001,13,5,0.6,0.2,1000,restricted_70,aggregation,0.8074864866457504,,,0.7288085794529545
7180,1001,13,5,0.6,0.2,1000,restricted_70,aggregation,0.8074803673958977,,,0.727841837660796
7181,1001,13,5,0.6,0.2,1000,restricted_70,aggregation,0.8078735748448838,,,0.7286988890045141
7182,1001,13,5,0.6,0.2,1000,restricted_70,aggregation,0.8079023414347997,,,0.728846912701496
7183,1001,13,5,0.6,0.2,1000,restricted_70,aggregation,0.8079021165863316,,,0.7288524157247073
7184,1001,13,5,0.6,0.2,1000,restricted_70,aggregation,0.8079228424717501,,,0.729103420977171
7185,1001,13,5,0.6,0.2,1000,restricted_70,aggregation,0.80770444557665,,,0.7288168251424503
7186,1001,13,5,0.6,0.2,1000,restricted_70,aggregation,0.8076343424305702,,,0.7286954296398047
7187,1001,13,5,0.6,0.2,1000,restricted_70,aggregation,0.8072447565905858,,,0.7276482342503175
7188,1001,13,5,0.6,0.2,1000,restricted_70,aggregation,0.8075493502216025,,,0.7284094537252871
7189,1001,13,5,0.6,0.2,1000,restricted_70,aggregation,0.8074119782515039,,,0.7280137221497638
7190,1001,13,5,0.6,0.2,1000,restricted_70,aggregation,0.8081817024812918,,,0.729415879706713
7191,1001,13,5,0.6,0.2,1000,restricted_70,aggregation,0.808190153427271,,,0.7302174334538918
7192,1001,13,5,0.6,0.2,1000,restricted_70,aggregation,0.8076432257297524,,,0.7298039036657786
7193,1001,13,5,0.6,0.2,1000,restricted_70,aggregation,0.8076111124629382,,,0.7288334731780565
7194,1001,13,5,0.6,0.2,1000,restricted_70,aggregation,0.8074561621524737,,,0.7285674331763915
7195,1001,13,5,0.6,0.2,1000,restricted_70,aggregation,0.8077922185391899,,,0.7283637477568727
7196,1001,13,5,0.6,0.2,1000,restricted_70,aggregation,0.8076111215307081,,,0.7281822819695738
7197,1001,13,5,0.6,0.2,1000,restricted_70,aggregation,0.8078291530683244,,,0.7289226619137036
7198,1001,13,5,0.6,0.2,1000,restricted_70,aggregation,0.8075448226574865,,,0.7276873128183544
7199,1001,13,5,0.6,0.2,1000,restricted_70,aggregation,0.8078240357793484,,,0.7284877634710968
7200,1001,13,5,0.6,0.2,1000,restricted_70,aggregation,0.8073974150985033,,,0.72909930832285
7201,1001,13,5,0.6,0.2,1000,restricted_70,aggregation,0.8080705778361276,,,0.7294158262570763
7202,1001,13,5,0.6,0.2,1000,restricted_70,aggregation,0.8077112331208338,,,0.728401500366917
7203,1001,13,5,0.6,0.2,1000,restricted_70,aggregation,0.8067712295764491,,,0.7265958534366868
7204,1001,13,5,0.6,0.2,1000,restricted_70,aggregation,0.8073771342896456,,,0.7288282040567456
7205,1001,13,5,0.6,0.2,1000,restricted_70,aggregation,0.807553228998004,,,0.7284729335171002
7206,1001,13,5,0.6,0.2,1000,restricted_70,aggregation,0.8077976857429245,,,0.7290763740657491
7207,1001,13,5,0.6,0.2,1000,restricted_70,aggregation,0.8073774316636232,,,0.728514996068746
7208,1001,13,5,0.6,0.2,1000,restricted_70,aggregation,0.8078959599105555,,,0.7285676373086789
7209,1001,13,5,0.6,0.2,1000,restricted_70,aggregation,0.807318447058208,,,0.7279695471735055
7210,1001,13,5,0.6,0.2,1000,restricted_70,aggregation,0.8073104931797797,,,0.7275262740191907
7211,1001,13,5,0.6,0.2,1000,restricted_70,aggregation,0.807807720343599,,,0.7292740518971769
7212,1001,13,5,0.6,0.2,1000,restricted_70,aggregation,0.807759231700236,,,0.7286821279415029
7213,1001,13,5,0.6,0.2,1000,restricted_70,aggregation,0.8079807446558439,,,0.728802514985015
7214,1001,13,5,0.6,0.2,1000,restricted_70,aggregation,0.8080080544074583,,,0.728852089923965
7215,1001,13,5,0.6,0.2,1000,restricted_70,aggregation,0.8075842148091384,,,0.728961280848781
7216,1001,13,5,0.6,0.2,1000,restricted_70,aggregation,0.808103034462195,,,0.7295754411637745
7217,1001,13,5,0.6,0.2,1000,restricted_70,aggregation,0.8076474574460432,,,0.7285354711106794
7218,1001,13,5,0.6,0.2,1000,restricted_70,aggregation,0.8072530162532536,,,0.7276417340221508
7219,1001,13,5,0.6,0.2,1000,restricted_70,aggregation,0.8078121252191779,,,0.7289485466847967
7220,1001,13,5,0.6,0.2,1000,restricted_70,aggregation,0.8077177522513963,,,0.7287307545695044
7221,1001,13,5,0.6,0.2,1000,restricted_70,aggregation,0.8079622300498056,,,0.7292679877067377
7222,1001,13,5,0.6,0.2,1000,restricted_70,aggregation,0.8072927130392833,,,0.7279535496910498
7223,1001,13,5,0.6,0.2,1000,restricted_70,aggregation,0.8081499392672077,,,0.7292098935401019
7224,1001,13,5,0.6,0.2,1000,restricted_70,aggregation,0.8079699993397664,,,0.7294394415923582
7225,1001,13,5,0.6,0.2,1000,restricted_70,aggregation,0.8077163606651645,,,0.7285868925133508
7226,1001,13,5,0.6,0.2,1000,restricted_70,aggregation,0.8081211889616325,,,0.7295456378883461
7227,1001,13,5,0.6,0.2,1000,restricted_70,aggregation,0.8078974393036477,,,0.7293715626888544
7228,1001,13,5,0.6,0.2,1000,restricted_70,aggregation,0.807743899911304,,,0.7286229424896092
7229,1001,13,5,0.6,0.2,1000,restricted_70,aggregation,0.8073574478250274,,,0.7282334014673597
7230,1001,13,5,0.6,0.2,1000,restricted_70,aggregation,0.8080527381536752,,,0.7298570595839345
7231,1001,13,5,0.6,0.2,1000,restricted_70,aggregation,0.8080637043114608,,,0.7291642305765222
7232,1001,13,5,0.6,0.2,1000,restricted_70,aggregation,0.8075529566074181,,,0.7284032506536673
7233,1001,13,5,0.6,0.2,1000,restricted_70,aggregation,0.8077223259671827,,,0.728554079338871
7234,1001,13,5,0.6,0.2,1000,restricted_70,aggregation,0.8072070372659909,,,0.7277489664579248
7235,1001,13,5,0.6,0.2,1000,restricted_70,aggregation,0.8077301196593191,,,0.7291674601478768
7236,1001,13,5,0.6,0.2,1000,restricted_70,aggregation,0.807875183198896,,,0.7286335583321
7237,1001,13,5,0.6,0.2,1000,restricted_70,aggregation,0.8073030370545577,,,0.7286918042605542
7238,1001,13,5,0.6,0.2,1000,restricted_70,aggregation,0.8080970932946725,,,0.7296639926817011
7239,1001,13,5,0.6,0.2,1000,restricted_70,aggregation,0.8077030633025339,,,0.7284319127631628
7240,1001,13,5,0.6,0.2,1000,restricted_70,aggregation,0.8078332516865239,,,0.7292897177051343
7241,1001,13,5,0.6,0.2,1000,restricted_70,aggregation,0.8075704984404602,,,0.7286001685274602
7242,1001,13,5,0.6,0.2,1000,restricted_70,aggregation,0.8078495888926039,,,0.7293225606877691
7243,1001,13,5,0.6,0.2,1000,restricted_70,aggregation,0.8078726664534133,,,0.7286781037095621
7244,1001,13,5,0.6,0.2,1000,restricted_70,aggregation,0.8074189197832574,,,0.7281357344969845
7245,1001,13,5,0.6,0.2,1000,restricted_70,aggregation,0.80803672729585,,,0.729273069738903
7246,1001,13,5,0.6,0.2,1000,restricted_70,aggregation,0.8080123978044874,,,0.7296803982668565
7247,1001,13,5,0.6,0.2,1000,restricted_70,aggregation,0.8073529359919177,,,0.7282196148527399
7248,1001,13,5,0.6,0.2,1000,restricted_70,aggregation,0.8072495892693433,,,0.7278753888318472
7249,1001,13,5,0.6,0.2,1000,restricted_70,aggregation,0.8077023326901809,,,0.7287604479471146
7250,1001,13,5,0.6,0.2,1000,restricted_70,aggregation,0.8077573983643026,,,0.7286261051679802
7251,1001,13,5,0.6,0.2,1000,restricted_70,aggregation,0.8073080370355824,,,0.7280165712065712
7252,1001,13,5,0.6,0.2,1000,restricted_70,aggregation,0.8076929437816082,,,0.7283712604216771
7253,1001,13,5,0.6,0.2,1000,restricted_70,aggregation,0.8078892041718266,,,0.7285337191358026
7254,1001,13,5,0.6,0.2,1000,restricted_70,aggregation,0.8078806018892304,,,0.7291136530444863
7255,1001,13,5,0.6,0.2,1000,restricted_70,aggregation,0.807881865418518,,,0.7288330734157817
7256,1001,13,5,0.6,0.2,1000,restricted_70,aggregation,0.80800444308836,,,0.7290527509450426
7257,1001,13,5,0.6,0.2,1000,restricted_70,aggregation,0.8079433614758924,,,0.7286951720887138
7258,1001,13,5,0.6,0.2,1000,restricted_70,aggregation,0.807531830363309,,,0.7283653574511908
7259,1001,13,5,0.6,0.2,1000,restricted_70,aggregation,0.807476963587277,,,0.7285119617496701
7260,1001,13,5,0.6,0.2,1000,restricted_70,aggregation,0.8073053372785233,,,0.7275120037061704
7261,1001,13,5,0.6,0.2,1000,restricted_70,aggregation,0.8080867226323456,,,0.7295271264306682
7262,1001,13,5,0.6,0.2,1000,restricted_70,aggregation,0.8075499983923532,,,0.7290065487752988
7263,1001,13,5,0.6,0.2,1000,restricted_70,aggregation,0.8075427457176236,,,0.7288690985634736
7264,1001,13,5,0.6,0.2,1000,restricted_70,aggregation,0.807904366486499,,,0.7290189996577497
7265,1001,13,5,0.6,0.2,1000,restricted_70,aggregation,0.8076376553208822,,,0.7289715735653235
7266,1001,13,5,0.6,0.2,1000,restricted_70,aggregation,0.8076206459808717,,,0.729177614707823
7267,1001,13,5,0.6,0.2,1000,restricted_70,aggregation,0.8073877446197705,,,0.7282958242297827
7268,1001,13,5,0.6,0.2,1000,restricted_70,aggregation,0.807483611113642,,,0.7283464157524574
7269,1001,13,5,0.6,0.2,1000,restricted_70,aggregation,0.8078874484362744,,,0.729174728250145
7270,1001,13,5,0.6,0.2,1000,restricted_70,aggregation,0.8079594305450166,,,0.7290619092558676
7271,1001,13,5,0.6,0.2,1000,restricted_70,aggregation,0.8077117683597427,,,0.7289716345460094
7272,1001,13,5,0.6,0.2,1000,restricted_70,aggregation,0.8072228456849099,,,0.7274546322504656
7273,1001,13,5,0.6,0.2,1000,restricted_70,aggregation,0.8080846188590655,,,0.7294451918529002
7274,1001,13,5,0.6,0.2,1000,restricted_70,aggregation,0.8071503100512981,,,0.7274687116355867
7275,1001,13,5,0.6,0.2,1000,restricted_70,aggregation,0.8077430596794959,,,0.7280312328103995
7276,1001,13,5,0.6,0.2,1000,restricted_70,aggregation,0.8077888041779205,,,0.7287818069815986
7277,1001,13,5,0.6,0.2,1000,restricted_70,aggregation,0.8078127050608351,,,0.7289508235051986
7278,1001,13,5,0.6,0.2,1000,restricted_70,aggregation,0.808149436442636,,,0.7295250783938284
7279,1001,13,5,0.6,0.2,1000,restricted_70,aggregation,0.8076019234650188,,,0.72851177826032
7280,1001,13,5,0.6,0.2,1000,restricted_70,aggregation,0.8078383064216954,,,0.7297614384303968
7281,1001,13,5,0.6,0.2,1000,restricted_70,aggregation,0.8078089986208943,,,0.7287826567568235
7282,1001,13,5,0.6,0.2,1000,restricted_70,aggregation,0.8080633604185464,,,0.7295911641907474
7283,1001,13,5,0.6,0.2,1000,restricted_70,aggregation,0.8076957423497141,,,0.7282797525468359
7284,1001,13,5,0.6,0.2,1000,restricted_70,aggregation,0.8071484881068596,,,0.7276937729246062
7285,1001,13,5,0.6,0.2,1000,restricted_70,aggregation,0.8072675135639688,,,0.7280909770630605
7286,1001,13,5,0.6,0.2,1000,restricted_70,aggregation,0.8080223475818165,,,0.7288978464745132
7287,1001,13,5,0.6,0.2,1000,restricted_70,aggregation,0.8080100220092042,,,0.7294635865754615
7288,1001,13,5,0.6,0.2,1000,restricted_70,aggregation,0.8073788174622686,,,0.7285242976236727
7289,1001,13,5,0.6,0.2,1000,restricted_70,aggregation,0.8076896698764496,,,0.7285558696396196
7290,1001,13,5,0.6,0.2,1000,restricted_70,aggregation,0.808040989291187,,,0.7294837394704061
7291,1001,13,5,0.6,0.2,1000,restricted_70,aggregation,0.8077842224660268,,,0.7287145739291573
7292,1001,13,5,0.6,0.2,1000,restricted_70,aggregation,0.8074423305423362,,,0.728213797552756
7293,1001,13,5,0.6,0.2,1000,restricted_70,aggregation,0.8073206296956673,,,0.7279616442045608
7294,1001,13,5,0.6,0.2,1000,restricted_70,aggregation,0.8077723069862816,,,0.7286696229233729
7295,1001,13,5,0.6,0.2,1000,restricted_70,aggregation,0.8076054533226164,,,0.729061773920524
7296,1001,13,5,0.6,0.2,1000,restricted_70,aggregation,0.8074321120418461,,,0.7280908481102231
7297,1001,13,5,0.6,0.2,1000,restricted_70,aggregation,0.8077987092732479,,,0.7289281858188108
7298,1001,13,5,0.6,0.2,1000,restricted_70,aggregation,0.8078331552653092,,,0.7290997186995104
7299,1001,13,5,0.6,0.2,1000,restricted_70,aggregation,0.8074772161664859,,,0.7281285312526979
7300,1001,13,5,0.6,0.2,1000,restricted_70,aggregation,0.8076604764512484,,,0.7282989807337724
7301,1001,13,5,0.6,0.2,1000,restricted_70,aggregation,0.8078941782439774,,,0.728587041307458
7302,1001,13,5,0.6,0.2,1000,restricted_70,aggregation,0.8077445430790469,,,0.7287494497477831
7303,1001,13,5,0.6,0.2,1000,restricted_70,aggregation,0.8072786536717017,,,0.7277659819116069
7304,1001,13,5,0.6,0.2,1000,restricted_70,aggregation,0.807870291461265,,,0.7287482116417533
7305,1001,13,5,0.6,0.2,1000,restricted_70,aggregation,0.8077113434489555,,,0.7288864030028612
7306,1001,13,5,0.6,0.2,1000,restricted_70,aggregation,0.8074694957955616,,,0.7282814912864913
7307,1001,13,5,0.6,0.2,1000,restricted_70,aggregation,0.8080418497713662,,,0.7292413700342867
7308,1001,13,5,0.6,0.2,1000,restricted_70,aggregation,0.8071947969986547,,,0.7283496040533539
7309,1001,13,5,0.6,0.2,1000,restricted_70,aggregation,0.8075555068000098,,,0.72812212330879
7310,1001,13,5,0.6,0.2,1000,restricted_70,aggregation,0.8077313550715535,,,0.7289850348648266
7311,1001,13,5,0.6,0.2,1000,restricted_70,aggregation,0.8075255898830506,,,0.7289330885935053
7312,1001,13,5,0.6,0.2,1000,restricted_70,aggregation,0.8075235913564134,,,0.7282072200484699
7313,1001,13,5,0.6,0.2,1000,restricted_70,aggregation,0.8078778796128341,,,0.7284342711455213
7314,1001,13,5,0.6,0.2,1000,restricted_70,aggregation,0.8074624662326654,,,0.728216469764803
7315,1001,13,5,0.6,0.2,1000,restricted_70,aggregation,0.8082304594540379,,,0.7295902384883635
7316,1001,13,5,0.6,0.2,1000,restricted_70,aggregation,0.8071643341857618,,,0.7277276714720464
7317,1001,13,5,0.6,0.2,1000,restricted_70,aggregation,0.807751643246818,,,0.729118171018796
7318,1001,13,5,0.6,0.2,1000,restricted_70,aggregation,0.8078778567614878,,,0.7287426738770488
7319,1001,13,5,0.6,0.2,1000,restricted_70,aggregation,0.8079126814117917,,,0.7293285570756405
7320,1001,13,5,0.6,0.2,1000,restricted_70,aggregation,0.8075160025403936,,,0.7280425858092525
7321,1001,13,5,0.6,0.2,1000,restricted_70,aggregation,0.8073924673174988,,,0.7282910896048396
7322,1001,13,5,0.6,0.2,1000,restricted_70,aggregation,0.8075322789329092,,,0.7284424439834856
7323,1001,13,5,0.6,0.2,1000,restricted_70,aggregation,0.8075090570703445,,,0.7283640124458874
7324,1001,13,5,0.6,0.2,1000,restricted_70,aggregation,0.8079110967307855,,,0.729272039773498
7325,1001,13,5,0.6,0.2,1000,restricted_70,aggregation,0.8072323103604635,,,0.7279880043182126
7326,1001,13,5,0.6,0.2,1000,restricted_70,aggregation,0.8077710705818589,,,0.728451849392891
7327,1001,13,5,0.6,0.2,1000,restricted_70,aggregation,0.8080656957959351,,,0.7290912522893773
7328,1001,13,5,0.6,0.2,1000,restricted_70,aggregation,0.8080929404429611,,,0.7296705570818072
7329,1001,13,5,0.6,0.2,1000,restricted_70,aggregation,0.8072523602620463,,,0.7279072439982855
7330,1001,13,5,0.6,0.2,1000,restricted_70,aggregation,0.8078858129209064,,,0.7291192410906994
7331,1001,13,5,0.6,0.2,1000,restricted_70,aggregation,0.8078105545715779,,,0.7286219450611118
7332,1001,13,5,0.6,0.2,1000,restricted_70,aggregation,0.8078378889680377,,,0.7288542988878406
7333,1001,13,5,0.6,0.2,1000,restricted_70,aggregation,0.8074611154434506,,,0.7282117325036076
7334,1001,13,5,0.6,0.2,1000,restricted_70,aggregation,0.8075945887440988,,,0.7283452075547909
7335,1001,13,5,0.6,0.2,1000,restricted_70,aggregation,0.8076049610581476,,,0.7285935724460725
7336,1001,13,5,0.6,0.2,1000,restricted_70,aggregation,0.8082354956056967,,,0.7297214861141944
7337,1001,13,5,0.6,0.2,1000,restricted_70,aggregation,0.8078410263078838,,,0.7290527537354621
7338,1001,13,5,0.6,0.2,1000,restricted_70,aggregation,0.8082419440102458,,,0.7301116445514363
7339,1001,13,5,0.6,0.2,1000,restricted_70,aggregation,0.8083990707245079,,,0.7300065098327598
7340,1001,13,5,0.6,0.2,1000,restricted_70,aggregation,0.8076207812769948,,,0.7288160917246334
7341,1001,13,5,0.6,0.2,1000,restricted_70,aggregation,0.8070291941590348,,,0.7273955495892998
7342,1001,13,5,0.6,0.2,1000,restricted_70,aggregation,0.8073055958439533,,,0.7279881120731121
7343,1001,13,5,0.6,0.2,1000,restricted_70,aggregation,0.8078736168279037,,,0.729366114996115
7344,1001,13,5,0.6,0.2,1000,restricted_70,aggregation,0.8078305793581095,,,0.7286372111530446
7345,1001,13,5,0.6,0.2,1000,restricted_70,aggregation,0.8073425104091692,,,0.7279876647195398
7346,1001,13,5,0.6,0.2,1000,restricted_70,aggregation,0.8075513860330311,,,0.728097236752445
7347,1001,13,5,0.6,0.2,1000,restricted_70,aggregation,0.8080452834116488,,,0.7293681215004132
7348,1001,13,5,0.6,0.2,1000,restricted_70,aggregation,0.8072895060895574,,,0.728060726642185
7349,1001,13,5,0.6,0.2,1000,restricted_70,aggregation,0.8074998168460096,,,0.7281989720310553
7350,1001,13,5,0.6,0.2,1000,restricted_70,aggregation,0.807358742857799,,,0.7283529407783574
7351,1001,13,5,0.6,0.2,1000,restricted_70,aggregation,0.8076338639255192,,,0.7289957733238983
7352,1001,13,5,0.6,0.2,1000,restricted_70,aggregation,0.8076243559797762,,,0.7286993487453904
7353,1001,13,5,0.6,0.2,1000,restricted_70,aggregation,0.8073503075906002,,,0.7284178275890777
7354,1001,13,5,0.6,0.2,1000,restricted_70,aggregation,0.8076345333254115,,,0.7282225037385455
7355,1001,13,5,0.6,0.2,1000,restricted_70,aggregation,0.8076248626071414,,,0.7282906526421109
7356,1001,13,5,0.6,0.2,1000,restricted_70,aggregation,0.8079475539838711,,,0.728704895575104
7357,1001,13,5,0.6,0.2,1000,restricted_70,aggregation,0.8081090524005755,,,0.7291570356418273
7358,1001,13,5,0.6,0.2,1000,restricted_70,aggregation,0.80725396853339,,,0.7281683151570651
7359,1001,13,5,0.6,0.2,1000,restricted_70,aggregation,0.8077972426285808,,,0.7284090989411823
7360,1001,13,5,0.6,0.2,1000,restricted_70,aggregation,0.8077902151140672,,,0.7288295405674573
7361,1001,13,5,0.6,0.2,1000,restricted_70,aggregation,0.8077795026605281,,,0.728830172319964
7362,1001,13,5,0.6,0.2,1000,restricted_70,aggregation,0.8078248810300515,,,0.728748347948348
7363,1001,13,5,0.6,0.2,1000,restricted_70,aggregation,0.8073685623513809,,,0.7283458821965071
7364,1001,13,5,0.6,0.2,1000,restricted_70,aggregation,0.8078157253020395,,,0.7287961888420221
7365,1001,13,5,0.6,0.2,1000,restricted_70,aggregation,0.8073998879322843,,,0.7284450089339672
7366,1001,13,5,0.6,0.2,1000,restricted_70,aggregation,0.8072160214611103,,,0.7277047367447367
7367,1001,13,5,0.6,0.2,1000,restricted_70,aggregation,0.8081263346640268,,,0.7293053314894982
7368,1001,13,5,0.6,0.2,1000,restricted_70,aggregation,0.8077220036195754,,,0.7286725086333419
7369,1001,13,5,0.6,0.2,1000,restricted_70,aggregation,0.8073413782604278,,,0.7282010554954305
7370,1001,13,5,0.6,0.2,1000,restricted_70,aggregation,0.8078327774063823,,,0.7288832820111988
7371,1001,13,5,0.6,0.2,1000,restricted_70,aggregation,0.8077698776823473,,,0.7287217356717357
7372,1001,13,5,0.6,0.2,1000,restricted_70,aggregation,0.8080527118727029,,,0.7301831590014923
7373,1001,13,5,0.6,0.2,1000,restricted_70,aggregation,0.8076330548337298,,,0.728454932598266
7374,1001,13,5,0.6,0.2,1000,restricted_70,aggregation,0.8075596984964675,,,0.728108193735277
7375,1001,13,5,0.6,0.2,1000,restricted_70,aggregation,0.80772981133892,,,0.7285009183794601
7376,1001,13,5,0.6,0.2,1000,restricted_70,aggregation,0.8083508713023394,,,0.7297448249667
7377,1001,13,5,0.6,0.2,1000,restricted_70,aggregation,0.8076586448054203,,,0.7286853695378697
7378,1001,13,5,0.6,0.2,1000,restricted_70,aggregation,0.8075928013237107,,,0.7288609159744576
7379,1001,13,5,0.6,0.2,1000,restricted_70,aggregation,0.8079480350745357,,,0.7290040539090539
7380,1001,13,5,0.6,0.2,1000,restricted_70,aggregation,0.8076272548105369,,,0.7289607594720094
7381,1001,13,5,0.6,0.2,1000,restricted_70,aggregation,0.8075055848063848,,,0.7278005237509404
7382,1001,13,5,0.6,0.2,1000,restricted_70,aggregation,0.8078164537240545,,,0.7292352514846264
7383,1001,13,5,0.6,0.2,1000,restricted_70,aggregation,0.8077861454625186,,,0.7291496559227809
7384,1001,13,5,0.6,0.2,1000,restricted_70,aggregation,0.8075546587148464,,,0.7283849516455766
7385,1001,13,5,0.6,0.2,1000,restricted_70,aggregation,0.8081785180658752,,,0.7292826357207607
7386,1001,13,5,0.6,0.2,1000,restricted_70,aggregation,0.8078369828552495,,,0.7289403669093253
7387,1001,13,5,0.6,0.2,1000,restricted_70,aggregation,0.8074308466948396,,,0.727939958976209
7388,1001,13,5,0.6,0.2,1000,restricted_70,aggregation,0.8077400625206969,,,0.7285431963329879
7389,1001,13,5,0.6,0.2,1000,restricted_70,aggregation,0.8074824021216344,,,0.728357514807723
7390,1001,13,5,0.6,0.2,1000,restricted_70,aggregation,0.8078048768575632,,,0.7283038156442323
7391,1001,13,5,0.6,0.2,1000,restricted_70,aggregation,0.8076429706084843,,,0.7288330365159532
7392,1001,13,5,0.6,0.2,1000,restricted_70,aggregation,0.807502421651071,,,0.7284144796176046
7393,1001,13,5,0.6,0.2,1000,restricted_70,aggregation,0.8073040734446626,,,0.7282659062002812
7394,1001,13,5,0.6,0.2,1000,restricted_70,aggregation,0.8080526356240155,,,0.7296997501418335
7395,1001,13,5,0.6,0.2,1000,restricted_70,aggregation,0.8075316385892416,,,0.7281942118606702
7396,1001,13,5,0.6,0.2,1000,restricted_70,aggregation,0.8075761695940994,,,0.7283613688857439
7397,1001,13,5,0.6,0.2,1000,restricted_70,aggregation,0.8078448280623683,,,0.7292901767214268
7398,1001,13,5,0.6,0.2,1000,restricted_70,aggregation,0.8079730367468916,,,0.7289236451896869
7399,1001,13,5,0.6,0.2,1000,restricted_70,aggregation,0.8076860241614185,,,0.7285548211587795
7400,1001,13,5,0.6,0.2,1000,restricted_70,aggregation,0.8073150750326791,,,0.7276264039972372
7401,1001,13,5,0.6,0.2,1000,restricted_70,aggregation,0.8075660724859329,,,0.7281288156056905
7402,1001,13,5,0.6,0.2,1000,restricted_70,aggregation,0.8078827317645411,,,0.728860380553089
7403,1001,13,5,0.6,0.2,1000,restricted_70,aggregation,0.8074415491317102,,,0.7276921690269607
7404,1001,13,5,0.6,0.2,1000,restricted_70,aggregation,0.8078202673957324,,,0.7287685375504125
7405,1001,13,5,0.6,0.2,1000,restricted_70,aggregation,0.8078831163520267,,,0.728466879586463
7406,1001,13,5,0.6,0.2,1000,restricted_70,aggregation,0.8074317129582914,,,0.7280962207468458
7407,1001,13,5,0.6,0.2,1000,restricted_70,aggregation,0.8078590046158557,,,0.7289712916867084
7408,1001,13,5,0.6,0.2,1000,restricted_70,aggregation,0.8077974629105624,,,0.729004879009879
7409,1001,13,5,0.6,0.2,1000,restricted_70,aggregation,0.8074437601327651,,,0.7278669612409195
7410,1001,13,5,0.6,0.2,1000,restricted_70,aggregation,0.8078753854298604,,,0.729283585249627
7411,1001,13,5,0.6,0.2,1000,restricted_70,aggregation,0.8079533207027088,,,0.7293826656676656
7412,1001,13,5,0.6,0.2,1000,restricted_70,aggregation,0.8073603366302493,,,0.7283790520282187
7413,1001,13,5,0.6,0.2,1000,restricted_70,aggregation,0.8075082272038712,,,0.7281505185709353
7414,1001,13,5,0.6,0.2,1000,restricted_70,aggregation,0.8078205823612566,,,0.7290962564287564
7415,1001,13,5,0.6,0.2,1000,restricted_70,aggregation,0.8071706937045094,,,0.7274653618295285
7416,1001,13,5,0.6,0.2,1000,restricted_70,aggregation,0.8072891780030272,,,0.7281303389511722
7417,1001,13,5,0.6,0.2,1000,restricted_70,aggregation,0.807520808888926,,,0.7285188148348566
7418,1001,13,5,0.6,0.2,1000,restricted_70,aggregation,0.8071513464633303,,,0.7274544242948409
7419,1001,13,5,0.6,0.2,1000,restricted_70,aggregation,0.8076880485643833,,,0.728614646248813
7420,1001,13,5,0.6,0.2,1000,restricted_70,aggregation,0.8075545266132408,,,0.7284202786334036
7421,1001,13,5,0.6,0.2,1000,restricted_70,aggregation,0.8077080889775671,,,0.7290011115813199
7422,1001,13,5,0.6,0.2,1000,restricted_70,aggregation,0.8074798200946655,,,0.7281859846018178
7423,1001,13,5,0.6,0.2,1000,restricted_70,aggregation,0.8078075383750938,,,0.7287386000033917
7424,1001,13,5,0.6,0.2,1000,restricted_70,aggregation,0.8081142401955589,,,0.7296101910203994
7425,1001,13,5,0.6,0.2,1000,restricted_70,aggregation,0.8078867515307925,,,0.7289158471775139
7426,1001,13,5,0.6,0.2,1000,restricted_70,aggregation,0.8077838332563168,,,0.7288662089299589
7427,1001,13,5,0.6,0.2,1000,restricted_70,aggregation,0.8080588685348213,,,0.7293212247320582
7428,1001,13,5,0.6,0.2,1000,restricted_70,aggregation,0.8070358951623697,,,0.7276897226307644
7429,1001,13,5,0.6,0.2,1000,restricted_70,aggregation,0.8078645368140204,,,0.7289055885472552
7430,1001,13,5,0.6,0.2,1000,restricted_70,aggregation,0.807992200783908,,,0.729548493258285
7431,1001,13,5,0.6,0.2,1000,restricted_70,aggregation,0.8073931762021922,,,0.7287839184272518
7432,1001,13,5,0.6,0.2,1000,restricted_70,aggregation,0.8078167213028135,,,0.7288821361508862
7433,1001,13,5,0.6,0.2,1000,restricted_70,aggregation,0.8076539276944554,,,0.7288448693127859
7434,1001,13,5,0.6,0.2,1000,restricted_70,aggregation,0.8076790626316314,,,0.728615579682663
7435,1001,13,5,0.6,0.2,1000,restricted_70,aggregation,0.8080830182360508,,,0.7293268609399859
7436,1001,13,5,0.6,0.2,1000,restricted_70,aggregation,0.8076887391168817,,,0.7282359900207818
7437,1001,13,5,0.6,0.2,1000,restricted_70,aggregation,0.8069478244700029,,,0.7275127584529668
7438,1001,13,5,0.6,0.2,1000,restricted_70,aggregation,0.807484005538696,,,0.728255996357038
7439,1001,13,5,0.6,0.2,1000,restricted_70,aggregation,0.8075233943156269,,,0.7282425969709304
7440,1001,13,5,0.6,0.2,1000,restricted_70,aggregation,0.8078647287900549,,,0.728875246975247
7441,1001,13,5,0.6,0.2,1000,restricted_70,aggregation,0.8078534218865581,,,0.7285237263970598
7442,1001,13,5,0.6,0.2,1000,restricted_70,aggregation,0.8075156922116637,,,0.7285126364761781
7443,1001,13,5,0.6,0.2,1000,restricted_70,aggregation,0.8075659756026347,,,0.7282312687004353
7444,1001,13,5,0.6,0.2,1000,restricted_70,aggregation,0.8082389168347104,,,0.7292196161708662
7445,1001,13,5,0.6,0.2,1000,restricted_70,aggregation,0.8079914579586521,,,0.7294878485557653
7446,1001,13,5,0.6,0.2,1000,restricted_70,aggregation,0.8076916122300438,,,0.7281615034887952
7447,1001,13,5,0.6,0.2,1000,restricted_70,aggregation,0.8072119801818439,,,0.7277816974614891
7448,1001,13,5,0.6,0.2,1000,restricted_70,aggregation,0.8077895155565505,,,0.7286499053724055
7449,1001,13,5,0.6,0.2,1000,restricted_70,aggregation,0.8077537477572899,,,0.7291832413728248
7450,1001,13,5,0.6,0.2,1000,restricted_70,aggregation,0.806999296785339,,,0.7274557061996645
7451,1001,13,5,0.6,0.2,1000,restricted_70,aggregation,0.8076229886706637,,,0.7283784795297295
7452,1001,13,5,0.6,0.2,1000,restricted_70,aggregation,0.8072878039278835,,,0.7278652348962765
7453,1001,13,5,0.6,0.2,1000,restricted_70,aggregation,0.8074203782114836,,,0.728362839305756
7454,1001,13,5,0.6,0.2,1000,restricted_70,aggregation,0.8079311310920896,,,0.7290391927825262
7455,1001,13,5,0.6,0.2,1000,restricted_70,aggregation,0.8072215589387363,,,0.7274887603831354
7456,1001,13,5,0.6,0.2,1000,restricted_70,aggregation,0.8076753235637877,,,0.7283367461550795
7457,1001,13,5,0.6,0.2,1000,restricted_70,aggregation,0.8075017894946839,,,0.7284908269431186
7458,1001,13,5,0.6,0.2,1000,restricted_70,aggregation,0.8078194226756727,,,0.7283623847525931
7459,1001,13,5,0.6,0.2,1000,restricted_70,aggregation,0.8077299730509088,,,0.7290427629392212
7460,1001,13,5,0.6,0.2,1000,restricted_70,aggregation,0.8073787327527527,,,0.7281649576118326
7461,1001,13,5,0.6,0.2,1000,restricted_70,aggregation,0.8076023701131092,,,0.7287418562764396
7462,1001,13,5,0.6,0.2,1000,restricted_70,aggregation,0.8078476371113402,,,0.7289150688817355
7463,1001,13,5,0.6,0.2,1000,restricted_70,aggregation,0.8078782258072637,,,0.7292675105835522
7464,1001,13,5,0.6,0.2,1000,restricted_70,aggregation,0.8081799515939583,,,0.729361500613584
7465,1001,13,5,0.6,0.2,1000,restricted_70,aggregation,0.8075289258477106,,,0.728645941974692
7466,1001,13,5,0.6,0.2,1000,restricted_70,aggregation,0.8073615703615076,,,0.7280640992572243
7467,1001,13,5,0.6,0.2,1000,restricted_70,aggregation,0.8078693283856315,,,0.7288604544683712
7468,1001,13,5,0.6,0.2,1000,restricted_70,aggregation,0.8073515970195182,,,0.7287274560547478
7469,1001,13,5,0.6,0.2,1000,restricted_70,aggregation,0.8077110092982485,,,0.7287287376743627
7470,1001,13,5,0.6,0.2,1000,restricted_70,aggregation,0.807603501462033,,,0.7285600242041909
7471,1001,13,5,0.6,0.2,1000,restricted_70,aggregation,0.8072904686097269,,,0.7279637584637584
7472,1001,13,5,0.6,0.2,1000,restricted_70,aggregation,0.8080732398912611,,,0.7292730003869587
7473,1001,13,5,0.6,0.2,1000,restricted_70,aggregation,0.808148386159037,,,0.7295271870876038
7474,1001,13,5,0.6,0.2,1000,restricted_70,aggregation,0.8080671320551194,,,0.7291600685425685
7475,1001,13,5,0.6,0.2,1000,restricted_70,aggregation,0.8076508493783793,,,0.7282729226097976
7476,1001,13,5,0.6,0.2,1000,restricted_70,aggregation,0.8077226401655243,,,0.729179168616877
7477,1001,13,5,0.6,0.2,1000,restricted_70,aggregation,0.8075517317393638,,,0.7284118638229055
7478,1001,13,5,0.6,0.2,1000,restricted_70,aggregation,0.8075084871740862,,,0.7282915721778221
7479,1001,13,5,0.6,0.2,1000,restricted_70,aggregation,0.8081916573613518,,,0.7298232181553015
7480,1001,13,5,0.6,0.2,1000,restricted_70,aggregation,0.8077594299022322,,,0.7287310541695959
7481,1001,13,5,0.6,0.2,1000,restricted_70,aggregation,0.8078363154096954,,,0.7285648311950395
7482,1001,13,5,0.6,0.2,1000,restricted_70,aggregation,0.8074235249253248,,,0.7280296166796167
7483,1001,13,5,0.6,0.2,1000,restricted_70,aggregation,0.8076251495626,,,0.7293965732801149
7484,1001,13,5,0.6,0.2,1000,restricted_70,aggregation,0.8075913521163637,,,0.7281490071117155
7485,1001,13,5,0.6,0.2,1000,restricted_70,aggregation,0.806994243749404,,,0.7277119360500611
7486,1001,13,5,0.6,0.2,1000,restricted_70,aggregation,0.8075402976556818,,,0.7283334653386737
7487,1001,13,5,0.6,0.2,1000,restricted_70,aggregation,0.8074063167120114,,,0.7283006634800385
7488,1001,13,5,0.6,0.2,1000,restricted_70,aggregation,0.8074453808045813,,,0.7285952815702816
7489,1001,13,5,0.6,0.2,1000,restricted_70,aggregation,0.8079681147957037,,,0.7297045723335307
7490,1001,13,5,0.6,0.2,1000,restricted_70,aggregation,0.8078454251615971,,,0.7292508273516608
7491,1001,13,5,0.6,0.2,1000,restricted_70,aggregation,0.8077548420124379,,,0.7287432384590717
7492,1001,13,5,0.6,0.2,1000,restricted_70,aggregation,0.8073272512928051,,,0.7283363366571699
7493,1001,13,5,0.6,0.2,1000,restricted_70,aggregation,0.8077554700193018,,,0.7287159689076356
7494,1001,13,5,0.6,0.2,1000,restricted_70,aggregation,0.8074792037369629,,,0.7285751615282865
7495,1001,13,5,0.6,0.2,1000,restricted_70,aggregation,0.8079188028467488,,,0.7290798000533416
7496,1001,13,5,0.6,0.2,1000,restricted_70,aggregation,0.8079007238222632,,,0.729231179029304
7497,1001,13,5,0.6,0.2,1000,restricted_70,aggregation,0.8077339720621037,,,0.7287087631273048
7498,1001,13,5,0.6,0.2,1000,restricted_70,aggregation,0.8076461953445201,,,0.7287513581094831
7499,1001,13,5,0.6,0.2,1000,restricted_70,aggregation,0.8079110784121161,,,0.7288163802092967
7500,1001,13,5,0.6,0.2,1000,restricted_70,aggregation,0.8081290302369601,,,0.729409125789334
7501,1001,13,5,0.6,0.2,1000,restricted_70,aggregation,0.8078363989480193,,,0.7288274998149998
7502,1001,13,5,0.6,0.2,1000,restricted_70,aggregation,0.8078309611429588,,,0.7289174596468345
7503,1001,13,5,0.6,0.2,1000,restricted_70,aggregation,0.807554901473357,,,0.7281677959925877
7504,1001,13,5,0.6,0.2,1000,restricted_70,aggregation,0.8079067361399742,,,0.7286027432212848
7505,1001,13,5,0.6,0.2,1000,restricted_70,aggregation,0.807228838011531,,,0.728109721382013
7506,1001,13,5,0.6,0.2,1000,restricted_70,aggregation,0.8075221858386179,,,0.7286196397198481
7507,1001,13,5,0.6,0.2,1000,restricted_70,aggregation,0.8073008503504594,,,0.7281497780999865
7508,1001,13,5,0.6,0.2,1000,restricted_70,aggregation,0.8077976813477519,,,0.7289290537934288
7509,1001,13,5,0.6,0.2,1000,restricted_70,aggregation,0.8075908360627683,,,0.7291534408107324
7510,1001,13,5,0.6,0.2,1000,restricted_70,aggregation,0.8082191599614335,,,0.7295662188351772
7511,1001,13,5,0.6,0.2,1000,restricted_70,aggregation,0.8077091369603628,,,0.7289699786478954
7512,1001,13,5,0.6,0.2,1000,restricted_70,aggregation,0.8081031598113583,,,0.7297178138219805
7513,1001,13,5,0.6,0.2,1000,restricted_70,aggregation,0.8078088067707172,,,0.7284360024620442
7514,1001,13,5,0.6,0.2,1000,restricted_70,aggregation,0.8074395240130384,,,0.7287068315095397
7515,1001,13,5,0.6,0.2,1000,restricted_70,aggregation,0.8080161387866956,,,0.7287085087751753
7516,1001,13,5,0.6,0.2,1000,restricted_70,aggregation,0.8075309431715045,,,0.7284124552145386
7517,1001,13,5,0.6,0.2,1000,restricted_70,aggregation,0.8077779555710332,,,0.7285738811651311
7518,1001,13,5,0.6,0.2,1000,restricted_70,aggregation,0.8076979432711642,,,0.7284083936433936
7519,1001,13,5,0.6,0.2,1000,restricted_70,aggregation,0.807563745780758,,,0.728576039007289
7520,1001,13,5,0.6,0.2,1000,restricted_70,aggregation,0.807950422742454,,,0.7293270359116193
7521,1001,13,5,0.6,0.2,1000,restricted_70,aggregation,0.8077540671610673,,,0.7287004947598699
7522,1001,13,5,0.6,0.2,1000,restricted_70,aggregation,0.8080185882306415,,,0.7296610777108694
7523,1001,13,5,0.6,0.2,1000,restricted_70,aggregation,0.8075253042793062,,,0.7280397306166057
7524,1001,13,5,0.6,0.2,1000,restricted_70,aggregation,0.8078348743825389,,,0.7284199768441435
7525,1001,13,5,0.6,0.2,1000,restricted_70,aggregation,0.8078765250567473,,,0.7290378581757748
7526,1001,13,5,0.6,0.2,1000,restricted_70,aggregation,0.8078809113848987,,,0.7294702592392176
7527,1001,13,5,0.6,0.2,1000,restricted_70,aggregation,0.8073081573666429,,,0.7283227404925322
7528,1001,13,5,0.6,0.2,1000,restricted_70,aggregation,0.8072459660321949,,,0.7276952173983424
7529,1001,13,5,0.6,0.2,1000,restricted_70,aggregation,0.8075308893444085,,,0.7281284565049149
7530,1001,13,5,0.6,0.2,1000,restricted_70,aggregation,0.8078609622388532,,,0.7290518082072249
7531,1001,13,5,0.6,0.2,1000,restricted_70,aggregation,0.8074114621116889,,,0.7285658508698092
7532,1001,13,5,0.6,0.2,1000,restricted_70,aggregation,0.8075962487144336,,,0.7278803304719971
7533,1001,13,5,0.6,0.2,1000,restricted_70,aggregation,0.8073325765161559,,,0.7280318333980834
7534,1001,13,5,0.6,0.2,1000,restricted_70,aggregation,0.8077751330896245,,,0.728720373569332
7535,1001,13,5,0.6,0.2,1000,restricted_70,aggregation,0.8077816780159701,,,0.7289961643063726
7536,1001,13,5,0.6,0.2,1000,restricted_70,aggregation,0.8076959337742954,,,0.7284682149717567
7537,1001,13,5,0.6,0.2,1000,restricted_70,aggregation,0.8077617429706784,,,0.7291001463043131
7538,1001,13,5,0.6,0.2,1000,restricted_70,aggregation,0.8078232593486494,,,0.7284751732757982
7539,1001,13,5,0.6,0.2,1000,restricted_70,aggregation,0.807693539400749,,,0.7290374891929059
7540,1001,13,5,0.6,0.2,1000,restricted_70,aggregation,0.8076670361766435,,,0.7288574550141217
7541,1001,13,5,0.6,0.2,1000,restricted_70,aggregation,0.8079502113235527,,,0.728978456373873
7542,1001,13,5,0.6,0.2,1000,restricted_70,aggregation,0.8076907001346939,,,0.728692475772684
7543,1001,13,5,0.6,0.2,1000,restricted_70,aggregation,0.807535309240803,,,0.7280444675000926
7544,1001,13,5,0.6,0.2,1000,restricted_70,aggregation,0.8080464759521717,,,0.7295503073392657
7545,1001,13,5,0.6,0.2,1000,restricted_70,aggregation,0.8076322181499817,,,0.7284580158961409
7546,1001,13,5,0.6,0.2,1000,restricted_70,aggregation,0.807493726486666,,,0.728969632443174
7547,1001,13,5,0.6,0.2,1000,restricted_70,aggregation,0.8081977896032845,,,0.7298556124045708
7548,1001,13,5,0.6,0.2,1000,restricted_70,aggregation,0.807465946627386,,,0.7283143493543492
7549,1001,13,5,0.6,0.2,1000,restricted_70,aggregation,0.8078149050192553,,,0.7284272132651299
7550,1001,13,5,0.6,0.2,1000,restricted_70,aggregation,0.8075744821820574,,,0.7284025240885658
7551,1001,13,5,0.6,0.2,1000,restricted_70,aggregation,0.8080688542411456,,,0.7296652826802827
7552,1001,13,5,0.6,0.2,1000,restricted_70,aggregation,0.8078260383951456,,,0.7289976112005279
7553,1001,13,5,0.6,0.2,1000,restricted_70,aggregation,0.8075228426815463,,,0.7280917101879603
7554,1001,13,5,0.6,0.2,1000,restricted_70,aggregation,0.8079839868711417,,,0.7288071692427942
7555,1001,13,5,0.6,0.2,1000,restricted_70,aggregation,0.8076580392883367,,,0.7287772505657922
7556,1001,13,5,0.6,0.2,1000,restricted_70,aggregation,0.8072844059442802,,,0.7277526732757983
7557,1001,13,5,0.6,0.2,1000,restricted_70,aggregation,0.807268869133056,,,0.7280597138278389
7558,1001,13,5,0.6,0.2,1000,restricted_70,aggregation,0.8076039657195843,,,0.7280788802786721
7559,1001,13,5,0.6,0.2,1000,restricted_70,aggregation,0.8070628619292655,,,0.7277366952260702
7560,1001,13,5,0.6,0.2,1000,restricted_70,aggregation,0.8074693326972842,,,0.7281910724383641
7561,1001,13,5,0.6,0.2,1000,restricted_70,aggregation,0.807703525118058,,,0.7281312236374736
7562,1001,13,5,0.6,0.2,1000,restricted_70,aggregation,0.8076938834090852,,,0.7284049802666469
7563,1001,13,5,0.6,0.2,1000,restricted_70,aggregation,0.8086073601506095,,,0.7304295443291275
7564,1001,13,5,0.6,0.2,1000,restricted_70,aggregation,0.8077666673242299,,,0.7285288857130524
7565,1001,13,5,0.6,0.2,1000,restricted_70,aggregation,0.8073388935307394,,,0.7286737444962446
7566,1001,13,5,0.6,0.2,1000,restricted_70,aggregation,0.8081191926986232,,,0.7295281085426919
7567,1001,13,5,0.6,0.2,1000,restricted_70,aggregation,0.8075461439667244,,,0.7287468639770723
7568,1001,13,5,0.6,0.2,1000,restricted_70,aggregation,0.8079320189227329,,,0.729210672375464
7569,1001,13,5,0.6,0.2,1000,restricted_70,aggregation,0.807673598741916,,,0.7283789498464499
7570,1001,13,5,0.6,0.2,1000,restricted_70,aggregation,0.8076395071556678,,,0.7287205393680394
7571,1001,13,5,0.6,0.2,1000,restricted_70,aggregation,0.8079201342812506,,,0.7289833635346135
7572,1001,13,5,0.6,0.2,1000,restricted_70,aggregation,0.8079310679358908,,,0.7295772841895758
7573,1001,13,5,0.6,0.2,1000,restricted_70,aggregation,0.8079365039495402,,,0.7290950919296753
7574,1001,13,5,0.6,0.2,1000,restricted_70,aggregation,0.8074494668312822,,,0.7280609333644751
7575,1001,13,5,0.6,0.2,1000,restricted_70,aggregation,0.8077105808555728,,,0.7289575908119659
7576,1001,13,5,0.6,0.2,1000,restricted_70,aggregation,0.8077676097099205,,,0.7286324168963751
7577,1001,13,5,0.6,0.2,1000,restricted_70,aggregation,0.8073459630926734,,,0.7280456470073137
7578,1001,13,5,0.6,0.2,1000,restricted_70,aggregation,0.8077936590587182,,,0.728745453381495
7579,1001,13,5,0.6,0.2,1000,restricted_70,aggregation,0.8075646079288934,,,0.7287857821730738
7580,1001,13,5,0.6,0.2,1000,restricted_70,aggregation,0.8073759833031081,,,0.7281907851022433
7581,1001,13,5,0.6,0.2,1000,restricted_70,aggregation,0.807993948507418,,,0.729045417175417
7582,1001,13,5,0.6,0.2,1000,restricted_70,aggregation,0.8077419982262746,,,0.7287103057282225
7583,1001,13,5,0.6,0.2,1000,restricted_70,aggregation,0.8080730782882687,,,0.7294482665328498
7584,1001,13,5,0.6,0.2,1000,restricted_70,aggregation,0.8077337376137329,,,0.7283166801870968
7585,1001,13,5,0.6,0.2,1000,restricted_70,aggregation,0.8074052196036416,,,0.7280370853143769
7586,1001,13,5,0.6,0.2,1000,restricted_70,aggregation,0.8076875374647412,,,0.7285913691786607
7587,1001,13,5,0.6,0.2,1000,restricted_70,aggregation,0.8078390237759216,,,0.7289570384630801
7588,1001,13,5,0.6,0.2,1000,restricted_70,aggregation,0.8077414661238207,,,0.7290922378470295
7589,1001,13,5,0.6,0.2,1000,restricted_70,aggregation,0.8077272659513877,,,0.7290721255673339
7590,1001,13,5,0.6,0.2,1000,restricted_70,aggregation,0.8076515819639567,,,0.7286433142860226
7591,1001,13,5,0.6,0.2,1000,restricted_70,aggregation,0.807171150707542,,,0.7274531769233853
7592,1001,13,5,0.6,0.2,1000,restricted_70,aggregation,0.807817072115712,,,0.7287720972083472
7593,1001,13,5,0.6,0.2,1000,restricted_70,aggregation,0.8079866828944718,,,0.7293126995766579
7594,1001,13,5,0.6,0.2,1000,restricted_70,aggregation,0.8075394017741334,,,0.7285925678102761
7595,1001,13,5,0.6,0.2,1000,restricted_70,aggregation,0.8075179422006551,,,0.7283049170351253
7596,1001,13,5,0.6,0.2,1000,restricted_70,aggregation,0.8079284373683306,,,0.7294851737922572
7597,1001,13,5,0.6,0.2,1000,restricted_70,aggregation,0.8078657623769383,,,0.7290437630348046
7598,1001,13,5,0.6,0.2,1000,restricted_70,aggregation,0.80749844706692,,,0.7274952984746735
7599,1001,13,5,0.6,0.2,1000,restricted_70,aggregation,0.8077322984137598,,,0.7286888379213379
7600,1001,13,5,0.6,0.2,1000,restricted_70,aggregation,0.8081384608062485,,,0.729667477938728
7601,1001,13,5,0.6,0.2,1000,restricted_70,aggregation,0.8080121947420749,,,0.7294728916839334
7602,1001,13,5,0.6,0.2,1000,restricted_70,aggregation,0.8076382034485011,,,0.7285418246491164
7603,1001,13,5,0.6,0.2,1000,restricted_70,aggregation,0.8075008013296421,,,0.7276104396837729
7604,1001,13,5,0.6,0.2,1000,restricted_70,aggregation,0.8071675699247858,,,0.7275348386181719
7605,1001,13,5,0.6,0.2,1000,restricted_70,aggregation,0.8077588702536127,,,0.7285683934969353
7606,1001,13,5,0.6,0.2,1000,restricted_70,aggregation,0.8074743128395984,,,0.7284471619969537
7607,1001,13,5,0.6,0.2,1000,restricted_70,aggregation,0.8075936883462365,,,0.7284733011895511
7608,1001,13,5,0.6,0.2,1000,restricted_70,aggregation,0.8075994195914297,,,0.7283461414125997
7609,1001,13,5,0.6,0.2,1000,restricted_70,aggregation,0.8075732399575117,,,0.7288138835701335
7610,1001,13,5,0.6,0.2,1000,restricted_70,aggregation,0.807559572394855,,,0.7285141682314598
7611,1001,13,5,0.6,0.2,1000,restricted_70,aggregation,0.8082744493686089,,,0.7291767041137874
7612,1001,13,5,0.6,0.2,1000,restricted_70,aggregation,0.8080232647309037,,,0.7288230125121792
7613,1001,13,5,0.6,0.2,1000,restricted_70,aggregation,0.8074570452338109,,,0.7284861445036444
7614,1001,13,5,0.6,0.2,1000,restricted_70,aggregation,0.8077270697611278,,,0.7288551774691359
7615,1001,13,5,0.6,0.2,1000,restricted_70,aggregation,0.8080650123002588,,,0.7288515358329941
7616,1001,13,5,0.6,0.2,1000,restricted_70,aggregation,0.8073199497179915,,,0.7279204203589621
7617,1001,13,5,0.6,0.2,1000,restricted_70,aggregation,0.8075596158912947,,,0.7285783096533096
7618,1001,13,5,0.6,0.2,1000,restricted_70,aggregation,0.8078180782142785,,,0.7284222273559774
7619,1001,13,5,0.6,0.2,1000,restricted_70,aggregation,0.8080457509976927,,,0.729065699585908
7620,1001,13,5,0.6,0.2,1000,restricted_70,aggregation,0.8074649147606405,,,0.7282897258066008
7621,1001,13,5,0.6,0.2,1000,restricted_70,aggregation,0.8075728914082531,,,0.7283685659633578
7622,1001,13,5,0.6,0.2,1000,restricted_70,aggregation,0.8072120185584093,,,0.7282199632774633
7623,1001,13,5,0.6,0.2,1000,restricted_70,aggregation,0.8080337044830699,,,0.7292756391448059
7624,1001,13,5,0.6,0.2,1000,restricted_70,aggregation,0.8079635357400327,,,0.7290616066263983
7625,1001,13,5,0.6,0.2,1000,restricted_70,aggregation,0.8077525365950461,,,0.7288462240768491
7626,1001,13,5,0.6,0.2,1000,restricted_70,aggregation,0.807568300354229,,,0.7283567283333949
7627,1001,13,5,0.6,0.2,1000,restricted_70,aggregation,0.8077825871996834,,,0.7285080544840962
7628,1001,13,5,0.6,0.2,1000,restricted_70,aggregation,0.8078247383406252,,,0.7292408933890183
7629,1001,13,5,0.6,0.2,1000,restricted_70,aggregation,0.8072834631622419,,,0.7276800006320839
7630,1001,13,5,0.6,0.2,1000,restricted_70,aggregation,0.8075082025204117,,,0.7283670207338958
7631,1001,13,5,0.6,0.2,1000,restricted_70,aggregation,0.8075471407928834,,,0.728377694111444
7632,1001,13,5,0.6,0.2,1000,restricted_70,aggregation,0.807910805479309,,,0.728916211643295
7633,1001,13,5,0.6,0.2,1000,restricted_70,aggregation,0.8077281770416012,,,0.7284958215858216
7634,1001,13,5,0.6,0.2,1000,restricted_70,aggregation,0.8079670116936641,,,0.7295232130755048
7635,1001,13,5,0.6,0.2,1000,restricted_70,aggregation,0.8078133321127591,,,0.7284491909171076
7636,1001,13,5,0.6,0.2,1000,restricted_70,aggregation,0.8077913046427357,,,0.7291595867250034
7637,1001,13,5,0.6,0.2,1000,restricted_70,aggregation,0.8076148939400419,,,0.7283271005229339
7638,1001,13,5,0.6,0.2,1000,restricted_70,aggregation,0.8071617598311959,,,0.7278174766283099
7639,1001,13,5,0.6,0.2,1000,restricted_70,aggregation,0.8078676671068935,,,0.7290860761537844
7640,1001,13,5,0.6,0.2,1000,restricted_70,aggregation,0.8077306062516151,,,0.728904812109187
7641,1001,13,5,0.6,0.2,1000,restricted_70,aggregation,0.807788227058356,,,0.7287857747345247
7642,1001,13,5,0.6,0.2,1000,restricted_70,aggregation,0.8075806915156247,,,0.7289559792445208
7643,1001,13,5,0.6,0.2,1000,restricted_70,aggregation,0.8076992604809354,,,0.7284057073867489
7644,1001,13,5,0.6,0.2,1000,restricted_70,aggregation,0.8075242012265447,,,0.7287723215287799
7645,1001,13,5,0.6,0.2,1000,restricted_70,aggregation,0.8080055176293364,,,0.7295291695804197
7646,1001,13,5,0.6,0.2,1000,restricted_70,aggregation,0.8079841449165769,,,0.729186337204462
7647,1001,13,5,0.6,0.2,1000,restricted_70,aggregation,0.8078776332553866,,,0.7294556617533702
7648,1001,13,5,0.6,0.2,1000,restricted_70,aggregation,0.8071377246661525,,,0.7277435943069277
7649,1001,13,5,0.6,0.2,1000,restricted_70,aggregation,0.807939812624692,,,0.7295451560168227
7650,1001,13,5,0.6,0.2,1000,restricted_70,aggregation,0.8074665082621771,,,0.7276170271318187
7651,1001,13,5,0.6,0.2,1000,restricted_70,aggregation,0.8074857676263454,,,0.72849420163941
7652,1001,13,5,0.6,0.2,1000,restricted_70,aggregation,0.8076279516439931,,,0.7283478678420345
7653,1001,13,5,0.6,0.2,1000,restricted_70,aggregation,0.8081295948367133,,,0.7294649484620318
7654,1001,13,5,0.6,0.2,1000,restricted_70,aggregation,0.8073068728845448,,,0.7278078262632429
7655,1001,13,5,0.6,0.2,1000,restricted_70,aggregation,0.8076889391678381,,,0.728976756314673
7656,1001,13,5,0.6,0.2,1000,restricted_70,aggregation,0.8072582910284236,,,0.7279684671193004
7657,1001,13,5,0.6,0.2,1000,restricted_70,aggregation,0.8081226260994828,,,0.7296488299817466
7658,1001,13,5,0.6,0.2,1000,restricted_70,aggregation,0.8078402060772971,,,0.7289850621831871
7659,1001,13,5,0.6,0.2,1000,restricted_70,aggregation,0.8079520354975389,,,0.7293424820858154
7660,1001,13,5,0.6,0.2,1000,restricted_70,aggregation,0.8075084579548142,,,0.7283418530543531
7661,1001,13,5,0.6,0.2,1000,restricted_70,aggregation,0.8073854460714174,,,0.7275474630462131
7662,1001,13,5,0.6,0.2,1000,restricted_70,aggregation,0.8073478614269922,,,0.728081625719959
7663,1001,13,5,0.6,0.2,1000,restricted_70,aggregation,0.8080485141431747,,,0.7299278665701583
7664,1001,13,5,0.6,0.2,1000,restricted_70,aggregation,0.8076299822771674,,,0.7290058019680936
7665,1001,13,5,0.6,0.2,1000,restricted_70,aggregation,0.8080675249481855,,,0.7295384478561562
7666,1001,13,5,0.6,0.2,1000,restricted_70,aggregation,0.8074052974510374,,,0.7284143282874532
7667,1001,13,5,0.6,0.2,1000,restricted_70,aggregation,0.8075098526456342,,,0.7286412300893551
7668,1001,13,5,0.6,0.2,1000,restricted_70,aggregation,0.8077782695786789,,,0.7289897218830553
7669,1001,13,5,0.6,0.2,1000,restricted_70,aggregation,0.807961761235334,,,0.7286005003561253
7670,1001,13,5,0.6,0.2,1000,restricted_70,aggregation,0.8074539246734761,,,0.7284608474241807
7671,1001,13,5,0.6,0.2,1000,restricted_70,aggregation,0.8073520663043892,,,0.727677566314858
7672,1001,13,5,0.6,0.2,1000,restricted_70,aggregation,0.8076355427591179,,,0.7282464704200121
7673,1001,13,5,0.6,0.2,1000,restricted_70,aggregation,0.8082117258253819,,,0.729777836368878
7674,1001,13,5,0.6,0.2,1000,restricted_70,aggregation,0.8077758191791207,,,0.729202041060791
7675,1001,13,5,0.6,0.2,1000,restricted_70,aggregation,0.8077685328485101,,,0.7289089302672636
7676,1001,13,5,0.6,0.2,1000,restricted_70,aggregation,0.8076264326327758,,,0.7288882867055784
7677,1001,13,5,0.6,0.2,1000,restricted_70,aggregation,0.8075170535233663,,,0.7285742817444901
7678,1001,13,5,0.6,0.2,1000,restricted_70,aggregation,0.8074582589033074,,,0.7288364317626818
7679,1001,13,5,0.6,0.2,1000,restricted_70,aggregation,0.8076480807866686,,,0.7286481315906316
7680,1001,13,5,0.6,0.2,1000,restricted_70,aggregation,0.8078618047300243,,,0.7287400977725979
7681,1001,13,5,0.6,0.2,1000,restricted_70,aggregation,0.8075211207950591,,,0.7285583816029649
7682,1001,13,5,0.6,0.2,1000,restricted_70,aggregation,0.807419957708039,,,0.7289277592006759
7683,1001,13,5,0.6,0.2,1000,restricted_70,aggregation,0.808152619718425,,,0.7298373988742739
7684,1001,13,5,0.6,0.2,1000,restricted_70,aggregation,0.8071357965239545,,,0.7273171442446443
7685,1001,13,5,0.6,0.2,1000,restricted_70,aggregation,0.8079586079683845,,,0.7290722794412376
7686,1001,13,5,0.6,0.2,1000,restricted_70,aggregation,0.8075334623930678,,,0.728012376003626
7687,1001,13,5,0.6,0.2,1000,restricted_70,aggregation,0.8072186780924642,,,0.7278195067355485
7688,1001,13,5,0.6,0.2,1000,restricted_70,aggregation,0.8078410954487574,,,0.7285378084646835
7689,1001,13,5,0.6,0.2,1000,restricted_70,aggregation,0.8080543367271084,,,0.7291530095213429
7690,1001,13,5,0.6,0.2,1000,restricted_70,aggregation,0.8075370265599277,,,0.728619941393483
7691,1001,13,5,0.6,0.2,1000,restricted_70,aggregation,0.807263700518218,,,0.727917934033559
7692,1001,13,5,0.6,0.2,1000,restricted_70,aggregation,0.8076912017249099,,,0.72871876166272
7693,1001,13,5,0.6,0.2,1000,restricted_70,aggregation,0.8076591998178588,,,0.7288071717325884
7694,1001,13,5,0.6,0.2,1000,restricted_70,aggregation,0.8074578809642377,,,0.7278057889641223
7695,1001,13,5,0.6,0.2,1000,restricted_70,aggregation,0.8079753482631775,,,0.7301171783078033
7696,1001,13,5,0.6,0.2,1000,restricted_70,aggregation,0.8076096212945701,,,0.7281461688697106
7697,1001,13,5,0.6,0.2,1000,restricted_70,aggregation,0.8077606533293137,,,0.7289141037588954
7698,1001,13,5,0.6,0.2,1000,restricted_70,aggregation,0.8078046585979817,,,0.7291639927742011
7699,1001,13,5,0.6,0.2,1000,restricted_70,aggregation,0.8076348464195909,,,0.7279187407499909
7700,1001,13,5,0.6,0.2,1000,restricted_70,aggregation,0.8074088491869497,,,0.7278799383486882
7701,1001,13,5,0.6,0.2,1000,restricted_70,aggregation,0.8077246858450559,,,0.7289540285794454
7702,1001,13,5,0.6,0.2,1000,restricted_70,aggregation,0.8077156726689165,,,0.7285202660919328
7703,1001,13,5,0.6,0.2,1000,restricted_70,aggregation,0.8075779982381472,,,0.7279777438842022
7704,1001,13,5,0.6,0.2,1000,restricted_70,aggregation,0.8077723506780073,,,0.7284778510686845
7705,1001,13,5,0.6,0.2,1000,restricted_70,aggregation,0.8076919198919874,,,0.7285079339718924
7706,1001,13,5,0.6,0.2,1000,restricted_70,aggregation,0.8074406437505373,,,0.7282566614635364
7707,1001,13,5,0.6,0.2,1000,restricted_70,aggregation,0.8079971001764372,,,0.728871013330805
7708,1001,13,5,0.6,0.2,1000,restricted_70,aggregation,0.8076169773461743,,,0.7284358834838002
7709,1001,13,5,0.6,0.2,1000,restricted_70,aggregation,0.807971879807404,,,0.729083463650547
7710,1001,13,5,0.6,0.2,1000,restricted_70,aggregation,0.8078259240019715,,,0.7290061334498834
7711,1001,13,5,0.6,0.2,1000,restricted_70,aggregation,0.8075417632560364,,,0.7283807430378263
7712,1001,13,5,0.6,0.2,1000,restricted_70,aggregation,0.8077163507163415,,,0.7289766404891406
7713,1001,13,5,0.6,0.2,1000,restricted_70,aggregation,0.8079808906547078,,,0.7291222934550018
7714,1001,13,5,0.6,0.2,1000,restricted_70,aggregation,0.8079733015304755,,,0.7293046670613337
7715,1001,13,5,0.6,0.2,1000,restricted_70,aggregation,0.8069634667621487,,,0.7275080390905391
7716,1001,13,5,0.6,0.2,1000,restricted_70,aggregation,0.8082057149994276,,,0.7298207646828481
7717,1001,13,5,0.6,0.2,1000,restricted_70,aggregation,0.8080317579546527,,,0.7296113091923508
7718,1001,13,5,0.6,0.2,1000,restricted_70,aggregation,0.8075396426769532,,,0.7290732205140539
7719,1001,13,5,0.6,0.2,1000,restricted_70,aggregation,0.8075789489533165,,,0.7283219876959459
7720,1001,13,5,0.6,0.2,1000,restricted_70,aggregation,0.8079793856185862,,,0.7290944087548253
7721,1001,13,5,0.6,0.2,1000,restricted_70,aggregation,0.8079171100916166,,,0.7286958553329387
7722,1001,13,5,0.6,0.2,1000,restricted_70,aggregation,0.8075610288101668,,,0.7282365035812952
7723,1001,13,5,0.6,0.2,1000,restricted_70,aggregation,0.8071385556499086,,,0.7279960592802258
7724,1001,13,5,0.6,0.2,1000,restricted_70,aggregation,0.8078165368665595,,,0.7287064823987741
7725,1001,13,5,0.6,0.2,1000,restricted_70,aggregation,0.8078291514252143,,,0.7291056385666802
7726,1001,13,5,0.6,0.2,1000,restricted_70,aggregation,0.807466821738494,,,0.7284106582306582
7727,1001,13,5,0.6,0.2,1000,restricted_70,aggregation,0.8080845144164741,,,0.7295106623854541
7728,1001,13,5,0.6,0.2,1000,restricted_70,aggregation,0.807931637917231,,,0.7287112310066477
7729,1001,13,5,0.6,0.2,1000,restricted_70,aggregation,0.8072279430752454,,,0.7281603339870006
7730,1001,13,5,0.6,0.2,1000,restricted_70,aggregation,0.8075684162358145,,,0.7288794578492496
7731,1001,13,5,0.6,0.2,1000,restricted_70,aggregation,0.8073491525614025,,,0.7279322209040959
7732,1001,13,5,0.6,0.2,1000,restricted_70,aggregation,0.8072876494654326,,,0.7276018756397922
7733,1001,13,5,0.6,0.2,1000,restricted_70,aggregation,0.8077151478900239,,,0.728879304322221
7734,1001,13,5,0.6,0.2,1000,restricted_70,aggregation,0.8072616636105293,,,0.7280388483969734
7735,1001,13,5,0.6,0.2,1000,restricted_70,aggregation,0.8077960681631465,,,0.7289008123203956
7736,1001,13,5,0.6,0.2,1000,restricted_70,aggregation,0.8077938498853826,,,0.7292635498452165
7737,1001,13,5,0.6,0.2,1000,restricted_70,aggregation,0.8076745606763015,,,0.7285889924504507
7738,1001,13,5,0.6,0.2,1000,restricted_70,aggregation,0.8075871797987724,,,0.7290850777000778
7739,1001,13,5,0.6,0.2,1000,restricted_70,aggregation,0.8071015027644904,,,0.7275359687688855
7740,1001,13,5,0.6,0.2,1000,restricted_70,aggregation,0.8080966522092035,,,0.7289160343822844
7741,1001,13,5,0.6,0.2,1000,restricted_70,aggregation,0.8072763765182942,,,0.7280899037767786
7742,1001,13,5,0.6,0.2,1000,restricted_70,aggregation,0.8074783921640474,,,0.7283941884118967
7743,1001,13,5,0.6,0.2,1000,restricted_70,aggregation,0.8078004442891001,,,0.7292329252537586
7744,1001,13,5,0.6,0.2,1000,restricted_70,aggregation,0.8076803137007311,,,0.7283258511704345
7745,1001,13,5,0.6,0.2,1000,restricted_70,aggregation,0.8083199621655753,,,0.7305739844877346
7746,1001,13,5,0.6,0.2,1000,restricted_70,aggregation,0.8073911734479609,,,0.7281334215707134
7747,1001,13,5,0.6,0.2,1000,restricted_70,aggregation,0.8076783314381477,,,0.7288293926443926
7748,1001,13,5,0.6,0.2,1000,restricted_70,aggregation,0.8079679941920529,,,0.7291553447324279
7749,1001,13,5,0.6,0.2,1000,restricted_70,aggregation,0.8075558662963985,,,0.7283370673924842
7750,1001,13,5,0.6,0.2,1000,restricted_70,aggregation,0.8075805966606622,,,0.7283482543228376
7751,1001,13,5,0.6,0.2,1000,restricted_70,aggregation,0.8076163822780956,,,0.7285172938327105
7752,1001,13,5,0.6,0.2,1000,restricted_70,aggregation,0.80796464556424,,,0.7299108735014985
7753,1001,13,5,0.6,0.2,1000,restricted_70,aggregation,0.8078799713321205,,,0.7286968898154315
7754,1001,13,5,0.6,0.2,1000,restricted_70,aggregation,0.8080288827798459,,,0.729302492561451
7755,1001,13,5,0.6,0.2,1000,restricted_70,aggregation,0.8075273929338028,,,0.7282453963474796
7756,1001,13,5,0.6,0.2,1000,restricted_70,aggregation,0.8077620874957998,,,0.728699053207595
7757,1001,13,5,0.6,0.2,1000,restricted_70,aggregation,0.8079815621862833,,,0.7296478449945117
7758,1001,13,5,0.6,0.2,1000,restricted_70,aggregation,0.8081863927619081,,,0.7298394754936421
7759,1001,13,5,0.6,0.2,1000,restricted_70,aggregation,0.8076330044995125,,,0.7287665522440522
7760,1001,13,5,0.6,0.2,1000,restricted_70,aggregation,0.8073987486359548,,,0.727608981088356
7761,1001,13,5,0.6,0.2,1000,restricted_70,aggregation,0.8075820532604874,,,0.7288163841174259
7762,1001,13,5,0.6,0.2,1000,restricted_70,aggregation,0.8073741124520053,,,0.728075113983239
7763,1001,13,5,0.6,0.2,1000,restricted_70,aggregation,0.8076192754661006,,,0.7280584322775989
7764,1001,13,5,0.6,0.2,1000,restricted_70,aggregation,0.8079238113507088,,,0.7290212711748129
7765,1001,13,5,0.6,0.2,1000,restricted_70,aggregation,0.8078752378527111,,,0.7291614857981524
7766,1001,13,5,0.6,0.2,1000,restricted_70,aggregation,0.8077686282794327,,,0.7288060765931599
7767,1001,13,5,0.6,0.2,1000,restricted_70,aggregation,0.8075832021703692,,,0.728681220615804
7768,1001,13,5,0.6,0.2,1000,restricted_70,aggregation,0.807849577039978,,,0.7289475091729258
7769,1001,13,5,0.6,0.2,1000,restricted_70,aggregation,0.8076008887626456,,,0.7285613876940961
7770,1001,13,5,0.6,0.2,1000,restricted_70,aggregation,0.8076277348383626,,,0.7286372781308198
7771,1001,13,5,0.6,0.2,1000,restricted_70,aggregation,0.8075557057455122,,,0.7284730587159755
7772,1001,13,5,0.6,0.2,1000,restricted_70,aggregation,0.8074331983992258,,,0.7281872364286947
7773,1001,13,5,0.6,0.2,1000,restricted_70,aggregation,0.807981327538694,,,0.728957397679481
7774,1001,13,5,0.6,0.2,1000,restricted_70,aggregation,0.8074762579764301,,,0.728510849258766
7775,1001,13,5,0.6,0.2,1000,restricted_70,aggregation,0.8076682360327351,,,0.7281955871520455
7776,1001,13,5,0.6,0.2,1000,restricted_70,aggregation,0.8079549028128757,,,0.7290877386656553
7777,1001,13,5,0.6,0.2,1000,restricted_70,aggregation,0.8075882943116417,,,0.72814951829806
7778,1001,13,5,0.6,0.2,1000,restricted_70,aggregation,0.8075421627755907,,,0.7282290338057006
7779,1001,13,5,0.6,0.2,1000,restricted_70,aggregation,0.8077834837792708,,,0.7291023711011211
7780,1001,13,5,0.6,0.2,1000,restricted_70,aggregation,0.8076846474949907,,,0.7285169517442434
7781,1001,13,5,0.6,0.2,1000,restricted_70,aggregation,0.8075355275351258,,,0.7284639185351685
7782,1001,13,5,0.6,0.2,1000,restricted_70,aggregation,0.8079942247446228,,,0.729309539249331
7783,1001,13,5,0.6,0.2,1000,restricted_70,aggregation,0.8078028604265601,,,0.728853347971473
7784,1001,13,5,0.6,0.2,1000,restricted_70,aggregation,0.8076119087674356,,,0.7284609818191068
7785,1001,13,5,0.6,0.2,1000,restricted_70,aggregation,0.8074729573190006,,,0.7283276327838828
7786,1001,13,5,0.6,0.2,1000,restricted_70,aggregation,0.8078831700351268,,,0.7288746518296518
7787,1001,13,5,0.6,0.2,1000,restricted_70,aggregation,0.8077477309401382,,,0.7290401250909584
7788,1001,13,5,0.6,0.2,1000,restricted_70,aggregation,0.8072906178630911,,,0.7278298498954751
7789,1001,13,5,0.6,0.2,1000,restricted_70,aggregation,0.8078699352577726,,,0.729526736511945
7790,1001,13,5,0.6,0.2,1000,restricted_70,aggregation,0.8076406168641187,,,0.7282607522030438
7791,1001,13,5,0.6,0.2,1000,restricted_70,aggregation,0.8077432517758095,,,0.7291207456124122
7792,1001,13,5,0.6,0.2,1000,restricted_70,aggregation,0.8078423810220646,,,0.7291455109859277
7793,1001,13,5,0.6,0.2,1000,restricted_70,aggregation,0.8081024610594411,,,0.7290262516804183
7794,1001,13,5,0.6,0.2,1000,restricted_70,aggregation,0.8074994306432415,,,0.7289770051553386
7795,1001,13,5,0.6,0.2,1000,restricted_70,aggregation,0.807931498737398,,,0.7291346812369729
7796,1001,13,5,0.6,0.2,1000,restricted_70,aggregation,0.8076620510970338,,,0.7283263313307063
7797,1001,13,5,0.6,0.2,1000,restricted_70,aggregation,0.8079849689746068,,,0.7295491082143164
7798,1001,13,5,0.6,0.2,1000,restricted_70,aggregation,0.8077818430794574,,,0.7284803729989147
7799,1001,13,5,0.6,0.2,1000,restricted_70,aggregation,0.8076213965474057,,,0.7283889783827283
7800,1001,13,5,0.6,0.2,1000,restricted_70,aggregation,0.8078261440667783,,,0.7295942460857043
7801,1001,13,5,0.6,0.2,1000,restricted_70,aggregation,0.8082528281444524,,,0.7294397605403855
7802,1001,13,5,0.6,0.2,1000,restricted_70,aggregation,0.8075474080383469,,,0.7280460732862817
7803,1001,13,5,0.6,0.2,1000,restricted_70,aggregation,0.8078008079388307,,,0.7289214951637868
7804,1001,13,5,0.6,0.2,1000,restricted_70,aggregation,0.8072799103415497,,,0.728266446978947
7805,1001,13,5,0.6,0.2,1000,restricted_70,aggregation,0.8079503705202726,,,0.7297594876111543
7806,1001,13,5,0.6,0.2,1000,restricted_70,aggregation,0.8073596173283571,,,0.7292375397210814
7807,1001,13,5,0.6,0.2,1000,restricted_70,aggregation,0.8076259930132923,,,0.7285864547412464
7808,1001,13,5,0.6,0.2,1000,restricted_70,aggregation,0.8078228169977888,,,0.7287944854451105
7809,1001,13,5,0.6,0.2,1000,restricted_70,aggregation,0.8070314841428178,,,0.7276530321838656
7810,1001,13,5,0.6,0.2,1000,restricted_70,aggregation,0.8076563681240809,,,0.7287301043169794
7811,1001,13,5,0.6,0.2,1000,restricted_70,aggregation,0.807854714053076,,,0.7290613227821562
7812,1001,13,5,0.6,0.2,1000,restricted_70,aggregation,0.8075608186010109,,,0.7282398158631491
7813,1001,13,5,0.6,0.2,1000,restricted_70,aggregation,0.8075721681944261,,,0.7281073252364918
7814,1001,13,5,0.6,0.2,1000,restricted_70,aggregation,0.807341081376639,,,0.7279128072236406
7815,1001,13,5,0.6,0.2,1000,restricted_70,aggregation,0.8082582424933913,,,0.7299515678380263
7816,1001,13,5,0.6,0.2,1000,restricted_70,aggregation,0.807435128460391,,,0.728850477339019
7817,1001,13,5,0.6,0.2,1000,restricted_70,aggregation,0.8074325416703444,,,0.7280984223261306
7818,1001,13,5,0.6,0.2,1000,restricted_70,aggregation,0.8077303230687215,,,0.7287515437417521
7819,1001,13,5,0.6,0.2,1000,restricted_70,aggregation,0.8077375154587789,,,0.729516111989862
7820,1001,13,5,0.6,0.2,1000,restricted_70,aggregation,0.8076830229298287,,,0.7281386287555037
7821,1001,13,5,0.6,0.2,1000,restricted_70,aggregation,0.8077663258430691,,,0.7288859348136432
7822,1001,13,5,0.6,0.2,1000,restricted_70,aggregation,0.8077104549676202,,,0.7286437203383037
7823,1001,13,5,0.6,0.2,1000,restricted_70,aggregation,0.8072828211210177,,,0.7277345008926259
7824,1001,13,5,0.6,0.2,1000,restricted_70,aggregation,0.8074127905884855,,,0.7284864837169004
7825,1001,13,5,0.6,0.2,1000,restricted_70,aggregation,0.8079981840257954,,,0.7293733449806368
7826,1001,13,5,0.6,0.2,1000,restricted_70,aggregation,0.8075485492016584,,,0.7280227004631171
7827,1001,13,5,0.6,0.2,1000,restricted_70,aggregation,0.8074102936966676,,,0.7281062803554471
7828,1001,13,5,0.6,0.2,1000,restricted_70,aggregation,0.8080141764970797,,,0.7292480190026024
7829,1001,13,5,0.6,0.2,1000,restricted_70,aggregation,0.8078592243360575,,,0.7288075794498711
7830,1001,13,5,0.6,0.2,1000,restricted_70,aggregation,0.8077706657517197,,,0.7289362687081437
7831,1001,13,5,0.6,0.2,1000,restricted_70,aggregation,0.8072806985019172,,,0.7284278089811425
7832,1001,13,5,0.6,0.2,1000,restricted_70,aggregation,0.8076944291929117,,,0.7287200571419322
7833,1001,13,5,0.6,0.2,1000,restricted_70,aggregation,0.8079374822294796,,,0.7290193880116796
7834,1001,13,5,0.6,0.2,1000,restricted_70,aggregation,0.807469012034156,,,0.728114243295285
7835,1001,13,5,0.6,0.2,1000,restricted_70,aggregation,0.8078517416412546,,,0.729608503001628
7836,1001,13,5,0.6,0.2,1000,restricted_70,aggregation,0.8077722471991822,,,0.7292443976779394
7837,1001,13,5,0.6,0.2,1000,restricted_70,aggregation,0.8082032682982283,,,0.7290420105357606
7838,1001,13,5,0.6,0.2,1000,restricted_70,aggregation,0.8077318092199078,,,0.7290583611141943
7839,1001,13,5,0.6,0.2,1000,restricted_70,aggregation,0.8076250517759378,,,0.7288061082436083
7840,1001,13,5,0.6,0.2,1000,restricted_70,aggregation,0.807849172143996,,,0.7287288544171878
7841,1001,13,5,0.6,0.2,1000,restricted_70,aggregation,0.8081117049829152,,,0.7293309961566211
7842,1001,13,5,0.6,0.2,1000,restricted_70,aggregation,0.8080674598074934,,,0.7292919045306545
7843,1001,13,5,0.6,0.2,1000,restricted_70,aggregation,0.8077875703053893,,,0.7286695954970954
7844,1001,13,5,0.6,0.2,1000,restricted_70,aggregation,0.8077708044643112,,,0.7290534845247345
7845,1001,13,5,0.6,0.2,1000,restricted_70,aggregation,0.8075380566345738,,,0.7278423968623969
7846,1001,13,5,0.6,0.2,1000,restricted_70,aggregation,0.8079307263276949,,,0.728771801701385
7847,1001,13,5,0.6,0.2,1000,restricted_70,aggregation,0.8077395726760952,,,0.7292417106967107
7848,1001,13,5,0.6,0.2,1000,restricted_70,aggregation,0.8076555422645755,,,0.7281063818974236
7849,1001,13,5,0.6,0.2,1000,restricted_70,aggregation,0.8079494444321371,,,0.729742638780972
7850,1001,13,5,0.6,0.2,1000,restricted_70,aggregation,0.8072934397039824,,,0.7283440755540755
7851,1001,13,5,0.6,0.2,1000,restricted_70,aggregation,0.8077190496815704,,,0.7290101049798966
7852,1001,13,5,0.6,0.2,1000,restricted_70,aggregation,0.8071851902614069,,,0.7275965807186641
7853,1001,13,5,0.6,0.2,1000,restricted_70,aggregation,0.8076784417375213,,,0.7291670098574266
7854,1001,13,5,0.6,0.2,1000,restricted_70,aggregation,0.8072676993798954,,,0.7280117769190687
7855,1001,13,5,0.6,0.2,1000,restricted_70,aggregation,0.8076982595962894,,,0.7288631982831982
7856,1001,13,5,0.6,0.2,1000,restricted_70,aggregation,0.8075094594159381,,,0.7281376587301587
7857,1001,13,5,0.6,0.2,1000,restricted_70,aggregation,0.8078951054579675,,,0.7293407686680604
7858,1001,13,5,0.6,0.2,1000,restricted_70,aggregation,0.8078333775769432,,,0.7284502936184187
7859,1001,13,5,0.6,0.2,1000,restricted_70,aggregation,0.8077610293874207,,,0.7289881797292214
7860,1001,13,5,0.6,0.2,1000,restricted_70,aggregation,0.8077047959884317,,,0.7281123641636142
7861,1001,13,5,0.6,0.2,1000,restricted_70,aggregation,0.8080254202803457,,,0.7294960854500437
7862,1001,13,5,0.6,0.2,1000,restricted_70,aggregation,0.8073934112003615,,,0.7275760498375081
7863,1001,13,5,0.6,0.2,1000,restricted_70,aggregation,0.807503731675284,,,0.7281996229002479
7864,1001,13,5,0.6,0.2,1000,restricted_70,aggregation,0.8082057989680531,,,0.7295719949572034
7865,1001,13,5,0.6,0.2,1000,restricted_70,aggregation,0.8074875857830253,,,0.7278127101602101
7866,1001,13,5,0.6,0.2,1000,restricted_70,aggregation,0.8076339369088308,,,0.7287576569032819
7867,1001,13,5,0.6,0.2,1000,restricted_70,aggregation,0.8075871258886319,,,0.7285883455818872
7868,1001,13,5,0.6,0.2,1000,restricted_70,aggregation,0.8077085097436791,,,0.7287838557121891
7869,1001,13,5,0.6,0.2,1000,restricted_70,aggregation,0.8074722366233457,,,0.7284322321043155
7870,1001,13,5,0.6,0.2,1000,restricted_70,aggregation,0.807267021720649,,,0.7283301221772055
7871,1001,13,5,0.6,0.2,1000,restricted_70,aggregation,0.8073256677169242,,,0.7280692439582023
7872,1001,13,5,0.6,0.2,1000,restricted_70,aggregation,0.8076611365470486,,,0.7291073339006673
7873,1001,13,5,0.6,0.2,1000,restricted_70,aggregation,0.8074060918178263,,,0.7279403924008091
7874,1001,13,5,0.6,0.2,1000,restricted_70,aggregation,0.8072504568058847,,,0.7279039041745291
7875,1001,13,5,0.6,0.2,1000,restricted_70,aggregation,0.8082203555034764,,,0.729305203353745
7876,1001,13,5,0.6,0.2,1000,restricted_70,aggregation,0.8076239229946927,,,0.7280001917218584
7877,1001,13,5,0.6,0.2,1000,restricted_70,aggregation,0.8072915619797428,,,0.7283430914224664
7878,1001,13,5,0.6,0.2,1000,restricted_70,aggregation,0.8080642074132531,,,0.7293027555315055
7879,1001,13,5,0.6,0.2,1000,restricted_70,aggregation,0.8072207792951126,,,0.727731470080845
7880,1001,13,5,0.6,0.2,1000,restricted_70,aggregation,0.8080560765785542,,,0.7292928164659415
7881,1001,13,5,0.6,0.2,1000,restricted_70,aggregation,0.8079223969229575,,,0.7298952849542433
7882,1001,13,5,0.6,0.2,1000,restricted_70,aggregation,0.8076592870632471,,,0.728278425833426
7883,1001,13,5,0.6,0.2,1000,restricted_70,aggregation,0.8074861941673592,,,0.7280492334594418
7884,1001,13,5,0.6,0.2,1000,restricted_70,aggregation,0.8074447493070809,,,0.7282506909525659
7885,1001,13,5,0.6,0.2,1000,restricted_70,aggregation,0.8081325736253238,,,0.7296126280972115
7886,1001,13,5,0.6,0.2,1000,restricted_70,aggregation,0.8079764852105441,,,0.7285549765743516
7887,1001,13,5,0.6,0.2,1000,restricted_70,aggregation,0.8076813063273743,,,0.7282825968861386
7888,1001,13,5,0.6,0.2,1000,restricted_70,aggregation,0.8078270527612116,,,0.7287934663561747
7889,1001,13,5,0.6,0.2,1000,restricted_70,aggregation,0.8076916335131226,,,0.7285101048488549
7890,1001,13,5,0.6,0.2,1000,restricted_70,aggregation,0.8085389470182691,,,0.7301358756058757
7891,1001,13,5,0.6,0.2,1000,restricted_70,aggregation,0.808326054411142,,,0.7297908654308655
7892,1001,13,5,0.6,0.2,1000,restricted_70,aggregation,0.8074780812540969,,,0.7285127312964813
7893,1001,13,5,0.6,0.2,1000,restricted_70,aggregation,0.8079448326455568,,,0.7291756809779727
7894,1001,13,5,0.6,0.2,1000,restricted_70,aggregation,0.8080608174672451,,,0.7295998712475796
7895,1001,13,5,0.6,0.2,1000,restricted_70,aggregation,0.8076658626827247,,,0.7283888452982203
7896,1001,13,5,0.6,0.2,1000,restricted_70,aggregation,0.8078024127866491,,,0.7291152830502831
7897,1001,13,5,0.6,0.2,1000,restricted_70,aggregation,0.8079114384166344,,,0.7290381404012655
7898,1001,13,5,0.6,0.2,1000,restricted_70,aggregation,0.8075985572486863,,,0.728464030244447
7899,1001,13,5,0.6,0.2,1000,restricted_70,aggregation,0.8074173454575349,,,0.7280766138414054
7900,1001,13,5,0.6,0.2,1000,restricted_70,aggregation,0.8072725007324985,,,0.7280508034635117
7901,1001,13,5,0.6,0.2,1000,restricted_70,aggregation,0.8079311771985237,,,0.729105625585834
7902,1001,13,5,0.6,0.2,1000,restricted_70,aggregation,0.8081893329374181,,,0.7293298689813272
7903,1001,13,5,0.6,0.2,1000,restricted_70,aggregation,0.8081703309494341,,,0.729423237719071
7904,1001,13,5,0.6,0.2,1000,restricted_70,aggregation,0.8079651192635844,,,0.7295267837949089
7905,1001,13,5,0.6,0.2,1000,restricted_70,aggregation,0.8073417543042397,,,0.7277717485754986
7906,1001,13,5,0.6,0.2,1000,restricted_70,aggregation,0.8075108770193161,,,0.7279105829201663
7907,1001,13,5,0.6,0.2,1000,restricted_70,aggregation,0.8074425887501261,,,0.7278838218340301
7908,1001,13,5,0.6,0.2,1000,restricted_70,aggregation,0.8076631445408124,,,0.7287138650392817
7909,1001,13,5,0.6,0.2,1000,restricted_70,aggregation,0.8078077843002175,,,0.728586383963259
7910,1001,13,5,0.6,0.2,1000,restricted_70,aggregation,0.8078016581412928,,,0.7290700492100491
7911,1001,13,5,0.6,0.2,1000,restricted_70,aggregation,0.807238584779046,,,0.7280597490241241
7912,1001,13,5,0.6,0.2,1000,restricted_70,aggregation,0.8079892206867111,,,0.7293179020670687
7913,1001,13,5,0.6,0.2,1000,restricted_70,aggregation,0.8073330132615254,,,0.7278608431383432
7914,1001,13,5,0.6,0.2,1000,restricted_70,aggregation,0.8069824775409731,,,0.7277005574132657
7915,1001,13,5,0.6,0.2,1000,restricted_70,aggregation,0.8078629907349619,,,0.7296750950746784
7916,1001,13,5,0.6,0.2,1000,restricted_70,aggregation,0.8076542477405374,,,0.7287489957804542
7917,1001,13,5,0.6,0.2,1000,restricted_70,aggregation,0.8076486575528992,,,0.7288937891737891
7918,1001,13,5,0.6,0.2,1000,restricted_70,aggregation,0.8076749786805939,,,0.7285080060525894
7919,1001,13,5,0.6,0.2,1000,restricted_70,aggregation,0.807496841062128,,,0.7284905806693307
7920,1001,13,5,0.6,0.2,1000,restricted_70,aggregation,0.8076983150984867,,,0.7284737981694231
7921,1001,13,5,0.6,0.2,1000,restricted_70,aggregation,0.8071461587346177,,,0.7279102936184185
7922,1001,13,5,0.6,0.2,1000,restricted_70,aggregation,0.8075544412454543,,,0.7283042794936544
7923,1001,13,5,0.6,0.2,1000,restricted_70,aggregation,0.8072078336500444,,,0.7279539808185641
7924,1001,13,5,0.6,0.2,1000,restricted_70,aggregation,0.8076543007660054,,,0.7292716952491952
7925,1001,13,5,0.6,0.2,1000,restricted_70,aggregation,0.8076905436989978,,,0.7290387449279117
7926,1001,13,5,0.6,0.2,1000,restricted_70,aggregation,0.8076808866922538,,,0.7286395768891603
7927,1001,13,5,0.6,0.2,1000,restricted_70,aggregation,0.8077232729718812,,,0.728604402642111
7928,1001,13,5,0.6,0.2,1000,restricted_70,aggregation,0.8078759585400995,,,0.7289810607602275
7929,1001,13,5,0.6,0.2,1000,restricted_70,aggregation,0.807375610748763,,,0.7281809827441077
7930,1001,13,5,0.6,0.2,1000,restricted_70,aggregation,0.8076549354802359,,,0.7291097862554112
7931,1001,13,5,0.6,0.2,1000,restricted_70,aggregation,0.807182605680907,,,0.7281647110836694
7932,1001,13,5,0.6,0.2,1000,restricted_70,aggregation,0.8080017910115164,,,0.7289521660129993
7933,1001,13,5,0.6,0.2,1000,restricted_70,aggregation,0.807686866044071,,,0.7282979294162627
7934,1001,13,5,0.6,0.2,1000,restricted_70,aggregation,0.8077931744840631,,,0.7291401014494764
7935,1001,13,5,0.6,0.2,1000,restricted_70,aggregation,0.8076250711100672,,,0.7284815251800669
7936,1001,13,5,0.6,0.2,1000,restricted_70,aggregation,0.8079433682606899,,,0.7291661124215291
7937,1001,13,5,0.6,0.2,1000,restricted_70,aggregation,0.8073952876348506,,,0.7282528328924163
7938,1001,13,5,0.6,0.2,1000,restricted_70,aggregation,0.8071830307078901,,,0.7283622678247679
7939,1001,13,5,0.6,0.2,1000,restricted_70,aggregation,0.8073130102730467,,,0.7283581827123494
7940,1001,13,5,0.6,0.2,1000,restricted_70,aggregation,0.8077788928025222,,,0.7289026643264143
7941,1001,13,5,0.6,0.2,1000,restricted_70,aggregation,0.8073883064862303,,,0.7285975876669626
7942,1001,13,5,0.6,0.2,1000,restricted_70,aggregation,0.807599460388512,,,0.7288400910509244
7943,1001,13,5,0.6,0.2,1000,restricted_70,aggregation,0.8072769038329759,,,0.7282569733507234
7944,1001,13,5,0.6,0.2,1000,restricted_70,aggregation,0.8078194933343136,,,0.7292592399806982
7945,1001,13,5,0.6,0.2,1000,restricted_70,aggregation,0.8075213085926151,,,0.7289601568801569
7946,1001,13,5,0.6,0.2,1000,restricted_70,aggregation,0.8079772947299138,,,0.7294347490549573
7947,1001,13,5,0.6,0.2,1000,restricted_70,aggregation,0.80772136613207,,,0.7291222698212281
7948,1001,13,5,0.6,0.2,1000,restricted_70,aggregation,0.8074957924481577,,,0.7281211087523587
7949,1001,13,5,0.6,0.2,1000,restricted_70,aggregation,0.8078248235807832,,,0.7289747634849718
7950,1001,13,5,0.6,0.2,1000,restricted_70,aggregation,0.807785655990119,,,0.7292442205248455
7951,1001,13,5,0.6,0.2,1000,restricted_70,aggregation,0.8073152673366841,,,0.7281040261359012
7952,1001,13,5,0.6,0.2,1000,restricted_70,aggregation,0.8074915472942701,,,0.7282115468482135
7953,1001,13,5,0.6,0.2,1000,restricted_70,aggregation,0.8072793628924488,,,0.7275464935758685
7954,1001,13,5,0.6,0.2,1000,restricted_70,aggregation,0.8073905403173858,,,0.7278880863195447
7955,1001,13,5,0.6,0.2,1000,restricted_70,aggregation,0.8080478339034468,,,0.729095235697944
7956,1001,13,5,0.6,0.2,1000,restricted_70,aggregation,0.8071454427423931,,,0.7274769014550264
7957,1001,13,5,0.6,0.2,1000,restricted_70,aggregation,0.8078761581124638,,,0.7287517277552694
7958,1001,13,5,0.6,0.2,1000,restricted_70,aggregation,0.8078822234073614,,,0.7285268108743108
7959,1001,13,5,0.6,0.2,1000,restricted_70,aggregation,0.8078126304085782,,,0.72855509831989
7960,1001,13,5,0.6,0.2,1000,restricted_70,aggregation,0.8077867656813807,,,0.7286113958572292
7961,1001,13,5,0.6,0.2,1000,restricted_70,aggregation,0.8077841125744997,,,0.7286278897568481
7962,1001,13,5,0.6,0.2,1000,restricted_70,aggregation,0.8076500388942999,,,0.7283244291433875
7963,1001,13,5,0.6,0.2,1000,restricted_70,aggregation,0.807514009705878,,,0.7282322003844921
7964,1001,13,5,0.6,0.2,1000,restricted_70,aggregation,0.8081122149476755,,,0.7293035556727223
7965,1001,13,5,0.6,0.2,1000,restricted_70,aggregation,0.8081025321906044,,,0.7296900155477238
7966,1001,13,5,0.6,0.2,1000,restricted_70,aggregation,0.8074326968768113,,,0.7283492430948681
7967,1001,13,5,0.6,0.2,1000,restricted_70,aggregation,0.8079525481121749,,,0.729668802570886
7968,1001,13,5,0.6,0.2,1000,restricted_70,aggregation,0.8076605890677067,,,0.7291131208529125
7969,1001,13,5,0.6,0.2,1000,restricted_70,aggregation,0.8075332829965459,,,0.7282931043493543
7970,1001,13,5,0.6,0.2,1000,restricted_70,aggregation,0.8079563106180432,,,0.7292178995541495
7971,1001,13,5,0.6,0.2,1000,restricted_70,aggregation,0.8077183679750605,,,0.7282887236605987
7972,1001,13,5,0.6,0.2,1000,restricted_70,aggregation,0.8080120980739436,,,0.7291647510668344
7973,1001,13,5,0.6,0.2,1000,restricted_70,aggregation,0.807782067627247,,,0.7287494286500535
7974,1001,13,5,0.6,0.2,1000,restricted_70,aggregation,0.8077421207971291,,,0.7288097667070584
7975,1001,13,5,0.6,0.2,1000,restricted_70,aggregation,0.8077166108529573,,,0.7289316221818305
7976,1001,13,5,0.6,0.2,1000,restricted_70,aggregation,0.8073720799094952,,,0.7277155108163441
7977,1001,13,5,0.6,0.2,1000,restricted_70,aggregation,0.807477614962283,,,0.7289918710841627
7978,1001,13,5,0.6,0.2,1000,restricted_70,aggregation,0.8074269236557616,,,0.7282781715969217
7979,1001,13,5,0.6,0.2,1000,restricted_70,aggregation,0.8077231120774665,,,0.7287518885666802
7980,1001,13,5,0.6,0.2,1000,restricted_70,aggregation,0.8076839978004027,,,0.7291293161313994
7981,1001,13,5,0.6,0.2,1000,restricted_70,aggregation,0.8075879701797845,,,0.7285749445770279
7982,1001,13,5,0.6,0.2,1000,restricted_70,aggregation,0.8075346243781519,,,0.7285774618437119
7983,1001,13,5,0.6,0.2,1000,restricted_70,aggregation,0.8075173350689027,,,0.7286670169568087
7984,1001,13,5,0.6,0.2,1000,restricted_70,aggregation,0.8073838532781427,,,0.7283950117937618
7985,1001,13,5,0.6,0.2,1000,restricted_70,aggregation,0.8077818085601406,,,0.7287042365042364
7986,1001,13,5,0.6,0.2,1000,restricted_70,aggregation,0.8074350602414109,,,0.7291446330290081
7987,1001,13,5,0.6,0.2,1000,restricted_70,aggregation,0.8073975852792951,,,0.7272569180510846
7988,1001,13,5,0.6,0.2,1000,restricted_70,aggregation,0.8073166799558477,,,0.7280157525422107
7989,1001,13,5,0.6,0.2,1000,restricted_70,aggregation,0.8073254566338613,,,0.727650661930662
7990,1001,13,5,0.6,0.2,1000,restricted_70,aggregation,0.8074949525784194,,,0.7285444068123236
7991,1001,13,5,0.6,0.2,1000,restricted_70,aggregation,0.8077713913449522,,,0.7286194421396504
7992,1001,13,5,0.6,0.2,1000,restricted_70,aggregation,0.8074037370151965,,,0.7280518413762164
7993,1001,13,5,0.6,0.2,1000,restricted_70,aggregation,0.8076596862095282,,,0.7283019136496219
7994,1001,13,5,0.6,0.2,1000,restricted_70,aggregation,0.8075706995594925,,,0.7284878447324281
7995,1001,13,5,0.6,0.2,1000,restricted_70,aggregation,0.807760206038153,,,0.7290087035187035
7996,1001,13,5,0.6,0.2,1000,restricted_70,aggregation,0.8077822172577539,,,0.7291219178969179
7997,1001,13,5,0.6,0.2,1000,restricted_70,aggregation,0.80784022757728,,,0.7287723913509331
7998,1001,13,5,0.6,0.2,1000,restricted_70,aggregation,0.8070802583911239,,,0.7281790361027861
7999,1001,13,5,0.6,0.2,1000,restricted_70,aggregation,0.8076490105372508,,,0.7283988667505333
8000,1001,13,5,0.6,0.2,1000,restricted_80,aggregation,0.8098702714101753,,,0.7371843082997249
8001,1001,13,5,0.6,0.2,1000,restricted_80,aggregation,0.8097615462972056,,,0.7360670523458023
8002,1001,13,5,0.6,0.2,1000,restricted_80,aggregation,0.8102762121888927,,,0.7381123590915257
8003,1001,13,5,0.6,0.2,1000,restricted_80,aggregation,0.8098164769336255,,,0.7370659574222074
8004,1001,13,5,0.6,0.2,1000,restricted_80,aggregation,0.8098104428031607,,,0.7370095286966121
8005,1001,13,5,0.6,0.2,1000,restricted_80,aggregation,0.8100165192440268,,,0.7369194332365167
8006,1001,13,5,0.6,0.2,1000,restricted_80,aggregation,0.809953854087529,,,0.7377036029094363
8007,1001,13,5,0.6,0.2,1000,restricted_80,aggregation,0.8097873636887449,,,0.7368997682256015
8008,1001,13,5,0.6,0.2,1000,restricted_80,aggregation,0.8100099447499391,,,0.7368568157305658
8009,1001,13,5,0.6,0.2,1000,restricted_80,aggregation,0.8098629418095821,,,0.737268120367287
8010,1001,13,5,0.6,0.2,1000,restricted_80,aggregation,0.8099357254435908,,,0.7370083878775546
8011,1001,13,5,0.6,0.2,1000,restricted_80,aggregation,0.8099693113942752,,,0.7373903843995511
8012,1001,13,5,0.6,0.2,1000,restricted_80,aggregation,0.8100755619134468,,,0.7376104628242128
8013,1001,13,5,0.6,0.2,1000,restricted_80,aggregation,0.8102575206606649,,,0.7382873313723314
8014,1001,13,5,0.6,0.2,1000,restricted_80,aggregation,0.8100552301466246,,,0.7371399650657984
8015,1001,13,5,0.6,0.2,1000,restricted_80,aggregation,0.8103294892929447,,,0.7383718426635094
8016,1001,13,5,0.6,0.2,1000,restricted_80,aggregation,0.8100942132193649,,,0.7381366728179228
8017,1001,13,5,0.6,0.2,1000,restricted_80,aggregation,0.8102242359282272,,,0.7385787617320951
8018,1001,13,5,0.6,0.2,1000,restricted_80,aggregation,0.809930878270598,,,0.7369668828393828
8019,1001,13,5,0.6,0.2,1000,restricted_80,aggregation,0.8100956611589076,,,0.7368728752112086
8020,1001,13,5,0.6,0.2,1000,restricted_80,aggregation,0.8100293415302875,,,0.7371720384553718
8021,1001,13,5,0.6,0.2,1000,restricted_80,aggregation,0.8102309429038289,,,0.7374992242017242
8022,1001,13,5,0.6,0.2,1000,restricted_80,aggregation,0.8099730475759381,,,0.737720059015059
8023,1001,13,5,0.6,0.2,1000,restricted_80,aggregation,0.809918980286321,,,0.7369782016286183
8024,1001,13,5,0.6,0.2,1000,restricted_80,aggregation,0.8099787390214891,,,0.7375671675546677
8025,1001,13,5,0.6,0.2,1000,restricted_80,aggregation,0.8099217366312023,,,0.7368066598833266
8026,1001,13,5,0.6,0.2,1000,restricted_80,aggregation,0.8100491057319027,,,0.7375968071434739
8027,1001,13,5,0.6,0.2,1000,restricted_80,aggregation,0.8098139206856869,,,0.7373781350439684
8028,1001,13,5,0.6,0.2,1000,restricted_80,aggregation,0.8100515787749026,,,0.7371581514781514
8029,1001,13,5,0.6,0.2,1000,restricted_80,aggregation,0.8103238675463593,,,0.7380672287280621
8030,1001,13,5,0.6,0.2,1000,restricted_80,aggregation,0.8099865135370624,,,0.7375696094954429
8031,1001,13,5,0.6,0.2,1000,restricted_80,aggregation,0.8103146903956677,,,0.738066994656578
8032,1001,13,5,0.6,0.2,1000,restricted_80,aggregation,0.809949882439584,,,0.7370037116895449
8033,1001,13,5,0.6,0.2,1000,restricted_80,aggregation,0.8095209710988934,,,0.7364683845475513
8034,1001,13,5,0.6,0.2,1000,restricted_80,aggregation,0.810107472730131,,,0.7379392486371653
8035,1001,13,5,0.6,0.2,1000,restricted_80,aggregation,0.8099832963237946,,,0.7365846561463228
8036,1001,13,5,0.6,0.2,1000,restricted_80,aggregation,0.8098918600503259,,,0.7367674067136567
8037,1001,13,5,0.6,0.2,1000,restricted_80,aggregation,0.810236137913838,,,0.7375668433572601
8038,1001,13,5,0.6,0.2,1000,restricted_80,aggregation,0.8100350086799334,,,0.7374165708828209
8039,1001,13,5,0.6,0.2,1000,restricted_80,aggregation,0.8100577210898433,,,0.7372459833068167
8040,1001,13,5,0.6,0.2,1000,restricted_80,aggregation,0.8098789082605935,,,0.7368122771672772
8041,1001,13,5,0.6,0.2,1000,restricted_80,aggregation,0.8099927541473235,,,0.7370254324687657
8042,1001,13,5,0.6,0.2,1000,restricted_80,aggregation,0.8098355369145265,,,0.7367768256434923
8043,1001,13,5,0.6,0.2,1000,restricted_80,aggregation,0.8100191638823264,,,0.7368354016816518
8044,1001,13,5,0.6,0.2,1000,restricted_80,aggregation,0.8100796219513856,,,0.7372624242732576
8045,1001,13,5,0.6,0.2,1000,restricted_80,aggregation,0.8101784243318535,,,0.7380882889178723
8046,1001,13,5,0.6,0.2,1000,restricted_80,aggregation,0.8098443442415942,,,0.7374802187627187
8047,1001,13,5,0.6,0.2,1000,restricted_80,aggregation,0.8102230241451364,,,0.7375558680979515
8048,1001,13,5,0.6,0.2,1000,restricted_80,aggregation,0.8101656977209591,,,0.7373726945585278
8049,1001,13,5,0.6,0.2,1000,restricted_80,aggregation,0.810283689682744,,,0.7375913955026454
8050,1001,13,5,0.6,0.2,1000,restricted_80,aggregation,0.8100669571086048,,,0.7371638477725978
8051,1001,13,5,0.6,0.2,1000,restricted_80,aggregation,0.810060904763986,,,0.7370285719527385
8052,1001,13,5,0.6,0.2,1000,restricted_80,aggregation,0.8094828711644847,,,0.7367769388019388
8053,1001,13,5,0.6,0.2,1000,restricted_80,aggregation,0.8102489057099936,,,0.7374401465818133
8054,1001,13,5,0.6,0.2,1000,restricted_80,aggregation,0.8098911626777568,,,0.7374296883517717
8055,1001,13,5,0.6,0.2,1000,restricted_80,aggregation,0.8099647143009744,,,0.7371396208883709
8056,1001,13,5,0.6,0.2,1000,restricted_80,aggregation,0.8098874652511219,,,0.7370430141771809
8057,1001,13,5,0.6,0.2,1000,restricted_80,aggregation,0.8100139889310639,,,0.7377503303794971
8058,1001,13,5,0.6,0.2,1000,restricted_80,aggregation,0.80997917792295,,,0.7378764192135024
8059,1001,13,5,0.6,0.2,1000,restricted_80,aggregation,0.8096663601045421,,,0.73641286665495
8060,1001,13,5,0.6,0.2,1000,restricted_80,aggregation,0.8101234382745998,,,0.737885991924742
8061,1001,13,5,0.6,0.2,1000,restricted_80,aggregation,0.8097848792198812,,,0.7367722022730355
8062,1001,13,5,0.6,0.2,1000,restricted_80,aggregation,0.8099054224816911,,,0.7372310842090007
8063,1001,13,5,0.6,0.2,1000,restricted_80,aggregation,0.8099575144058996,,,0.7376435737719071
8064,1001,13,5,0.6,0.2,1000,restricted_80,aggregation,0.8100697594584756,,,0.7374575524938024
8065,1001,13,5,0.6,0.2,1000,restricted_80,aggregation,0.8099985842990722,,,0.737366113053613
8066,1001,13,5,0.6,0.2,1000,restricted_80,aggregation,0.8099109837002391,,,0.7376511221340388
8067,1001,13,5,0.6,0.2,1000,restricted_80,aggregation,0.810130693353093,,,0.7377556083268584
8068,1001,13,5,0.6,0.2,1000,restricted_80,aggregation,0.8101777229866955,,,0.7380181367706368
8069,1001,13,5,0.6,0.2,1000,restricted_80,aggregation,0.810110971463426,,,0.7367093021793022
8070,1001,13,5,0.6,0.2,1000,restricted_80,aggregation,0.8103136937284151,,,0.7376683681287848
8071,1001,13,5,0.6,0.2,1000,restricted_80,aggregation,0.8102940655857143,,,0.7375493196001529
8072,1001,13,5,0.6,0.2,1000,restricted_80,aggregation,0.8101233691411935,,,0.7374459791443125
8073,1001,13,5,0.6,0.2,1000,restricted_80,aggregation,0.8098846677897101,,,0.737120403608737
8074,1001,13,5,0.6,0.2,1000,restricted_80,aggregation,0.8100248576674951,,,0.7367990532461365
8075,1001,13,5,0.6,0.2,1000,restricted_80,aggregation,0.8096169871610679,,,0.7369931522027355
8076,1001,13,5,0.6,0.2,1000,restricted_80,aggregation,0.8101052956420736,,,0.7369387151891319
8077,1001,13,5,0.6,0.2,1000,restricted_80,aggregation,0.8100546036355466,,,0.7378233975900643
8078,1001,13,5,0.6,0.2,1000,restricted_80,aggregation,0.8099059588104637,,,0.7365971233087899
8079,1001,13,5,0.6,0.2,1000,restricted_80,aggregation,0.8102115647431123,,,0.7370708007424674
8080,1001,13,5,0.6,0.2,1000,restricted_80,aggregation,0.8099636482731944,,,0.7369483935508935
8081,1001,13,5,0.6,0.2,1000,restricted_80,aggregation,0.8099850150400681,,,0.7369930355909522
8082,1001,13,5,0.6,0.2,1000,restricted_80,aggregation,0.8098302620811141,,,0.7359650291991959
8083,1001,13,5,0.6,0.2,1000,restricted_80,aggregation,0.8102235553029279,,,0.7372046083391918
8084,1001,13,5,0.6,0.2,1000,restricted_80,aggregation,0.8098146793617049,,,0.7371051968556136
8085,1001,13,5,0.6,0.2,1000,restricted_80,aggregation,0.8100314172675658,,,0.7375391666204166
8086,1001,13,5,0.6,0.2,1000,restricted_80,aggregation,0.8098419216132348,,,0.7367093589743591
8087,1001,13,5,0.6,0.2,1000,restricted_80,aggregation,0.8098732947877185,,,0.7363936813186813
8088,1001,13,5,0.6,0.2,1000,restricted_80,aggregation,0.8101892594897286,,,0.737711904453571
8089,1001,13,5,0.6,0.2,1000,restricted_80,aggregation,0.8099890727010018,,,0.7376414831464831
8090,1001,13,5,0.6,0.2,1000,restricted_80,aggregation,0.8101639707735295,,,0.7371541370358038
8091,1001,13,5,0.6,0.2,1000,restricted_80,aggregation,0.8100268765824425,,,0.7373077118868784
8092,1001,13,5,0.6,0.2,1000,restricted_80,aggregation,0.8096943325982845,,,0.736690862347529
8093,1001,13,5,0.6,0.2,1000,restricted_80,aggregation,0.8098213200124759,,,0.7367097325513992
8094,1001,13,5,0.6,0.2,1000,restricted_80,aggregation,0.8098870583496186,,,0.7371706494277328
8095,1001,13,5,0.6,0.2,1000,restricted_80,aggregation,0.810092017545376,,,0.7373973210585711
8096,1001,13,5,0.6,0.2,1000,restricted_80,aggregation,0.8102656840571894,,,0.7378073015256349
8097,1001,13,5,0.6,0.2,1000,restricted_80,aggregation,0.8100093201922633,,,0.7370593322726655
8098,1001,13,5,0.6,0.2,1000,restricted_80,aggregation,0.8100130353061179,,,0.7370912723850224
8099,1001,13,5,0.6,0.2,1000,restricted_80,aggregation,0.8101019687326506,,,0.737639410959411
8100,1001,13,5,0.6,0.2,1000,restricted_80,aggregation,0.8098201955678047,,,0.7369469016631516
8101,1001,13,5,0.6,0.2,1000,restricted_80,aggregation,0.8101912476632317,,,0.7374785958331792
8102,1001,13,5,0.6,0.2,1000,restricted_80,aggregation,0.8102670709974105,,,0.7384502472527472
8103,1001,13,5,0.6,0.2,1000,restricted_80,aggregation,0.8104342330502095,,,0.7386818565231065
8104,1001,13,5,0.6,0.2,1000,restricted_80,aggregation,0.8100072386331314,,,0.7370782408332408
8105,1001,13,5,0.6,0.2,1000,restricted_80,aggregation,0.8102555914269315,,,0.7387342336367336
8106,1001,13,5,0.6,0.2,1000,restricted_80,aggregation,0.8101563531446084,,,0.7372767832630333
8107,1001,13,5,0.6,0.2,1000,restricted_80,aggregation,0.8101579333560855,,,0.7373924376086877
8108,1001,13,5,0.6,0.2,1000,restricted_80,aggregation,0.809986119797182,,,0.7374000111770945
8109,1001,13,5,0.6,0.2,1000,restricted_80,aggregation,0.8100010666634646,,,0.7377718485526819
8110,1001,13,5,0.6,0.2,1000,restricted_80,aggregation,0.8101078433650628,,,0.7374135653698154
8111,1001,13,5,0.6,0.2,1000,restricted_80,aggregation,0.8101175148404095,,,0.7374164343526843
8112,1001,13,5,0.6,0.2,1000,restricted_80,aggregation,0.8100183214888964,,,0.7371317758321925
8113,1001,13,5,0.6,0.2,1000,restricted_80,aggregation,0.8097744469617475,,,0.7369104554087886
8114,1001,13,5,0.6,0.2,1000,restricted_80,aggregation,0.8099586318074141,,,0.7373071784080117
8115,1001,13,5,0.6,0.2,1000,restricted_80,aggregation,0.8097914408523098,,,0.7367510538073038
8116,1001,13,5,0.6,0.2,1000,restricted_80,aggregation,0.8100621032746065,,,0.7374271795796796
8117,1001,13,5,0.6,0.2,1000,restricted_80,aggregation,0.8099456469741664,,,0.737225164588498
8118,1001,13,5,0.6,0.2,1000,restricted_80,aggregation,0.8098881836409957,,,0.7370351358826359
8119,1001,13,5,0.6,0.2,1000,restricted_80,aggregation,0.810012975078025,,,0.7374101591309925
8120,1001,13,5,0.6,0.2,1000,restricted_80,aggregation,0.809974341358419,,,0.7372466213878713
8121,1001,13,5,0.6,0.2,1000,restricted_80,aggregation,0.8098586431817062,,,0.7365008896350563
8122,1001,13,5,0.6,0.2,1000,restricted_80,aggregation,0.8097316351641322,,,0.7367074688120522
8123,1001,13,5,0.6,0.2,1000,restricted_80,aggregation,0.8096584502713272,,,0.7368471939480272
8124,1001,13,5,0.6,0.2,1000,restricted_80,aggregation,0.8103970190516572,,,0.7380553757816258
8125,1001,13,5,0.6,0.2,1000,restricted_80,aggregation,0.8098594162933834,,,0.7370077956148791
8126,1001,13,5,0.6,0.2,1000,restricted_80,aggregation,0.8098095261348848,,,0.7369409621859621
8127,1001,13,5,0.6,0.2,1000,restricted_80,aggregation,0.8100073513771008,,,0.7374018317793316
8128,1001,13,5,0.6,0.2,1000,restricted_80,aggregation,0.8102493972622405,,,0.7374383873533873
8129,1001,13,5,0.6,0.2,1000,restricted_80,aggregation,0.8100911418660933,,,0.7366324302086802
8130,1001,13,5,0.6,0.2,1000,restricted_80,aggregation,0.8103890283554583,,,0.7378568131251465
8131,1001,13,5,0.6,0.2,1000,restricted_80,aggregation,0.8100671296661478,,,0.7378021038837705
8132,1001,13,5,0.6,0.2,1000,restricted_80,aggregation,0.8098832517150226,,,0.7369584616772117
8133,1001,13,5,0.6,0.2,1000,restricted_80,aggregation,0.8103071059953224,,,0.7377594803653136
8134,1001,13,5,0.6,0.2,1000,restricted_80,aggregation,0.8099515976815475,,,0.7373939586647918
8135,1001,13,5,0.6,0.2,1000,restricted_80,aggregation,0.8102446568554916,,,0.7379551813155979
8136,1001,13,5,0.6,0.2,1000,restricted_80,aggregation,0.8100797058154162,,,0.7377233336570836
8137,1001,13,5,0.6,0.2,1000,restricted_80,aggregation,0.8099986779897338,,,0.7369985981456815
8138,1001,13,5,0.6,0.2,1000,restricted_80,aggregation,0.8099674372644565,,,0.7367991227291227
8139,1001,13,5,0.6,0.2,1000,restricted_80,aggregation,0.8095194517445377,,,0.7361280611055611
8140,1001,13,5,0.6,0.2,1000,restricted_80,aggregation,0.8099692205346973,,,0.7376725704388205
8141,1001,13,5,0.6,0.2,1000,restricted_80,aggregation,0.8102279738032873,,,0.7379116153136986
8142,1001,13,5,0.6,0.2,1000,restricted_80,aggregation,0.8103582484319052,,,0.7383447496484997
8143,1001,13,5,0.6,0.2,1000,restricted_80,aggregation,0.809953730314957,,,0.7366663425000926
8144,1001,13,5,0.6,0.2,1000,restricted_80,aggregation,0.8098405385026383,,,0.736664325751409
8145,1001,13,5,0.6,0.2,1000,restricted_80,aggregation,0.8099911289882558,,,0.7373596090637757
8146,1001,13,5,0.6,0.2,1000,restricted_80,aggregation,0.810060999709812,,,0.7372660050289217
8147,1001,13,5,0.6,0.2,1000,restricted_80,aggregation,0.8099590021110236,,,0.7372868336910003
8148,1001,13,5,0.6,0.2,1000,restricted_80,aggregation,0.8101722155000556,,,0.7371480861268361
8149,1001,13,5,0.6,0.2,1000,restricted_80,aggregation,0.8101930555628623,,,0.7379800027750028
8150,1001,13,5,0.6,0.2,1000,restricted_80,aggregation,0.8101815669492485,,,0.7376362468087468
8151,1001,13,5,0.6,0.2,1000,restricted_80,aggregation,0.8100707904008446,,,0.7375535894969228
8152,1001,13,5,0.6,0.2,1000,restricted_80,aggregation,0.809937552051817,,,0.737085966995967
8153,1001,13,5,0.6,0.2,1000,restricted_80,aggregation,0.8098841225714271,,,0.7369804176379177
8154,1001,13,5,0.6,0.2,1000,restricted_80,aggregation,0.8098626268204357,,,0.7374079710567211
8155,1001,13,5,0.6,0.2,1000,restricted_80,aggregation,0.8103220165079974,,,0.7382078735462069
8156,1001,13,5,0.6,0.2,1000,restricted_80,aggregation,0.810106538414099,,,0.73735717316634
8157,1001,13,5,0.6,0.2,1000,restricted_80,aggregation,0.8104930371006637,,,0.7380165697419865
8158,1001,13,5,0.6,0.2,1000,restricted_80,aggregation,0.8101415177845822,,,0.7378516964054465
8159,1001,13,5,0.6,0.2,1000,restricted_80,aggregation,0.8099867015636508,,,0.7372728544757711
8160,1001,13,5,0.6,0.2,1000,restricted_80,aggregation,0.8100677037533299,,,0.737867069427486
8161,1001,13,5,0.6,0.2,1000,restricted_80,aggregation,0.8097296542486854,,,0.7365552111006278
8162,1001,13,5,0.6,0.2,1000,restricted_80,aggregation,0.8100520949388403,,,0.7375219614952948
8163,1001,13,5,0.6,0.2,1000,restricted_80,aggregation,0.8101493360245812,,,0.7372001767368433
8164,1001,13,5,0.6,0.2,1000,restricted_80,aggregation,0.8100372256024928,,,0.7374485440177108
8165,1001,13,5,0.6,0.2,1000,restricted_80,aggregation,0.8099843494830048,,,0.7365542285954786
8166,1001,13,5,0.6,0.2,1000,restricted_80,aggregation,0.8098912179128341,,,0.7374489589731256
8167,1001,13,5,0.6,0.2,1000,restricted_80,aggregation,0.8098427913527939,,,0.7367327481931647
8168,1001,13,5,0.6,0.2,1000,restricted_80,aggregation,0.8099205966513776,,,0.7369049010865678
8169,1001,13,5,0.6,0.2,1000,restricted_80,aggregation,0.8101263909844982,,,0.7375870053249219
8170,1001,13,5,0.6,0.2,1000,restricted_80,aggregation,0.8102608225498279,,,0.7379525234487734
8171,1001,13,5,0.6,0.2,1000,restricted_80,aggregation,0.8101376251312646,,,0.7376537800008633
8172,1001,13,5,0.6,0.2,1000,restricted_80,aggregation,0.8097934247691461,,,0.7369374721266388
8173,1001,13,5,0.6,0.2,1000,restricted_80,aggregation,0.8101626623064914,,,0.7371495980254313
8174,1001,13,5,0.6,0.2,1000,restricted_80,aggregation,0.8100160790004592,,,0.7376635290481124
8175,1001,13,5,0.6,0.2,1000,restricted_80,aggregation,0.8101137081938189,,,0.7373035534064701
8176,1001,13,5,0.6,0.2,1000,restricted_80,aggregation,0.809881334222705,,,0.7374645657428991
8177,1001,13,5,0.6,0.2,1000,restricted_80,aggregation,0.8101122055229717,,,0.7378355225021891
8178,1001,13,5,0.6,0.2,1000,restricted_80,aggregation,0.8100813468356826,,,0.7372200499808834
8179,1001,13,5,0.6,0.2,1000,restricted_80,aggregation,0.8101975830728577,,,0.7376710128143462
8180,1001,13,5,0.6,0.2,1000,restricted_80,aggregation,0.8096762802799422,,,0.7367376691980859
8181,1001,13,5,0.6,0.2,1000,restricted_80,aggregation,0.8100618278602588,,,0.7374891981475314
8182,1001,13,5,0.6,0.2,1000,restricted_80,aggregation,0.8098256182586974,,,0.7369381422127255
8183,1001,13,5,0.6,0.2,1000,restricted_80,aggregation,0.8101193498945315,,,0.7371372695668528
8184,1001,13,5,0.6,0.2,1000,restricted_80,aggregation,0.8102051693109705,,,0.7379495422632922
8185,1001,13,5,0.6,0.2,1000,restricted_80,aggregation,0.8103002877142148,,,0.7383858656621157
8186,1001,13,5,0.6,0.2,1000,restricted_80,aggregation,0.8101271342149325,,,0.7373938927893094
8187,1001,13,5,0.6,0.2,1000,restricted_80,aggregation,0.8101846129675411,,,0.7377203089194756
8188,1001,13,5,0.6,0.2,1000,restricted_80,aggregation,0.8103359427856318,,,0.7377864662189663
8189,1001,13,5,0.6,0.2,1000,restricted_80,aggregation,0.8102608714779858,,,0.737670193587277
8190,1001,13,5,0.6,0.2,1000,restricted_80,aggregation,0.8100016131658352,,,0.73752814674523
8191,1001,13,5,0.6,0.2,1000,restricted_80,aggregation,0.8098594767592066,,,0.7369509674430509
8192,1001,13,5,0.6,0.2,1000,restricted_80,aggregation,0.8100809541919649,,,0.7370972874964541
8193,1001,13,5,0.6,0.2,1000,restricted_80,aggregation,0.8100796405896723,,,0.7371710917015083
8194,1001,13,5,0.6,0.2,1000,restricted_80,aggregation,0.8102963617391353,,,0.7379929380958548
8195,1001,13,5,0.6,0.2,1000,restricted_80,aggregation,0.8102973094179396,,,0.7380283643825312
8196,1001,13,5,0.6,0.2,1000,restricted_80,aggregation,0.8100551638978094,,,0.7367052057356224
8197,1001,13,5,0.6,0.2,1000,restricted_80,aggregation,0.8102242539675353,,,0.7376140729178229
8198,1001,13,5,0.6,0.2,1000,restricted_80,aggregation,0.8097473818958195,,,0.7366798556073555
8199,1001,13,5,0.6,0.2,1000,restricted_80,aggregation,0.8099316858189821,,,0.736967480698314
8200,1001,13,5,0.6,0.2,1000,restricted_80,aggregation,0.8099548269130917,,,0.7374209503459503
8201,1001,13,5,0.6,0.2,1000,restricted_80,aggregation,0.8100825176711424,,,0.7373795606399773
8202,1001,13,5,0.6,0.2,1000,restricted_80,aggregation,0.8101915495013243,,,0.7375990029723364
8203,1001,13,5,0.6,0.2,1000,restricted_80,aggregation,0.8099756686111639,,,0.7370763283321617
8204,1001,13,5,0.6,0.2,1000,restricted_80,aggregation,0.810299174567445,,,0.7379104771308937
8205,1001,13,5,0.6,0.2,1000,restricted_80,aggregation,0.8100953932843191,,,0.7378720724491559
8206,1001,13,5,0.6,0.2,1000,restricted_80,aggregation,0.8100379736008654,,,0.7370665070269237
8207,1001,13,5,0.6,0.2,1000,restricted_80,aggregation,0.8100354640966617,,,0.7366314488597822
8208,1001,13,5,0.6,0.2,1000,restricted_80,aggregation,0.8098774261880216,,,0.7373974468586969
8209,1001,13,5,0.6,0.2,1000,restricted_80,aggregation,0.8099440004911421,,,0.7373302140760475
8210,1001,13,5,0.6,0.2,1000,restricted_80,aggregation,0.8098600922867597,,,0.7373325834505
8211,1001,13,5,0.6,0.2,1000,restricted_80,aggregation,0.8098695966567112,,,0.737076402902653
8212,1001,13,5,0.6,0.2,1000,restricted_80,aggregation,0.8098990215000657,,,0.737349638247555
8213,1001,13,5,0.6,0.2,1000,restricted_80,aggregation,0.8099226916974597,,,0.7368115019548352
8214,1001,13,5,0.6,0.2,1000,restricted_80,aggregation,0.8103018917441588,,,0.7380944350865184
8215,1001,13,5,0.6,0.2,1000,restricted_80,aggregation,0.8099054301548038,,,0.7375260843631677
8216,1001,13,5,0.6,0.2,1000,restricted_80,aggregation,0.809974391155083,,,0.7363277061518728
8217,1001,13,5,0.6,0.2,1000,restricted_80,aggregation,0.8099248123851664,,,0.7371696046700212
8218,1001,13,5,0.6,0.2,1000,restricted_80,aggregation,0.8096485432074482,,,0.7374900220150219
8219,1001,13,5,0.6,0.2,1000,restricted_80,aggregation,0.8101918335118422,,,0.7374909391071891
8220,1001,13,5,0.6,0.2,1000,restricted_80,aggregation,0.8100978380555784,,,0.7370401436526437
8221,1001,13,5,0.6,0.2,1000,restricted_80,aggregation,0.80955076237632,,,0.7362855618609786
8222,1001,13,5,0.6,0.2,1000,restricted_80,aggregation,0.8100403778157143,,,0.7377715178802678
8223,1001,13,5,0.6,0.2,1000,restricted_80,aggregation,0.810081138537226,,,0.7381202458652458
8224,1001,13,5,0.6,0.2,1000,restricted_80,aggregation,0.8100673198346439,,,0.7369050165575166
8225,1001,13,5,0.6,0.2,1000,restricted_80,aggregation,0.8100765100038375,,,0.7376313332963332
8226,1001,13,5,0.6,0.2,1000,restricted_80,aggregation,0.809993161252141,,,0.7373637883258716
8227,1001,13,5,0.6,0.2,1000,restricted_80,aggregation,0.8100358346658119,,,0.7376344236165069
8228,1001,13,5,0.6,0.2,1000,restricted_80,aggregation,0.8101530607137891,,,0.7378122301309801
8229,1001,13,5,0.6,0.2,1000,restricted_80,aggregation,0.8098174178309305,,,0.7362519491311158
8230,1001,13,5,0.6,0.2,1000,restricted_80,aggregation,0.8101647175373503,,,0.737492414221581
8231,1001,13,5,0.6,0.2,1000,restricted_80,aggregation,0.8098634510593485,,,0.7372030200046866
8232,1001,13,5,0.6,0.2,1000,restricted_80,aggregation,0.8098338435171452,,,0.7378537260887261
8233,1001,13,5,0.6,0.2,1000,restricted_80,aggregation,0.8099798256849968,,,0.7376740455223789
8234,1001,13,5,0.6,0.2,1000,restricted_80,aggregation,0.8100197553280877,,,0.7370829658767158
8235,1001,13,5,0.6,0.2,1000,restricted_80,aggregation,0.8098895016731321,,,0.7365983840388007
8236,1001,13,5,0.6,0.2,1000,restricted_80,aggregation,0.8100644802551387,,,0.737583949013949
8237,1001,13,5,0.6,0.2,1000,restricted_80,aggregation,0.8101088693913464,,,0.7376249472132805
8238,1001,13,5,0.6,0.2,1000,restricted_80,aggregation,0.8101002077535421,,,0.7366259738101405
8239,1001,13,5,0.6,0.2,1000,restricted_80,aggregation,0.8100866789825709,,,0.7369050892625894
8240,1001,13,5,0.6,0.2,1000,restricted_80,aggregation,0.8100960939921045,,,0.7371709566513732
8241,1001,13,5,0.6,0.2,1000,restricted_80,aggregation,0.8097491436701618,,,0.7372571374767208
8242,1001,13,5,0.6,0.2,1000,restricted_80,aggregation,0.8101743609117195,,,0.7381868625356126
8243,1001,13,5,0.6,0.2,1000,restricted_80,aggregation,0.8099856000185454,,,0.7368956190106191
8244,1001,13,5,0.6,0.2,1000,restricted_80,aggregation,0.8099152134869826,,,0.737332328967329
8245,1001,13,5,0.6,0.2,1000,restricted_80,aggregation,0.8100936313454751,,,0.7379295868175035
8246,1001,13,5,0.6,0.2,1000,restricted_80,aggregation,0.8099174104635333,,,0.7364996710696712
8247,1001,13,5,0.6,0.2,1000,restricted_80,aggregation,0.8101225362434793,,,0.7373399917674919
8248,1001,13,5,0.6,0.2,1000,restricted_80,aggregation,0.809995159391662,,,0.737041922013172
8249,1001,13,5,0.6,0.2,1000,restricted_80,aggregation,0.8100098967235926,,,0.737471232054982
8250,1001,13,5,0.6,0.2,1000,restricted_80,aggregation,0.8097542576855502,,,0.735993168621502
8251,1001,13,5,0.6,0.2,1000,restricted_80,aggregation,0.8100042403736138,,,0.7374427880298714
8252,1001,13,5,0.6,0.2,1000,restricted_80,aggregation,0.8102506769061603,,,0.7382452230331397
8253,1001,13,5,0.6,0.2,1000,restricted_80,aggregation,0.8100195471602837,,,0.7374706041951876
8254,1001,13,5,0.6,0.2,1000,restricted_80,aggregation,0.8099015088587477,,,0.7369436419290586
8255,1001,13,5,0.6,0.2,1000,restricted_80,aggregation,0.8098825725097963,,,0.736457529677113
8256,1001,13,5,0.6,0.2,1000,restricted_80,aggregation,0.8098190564519072,,,0.7369902798281964
8257,1001,13,5,0.6,0.2,1000,restricted_80,aggregation,0.8100252971600149,,,0.7369961241227908
8258,1001,13,5,0.6,0.2,1000,restricted_80,aggregation,0.8097384058615481,,,0.7361678412790913
8259,1001,13,5,0.6,0.2,1000,restricted_80,aggregation,0.8100629135413855,,,0.7377611182336182
8260,1001,13,5,0.6,0.2,1000,restricted_80,aggregation,0.8102046233269125,,,0.7380247949118782
8261,1001,13,5,0.6,0.2,1000,restricted_80,aggregation,0.8100735284994031,,,0.7371690853436687
8262,1001,13,5,0.6,0.2,1000,restricted_80,aggregation,0.8098440559250077,,,0.7367614128309962
8263,1001,13,5,0.6,0.2,1000,restricted_80,aggregation,0.8100677736912859,,,0.7378635606677274
8264,1001,13,5,0.6,0.2,1000,restricted_80,aggregation,0.8096756069885811,,,0.7364676154246986
8265,1001,13,5,0.6,0.2,1000,restricted_80,aggregation,0.8101774569173635,,,0.7375557978132978
8266,1001,13,5,0.6,0.2,1000,restricted_80,aggregation,0.8100342771249653,,,0.7375726515922348
8267,1001,13,5,0.6,0.2,1000,restricted_80,aggregation,0.8099773361425823,,,0.736751655689989
8268,1001,13,5,0.6,0.2,1000,restricted_80,aggregation,0.8098832453236177,,,0.7372306728765062
8269,1001,13,5,0.6,0.2,1000,restricted_80,aggregation,0.8099166206707749,,,0.7375839755306423
8270,1001,13,5,0.6,0.2,1000,restricted_80,aggregation,0.80982880164182,,,0.7364295424174591
8271,1001,13,5,0.6,0.2,1000,restricted_80,aggregation,0.8100783990253798,,,0.7377008841158841
8272,1001,13,5,0.6,0.2,1000,restricted_80,aggregation,0.8101092798387786,,,0.7375432165365499
8273,1001,13,5,0.6,0.2,1000,restricted_80,aggregation,0.8098298896030851,,,0.7363608001566335
8274,1001,13,5,0.6,0.2,1000,restricted_80,aggregation,0.809908850633449,,,0.7368187842096177
8275,1001,13,5,0.6,0.2,1000,restricted_80,aggregation,0.8103045688627541,,,0.7382687965429631
8276,1001,13,5,0.6,0.2,1000,restricted_80,aggregation,0.8100909379513707,,,0.7373083878621378
8277,1001,13,5,0.6,0.2,1000,restricted_80,aggregation,0.810146314989644,,,0.7378345129561796
8278,1001,13,5,0.6,0.2,1000,restricted_80,aggregation,0.8102598974499206,,,0.7383302671402672
8279,1001,13,5,0.6,0.2,1000,restricted_80,aggregation,0.809878488050385,,,0.7368755442859609
8280,1001,13,5,0.6,0.2,1000,restricted_80,aggregation,0.8100090461952171,,,0.7370322829176995
8281,1001,13,5,0.6,0.2,1000,restricted_80,aggregation,0.8101918002484467,,,0.7372388187275687
8282,1001,13,5,0.6,0.2,1000,restricted_80,aggregation,0.8101415061821794,,,0.7371024595620429
8283,1001,13,5,0.6,0.2,1000,restricted_80,aggregation,0.8100962749315133,,,0.7374177746636079
8284,1001,13,5,0.6,0.2,1000,restricted_80,aggregation,0.8103297006120562,,,0.7379371192079526
8285,1001,13,5,0.6,0.2,1000,restricted_80,aggregation,0.810107597258227,,,0.7371967633446801
8286,1001,13,5,0.6,0.2,1000,restricted_80,aggregation,0.8100658928143745,,,0.7370808313445814
8287,1001,13,5,0.6,0.2,1000,restricted_80,aggregation,0.8099865312303492,,,0.7367851926931094
8288,1001,13,5,0.6,0.2,1000,restricted_80,aggregation,0.8098807631527415,,,0.7367344103119104
8289,1001,13,5,0.6,0.2,1000,restricted_80,aggregation,0.8100621675624985,,,0.7374112586333419
8290,1001,13,5,0.6,0.2,1000,restricted_80,aggregation,0.8097799306120783,,,0.7364473216135716
8291,1001,13,5,0.6,0.2,1000,restricted_80,aggregation,0.8099526505729339,,,0.7374693458701792
8292,1001,13,5,0.6,0.2,1000,restricted_80,aggregation,0.8102444420181445,,,0.7382639158064158
8293,1001,13,5,0.6,0.2,1000,restricted_80,aggregation,0.8098380498861592,,,0.7376064997039996
8294,1001,13,5,0.6,0.2,1000,restricted_80,aggregation,0.8098550779205466,,,0.736800875343792
8295,1001,13,5,0.6,0.2,1000,restricted_80,aggregation,0.8101976293694438,,,0.7376365419148753
8296,1001,13,5,0.6,0.2,1000,restricted_80,aggregation,0.809892156067059,,,0.7372631260252094
8297,1001,13,5,0.6,0.2,1000,restricted_80,aggregation,0.8101936870563989,,,0.7376704806150639
8298,1001,13,5,0.6,0.2,1000,restricted_80,aggregation,0.8100650863113775,,,0.737659152930403
8299,1001,13,5,0.6,0.2,1000,restricted_80,aggregation,0.8099787518631162,,,0.7373677204431371
8300,1001,13,5,0.6,0.2,1000,restricted_80,aggregation,0.8098704094992607,,,0.7368629699313033
8301,1001,13,5,0.6,0.2,1000,restricted_80,aggregation,0.8101274008571634,,,0.7373909890880724
8302,1001,13,5,0.6,0.2,1000,restricted_80,aggregation,0.8101730372217099,,,0.7374019737361405
8303,1001,13,5,0.6,0.2,1000,restricted_80,aggregation,0.8098257705637394,,,0.7373112536075036
8304,1001,13,5,0.6,0.2,1000,restricted_80,aggregation,0.8102462258486374,,,0.737457146433813
8305,1001,13,5,0.6,0.2,1000,restricted_80,aggregation,0.8101405556306519,,,0.7370947430193263
8306,1001,13,5,0.6,0.2,1000,restricted_80,aggregation,0.8100380636409371,,,0.7376803496657663
8307,1001,13,5,0.6,0.2,1000,restricted_80,aggregation,0.8101367775171019,,,0.737104492081992
8308,1001,13,5,0.6,0.2,1000,restricted_80,aggregation,0.8100515939061531,,,0.736911580425747
8309,1001,13,5,0.6,0.2,1000,restricted_80,aggregation,0.8100461141484163,,,0.7376768911643911
8310,1001,13,5,0.6,0.2,1000,restricted_80,aggregation,0.8100160262194263,,,0.7374126054963555
8311,1001,13,5,0.6,0.2,1000,restricted_80,aggregation,0.8102205473169164,,,0.7374349668541336
8312,1001,13,5,0.6,0.2,1000,restricted_80,aggregation,0.809843802114166,,,0.7363388445659278
8313,1001,13,5,0.6,0.2,1000,restricted_80,aggregation,0.8101299708101216,,,0.7371919183748349
8314,1001,13,5,0.6,0.2,1000,restricted_80,aggregation,0.8100730014390962,,,0.7371387424304091
8315,1001,13,5,0.6,0.2,1000,restricted_80,aggregation,0.8101446137443407,,,0.7376385566285567
8316,1001,13,5,0.6,0.2,1000,restricted_80,aggregation,0.810124138029177,,,0.7370905854947521
8317,1001,13,5,0.6,0.2,1000,restricted_80,aggregation,0.8099967529789447,,,0.7370073078773078
8318,1001,13,5,0.6,0.2,1000,restricted_80,aggregation,0.8102667969182694,,,0.7374857931882932
8319,1001,13,5,0.6,0.2,1000,restricted_80,aggregation,0.8098122341786478,,,0.7382761710357544
8320,1001,13,5,0.6,0.2,1000,restricted_80,aggregation,0.8101224616952106,,,0.7375932113257113
8321,1001,13,5,0.6,0.2,1000,restricted_80,aggregation,0.8101615320056033,,,0.737830822726656
8322,1001,13,5,0.6,0.2,1000,restricted_80,aggregation,0.8101224001606901,,,0.7376428742091242
8323,1001,13,5,0.6,0.2,1000,restricted_80,aggregation,0.8099950642765735,,,0.737626561756145
8324,1001,13,5,0.6,0.2,1000,restricted_80,aggregation,0.8100236685977771,,,0.7375567517667517
8325,1001,13,5,0.6,0.2,1000,restricted_80,aggregation,0.8100379001211364,,,0.7374859602897104
8326,1001,13,5,0.6,0.2,1000,restricted_80,aggregation,0.8099368147755046,,,0.7371207239365573
8327,1001,13,5,0.6,0.2,1000,restricted_80,aggregation,0.8100127163023385,,,0.7371914135401637
8328,1001,13,5,0.6,0.2,1000,restricted_80,aggregation,0.810062924476791,,,0.7372821943334443
8329,1001,13,5,0.6,0.2,1000,restricted_80,aggregation,0.8102397231346687,,,0.7375226142838643
8330,1001,13,5,0.6,0.2,1000,restricted_80,aggregation,0.8104333958161347,,,0.7381999188311689
8331,1001,13,5,0.6,0.2,1000,restricted_80,aggregation,0.8099765485328368,,,0.7372137160832994
8332,1001,13,5,0.6,0.2,1000,restricted_80,aggregation,0.8100452570674072,,,0.737380728993229
8333,1001,13,5,0.6,0.2,1000,restricted_80,aggregation,0.8098080464990226,,,0.7372591127545295
8334,1001,13,5,0.6,0.2,1000,restricted_80,aggregation,0.8100650663401175,,,0.737824139009139
8335,1001,13,5,0.6,0.2,1000,restricted_80,aggregation,0.8096214406996829,,,0.7364811014294348
8336,1001,13,5,0.6,0.2,1000,restricted_80,aggregation,0.8100658533346818,,,0.7369183622858623
8337,1001,13,5,0.6,0.2,1000,restricted_80,aggregation,0.8102246244711232,,,0.7375159616926285
8338,1001,13,5,0.6,0.2,1000,restricted_80,aggregation,0.8097558576618336,,,0.7365597447305781
8339,1001,13,5,0.6,0.2,1000,restricted_80,aggregation,0.8099216376856525,,,0.736483877727211
8340,1001,13,5,0.6,0.2,1000,restricted_80,aggregation,0.809721743591211,,,0.7366098823398823
8341,1001,13,5,0.6,0.2,1000,restricted_80,aggregation,0.8101376635228488,,,0.73720180669639
8342,1001,13,5,0.6,0.2,1000,restricted_80,aggregation,0.8098835988025521,,,0.7371456507998174
8343,1001,13,5,0.6,0.2,1000,restricted_80,aggregation,0.8100475545870719,,,0.7375258590946091
8344,1001,13,5,0.6,0.2,1000,restricted_80,aggregation,0.8101562275883679,,,0.7370862320395654
8345,1001,13,5,0.6,0.2,1000,restricted_80,aggregation,0.809991562122812,,,0.7370710809252475
8346,1001,13,5,0.6,0.2,1000,restricted_80,aggregation,0.8097663184820514,,,0.7371298261460761
8347,1001,13,5,0.6,0.2,1000,restricted_80,aggregation,0.8098206684820862,,,0.737189040758624
8348,1001,13,5,0.6,0.2,1000,restricted_80,aggregation,0.809984458530759,,,0.7375356881236049
8349,1001,13,5,0.6,0.2,1000,restricted_80,aggregation,0.8101014906362546,,,0.7368890550036384
8350,1001,13,5,0.6,0.2,1000,restricted_80,aggregation,0.8102393697313373,,,0.738184536112036
8351,1001,13,5,0.6,0.2,1000,restricted_80,aggregation,0.810296291831172,,,0.7385024783858117
8352,1001,13,5,0.6,0.2,1000,restricted_80,aggregation,0.8101917116503942,,,0.7376864063251564
8353,1001,13,5,0.6,0.2,1000,restricted_80,aggregation,0.8099618440264224,,,0.7363835770556605
8354,1001,13,5,0.6,0.2,1000,restricted_80,aggregation,0.810248729997172,,,0.7376133920554754
8355,1001,13,5,0.6,0.2,1000,restricted_80,aggregation,0.8102819242956865,,,0.7377199106294939
8356,1001,13,5,0.6,0.2,1000,restricted_80,aggregation,0.8096521394170083,,,0.7366644132719135
8357,1001,13,5,0.6,0.2,1000,restricted_80,aggregation,0.8099786200383134,,,0.7366086410040578
8358,1001,13,5,0.6,0.2,1000,restricted_80,aggregation,0.8100015377896351,,,0.7370038048371382
8359,1001,13,5,0.6,0.2,1000,restricted_80,aggregation,0.8098876245972626,,,0.7364814807106473
8360,1001,13,5,0.6,0.2,1000,restricted_80,aggregation,0.8101368778443443,,,0.7373904837446504
8361,1001,13,5,0.6,0.2,1000,restricted_80,aggregation,0.8098866129379705,,,0.7374184627101293
8362,1001,13,5,0.6,0.2,1000,restricted_80,aggregation,0.8102808073123464,,,0.7374372455476623
8363,1001,13,5,0.6,0.2,1000,restricted_80,aggregation,0.8099871094969018,,,0.7372127026831193
8364,1001,13,5,0.6,0.2,1000,restricted_80,aggregation,0.8101537538364748,,,0.7374856732773399
8365,1001,13,5,0.6,0.2,1000,restricted_80,aggregation,0.8101344714504352,,,0.7377716662041662
8366,1001,13,5,0.6,0.2,1000,restricted_80,aggregation,0.8099196501016732,,,0.7376820857383357
8367,1001,13,5,0.6,0.2,1000,restricted_80,aggregation,0.8101406718031962,,,0.738041313624647
8368,1001,13,5,0.6,0.2,1000,restricted_80,aggregation,0.8101012103527419,,,0.7376596789475957
8369,1001,13,5,0.6,0.2,1000,restricted_80,aggregation,0.8100742771964443,,,0.7375765588578088
8370,1001,13,5,0.6,0.2,1000,restricted_80,aggregation,0.810058380304468,,,0.7380187424920758
8371,1001,13,5,0.6,0.2,1000,restricted_80,aggregation,0.8096936131255078,,,0.7371843091013925
8372,1001,13,5,0.6,0.2,1000,restricted_80,aggregation,0.8097022200974543,,,0.7368991871400205
8373,1001,13,5,0.6,0.2,1000,restricted_80,aggregation,0.8101136724095341,,,0.7369195188916022
8374,1001,13,5,0.6,0.2,1000,restricted_80,aggregation,0.8098578399757961,,,0.7370184276988444
8375,1001,13,5,0.6,0.2,1000,restricted_80,aggregation,0.8100383541267485,,,0.73767941008066
8376,1001,13,5,0.6,0.2,1000,restricted_80,aggregation,0.8100721547001423,,,0.737718399255066
8377,1001,13,5,0.6,0.2,1000,restricted_80,aggregation,0.8098106228895271,,,0.7370798882444716
8378,1001,13,5,0.6,0.2,1000,restricted_80,aggregation,0.8100214443223692,,,0.736784258349675
8379,1001,13,5,0.6,0.2,1000,restricted_80,aggregation,0.8104402741975089,,,0.7381985140168474
8380,1001,13,5,0.6,0.2,1000,restricted_80,aggregation,0.8100003831833474,,,0.7373886113269447
8381,1001,13,5,0.6,0.2,1000,restricted_80,aggregation,0.8102844065159293,,,0.7386894738440571
8382,1001,13,5,0.6,0.2,1000,restricted_80,aggregation,0.8101040649933035,,,0.7371262549641716
8383,1001,13,5,0.6,0.2,1000,restricted_80,aggregation,0.8100359894565069,,,0.7366861835541002
8384,1001,13,5,0.6,0.2,1000,restricted_80,aggregation,0.8100002390509087,,,0.737143294406211
8385,1001,13,5,0.6,0.2,1000,restricted_80,aggregation,0.8097925526443942,,,0.7371865870086703
8386,1001,13,5,0.6,0.2,1000,restricted_80,aggregation,0.8099548105616174,,,0.7372334176625843
8387,1001,13,5,0.6,0.2,1000,restricted_80,aggregation,0.8101158303939687,,,0.737013291060791
8388,1001,13,5,0.6,0.2,1000,restricted_80,aggregation,0.8097843736072313,,,0.7365038122833956
8389,1001,13,5,0.6,0.2,1000,restricted_80,aggregation,0.8101860949160847,,,0.7373935715673215
8390,1001,13,5,0.6,0.2,1000,restricted_80,aggregation,0.810062492856809,,,0.7367285905298405
8391,1001,13,5,0.6,0.2,1000,restricted_80,aggregation,0.8101800218848485,,,0.7376138911088911
8392,1001,13,5,0.6,0.2,1000,restricted_80,aggregation,0.8101774091983673,,,0.7375262654166821
8393,1001,13,5,0.6,0.2,1000,restricted_80,aggregation,0.8103618003342639,,,0.7377769554673722
8394,1001,13,5,0.6,0.2,1000,restricted_80,aggregation,0.8099037035417528,,,0.7364374397978565
8395,1001,13,5,0.6,0.2,1000,restricted_80,aggregation,0.8100349383238096,,,0.7368129716888049
8396,1001,13,5,0.6,0.2,1000,restricted_80,aggregation,0.8095701564994953,,,0.7367680192646859
8397,1001,13,5,0.6,0.2,1000,restricted_80,aggregation,0.8102626239928301,,,0.7373730297326129
8398,1001,13,5,0.6,0.2,1000,restricted_80,aggregation,0.8099351832388662,,,0.7374056868286034
8399,1001,13,5,0.6,0.2,1000,restricted_80,aggregation,0.8102788270789598,,,0.7376867198079698
8400,1001,13,5,0.6,0.2,1000,restricted_80,aggregation,0.8100932108040131,,,0.7374675071379238
8401,1001,13,5,0.6,0.2,1000,restricted_80,aggregation,0.8099372781189604,,,0.7365960990552658
8402,1001,13,5,0.6,0.2,1000,restricted_80,aggregation,0.8099975197469859,,,0.7368630965022632
8403,1001,13,5,0.6,0.2,1000,restricted_80,aggregation,0.80976806793814,,,0.7369002674177675
8404,1001,13,5,0.6,0.2,1000,restricted_80,aggregation,0.8100797406962438,,,0.7371237002195336
8405,1001,13,5,0.6,0.2,1000,restricted_80,aggregation,0.809903714734727,,,0.7373029444166944
8406,1001,13,5,0.6,0.2,1000,restricted_80,aggregation,0.809871788605051,,,0.736832787906538
8407,1001,13,5,0.6,0.2,1000,restricted_80,aggregation,0.8097881784084792,,,0.7370722652347652
8408,1001,13,5,0.6,0.2,1000,restricted_80,aggregation,0.809965395114107,,,0.7371815901845068
8409,1001,13,5,0.6,0.2,1000,restricted_80,aggregation,0.8101532113406004,,,0.7376180368859535
8410,1001,13,5,0.6,0.2,1000,restricted_80,aggregation,0.8102200090585661,,,0.7373154417496085
8411,1001,13,5,0.6,0.2,1000,restricted_80,aggregation,0.8101155948621159,,,0.7375467998513832
8412,1001,13,5,0.6,0.2,1000,restricted_80,aggregation,0.8100587486135882,,,0.7375598625602792
8413,1001,13,5,0.6,0.2,1000,restricted_80,aggregation,0.8098265406577176,,,0.7372035728931562
8414,1001,13,5,0.6,0.2,1000,restricted_80,aggregation,0.8100450637807362,,,0.7371658528354362
8415,1001,13,5,0.6,0.2,1000,restricted_80,aggregation,0.8100621288194866,,,0.7369734880089046
8416,1001,13,5,0.6,0.2,1000,restricted_80,aggregation,0.8102328969983628,,,0.7380766441891442
8417,1001,13,5,0.6,0.2,1000,restricted_80,aggregation,0.810118576301677,,,0.7371830624622292
8418,1001,13,5,0.6,0.2,1000,restricted_80,aggregation,0.8101978366365838,,,0.7379001070071903
8419,1001,13,5,0.6,0.2,1000,restricted_80,aggregation,0.8101947825148251,,,0.7368133982838149
8420,1001,13,5,0.6,0.2,1000,restricted_80,aggregation,0.8101022696641442,,,0.7370223693590361
8421,1001,13,5,0.6,0.2,1000,restricted_80,aggregation,0.8101185054239443,,,0.7377663566988568
8422,1001,13,5,0.6,0.2,1000,restricted_80,aggregation,0.8098882336005188,,,0.7369253873749707
8423,1001,13,5,0.6,0.2,1000,restricted_80,aggregation,0.8098244172563583,,,0.7360804695304696
8424,1001,13,5,0.6,0.2,1000,restricted_80,aggregation,0.8102981801285988,,,0.7378653348503349
8425,1001,13,5,0.6,0.2,1000,restricted_80,aggregation,0.8099715874847038,,,0.7365716395178895
8426,1001,13,5,0.6,0.2,1000,restricted_80,aggregation,0.8101809399800584,,,0.7375658460058461
8427,1001,13,5,0.6,0.2,1000,restricted_80,aggregation,0.8101233422161791,,,0.7374572891922893
8428,1001,13,5,0.6,0.2,1000,restricted_80,aggregation,0.8100208229770747,,,0.737109961211628
8429,1001,13,5,0.6,0.2,1000,restricted_80,aggregation,0.810116148657734,,,0.7375322512364177
8430,1001,13,5,0.6,0.2,1000,restricted_80,aggregation,0.8102615346642527,,,0.7378098868415535
8431,1001,13,5,0.6,0.2,1000,restricted_80,aggregation,0.8099571512600091,,,0.737044616325033
8432,1001,13,5,0.6,0.2,1000,restricted_80,aggregation,0.8097933433451868,,,0.7376308295099963
8433,1001,13,5,0.6,0.2,1000,restricted_80,aggregation,0.8101381089745979,,,0.7369651063751064
8434,1001,13,5,0.6,0.2,1000,restricted_80,aggregation,0.8096880727486994,,,0.7363067417613253
8435,1001,13,5,0.6,0.2,1000,restricted_80,aggregation,0.8101185321588543,,,0.7373914927664926
8436,1001,13,5,0.6,0.2,1000,restricted_80,aggregation,0.8101830087061044,,,0.7371965177569344
8437,1001,13,5,0.6,0.2,1000,restricted_80,aggregation,0.8101684172738155,,,0.7373102236806404
8438,1001,13,5,0.6,0.2,1000,restricted_80,aggregation,0.8101077758294071,,,0.7374564481968648
8439,1001,13,5,0.6,0.2,1000,restricted_80,aggregation,0.8098604478874573,,,0.7369634699713866
8440,1001,13,5,0.6,0.2,1000,restricted_80,aggregation,0.8104203815805598,,,0.7384176125417793
8441,1001,13,5,0.6,0.2,1000,restricted_80,aggregation,0.8101239529121854,,,0.7371319540952874
8442,1001,13,5,0.6,0.2,1000,restricted_80,aggregation,0.8100887235426432,,,0.7373282067932068
8443,1001,13,5,0.6,0.2,1000,restricted_80,aggregation,0.8101054536519784,,,0.7377705373638708
8444,1001,13,5,0.6,0.2,1000,restricted_80,aggregation,0.809861876630435,,,0.7372026221001221
8445,1001,13,5,0.6,0.2,1000,restricted_80,aggregation,0.8100084211408888,,,0.737487961945462
8446,1001,13,5,0.6,0.2,1000,restricted_80,aggregation,0.8098327765901524,,,0.7371542434725767
8447,1001,13,5,0.6,0.2,1000,restricted_80,aggregation,0.8100226454617053,,,0.7377360316997817
8448,1001,13,5,0.6,0.2,1000,restricted_80,aggregation,0.810172268266615,,,0.7378035188114355
8449,1001,13,5,0.6,0.2,1000,restricted_80,aggregation,0.8100243282472297,,,0.7374732112332113
8450,1001,13,5,0.6,0.2,1000,restricted_80,aggregation,0.8097990207213379,,,0.7363527381260715
8451,1001,13,5,0.6,0.2,1000,restricted_80,aggregation,0.8100515162232906,,,0.7374477996694664
8452,1001,13,5,0.6,0.2,1000,restricted_80,aggregation,0.809881954043901,,,0.73743765328807
8453,1001,13,5,0.6,0.2,1000,restricted_80,aggregation,0.8101565736051013,,,0.7373259846789014
8454,1001,13,5,0.6,0.2,1000,restricted_80,aggregation,0.8099522597461194,,,0.7375498115464783
8455,1001,13,5,0.6,0.2,1000,restricted_80,aggregation,0.8100567620279797,,,0.737304815539399
8456,1001,13,5,0.6,0.2,1000,restricted_80,aggregation,0.8101822149179125,,,0.7377952501665
8457,1001,13,5,0.6,0.2,1000,restricted_80,aggregation,0.8099063353355516,,,0.7373059872843206
8458,1001,13,5,0.6,0.2,1000,restricted_80,aggregation,0.8102231854545602,,,0.7373700892471726
8459,1001,13,5,0.6,0.2,1000,restricted_80,aggregation,0.8101470433690323,,,0.7379989976535811
8460,1001,13,5,0.6,0.2,1000,restricted_80,aggregation,0.8102937719453371,,,0.7378480778480778
8461,1001,13,5,0.6,0.2,1000,restricted_80,aggregation,0.8098272694260878,,,0.7369163287946622
8462,1001,13,5,0.6,0.2,1000,restricted_80,aggregation,0.8100535633167941,,,0.7372143870481371
8463,1001,13,5,0.6,0.2,1000,restricted_80,aggregation,0.8102581429813462,,,0.7379370235166068
8464,1001,13,5,0.6,0.2,1000,restricted_80,aggregation,0.8099002858218564,,,0.7369728928324761
8465,1001,13,5,0.6,0.2,1000,restricted_80,aggregation,0.8099656642104776,,,0.7374247409843243
8466,1001,13,5,0.6,0.2,1000,restricted_80,aggregation,0.8099190126114701,,,0.736772650960151
8467,1001,13,5,0.6,0.2,1000,restricted_80,aggregation,0.8101755334500705,,,0.7377398953978122
8468,1001,13,5,0.6,0.2,1000,restricted_80,aggregation,0.8099585300880046,,,0.7366650749713249
8469,1001,13,5,0.6,0.2,1000,restricted_80,aggregation,0.8100350740094806,,,0.7371155197580197
8470,1001,13,5,0.6,0.2,1000,restricted_80,aggregation,0.8100360187760663,,,0.7370088919413919
8471,1001,13,5,0.6,0.2,1000,restricted_80,aggregation,0.8100914995017581,,,0.7382629359837692
8472,1001,13,5,0.6,0.2,1000,restricted_80,aggregation,0.8098367122236658,,,0.7370048073993907
8473,1001,13,5,0.6,0.2,1000,restricted_80,aggregation,0.8101653480742584,,,0.7377014698110532
8474,1001,13,5,0.6,0.2,1000,restricted_80,aggregation,0.8103056100229143,,,0.7382742872867873
8475,1001,13,5,0.6,0.2,1000,restricted_80,aggregation,0.8098634151304288,,,0.7368929350125184
8476,1001,13,5,0.6,0.2,1000,restricted_80,aggregation,0.8100932103903343,,,0.7374332222098889
8477,1001,13,5,0.6,0.2,1000,restricted_80,aggregation,0.809459580698303,,,0.7363628009644676
8478,1001,13,5,0.6,0.2,1000,restricted_80,aggregation,0.8100871415921242,,,0.7378129580450413
8479,1001,13,5,0.6,0.2,1000,restricted_80,aggregation,0.810136702224931,,,0.7377227892786227
8480,1001,13,5,0.6,0.2,1000,restricted_80,aggregation,0.8098860860066778,,,0.7370527902652904
8481,1001,13,5,0.6,0.2,1000,restricted_80,aggregation,0.810002680122335,,,0.7375771216283715
8482,1001,13,5,0.6,0.2,1000,restricted_80,aggregation,0.8099613118997815,,,0.7363917819834487
8483,1001,13,5,0.6,0.2,1000,restricted_80,aggregation,0.8099813406419814,,,0.7376463963968131
8484,1001,13,5,0.6,0.2,1000,restricted_80,aggregation,0.8101509939435917,,,0.7374799687966354
8485,1001,13,5,0.6,0.2,1000,restricted_80,aggregation,0.8100509402502304,,,0.7372256507535674
8486,1001,13,5,0.6,0.2,1000,restricted_80,aggregation,0.8096774810494705,,,0.7365937116587117
8487,1001,13,5,0.6,0.2,1000,restricted_80,aggregation,0.8103899664897704,,,0.7379334181096681
8488,1001,13,5,0.6,0.2,1000,restricted_80,aggregation,0.8101626457313044,,,0.7374564454835288
8489,1001,13,5,0.6,0.2,1000,restricted_80,aggregation,0.8100812877750242,,,0.7377629258241758
8490,1001,13,5,0.6,0.2,1000,restricted_80,aggregation,0.8100129741927697,,,0.7371147083163749
8491,1001,13,5,0.6,0.2,1000,restricted_80,aggregation,0.8099891625157479,,,0.7379968009305509
8492,1001,13,5,0.6,0.2,1000,restricted_80,aggregation,0.8101649577186089,,,0.7375198218448218
8493,1001,13,5,0.6,0.2,1000,restricted_80,aggregation,0.8101799587580626,,,0.7378661314148813
8494,1001,13,5,0.6,0.2,1000,restricted_80,aggregation,0.81006876933386,,,0.7371891146816147
8495,1001,13,5,0.6,0.2,1000,restricted_80,aggregation,0.8099786524067069,,,0.7376536989707824
8496,1001,13,5,0.6,0.2,1000,restricted_80,aggregation,0.8099966533692022,,,0.7370581669565003
8497,1001,13,5,0.6,0.2,1000,restricted_80,aggregation,0.8098872143463437,,,0.7374239218497551
8498,1001,13,5,0.6,0.2,1000,restricted_80,aggregation,0.8102872335059279,,,0.7375366592666592
8499,1001,13,5,0.6,0.2,1000,restricted_80,aggregation,0.8102466363526045,,,0.7377740166006834
8500,1001,13,5,0.6,0.2,1000,restricted_80,aggregation,0.8099571347897018,,,0.7371017484213317
8501,1001,13,5,0.6,0.2,1000,restricted_80,aggregation,0.8099606939929316,,,0.7373883905908907
8502,1001,13,5,0.6,0.2,1000,restricted_80,aggregation,0.8099749492029246,,,0.7373166035816037
8503,1001,13,5,0.6,0.2,1000,restricted_80,aggregation,0.8096005478395495,,,0.7375457277753111
8504,1001,13,5,0.6,0.2,1000,restricted_80,aggregation,0.8101829856694306,,,0.7374510108564276
8505,1001,13,5,0.6,0.2,1000,restricted_80,aggregation,0.8100696474247031,,,0.7374350469592137
8506,1001,13,5,0.6,0.2,1000,restricted_80,aggregation,0.8101721558788019,,,0.737626684596268
8507,1001,13,5,0.6,0.2,1000,restricted_80,aggregation,0.8100436400943672,,,0.7374390367811202
8508,1001,13,5,0.6,0.2,1000,restricted_80,aggregation,0.8101877185468448,,,0.7374492971226304
8509,1001,13,5,0.6,0.2,1000,restricted_80,aggregation,0.8099102093447347,,,0.7370318313168313
8510,1001,13,5,0.6,0.2,1000,restricted_80,aggregation,0.8099271658548326,,,0.7371121109446109
8511,1001,13,5,0.6,0.2,1000,restricted_80,aggregation,0.8100763562497324,,,0.7369551779701778
8512,1001,13,5,0.6,0.2,1000,restricted_80,aggregation,0.8099022702687698,,,0.7377857622470122
8513,1001,13,5,0.6,0.2,1000,restricted_80,aggregation,0.8099971304875984,,,0.7372757772320272
8514,1001,13,5,0.6,0.2,1000,restricted_80,aggregation,0.8098258229760013,,,0.7377932213157212
8515,1001,13,5,0.6,0.2,1000,restricted_80,aggregation,0.8099876868820215,,,0.7369566403503903
8516,1001,13,5,0.6,0.2,1000,restricted_80,aggregation,0.809767444185095,,,0.7367988028483863
8517,1001,13,5,0.6,0.2,1000,restricted_80,aggregation,0.8099776376508603,,,0.7372859421134421
8518,1001,13,5,0.6,0.2,1000,restricted_80,aggregation,0.8099596564913498,,,0.7371899666845501
8519,1001,13,5,0.6,0.2,1000,restricted_80,aggregation,0.8102332992375523,,,0.7376831683131683
8520,1001,13,5,0.6,0.2,1000,restricted_80,aggregation,0.8099861363192259,,,0.7374077384652384
8521,1001,13,5,0.6,0.2,1000,restricted_80,aggregation,0.8098530846070405,,,0.7375345386712054
8522,1001,13,5,0.6,0.2,1000,restricted_80,aggregation,0.8101203939100243,,,0.7375953438074271
8523,1001,13,5,0.6,0.2,1000,restricted_80,aggregation,0.8101831482087921,,,0.738070602668936
8524,1001,13,5,0.6,0.2,1000,restricted_80,aggregation,0.8101284044328352,,,0.7376585867219201
8525,1001,13,5,0.6,0.2,1000,restricted_80,aggregation,0.8099033859259651,,,0.7371599360516026
8526,1001,13,5,0.6,0.2,1000,restricted_80,aggregation,0.8099328998775587,,,0.7373359293021792
8527,1001,13,5,0.6,0.2,1000,restricted_80,aggregation,0.8098970142970461,,,0.7371970256286923
8528,1001,13,5,0.6,0.2,1000,restricted_80,aggregation,0.8098803237759761,,,0.7370021649492482
8529,1001,13,5,0.6,0.2,1000,restricted_80,aggregation,0.8101931723553294,,,0.7376147633230967
8530,1001,13,5,0.6,0.2,1000,restricted_80,aggregation,0.8103989290341953,,,0.7385910044893378
8531,1001,13,5,0.6,0.2,1000,restricted_80,aggregation,0.8100152791855737,,,0.7371156000789334
8532,1001,13,5,0.6,0.2,1000,restricted_80,aggregation,0.8100936316112132,,,0.7373277815240316
8533,1001,13,5,0.6,0.2,1000,restricted_80,aggregation,0.8100137560390631,,,0.737558384562968
8534,1001,13,5,0.6,0.2,1000,restricted_80,aggregation,0.8101765375632222,,,0.7376748401752568
8535,1001,13,5,0.6,0.2,1000,restricted_80,aggregation,0.8099557507937829,,,0.7376209344513511
8536,1001,13,5,0.6,0.2,1000,restricted_80,aggregation,0.8098680073876499,,,0.7372979139995807
8537,1001,13,5,0.6,0.2,1000,restricted_80,aggregation,0.8101672500302358,,,0.7377268433726768
8538,1001,13,5,0.6,0.2,1000,restricted_80,aggregation,0.8101336889200699,,,0.7384265963511798
8539,1001,13,5,0.6,0.2,1000,restricted_80,aggregation,0.8101431907221154,,,0.7373196363975532
8540,1001,13,5,0.6,0.2,1000,restricted_80,aggregation,0.8100245405341207,,,0.7371659186646686
8541,1001,13,5,0.6,0.2,1000,restricted_80,aggregation,0.8101222411047123,,,0.7371481555173223
8542,1001,13,5,0.6,0.2,1000,restricted_80,aggregation,0.81017483069317,,,0.737490161243078
8543,1001,13,5,0.6,0.2,1000,restricted_80,aggregation,0.8101031090619859,,,0.7373691981166981
8544,1001,13,5,0.6,0.2,1000,restricted_80,aggregation,0.8098541650314999,,,0.7373739384226884
8545,1001,13,5,0.6,0.2,1000,restricted_80,aggregation,0.8102056726042413,,,0.7377860598660599
8546,1001,13,5,0.6,0.2,1000,restricted_80,aggregation,0.8098896433942047,,,0.7378189595127095
8547,1001,13,5,0.6,0.2,1000,restricted_80,aggregation,0.8101800611786004,,,0.737412404570738
8548,1001,13,5,0.6,0.2,1000,restricted_80,aggregation,0.8100253365099238,,,0.7372594337144338
8549,1001,13,5,0.6,0.2,1000,restricted_80,aggregation,0.8102378669082384,,,0.7377581892181893
8550,1001,13,5,0.6,0.2,1000,restricted_80,aggregation,0.8100270027780565,,,0.737892144352561
8551,1001,13,5,0.6,0.2,1000,restricted_80,aggregation,0.8101951936419535,,,0.7370586115273615
8552,1001,13,5,0.6,0.2,1000,restricted_80,aggregation,0.810200960860123,,,0.7370880835985002
8553,1001,13,5,0.6,0.2,1000,restricted_80,aggregation,0.8100825472093127,,,0.7378436619090786
8554,1001,13,5,0.6,0.2,1000,restricted_80,aggregation,0.8103463094907516,,,0.7383103001011334
8555,1001,13,5,0.6,0.2,1000,restricted_80,aggregation,0.8099727170809601,,,0.7370388266979935
8556,1001,13,5,0.6,0.2,1000,restricted_80,aggregation,0.8100012964387792,,,0.7373172635543469
8557,1001,13,5,0.6,0.2,1000,restricted_80,aggregation,0.809837675857412,,,0.7374443666827001
8558,1001,13,5,0.6,0.2,1000,restricted_80,aggregation,0.8100358628245484,,,0.7371540955495123
8559,1001,13,5,0.6,0.2,1000,restricted_80,aggregation,0.8099320851100302,,,0.7372895353412021
8560,1001,13,5,0.6,0.2,1000,restricted_80,aggregation,0.8101125228445769,,,0.7374888271759105
8561,1001,13,5,0.6,0.2,1000,restricted_80,aggregation,0.8099312872778979,,,0.737223410987161
8562,1001,13,5,0.6,0.2,1000,restricted_80,aggregation,0.8102854437965833,,,0.7376335090989258
8563,1001,13,5,0.6,0.2,1000,restricted_80,aggregation,0.8101744802499615,,,0.7377631954465288
8564,1001,13,5,0.6,0.2,1000,restricted_80,aggregation,0.8102187919825394,,,0.7371203724362058
8565,1001,13,5,0.6,0.2,1000,restricted_80,aggregation,0.8099324933881281,,,0.7371740681386515
8566,1001,13,5,0.6,0.2,1000,restricted_80,aggregation,0.810155973516457,,,0.7368523086789753
8567,1001,13,5,0.6,0.2,1000,restricted_80,aggregation,0.8102925335412071,,,0.7374988066100566
8568,1001,13,5,0.6,0.2,1000,restricted_80,aggregation,0.8101595598512599,,,0.7363689776581444
8569,1001,13,5,0.6,0.2,1000,restricted_80,aggregation,0.8099057709959214,,,0.7373084588405422
8570,1001,13,5,0.6,0.2,1000,restricted_80,aggregation,0.810172983582247,,,0.737959424880675
8571,1001,13,5,0.6,0.2,1000,restricted_80,aggregation,0.8095732696400659,,,0.7361253474765975
8572,1001,13,5,0.6,0.2,1000,restricted_80,aggregation,0.8101633176084692,,,0.7372589217110052
8573,1001,13,5,0.6,0.2,1000,restricted_80,aggregation,0.8102292413892869,,,0.7380999138361639
8574,1001,13,5,0.6,0.2,1000,restricted_80,aggregation,0.8101256021961797,,,0.7373666191062024
8575,1001,13,5,0.6,0.2,1000,restricted_80,aggregation,0.8102894154073048,,,0.737896387131387
8576,1001,13,5,0.6,0.2,1000,restricted_80,aggregation,0.8099864005156415,,,0.7370505731922398
8577,1001,13,5,0.6,0.2,1000,restricted_80,aggregation,0.809628270644482,,,0.7369835096847597
8578,1001,13,5,0.6,0.2,1000,restricted_80,aggregation,0.8101748902268793,,,0.7375354562875397
8579,1001,13,5,0.6,0.2,1000,restricted_80,aggregation,0.810272664104704,,,0.7379099100590767
8580,1001,13,5,0.6,0.2,1000,restricted_80,aggregation,0.8101132917673617,,,0.7375276621834955
8581,1001,13,5,0.6,0.2,1000,restricted_80,aggregation,0.8101664780037416,,,0.7384053127736461
8582,1001,13,5,0.6,0.2,1000,restricted_80,aggregation,0.8099865329288596,,,0.7370651403534737
8583,1001,13,5,0.6,0.2,1000,restricted_80,aggregation,0.8100027130687651,,,0.7372424325520159
8584,1001,13,5,0.6,0.2,1000,restricted_80,aggregation,0.8096827316115295,,,0.7357374794649795
8585,1001,13,5,0.6,0.2,1000,restricted_80,aggregation,0.8101863708380285,,,0.7371899360670194
8586,1001,13,5,0.6,0.2,1000,restricted_80,aggregation,0.8100290406430609,,,0.7369542851284517
8587,1001,13,5,0.6,0.2,1000,restricted_80,aggregation,0.8101588870850669,,,0.7374681374952209
8588,1001,13,5,0.6,0.2,1000,restricted_80,aggregation,0.8097685828075527,,,0.7379999429428598
8589,1001,13,5,0.6,0.2,1000,restricted_80,aggregation,0.810088700992561,,,0.7377737159291325
8590,1001,13,5,0.6,0.2,1000,restricted_80,aggregation,0.8097476348012563,,,0.737059111074111
8591,1001,13,5,0.6,0.2,1000,restricted_80,aggregation,0.8102811349566332,,,0.7377643857839692
8592,1001,13,5,0.6,0.2,1000,restricted_80,aggregation,0.8100853934289134,,,0.7371820534403869
8593,1001,13,5,0.6,0.2,1000,restricted_80,aggregation,0.8098911546760843,,,0.737983010723844
8594,1001,13,5,0.6,0.2,1000,restricted_80,aggregation,0.809920321492902,,,0.7374373274873275
8595,1001,13,5,0.6,0.2,1000,restricted_80,aggregation,0.8101475168629655,,,0.7373098535415202
8596,1001,13,5,0.6,0.2,1000,restricted_80,aggregation,0.8098529008639035,,,0.7364336082590249
8597,1001,13,5,0.6,0.2,1000,restricted_80,aggregation,0.8099141465480542,,,0.7380759041113207
8598,1001,13,5,0.6,0.2,1000,restricted_80,aggregation,0.8099828147040146,,,0.7379463581480248
8599,1001,13,5,0.6,0.2,1000,restricted_80,aggregation,0.8099669815892168,,,0.7375698286589953
8600,1001,13,5,0.6,0.2,1000,restricted_80,aggregation,0.8098513887088512,,,0.7368526338322173
8601,1001,13,5,0.6,0.2,1000,restricted_80,aggregation,0.8097634953135172,,,0.7367001198647031
8602,1001,13,5,0.6,0.2,1000,restricted_80,aggregation,0.8101985397673477,,,0.7378653447015946
8603,1001,13,5,0.6,0.2,1000,restricted_80,aggregation,0.8098629248896714,,,0.7368680145163479
8604,1001,13,5,0.6,0.2,1000,restricted_80,aggregation,0.8096609542364334,,,0.736255840872091
8605,1001,13,5,0.6,0.2,1000,restricted_80,aggregation,0.8100641769573322,,,0.7378157625245125
8606,1001,13,5,0.6,0.2,1000,restricted_80,aggregation,0.8099517251326428,,,0.7374387706891875
8607,1001,13,5,0.6,0.2,1000,restricted_80,aggregation,0.8102494583829157,,,0.7381187949858784
8608,1001,13,5,0.6,0.2,1000,restricted_80,aggregation,0.8098781662986179,,,0.7366303357290858
8609,1001,13,5,0.6,0.2,1000,restricted_80,aggregation,0.8102066978776368,,,0.7375222019492854
8610,1001,13,5,0.6,0.2,1000,restricted_80,aggregation,0.8101208199118004,,,0.737537094895845
8611,1001,13,5,0.6,0.2,1000,restricted_80,aggregation,0.8096619730391168,,,0.7366528494345161
8612,1001,13,5,0.6,0.2,1000,restricted_80,aggregation,0.8096156525064022,,,0.7368473410231744
8613,1001,13,5,0.6,0.2,1000,restricted_80,aggregation,0.8099421603784515,,,0.7371749570645404
8614,1001,13,5,0.6,0.2,1000,restricted_80,aggregation,0.8101411339031036,,,0.737338160959411
8615,1001,13,5,0.6,0.2,1000,restricted_80,aggregation,0.8101539046719473,,,0.7374148374927542
8616,1001,13,5,0.6,0.2,1000,restricted_80,aggregation,0.809953348011748,,,0.7377207319223986
8617,1001,13,5,0.6,0.2,1000,restricted_80,aggregation,0.810021471199802,,,0.7372634242146742
8618,1001,13,5,0.6,0.2,1000,restricted_80,aggregation,0.8102967306215378,,,0.7385103727753727
8619,1001,13,5,0.6,0.2,1000,restricted_80,aggregation,0.8100569292046302,,,0.7375922449618283
8620,1001,13,5,0.6,0.2,1000,restricted_80,aggregation,0.8098059306467495,,,0.7371658710733711
8621,1001,13,5,0.6,0.2,1000,restricted_80,aggregation,0.8100784893145342,,,0.737194372217289
8622,1001,13,5,0.6,0.2,1000,restricted_80,aggregation,0.8102571412576167,,,0.7374133498291832
8623,1001,13,5,0.6,0.2,1000,restricted_80,aggregation,0.8096193071392674,,,0.7373600307254474
8624,1001,13,5,0.6,0.2,1000,restricted_80,aggregation,0.8100193232139987,,,0.7365808789204623
8625,1001,13,5,0.6,0.2,1000,restricted_80,aggregation,0.8096851808741188,,,0.7365896130566963
8626,1001,13,5,0.6,0.2,1000,restricted_80,aggregation,0.8101669342615814,,,0.7372548031598031
8627,1001,13,5,0.6,0.2,1000,restricted_80,aggregation,0.8101525440039516,,,0.7376279631633799
8628,1001,13,5,0.6,0.2,1000,restricted_80,aggregation,0.8100340105190958,,,0.73681590332507
8629,1001,13,5,0.6,0.2,1000,restricted_80,aggregation,0.810092868837783,,,0.737422597279264
8630,1001,13,5,0.6,0.2,1000,restricted_80,aggregation,0.8102587103547859,,,0.7374001971022806
8631,1001,13,5,0.6,0.2,1000,restricted_80,aggregation,0.809975954728497,,,0.7378885507085508
8632,1001,13,5,0.6,0.2,1000,restricted_80,aggregation,0.8099459082717199,,,0.7372766862304363
8633,1001,13,5,0.6,0.2,1000,restricted_80,aggregation,0.8099644635348343,,,0.7377650626842295
8634,1001,13,5,0.6,0.2,1000,restricted_80,aggregation,0.8099565592173787,,,0.7378449960841628
8635,1001,13,5,0.6,0.2,1000,restricted_80,aggregation,0.8101940725264583,,,0.7379678238428239
8636,1001,13,5,0.6,0.2,1000,restricted_80,aggregation,0.8102626633458362,,,0.7376507023840357
8637,1001,13,5,0.6,0.2,1000,restricted_80,aggregation,0.8100163479384694,,,0.7382693800643801
8638,1001,13,5,0.6,0.2,1000,restricted_80,aggregation,0.8101236766591046,,,0.7369577117327119
8639,1001,13,5,0.6,0.2,1000,restricted_80,aggregation,0.8101734904374934,,,0.7378404408400243
8640,1001,13,5,0.6,0.2,1000,restricted_80,aggregation,0.8099103912434513,,,0.7369154512925347
8641,1001,13,5,0.6,0.2,1000,restricted_80,aggregation,0.8101324385330458,,,0.7375135299576967
8642,1001,13,5,0.6,0.2,1000,restricted_80,aggregation,0.80974808463445,,,0.7366301531493199
8643,1001,13,5,0.6,0.2,1000,restricted_80,aggregation,0.8100437938845533,,,0.7369654975117476
8644,1001,13,5,0.6,0.2,1000,restricted_80,aggregation,0.8100992934358721,,,0.7373313913247245
8645,1001,13,5,0.6,0.2,1000,restricted_80,aggregation,0.8102040462099924,,,0.7370550660604827
8646,1001,13,5,0.6,0.2,1000,restricted_80,aggregation,0.8101985277800225,,,0.7379673215210716
8647,1001,13,5,0.6,0.2,1000,restricted_80,aggregation,0.8101553605361428,,,0.7375987357704024
8648,1001,13,5,0.6,0.2,1000,restricted_80,aggregation,0.8100508114173293,,,0.7369221082621082
8649,1001,13,5,0.6,0.2,1000,restricted_80,aggregation,0.8100258096950423,,,0.7372278781557947
8650,1001,13,5,0.6,0.2,1000,restricted_80,aggregation,0.8099973105040816,,,0.737096300335467
8651,1001,13,5,0.6,0.2,1000,restricted_80,aggregation,0.8099878250522293,,,0.7371076684426684
8652,1001,13,5,0.6,0.2,1000,restricted_80,aggregation,0.8098605857170127,,,0.7360529027608195
8653,1001,13,5,0.6,0.2,1000,restricted_80,aggregation,0.8102400150246032,,,0.7368528463203463
8654,1001,13,5,0.6,0.2,1000,restricted_80,aggregation,0.809923389898791,,,0.7376662975142142
8655,1001,13,5,0.6,0.2,1000,restricted_80,aggregation,0.8100003731247737,,,0.7367957604432605
8656,1001,13,5,0.6,0.2,1000,restricted_80,aggregation,0.8097073311355741,,,0.7368726377943045
8657,1001,13,5,0.6,0.2,1000,restricted_80,aggregation,0.8100044620946881,,,0.7374232109865444
8658,1001,13,5,0.6,0.2,1000,restricted_80,aggregation,0.8101019630412316,,,0.7373094367206867
8659,1001,13,5,0.6,0.2,1000,restricted_80,aggregation,0.8099374744809267,,,0.7374653295007461
8660,1001,13,5,0.6,0.2,1000,restricted_80,aggregation,0.8100299370115,,,0.7371831260252093
8661,1001,13,5,0.6,0.2,1000,restricted_80,aggregation,0.8101419131166863,,,0.7380002548069213
8662,1001,13,5,0.6,0.2,1000,restricted_80,aggregation,0.8101327601317373,,,0.7373210592031426
8663,1001,13,5,0.6,0.2,1000,restricted_80,aggregation,0.8101651688741004,,,0.7376612376666543
8664,1001,13,5,0.6,0.2,1000,restricted_80,aggregation,0.809899479655895,,,0.7367685121822622
8665,1001,13,5,0.6,0.2,1000,restricted_80,aggregation,0.810290653339014,,,0.7384931187639521
8666,1001,13,5,0.6,0.2,1000,restricted_80,aggregation,0.8101300920839929,,,0.7377123352419186
8667,1001,13,5,0.6,0.2,1000,restricted_80,aggregation,0.8099384889923567,,,0.7370713012296345
8668,1001,13,5,0.6,0.2,1000,restricted_80,aggregation,0.8097182149641998,,,0.7367896943642778
8669,1001,13,5,0.6,0.2,1000,restricted_80,aggregation,0.8102988033258589,,,0.7383758309283309
8670,1001,13,5,0.6,0.2,1000,restricted_80,aggregation,0.8101230869679242,,,0.7376665100331766
8671,1001,13,5,0.6,0.2,1000,restricted_80,aggregation,0.8099456219799951,,,0.7372887031024531
8672,1001,13,5,0.6,0.2,1000,restricted_80,aggregation,0.8102738224850888,,,0.7374927706244373
8673,1001,13,5,0.6,0.2,1000,restricted_80,aggregation,0.8099743304763776,,,0.7369002003860338
8674,1001,13,5,0.6,0.2,1000,restricted_80,aggregation,0.8102260994550876,,,0.7378001857401857
8675,1001,13,5,0.6,0.2,1000,restricted_80,aggregation,0.8099629532957634,,,0.7371149572957906
8676,1001,13,5,0.6,0.2,1000,restricted_80,aggregation,0.8102819171901988,,,0.7387066817441819
8677,1001,13,5,0.6,0.2,1000,restricted_80,aggregation,0.8097404371537017,,,0.7368484509626176
8678,1001,13,5,0.6,0.2,1000,restricted_80,aggregation,0.8101563519269829,,,0.7369773381094215
8679,1001,13,5,0.6,0.2,1000,restricted_80,aggregation,0.810254952564766,,,0.7380013756305424
8680,1001,13,5,0.6,0.2,1000,restricted_80,aggregation,0.8102715401068774,,,0.7380022498489165
8681,1001,13,5,0.6,0.2,1000,restricted_80,aggregation,0.8099197148062472,,,0.7365667064108731
8682,1001,13,5,0.6,0.2,1000,restricted_80,aggregation,0.8096314140114218,,,0.7361700172975173
8683,1001,13,5,0.6,0.2,1000,restricted_80,aggregation,0.8099721118786626,,,0.737340937272604
8684,1001,13,5,0.6,0.2,1000,restricted_80,aggregation,0.8101426095566097,,,0.7377742312317312
8685,1001,13,5,0.6,0.2,1000,restricted_80,aggregation,0.8101438147086778,,,0.7376164770568937
8686,1001,13,5,0.6,0.2,1000,restricted_80,aggregation,0.8101434551458665,,,0.7375202498273332
8687,1001,13,5,0.6,0.2,1000,restricted_80,aggregation,0.8102431948066794,,,0.7380295172728505
8688,1001,13,5,0.6,0.2,1000,restricted_80,aggregation,0.8101796637165848,,,0.7377865520744686
8689,1001,13,5,0.6,0.2,1000,restricted_80,aggregation,0.8097068999800482,,,0.7368326964239464
8690,1001,13,5,0.6,0.2,1000,restricted_80,aggregation,0.8101020174849395,,,0.7376648536956869
8691,1001,13,5,0.6,0.2,1000,restricted_80,aggregation,0.8095141492701599,,,0.7363348859628027
8692,1001,13,5,0.6,0.2,1000,restricted_80,aggregation,0.8100947054903689,,,0.7371527354127355
8693,1001,13,5,0.6,0.2,1000,restricted_80,aggregation,0.8100183901589769,,,0.7371390641457308
8694,1001,13,5,0.6,0.2,1000,restricted_80,aggregation,0.8100621632692088,,,0.7375986976911978
8695,1001,13,5,0.6,0.2,1000,restricted_80,aggregation,0.8099993482908099,,,0.7375757267115601
8696,1001,13,5,0.6,0.2,1000,restricted_80,aggregation,0.8098508599496425,,,0.7374511648999149
8697,1001,13,5,0.6,0.2,1000,restricted_80,aggregation,0.8103474597901464,,,0.7381989536543703
8698,1001,13,5,0.6,0.2,1000,restricted_80,aggregation,0.8102469588164536,,,0.737402368002368
8699,1001,13,5,0.6,0.2,1000,restricted_80,aggregation,0.8100499114862888,,,0.7376489672364671
8700,1001,13,5,0.6,0.2,1000,restricted_80,aggregation,0.8099591049238737,,,0.7375960919327585
8701,1001,13,5,0.6,0.2,1000,restricted_80,aggregation,0.8099023249492259,,,0.7370914365110198
8702,1001,13,5,0.6,0.2,1000,restricted_80,aggregation,0.8099819939783109,,,0.7377201884843552
8703,1001,13,5,0.6,0.2,1000,restricted_80,aggregation,0.810309490664848,,,0.7379439937531604
8704,1001,13,5,0.6,0.2,1000,restricted_80,aggregation,0.8101589986068043,,,0.7373460256872757
8705,1001,13,5,0.6,0.2,1000,restricted_80,aggregation,0.8097634540455788,,,0.7376683863358864
8706,1001,13,5,0.6,0.2,1000,restricted_80,aggregation,0.8094794344612559,,,0.7371277219848053
8707,1001,13,5,0.6,0.2,1000,restricted_80,aggregation,0.8098624080086697,,,0.7370560983923484
8708,1001,13,5,0.6,0.2,1000,restricted_80,aggregation,0.8100013269868077,,,0.7372200595238094
8709,1001,13,5,0.6,0.2,1000,restricted_80,aggregation,0.8099300130538425,,,0.7364277473298306
8710,1001,13,5,0.6,0.2,1000,restricted_80,aggregation,0.8100370970418077,,,0.7369315798399132
8711,1001,13,5,0.6,0.2,1000,restricted_80,aggregation,0.8100256302612965,,,0.736987507276674
8712,1001,13,5,0.6,0.2,1000,restricted_80,aggregation,0.8101034026072559,,,0.7368094911107412
8713,1001,13,5,0.6,0.2,1000,restricted_80,aggregation,0.8102412652955869,,,0.73733445654654
8714,1001,13,5,0.6,0.2,1000,restricted_80,aggregation,0.8102078084037152,,,0.7379590549573883
8715,1001,13,5,0.6,0.2,1000,restricted_80,aggregation,0.8099190748410333,,,0.7371790939307608
8716,1001,13,5,0.6,0.2,1000,restricted_80,aggregation,0.8102416927928263,,,0.738076725758809
8717,1001,13,5,0.6,0.2,1000,restricted_80,aggregation,0.809684607178115,,,0.7365672251359752
8718,1001,13,5,0.6,0.2,1000,restricted_80,aggregation,0.8101107247530485,,,0.7377203960545627
8719,1001,13,5,0.6,0.2,1000,restricted_80,aggregation,0.8099739881410774,,,0.7371988304596638
8720,1001,13,5,0.6,0.2,1000,restricted_80,aggregation,0.8098698420345747,,,0.7371020176582678
8721,1001,13,5,0.6,0.2,1000,restricted_80,aggregation,0.8100455973813425,,,0.7370628724824558
8722,1001,13,5,0.6,0.2,1000,restricted_80,aggregation,0.8102289949549396,,,0.7375592406513239
8723,1001,13,5,0.6,0.2,1000,restricted_80,aggregation,0.8098559941760279,,,0.7366214736960571
8724,1001,13,5,0.6,0.2,1000,restricted_80,aggregation,0.81001108657569,,,0.7370641419383086
8725,1001,13,5,0.6,0.2,1000,restricted_80,aggregation,0.8100099871752997,,,0.7362798547594381
8726,1001,13,5,0.6,0.2,1000,restricted_80,aggregation,0.8101956570951572,,,0.7379951237034571
8727,1001,13,5,0.6,0.2,1000,restricted_80,aggregation,0.8098863304493873,,,0.7376771515675682
8728,1001,13,5,0.6,0.2,1000,restricted_80,aggregation,0.8098767923598037,,,0.7370313522126022
8729,1001,13,5,0.6,0.2,1000,restricted_80,aggregation,0.809926886449893,,,0.736907570562154
8730,1001,13,5,0.6,0.2,1000,restricted_80,aggregation,0.8100416260293597,,,0.736814552068302
8731,1001,13,5,0.6,0.2,1000,restricted_80,aggregation,0.8101246504679162,,,0.7372783469925137
8732,1001,13,5,0.6,0.2,1000,restricted_80,aggregation,0.8098562691210484,,,0.7366040539707206
8733,1001,13,5,0.6,0.2,1000,restricted_80,aggregation,0.8101776840599131,,,0.737858075998076
8734,1001,13,5,0.6,0.2,1000,restricted_80,aggregation,0.8102613906828874,,,0.7380032287157287
8735,1001,13,5,0.6,0.2,1000,restricted_80,aggregation,0.810477420661773,,,0.7384824755799755
8736,1001,13,5,0.6,0.2,1000,restricted_80,aggregation,0.8096603761289294,,,0.7363213351617519
8737,1001,13,5,0.6,0.2,1000,restricted_80,aggregation,0.81017915581929,,,0.7371892867163701
8738,1001,13,5,0.6,0.2,1000,restricted_80,aggregation,0.809932589302405,,,0.736656988983239
8739,1001,13,5,0.6,0.2,1000,restricted_80,aggregation,0.8101551383048563,,,0.737107217874718
8740,1001,13,5,0.6,0.2,1000,restricted_80,aggregation,0.8097339589082837,,,0.7364477869044534
8741,1001,13,5,0.6,0.2,1000,restricted_80,aggregation,0.8096835522860126,,,0.7365689406889406
8742,1001,13,5,0.6,0.2,1000,restricted_80,aggregation,0.8098470690242136,,,0.7366595918741753
8743,1001,13,5,0.6,0.2,1000,restricted_80,aggregation,0.8099719566120781,,,0.7371922462414128
8744,1001,13,5,0.6,0.2,1000,restricted_80,aggregation,0.8103657886685945,,,0.737937998745082
8745,1001,13,5,0.6,0.2,1000,restricted_80,aggregation,0.8102486809212854,,,0.7378428028607195
8746,1001,13,5,0.6,0.2,1000,restricted_80,aggregation,0.8097223913259439,,,0.7366707751661918
8747,1001,13,5,0.6,0.2,1000,restricted_80,aggregation,0.8098595545712008,,,0.7370431273202105
8748,1001,13,5,0.6,0.2,1000,restricted_80,aggregation,0.810175176490743,,,0.7377950414246247
8749,1001,13,5,0.6,0.2,1000,restricted_80,aggregation,0.8099154602111805,,,0.7364810643060643
8750,1001,13,5,0.6,0.2,1000,restricted_80,aggregation,0.8101741293316551,,,0.7373457553557553
8751,1001,13,5,0.6,0.2,1000,restricted_80,aggregation,0.8099836255700802,,,0.7372539928744095
8752,1001,13,5,0.6,0.2,1000,restricted_80,aggregation,0.8099091757042483,,,0.736999678007178
8753,1001,13,5,0.6,0.2,1000,restricted_80,aggregation,0.8102293180130926,,,0.7377902581831748
8754,1001,13,5,0.6,0.2,1000,restricted_80,aggregation,0.8101644059914175,,,0.7373175349033683
8755,1001,13,5,0.6,0.2,1000,restricted_80,aggregation,0.8101335480726001,,,0.737334192597526
8756,1001,13,5,0.6,0.2,1000,restricted_80,aggregation,0.8102088638617746,,,0.7368348480531813
8757,1001,13,5,0.6,0.2,1000,restricted_80,aggregation,0.8099309719064783,,,0.7370339015614016
8758,1001,13,5,0.6,0.2,1000,restricted_80,aggregation,0.8102033334059316,,,0.7377110688231521
8759,1001,13,5,0.6,0.2,1000,restricted_80,aggregation,0.809940226524029,,,0.7370613117129785
8760,1001,13,5,0.6,0.2,1000,restricted_80,aggregation,0.810208521800223,,,0.7377586351765519
8761,1001,13,5,0.6,0.2,1000,restricted_80,aggregation,0.8100459038726776,,,0.7371036742578408
8762,1001,13,5,0.6,0.2,1000,restricted_80,aggregation,0.8100500026880312,,,0.7374260810177476
8763,1001,13,5,0.6,0.2,1000,restricted_80,aggregation,0.8102726046726043,,,0.7380946213662881
8764,1001,13,5,0.6,0.2,1000,restricted_80,aggregation,0.80997396599718,,,0.737301964347381
8765,1001,13,5,0.6,0.2,1000,restricted_80,aggregation,0.8102763517130063,,,0.7382864062634895
8766,1001,13,5,0.6,0.2,1000,restricted_80,aggregation,0.8100622520821857,,,0.7371107223640557
8767,1001,13,5,0.6,0.2,1000,restricted_80,aggregation,0.8101464873142857,,,0.7371253532270199
8768,1001,13,5,0.6,0.2,1000,restricted_80,aggregation,0.8101032593172826,,,0.7377039593431259
8769,1001,13,5,0.6,0.2,1000,restricted_80,aggregation,0.8099818907325659,,,0.7369552267793935
8770,1001,13,5,0.6,0.2,1000,restricted_80,aggregation,0.8103007077354665,,,0.7378889574468741
8771,1001,13,5,0.6,0.2,1000,restricted_80,aggregation,0.8099286976052823,,,0.7370216745754247
8772,1001,13,5,0.6,0.2,1000,restricted_80,aggregation,0.8099341100360148,,,0.7366000161720995
8773,1001,13,5,0.6,0.2,1000,restricted_80,aggregation,0.8100730740008891,,,0.7372763481117648
8774,1001,13,5,0.6,0.2,1000,restricted_80,aggregation,0.8101253085271399,,,0.7377994244798411
8775,1001,13,5,0.6,0.2,1000,restricted_80,aggregation,0.8098534583152063,,,0.7372171862396864
8776,1001,13,5,0.6,0.2,1000,restricted_80,aggregation,0.8102908119536664,,,0.7380936623869957
8777,1001,13,5,0.6,0.2,1000,restricted_80,aggregation,0.8101386625850027,,,0.7375245624591458
8778,1001,13,5,0.6,0.2,1000,restricted_80,aggregation,0.8100856716549906,,,0.7371542698351032
8779,1001,13,5,0.6,0.2,1000,restricted_80,aggregation,0.8100743109934286,,,0.7380941950179449
8780,1001,13,5,0.6,0.2,1000,restricted_80,aggregation,0.8097638591177205,,,0.7370727375248209
8781,1001,13,5,0.6,0.2,1000,restricted_80,aggregation,0.8100867760506372,,,0.7375779697000532
8782,1001,13,5,0.6,0.2,1000,restricted_80,aggregation,0.8100308703257815,,,0.7374197610414277
8783,1001,13,5,0.6,0.2,1000,restricted_80,aggregation,0.809961596989341,,,0.7376586853116021
8784,1001,13,5,0.6,0.2,1000,restricted_80,aggregation,0.8101322704741448,,,0.7378952782711116
8785,1001,13,5,0.6,0.2,1000,restricted_80,aggregation,0.8100917683678673,,,0.7375167736276069
8786,1001,13,5,0.6,0.2,1000,restricted_80,aggregation,0.8101714233691572,,,0.7373676541359874
8787,1001,13,5,0.6,0.2,1000,restricted_80,aggregation,0.8102114279124586,,,0.737457334255251
8788,1001,13,5,0.6,0.2,1000,restricted_80,aggregation,0.8100973146214862,,,0.7373297998606333
8789,1001,13,5,0.6,0.2,1000,restricted_80,aggregation,0.8101118383919139,,,0.7376978493574328
8790,1001,13,5,0.6,0.2,1000,restricted_80,aggregation,0.8099267270708127,,,0.7373131952306953
8791,1001,13,5,0.6,0.2,1000,restricted_80,aggregation,0.8099982220707046,,,0.7372459793447294
8792,1001,13,5,0.6,0.2,1000,restricted_80,aggregation,0.8103640414883967,,,0.7379534868680702
8793,1001,13,5,0.6,0.2,1000,restricted_80,aggregation,0.8098210719018003,,,0.7370666930291929
8794,1001,13,5,0.6,0.2,1000,restricted_80,aggregation,0.8101523509465101,,,0.737472609782193
8795,1001,13,5,0.6,0.2,1000,restricted_80,aggregation,0.8099509364696572,,,0.7366487574925075
8796,1001,13,5,0.6,0.2,1000,restricted_80,aggregation,0.8100935929333849,,,0.7375710382364549
8797,1001,13,5,0.6,0.2,1000,restricted_80,aggregation,0.8101034014278722,,,0.7373076394901396
8798,1001,13,5,0.6,0.2,1000,restricted_80,aggregation,0.809823597956116,,,0.7372587204616372
8799,1001,13,5,0.6,0.2,1000,restricted_80,aggregation,0.8097469408544357,,,0.7361151093967762
8800,1001,13,5,0.6,0.2,1000,restricted_80,aggregation,0.8098610005537262,,,0.7367513356859191
8801,1001,13,5,0.6,0.2,1000,restricted_80,aggregation,0.8100135528644038,,,0.73710450998076
8802,1001,13,5,0.6,0.2,1000,restricted_80,aggregation,0.8097796358380903,,,0.7367571701600868
8803,1001,13,5,0.6,0.2,1000,restricted_80,aggregation,0.8100787029585994,,,0.737687758707342
8804,1001,13,5,0.6,0.2,1000,restricted_80,aggregation,0.8103094000196662,,,0.7377898115002282
8805,1001,13,5,0.6,0.2,1000,restricted_80,aggregation,0.8101015683712836,,,0.7371955177692677
8806,1001,13,5,0.6,0.2,1000,restricted_80,aggregation,0.810026258978577,,,0.7377849876974877
8807,1001,13,5,0.6,0.2,1000,restricted_80,aggregation,0.8100685801147233,,,0.7366975057504225
8808,1001,13,5,0.6,0.2,1000,restricted_80,aggregation,0.8100511893768451,,,0.7380109896122395
8809,1001,13,5,0.6,0.2,1000,restricted_80,aggregation,0.8103813540944853,,,0.7385628845691345
8810,1001,13,5,0.6,0.2,1000,restricted_80,aggregation,0.8097156056721992,,,0.7370914878948213
8811,1001,13,5,0.6,0.2,1000,restricted_80,aggregation,0.8097876604423746,,,0.7371994928836595
8812,1001,13,5,0.6,0.2,1000,restricted_80,aggregation,0.8101284405195615,,,0.7377090093240094
8813,1001,13,5,0.6,0.2,1000,restricted_80,aggregation,0.8100074630768148,,,0.7377415195915197
8814,1001,13,5,0.6,0.2,1000,restricted_80,aggregation,0.8098383696787881,,,0.7367873988973989
8815,1001,13,5,0.6,0.2,1000,restricted_80,aggregation,0.8100160176135532,,,0.7369305235967736
8816,1001,13,5,0.6,0.2,1000,restricted_80,aggregation,0.8099446270182278,,,0.73683956336873
8817,1001,13,5,0.6,0.2,1000,restricted_80,aggregation,0.8097879376034158,,,0.7364130449180448
8818,1001,13,5,0.6,0.2,1000,restricted_80,aggregation,0.8097449930992888,,,0.7373772355730689
8819,1001,13,5,0.6,0.2,1000,restricted_80,aggregation,0.8097229585761297,,,0.7362981052281052
8820,1001,13,5,0.6,0.2,1000,restricted_80,aggregation,0.8102425802047376,,,0.7379537457604125
8821,1001,13,5,0.6,0.2,1000,restricted_80,aggregation,0.8100590332014364,,,0.7379139588960422
8822,1001,13,5,0.6,0.2,1000,restricted_80,aggregation,0.8101818788727122,,,0.73816882662091
8823,1001,13,5,0.6,0.2,1000,restricted_80,aggregation,0.8097951902717208,,,0.7368407807161974
8824,1001,13,5,0.6,0.2,1000,restricted_80,aggregation,0.8103726833959691,,,0.7377752554852555
8825,1001,13,5,0.6,0.2,1000,restricted_80,aggregation,0.8102276050313235,,,0.7378897708618541
8826,1001,13,5,0.6,0.2,1000,restricted_80,aggregation,0.8098033933245826,,,0.7369568094405594
8827,1001,13,5,0.6,0.2,1000,restricted_80,aggregation,0.8100116964679664,,,0.7370186054069388
8828,1001,13,5,0.6,0.2,1000,restricted_80,aggregation,0.8100966712995162,,,0.7370523607873609
8829,1001,13,5,0.6,0.2,1000,restricted_80,aggregation,0.8100494831493407,,,0.73720355336022
8830,1001,13,5,0.6,0.2,1000,restricted_80,aggregation,0.8101027018062962,,,0.7377907958091291
8831,1001,13,5,0.6,0.2,1000,restricted_80,aggregation,0.810075101304371,,,0.7372861287940454
8832,1001,13,5,0.6,0.2,1000,restricted_80,aggregation,0.8104020070317145,,,0.7377879475000308
8833,1001,13,5,0.6,0.2,1000,restricted_80,aggregation,0.8099580463842296,,,0.7369787155282989
8834,1001,13,5,0.6,0.2,1000,restricted_80,aggregation,0.8096762342468677,,,0.7368207011507011
8835,1001,13,5,0.6,0.2,1000,restricted_80,aggregation,0.8100938795482596,,,0.7376416883425216
8836,1001,13,5,0.6,0.2,1000,restricted_80,aggregation,0.8099723119629221,,,0.7365560885410886
8837,1001,13,5,0.6,0.2,1000,restricted_80,aggregation,0.8102203927615448,,,0.7376889882339882
8838,1001,13,5,0.6,0.2,1000,restricted_80,aggregation,0.8100910533808953,,,0.7373954007412341
8839,1001,13,5,0.6,0.2,1000,restricted_80,aggregation,0.810050274017309,,,0.7376575218762719
8840,1001,13,5,0.6,0.2,1000,restricted_80,aggregation,0.809927153951466,,,0.7376578491878493
8841,1001,13,5,0.6,0.2,1000,restricted_80,aggregation,0.8098941532318475,,,0.7375622257526424
8842,1001,13,5,0.6,0.2,1000,restricted_80,aggregation,0.8101136861232223,,,0.7376263805638805
8843,1001,13,5,0.6,0.2,1000,restricted_80,aggregation,0.8101432358460731,,,0.7376265657798992
8844,1001,13,5,0.6,0.2,1000,restricted_80,aggregation,0.8099851049617859,,,0.7372815012919179
8845,1001,13,5,0.6,0.2,1000,restricted_80,aggregation,0.8101049023107931,,,0.7376281205831207
8846,1001,13,5,0.6,0.2,1000,restricted_80,aggregation,0.8102883062533133,,,0.7374904768996436
8847,1001,13,5,0.6,0.2,1000,restricted_80,aggregation,0.8101015491018905,,,0.737488703780787
8848,1001,13,5,0.6,0.2,1000,restricted_80,aggregation,0.8101288574147666,,,0.7377429557479557
8849,1001,13,5,0.6,0.2,1000,restricted_80,aggregation,0.809979191726339,,,0.7369239737885571
8850,1001,13,5,0.6,0.2,1000,restricted_80,aggregation,0.8101141350258445,,,0.7377708878929712
8851,1001,13,5,0.6,0.2,1000,restricted_80,aggregation,0.8101370861890238,,,0.7376505989535156
8852,1001,13,5,0.6,0.2,1000,restricted_80,aggregation,0.8099793538028588,,,0.7371879381575214
8853,1001,13,5,0.6,0.2,1000,restricted_80,aggregation,0.809936713244482,,,0.7370409666413832
8854,1001,13,5,0.6,0.2,1000,restricted_80,aggregation,0.8097208472726669,,,0.7365057957012123
8855,1001,13,5,0.6,0.2,1000,restricted_80,aggregation,0.8099849905719361,,,0.7374256802919302
8856,1001,13,5,0.6,0.2,1000,restricted_80,aggregation,0.8100823345801598,,,0.7374259952084952
8857,1001,13,5,0.6,0.2,1000,restricted_80,aggregation,0.8100130394892506,,,0.7372226548605715
8858,1001,13,5,0.6,0.2,1000,restricted_80,aggregation,0.8100434850732584,,,0.7373918180893181
8859,1001,13,5,0.6,0.2,1000,restricted_80,aggregation,0.8098145676484433,,,0.7367902967557134
8860,1001,13,5,0.6,0.2,1000,restricted_80,aggregation,0.8099948680410762,,,0.7374164881569049
8861,1001,13,5,0.6,0.2,1000,restricted_80,aggregation,0.809899320637872,,,0.7370924088103256
8862,1001,13,5,0.6,0.2,1000,restricted_80,aggregation,0.8102159777720298,,,0.7377809682909683
8863,1001,13,5,0.6,0.2,1000,restricted_80,aggregation,0.8101403420515679,,,0.737382069581653
8864,1001,13,5,0.6,0.2,1000,restricted_80,aggregation,0.809702944120189,,,0.7365264227439228
8865,1001,13,5,0.6,0.2,1000,restricted_80,aggregation,0.8097505211127648,,,0.7370020141586808
8866,1001,13,5,0.6,0.2,1000,restricted_80,aggregation,0.8101350713519357,,,0.7378557088436255
8867,1001,13,5,0.6,0.2,1000,restricted_80,aggregation,0.8100321575397318,,,0.7374704341954342
8868,1001,13,5,0.6,0.2,1000,restricted_80,aggregation,0.8101295950426011,,,0.737371517880268
8869,1001,13,5,0.6,0.2,1000,restricted_80,aggregation,0.8100042301595266,,,0.7366204381112715
8870,1001,13,5,0.6,0.2,1000,restricted_80,aggregation,0.810119348643964,,,0.7382048094343927
8871,1001,13,5,0.6,0.2,1000,restricted_80,aggregation,0.8099955689917342,,,0.7367194872719873
8872,1001,13,5,0.6,0.2,1000,restricted_80,aggregation,0.8095544949946744,,,0.7357280001480002
8873,1001,13,5,0.6,0.2,1000,restricted_80,aggregation,0.8101334475566473,,,0.7372336180640348
8874,1001,13,5,0.6,0.2,1000,restricted_80,aggregation,0.8100212158184275,,,0.7368522391651557
8875,1001,13,5,0.6,0.2,1000,restricted_80,aggregation,0.8100206809816917,,,0.737904465457382
8876,1001,13,5,0.6,0.2,1000,restricted_80,aggregation,0.8100394766375247,,,0.7376678265561599
8877,1001,13,5,0.6,0.2,1000,restricted_80,aggregation,0.8103227543350763,,,0.7377018389480889
8878,1001,13,5,0.6,0.2,1000,restricted_80,aggregation,0.8097489511094674,,,0.7371184193738359
8879,1001,13,5,0.6,0.2,1000,restricted_80,aggregation,0.8101514431755554,,,0.7378806244989579
8880,1001,13,5,0.6,0.2,1000,restricted_80,aggregation,0.8101633558111264,,,0.7372215749682417
8881,1001,13,5,0.6,0.2,1000,restricted_80,aggregation,0.8097206374894977,,,0.7363576334930503
8882,1001,13,5,0.6,0.2,1000,restricted_80,aggregation,0.8103122171279299,,,0.7378103888549722
8883,1001,13,5,0.6,0.2,1000,restricted_80,aggregation,0.8101785429540884,,,0.736952018999519
8884,1001,13,5,0.6,0.2,1000,restricted_80,aggregation,0.8099034836415766,,,0.737107195659279
8885,1001,13,5,0.6,0.2,1000,restricted_80,aggregation,0.8103514418400357,,,0.7377325920530087
8886,1001,13,5,0.6,0.2,1000,restricted_80,aggregation,0.8103138678940118,,,0.7382087333345667
8887,1001,13,5,0.6,0.2,1000,restricted_80,aggregation,0.8102409903859442,,,0.7380790400032067
8888,1001,13,5,0.6,0.2,1000,restricted_80,aggregation,0.8097911870100821,,,0.7375245957129289
8889,1001,13,5,0.6,0.2,1000,restricted_80,aggregation,0.8098417043618563,,,0.737087244684328
8890,1001,13,5,0.6,0.2,1000,restricted_80,aggregation,0.8101263976389825,,,0.7372722384559885
8891,1001,13,5,0.6,0.2,1000,restricted_80,aggregation,0.809906314375092,,,0.7370105084267584
8892,1001,13,5,0.6,0.2,1000,restricted_80,aggregation,0.8100693912317477,,,0.7368630493580494
8893,1001,13,5,0.6,0.2,1000,restricted_80,aggregation,0.8102786812403797,,,0.7376665388623722
8894,1001,13,5,0.6,0.2,1000,restricted_80,aggregation,0.8103938859786062,,,0.7376543677156178
8895,1001,13,5,0.6,0.2,1000,restricted_80,aggregation,0.8099222883573978,,,0.7379287362637362
8896,1001,13,5,0.6,0.2,1000,restricted_80,aggregation,0.8100338020469213,,,0.7368770593295593
8897,1001,13,5,0.6,0.2,1000,restricted_80,aggregation,0.8100322711417575,,,0.737617245994746
8898,1001,13,5,0.6,0.2,1000,restricted_80,aggregation,0.8101266690292174,,,0.737202901327068
8899,1001,13,5,0.6,0.2,1000,restricted_80,aggregation,0.8100300350800727,,,0.7369724267553436
8900,1001,13,5,0.6,0.2,1000,restricted_80,aggregation,0.8100576664937397,,,0.7371928174603175
8901,1001,13,5,0.6,0.2,1000,restricted_80,aggregation,0.8096992150626952,,,0.7370721222758723
8902,1001,13,5,0.6,0.2,1000,restricted_80,aggregation,0.8101756184213397,,,0.7373877966169632
8903,1001,13,5,0.6,0.2,1000,restricted_80,aggregation,0.8099153066807054,,,0.736977310390227
8904,1001,13,5,0.6,0.2,1000,restricted_80,aggregation,0.8099731851033651,,,0.7368510792294125
8905,1001,13,5,0.6,0.2,1000,restricted_80,aggregation,0.8101595387377656,,,0.7372475756034089
8906,1001,13,5,0.6,0.2,1000,restricted_80,aggregation,0.8102179946568351,,,0.7370744460015294
8907,1001,13,5,0.6,0.2,1000,restricted_80,aggregation,0.8099764059427221,,,0.7372208407487575
8908,1001,13,5,0.6,0.2,1000,restricted_80,aggregation,0.809830197824168,,,0.7369148536340203
8909,1001,13,5,0.6,0.2,1000,restricted_80,aggregation,0.8095377146908702,,,0.7362129328541829
8910,1001,13,5,0.6,0.2,1000,restricted_80,aggregation,0.8099921198190576,,,0.7368679660771327
8911,1001,13,5,0.6,0.2,1000,restricted_80,aggregation,0.8101692893142938,,,0.7380560120589287
8912,1001,13,5,0.6,0.2,1000,restricted_80,aggregation,0.8101825116032896,,,0.7374173114231448
8913,1001,13,5,0.6,0.2,1000,restricted_80,aggregation,0.8102834411947845,,,0.7382247990743824
8914,1001,13,5,0.6,0.2,1000,restricted_80,aggregation,0.8100418822226005,,,0.7383206040101873
8915,1001,13,5,0.6,0.2,1000,restricted_80,aggregation,0.8100694635952491,,,0.7376004765913099
8916,1001,13,5,0.6,0.2,1000,restricted_80,aggregation,0.8098978850873667,,,0.7375304573667074
8917,1001,13,5,0.6,0.2,1000,restricted_80,aggregation,0.8099212093514166,,,0.7370605363463697
8918,1001,13,5,0.6,0.2,1000,restricted_80,aggregation,0.8098528086897766,,,0.7372213467242634
8919,1001,13,5,0.6,0.2,1000,restricted_80,aggregation,0.809888679122037,,,0.7367923820777986
8920,1001,13,5,0.6,0.2,1000,restricted_80,aggregation,0.8099839102660779,,,0.7376576492180659
8921,1001,13,5,0.6,0.2,1000,restricted_80,aggregation,0.8100110918669379,,,0.7372340545565547
8922,1001,13,5,0.6,0.2,1000,restricted_80,aggregation,0.8100041069061148,,,0.7374082282378116
8923,1001,13,5,0.6,0.2,1000,restricted_80,aggregation,0.8102565192044014,,,0.7378845919820921
8924,1001,13,5,0.6,0.2,1000,restricted_80,aggregation,0.8100325648843465,,,0.7371489761318929
8925,1001,13,5,0.6,0.2,1000,restricted_80,aggregation,0.8100807045018465,,,0.7375835918865087
8926,1001,13,5,0.6,0.2,1000,restricted_80,aggregation,0.8096753922463857,,,0.7370767064417064
8927,1001,13,5,0.6,0.2,1000,restricted_80,aggregation,0.8098678675313083,,,0.7373043894993895
8928,1001,13,5,0.6,0.2,1000,restricted_80,aggregation,0.8101336529878342,,,0.7373737478879145
8929,1001,13,5,0.6,0.2,1000,restricted_80,aggregation,0.8101179976514273,,,0.737397710314377
8930,1001,13,5,0.6,0.2,1000,restricted_80,aggregation,0.8098325144117624,,,0.7368160801235802
8931,1001,13,5,0.6,0.2,1000,restricted_80,aggregation,0.810467065021308,,,0.7380078634482802
8932,1001,13,5,0.6,0.2,1000,restricted_80,aggregation,0.8101028083758753,,,0.737299247727581
8933,1001,13,5,0.6,0.2,1000,restricted_80,aggregation,0.8098451267935594,,,0.7367804763754765
8934,1001,13,5,0.6,0.2,1000,restricted_80,aggregation,0.8100871595080227,,,0.7373861491748992
8935,1001,13,5,0.6,0.2,1000,restricted_80,aggregation,0.8100825182276338,,,0.7369983886329721
8936,1001,13,5,0.6,0.2,1000,restricted_80,aggregation,0.8099296565029193,,,0.7375558944296443
8937,1001,13,5,0.6,0.2,1000,restricted_80,aggregation,0.8101048037480316,,,0.7371206735856736
8938,1001,13,5,0.6,0.2,1000,restricted_80,aggregation,0.8099162291989164,,,0.7371646342546342
8939,1001,13,5,0.6,0.2,1000,restricted_80,aggregation,0.8102010023597417,,,0.7375766244712078
8940,1001,13,5,0.6,0.2,1000,restricted_80,aggregation,0.8100861709100663,,,0.7372833095916429
8941,1001,13,5,0.6,0.2,1000,restricted_80,aggregation,0.8100355153154921,,,0.7374928388586721
8942,1001,13,5,0.6,0.2,1000,restricted_80,aggregation,0.8099049539028316,,,0.7363954195033362
8943,1001,13,5,0.6,0.2,1000,restricted_80,aggregation,0.8097936095152611,,,0.7372788751988751
8944,1001,13,5,0.6,0.2,1000,restricted_80,aggregation,0.8100021567610753,,,0.7370970927529261
8945,1001,13,5,0.6,0.2,1000,restricted_80,aggregation,0.8101179249473351,,,0.7381673301235802
8946,1001,13,5,0.6,0.2,1000,restricted_80,aggregation,0.8100408993972638,,,0.7370136196365363
8947,1001,13,5,0.6,0.2,1000,restricted_80,aggregation,0.8100633148024354,,,0.7373641870475204
8948,1001,13,5,0.6,0.2,1000,restricted_80,aggregation,0.8101205969241461,,,0.7375663024321357
8949,1001,13,5,0.6,0.2,1000,restricted_80,aggregation,0.8103384459675045,,,0.7380633971583973
8950,1001,13,5,0.6,0.2,1000,restricted_80,aggregation,0.8101246131532853,,,0.7373007203598869
8951,1001,13,5,0.6,0.2,1000,restricted_80,aggregation,0.8099998095118404,,,0.7371933055833056
8952,1001,13,5,0.6,0.2,1000,restricted_80,aggregation,0.8099629189891226,,,0.7371454140149973
8953,1001,13,5,0.6,0.2,1000,restricted_80,aggregation,0.8101798683629327,,,0.7375878165815666
8954,1001,13,5,0.6,0.2,1000,restricted_80,aggregation,0.8100062485289599,,,0.7372669878424045
8955,1001,13,5,0.6,0.2,1000,restricted_80,aggregation,0.8099375953488017,,,0.7369920886212553
8956,1001,13,5,0.6,0.2,1000,restricted_80,aggregation,0.810122036194032,,,0.7371838415905082
8957,1001,13,5,0.6,0.2,1000,restricted_80,aggregation,0.8100544386298906,,,0.7382779670638003
8958,1001,13,5,0.6,0.2,1000,restricted_80,aggregation,0.8099382323279246,,,0.737078852752186
8959,1001,13,5,0.6,0.2,1000,restricted_80,aggregation,0.8102744871436729,,,0.7384975370154537
8960,1001,13,5,0.6,0.2,1000,restricted_80,aggregation,0.8099899537526395,,,0.737140090634674
8961,1001,13,5,0.6,0.2,1000,restricted_80,aggregation,0.8098429584782518,,,0.7373572355114022
8962,1001,13,5,0.6,0.2,1000,restricted_80,aggregation,0.8098635022757699,,,0.7368336640519975
8963,1001,13,5,0.6,0.2,1000,restricted_80,aggregation,0.8100704447464372,,,0.7370137773646106
8964,1001,13,5,0.6,0.2,1000,restricted_80,aggregation,0.8102798849284175,,,0.7382336628186629
8965,1001,13,5,0.6,0.2,1000,restricted_80,aggregation,0.8098071630278488,,,0.7372737801704468
8966,1001,13,5,0.6,0.2,1000,restricted_80,aggregation,0.809858910840049,,,0.7364678790499624
8967,1001,13,5,0.6,0.2,1000,restricted_80,aggregation,0.8101898554592514,,,0.7379119230923397
8968,1001,13,5,0.6,0.2,1000,restricted_80,aggregation,0.8098891893870135,,,0.7379876471676472
8969,1001,13,5,0.6,0.2,1000,restricted_80,aggregation,0.8097144595558706,,,0.7366198869957203
8970,1001,13,5,0.6,0.2,1000,restricted_80,aggregation,0.8101687176579117,,,0.7377910522039688
8971,1001,13,5,0.6,0.2,1000,restricted_80,aggregation,0.8103627548502395,,,0.7376558404712571
8972,1001,13,5,0.6,0.2,1000,restricted_80,aggregation,0.8101828510513376,,,0.737690977278894
8973,1001,13,5,0.6,0.2,1000,restricted_80,aggregation,0.809685153499042,,,0.7372757073327907
8974,1001,13,5,0.6,0.2,1000,restricted_80,aggregation,0.8103932891102885,,,0.7384033656004488
8975,1001,13,5,0.6,0.2,1000,restricted_80,aggregation,0.8102715487405622,,,0.7376567803030303
8976,1001,13,5,0.6,0.2,1000,restricted_80,aggregation,0.8099440858014287,,,0.7374699306249306
8977,1001,13,5,0.6,0.2,1000,restricted_80,aggregation,0.8099899340926303,,,0.7372379348583514
8978,1001,13,5,0.6,0.2,1000,restricted_80,aggregation,0.8101600621274226,,,0.7372239524210357
8979,1001,13,5,0.6,0.2,1000,restricted_80,aggregation,0.8100155169677649,,,0.7366980050350883
8980,1001,13,5,0.6,0.2,1000,restricted_80,aggregation,0.8101321732869791,,,0.7373158252549918
8981,1001,13,5,0.6,0.2,1000,restricted_80,aggregation,0.8100727943303899,,,0.7369919495627829
8982,1001,13,5,0.6,0.2,1000,restricted_80,aggregation,0.8101643228620276,,,0.7379819166944167
8983,1001,13,5,0.6,0.2,1000,restricted_80,aggregation,0.8096775749153415,,,0.7366036702186701
8984,1001,13,5,0.6,0.2,1000,restricted_80,aggregation,0.8101683574749761,,,0.7375521310633811
8985,1001,13,5,0.6,0.2,1000,restricted_80,aggregation,0.809994016600366,,,0.7373978493728494
8986,1001,13,5,0.6,0.2,1000,restricted_80,aggregation,0.8103349100797278,,,0.7381451507905674
8987,1001,13,5,0.6,0.2,1000,restricted_80,aggregation,0.8100892844757864,,,0.7374003332624166
8988,1001,13,5,0.6,0.2,1000,restricted_80,aggregation,0.8098979836903818,,,0.7367735830835831
8989,1001,13,5,0.6,0.2,1000,restricted_80,aggregation,0.8095792839907952,,,0.7362583220483221
8990,1001,13,5,0.6,0.2,1000,restricted_80,aggregation,0.810051983953439,,,0.7369491771500105
8991,1001,13,5,0.6,0.2,1000,restricted_80,aggregation,0.8099712602567418,,,0.7374258521416855
8992,1001,13,5,0.6,0.2,1000,restricted_80,aggregation,0.8102740422014129,,,0.7383593122463956
8993,1001,13,5,0.6,0.2,1000,restricted_80,aggregation,0.8102210029145517,,,0.7374883186412353
8994,1001,13,5,0.6,0.2,1000,restricted_80,aggregation,0.8099168089250736,,,0.7370213105413105
8995,1001,13,5,0.6,0.2,1000,restricted_80,aggregation,0.8102046016736459,,,0.7375026441151441
8996,1001,13,5,0.6,0.2,1000,restricted_80,aggregation,0.8102746782250767,,,0.7380100550683885
8997,1001,13,5,0.6,0.2,1000,restricted_80,aggregation,0.8100954161893258,,,0.7373134493592828
8998,1001,13,5,0.6,0.2,1000,restricted_80,aggregation,0.8100461081338471,,,0.736981465309382
8999,1001,13,5,0.6,0.2,1000,restricted_80,aggregation,0.8100878795040948,,,0.7374377215068881
9000,1001,13,5,0.6,0.2,1000,restricted_90,aggregation,0.8111309154805147,,,0.7489230100300933
9001,1001,13,5,0.6,0.2,1000,restricted_90,aggregation,0.8112652146893661,,,0.7494129273041773
9002,1001,13,5,0.6,0.2,1000,restricted_90,aggregation,0.8111417088841029,,,0.7498131839302673
9003,1001,13,5,0.6,0.2,1000,restricted_90,aggregation,0.8111982499815255,,,0.750089639789223
9004,1001,13,5,0.6,0.2,1000,restricted_90,aggregation,0.8113481075581462,,,0.7493516837946005
9005,1001,13,5,0.6,0.2,1000,restricted_90,aggregation,0.8112673253086061,,,0.7491173306939973
9006,1001,13,5,0.6,0.2,1000,restricted_90,aggregation,0.8110397167685482,,,0.7492072253518087
9007,1001,13,5,0.6,0.2,1000,restricted_90,aggregation,0.8112815928633601,,,0.7495703028453029
9008,1001,13,5,0.6,0.2,1000,restricted_90,aggregation,0.8111729212076867,,,0.7490106258093758
9009,1001,13,5,0.6,0.2,1000,restricted_90,aggregation,0.8112233074999615,,,0.749529477004477
9010,1001,13,5,0.6,0.2,1000,restricted_90,aggregation,0.8112305702469907,,,0.7492756167752
9011,1001,13,5,0.6,0.2,1000,restricted_90,aggregation,0.8112414570126086,,,0.7504218132022299
9012,1001,13,5,0.6,0.2,1000,restricted_90,aggregation,0.8112931157733,,,0.7494563292571627
9013,1001,13,5,0.6,0.2,1000,restricted_90,aggregation,0.8113323113784324,,,0.7499728233803233
9014,1001,13,5,0.6,0.2,1000,restricted_90,aggregation,0.8111602230120529,,,0.750515630311047
9015,1001,13,5,0.6,0.2,1000,restricted_90,aggregation,0.8112908178301788,,,0.7502389165001664
9016,1001,13,5,0.6,0.2,1000,restricted_90,aggregation,0.8112094161634006,,,0.7494511471090638
9017,1001,13,5,0.6,0.2,1000,restricted_90,aggregation,0.8113859375226808,,,0.7495646575338243
9018,1001,13,5,0.6,0.2,1000,restricted_90,aggregation,0.8111481537981838,,,0.7503207572828406
9019,1001,13,5,0.6,0.2,1000,restricted_90,aggregation,0.8110627070343684,,,0.7498234203913371
9020,1001,13,5,0.6,0.2,1000,restricted_90,aggregation,0.811189052105485,,,0.7492225130887631
9021,1001,13,5,0.6,0.2,1000,restricted_90,aggregation,0.8114526214344827,,,0.7498426745014245
9022,1001,13,5,0.6,0.2,1000,restricted_90,aggregation,0.8110833879692615,,,0.7491040735653235
9023,1001,13,5,0.6,0.2,1000,restricted_90,aggregation,0.8110208634374823,,,0.7494615760936594
9024,1001,13,5,0.6,0.2,1000,restricted_90,aggregation,0.8113120994066569,,,0.7494419100960767
9025,1001,13,5,0.6,0.2,1000,restricted_90,aggregation,0.811273284262498,,,0.7500558256558256
9026,1001,13,5,0.6,0.2,1000,restricted_90,aggregation,0.8111785568979654,,,0.7498320017482517
9027,1001,13,5,0.6,0.2,1000,restricted_90,aggregation,0.8113175899932298,,,0.7497362829916996
9028,1001,13,5,0.6,0.2,1000,restricted_90,aggregation,0.8112808927316258,,,0.750094157678741
9029,1001,13,5,0.6,0.2,1000,restricted_90,aggregation,0.8113915327861887,,,0.7493150594313094
9030,1001,13,5,0.6,0.2,1000,restricted_90,aggregation,0.8112003233113271,,,0.7498730958547626
9031,1001,13,5,0.6,0.2,1000,restricted_90,aggregation,0.8113285101461596,,,0.7491394943636609
9032,1001,13,5,0.6,0.2,1000,restricted_90,aggregation,0.8111727470590153,,,0.7491799470282803
9033,1001,13,5,0.6,0.2,1000,restricted_90,aggregation,0.8113843603869192,,,0.7491914654327153
9034,1001,13,5,0.6,0.2,1000,restricted_90,aggregation,0.8112407250128365,,,0.748806937969438
9035,1001,13,5,0.6,0.2,1000,restricted_90,aggregation,0.811275971924487,,,0.7494628255232423
9036,1001,13,5,0.6,0.2,1000,restricted_90,aggregation,0.811115587791671,,,0.7502215663811497
9037,1001,13,5,0.6,0.2,1000,restricted_90,aggregation,0.8113256251113049,,,0.7496285679444012
9038,1001,13,5,0.6,0.2,1000,restricted_90,aggregation,0.8110842678740907,,,0.7495370482912149
9039,1001,13,5,0.6,0.2,1000,restricted_90,aggregation,0.811355837893639,,,0.7498971097575264
9040,1001,13,5,0.6,0.2,1000,restricted_90,aggregation,0.8114986326757585,,,0.7497329684513018
9041,1001,13,5,0.6,0.2,1000,restricted_90,aggregation,0.8110658625721721,,,0.749355470625054
9042,1001,13,5,0.6,0.2,1000,restricted_90,aggregation,0.8111390651208353,,,0.749755601312268
9043,1001,13,5,0.6,0.2,1000,restricted_90,aggregation,0.8111675040397974,,,0.7495050840363341
9044,1001,13,5,0.6,0.2,1000,restricted_90,aggregation,0.811218424314056,,,0.7490197075763743
9045,1001,13,5,0.6,0.2,1000,restricted_90,aggregation,0.8114115602365001,,,0.749199396806897
9046,1001,13,5,0.6,0.2,1000,restricted_90,aggregation,0.8114263513150748,,,0.7497004250379251
9047,1001,13,5,0.6,0.2,1000,restricted_90,aggregation,0.8111893814698022,,,0.7499858177933179
9048,1001,13,5,0.6,0.2,1000,restricted_90,aggregation,0.8109885676506545,,,0.7497393068043068
9049,1001,13,5,0.6,0.2,1000,restricted_90,aggregation,0.8108249947094186,,,0.7484634128525794
9050,1001,13,5,0.6,0.2,1000,restricted_90,aggregation,0.8112262265077695,,,0.7492949940491608
9051,1001,13,5,0.6,0.2,1000,restricted_90,aggregation,0.8113315982192076,,,0.7498061532911534
9052,1001,13,5,0.6,0.2,1000,restricted_90,aggregation,0.8110412267304802,,,0.7496370683329017
9053,1001,13,5,0.6,0.2,1000,restricted_90,aggregation,0.8110730634639981,,,0.7490044497940331
9054,1001,13,5,0.6,0.2,1000,restricted_90,aggregation,0.8109272033308965,,,0.7494827404848238
9055,1001,13,5,0.6,0.2,1000,restricted_90,aggregation,0.8111211240051482,,,0.7492635278918612
9056,1001,13,5,0.6,0.2,1000,restricted_90,aggregation,0.8113519611341926,,,0.7501630007492507
9057,1001,13,5,0.6,0.2,1000,restricted_90,aggregation,0.8111865175189248,,,0.7489892123308789
9058,1001,13,5,0.6,0.2,1000,restricted_90,aggregation,0.811353796281837,,,0.7491947707693541
9059,1001,13,5,0.6,0.2,1000,restricted_90,aggregation,0.8111739738338827,,,0.7495905195576029
9060,1001,13,5,0.6,0.2,1000,restricted_90,aggregation,0.8110749606056988,,,0.7496498528631862
9061,1001,13,5,0.6,0.2,1000,restricted_90,aggregation,0.8112254830441236,,,0.7502366814358481
9062,1001,13,5,0.6,0.2,1000,restricted_90,aggregation,0.8110134695591643,,,0.7498856889561056
9063,1001,13,5,0.6,0.2,1000,restricted_90,aggregation,0.8114349099955896,,,0.7492814358018524
9064,1001,13,5,0.6,0.2,1000,restricted_90,aggregation,0.8112332633204701,,,0.7495415116827616
9065,1001,13,5,0.6,0.2,1000,restricted_90,aggregation,0.8113587246732996,,,0.7492339759314759
9066,1001,13,5,0.6,0.2,1000,restricted_90,aggregation,0.8113637593617424,,,0.7491941259820426
9067,1001,13,5,0.6,0.2,1000,restricted_90,aggregation,0.8111482160221241,,,0.7495138680917848
9068,1001,13,5,0.6,0.2,1000,restricted_90,aggregation,0.8111844801774515,,,0.7492931148789481
9069,1001,13,5,0.6,0.2,1000,restricted_90,aggregation,0.8110410226849258,,,0.7491670006228339
9070,1001,13,5,0.6,0.2,1000,restricted_90,aggregation,0.8110919675887175,,,0.7492700761892428
9071,1001,13,5,0.6,0.2,1000,restricted_90,aggregation,0.8112105881804023,,,0.7489700922225921
9072,1001,13,5,0.6,0.2,1000,restricted_90,aggregation,0.8112908230565403,,,0.7494601549530717
9073,1001,13,5,0.6,0.2,1000,restricted_90,aggregation,0.8110049333231643,,,0.7491848251285751
9074,1001,13,5,0.6,0.2,1000,restricted_90,aggregation,0.8112577797126628,,,0.7495003110007276
9075,1001,13,5,0.6,0.2,1000,restricted_90,aggregation,0.8114709143060742,,,0.7492405960860128
9076,1001,13,5,0.6,0.2,1000,restricted_90,aggregation,0.8109844798161526,,,0.7486087885108718
9077,1001,13,5,0.6,0.2,1000,restricted_90,aggregation,0.8114788489304031,,,0.7488936250940418
9078,1001,13,5,0.6,0.2,1000,restricted_90,aggregation,0.8112286739293714,,,0.749747620789704
9079,1001,13,5,0.6,0.2,1000,restricted_90,aggregation,0.8111578720213579,,,0.7496213995263995
9080,1001,13,5,0.6,0.2,1000,restricted_90,aggregation,0.8110871389492473,,,0.7497391017624351
9081,1001,13,5,0.6,0.2,1000,restricted_90,aggregation,0.8111930994621995,,,0.7484742844655343
9082,1001,13,5,0.6,0.2,1000,restricted_90,aggregation,0.8111937880180273,,,0.7495678880224714
9083,1001,13,5,0.6,0.2,1000,restricted_90,aggregation,0.8113060173040169,,,0.7500586753678421
9084,1001,13,5,0.6,0.2,1000,restricted_90,aggregation,0.8110557302298032,,,0.7495085930581763
9085,1001,13,5,0.6,0.2,1000,restricted_90,aggregation,0.8108399356377338,,,0.7498593443593443
9086,1001,13,5,0.6,0.2,1000,restricted_90,aggregation,0.8114030318336825,,,0.7496502953836287
9087,1001,13,5,0.6,0.2,1000,restricted_90,aggregation,0.8112356428436818,,,0.7495536771253438
9088,1001,13,5,0.6,0.2,1000,restricted_90,aggregation,0.8114697812010843,,,0.7504044910336577
9089,1001,13,5,0.6,0.2,1000,restricted_90,aggregation,0.811024303631051,,,0.7493619838340672
9090,1001,13,5,0.6,0.2,1000,restricted_90,aggregation,0.8112603912117401,,,0.7486124334924336
9091,1001,13,5,0.6,0.2,1000,restricted_90,aggregation,0.8112613942685709,,,0.7492165444740444
9092,1001,13,5,0.6,0.2,1000,restricted_90,aggregation,0.8110182517040706,,,0.7492138178642345
9093,1001,13,5,0.6,0.2,1000,restricted_90,aggregation,0.8111675072305243,,,0.7487000357975357
9094,1001,13,5,0.6,0.2,1000,restricted_90,aggregation,0.8112142687005779,,,0.7492706438160605
9095,1001,13,5,0.6,0.2,1000,restricted_90,aggregation,0.811392846825598,,,0.7496492654413488
9096,1001,13,5,0.6,0.2,1000,restricted_90,aggregation,0.8110799590823702,,,0.7497088945776446
9097,1001,13,5,0.6,0.2,1000,restricted_90,aggregation,0.811208185101917,,,0.7497620894229227
9098,1001,13,5,0.6,0.2,1000,restricted_90,aggregation,0.8112864747726922,,,0.7500077331773165
9099,1001,13,5,0.6,0.2,1000,restricted_90,aggregation,0.8111975439772845,,,0.7501509790209789
9100,1001,13,5,0.6,0.2,1000,restricted_90,aggregation,0.8113745748843751,,,0.7495289063251563
9101,1001,13,5,0.6,0.2,1000,restricted_90,aggregation,0.8111798335591014,,,0.749253090212257
9102,1001,13,5,0.6,0.2,1000,restricted_90,aggregation,0.81110147607959,,,0.7493540388469556
9103,1001,13,5,0.6,0.2,1000,restricted_90,aggregation,0.8111886661391479,,,0.7500392500863334
9104,1001,13,5,0.6,0.2,1000,restricted_90,aggregation,0.8110694164537449,,,0.7496718009305509
9105,1001,13,5,0.6,0.2,1000,restricted_90,aggregation,0.8110916170697484,,,0.7494526827647661
9106,1001,13,5,0.6,0.2,1000,restricted_90,aggregation,0.8113327656187838,,,0.7496524779695614
9107,1001,13,5,0.6,0.2,1000,restricted_90,aggregation,0.8112913374278314,,,0.7493301993376994
9108,1001,13,5,0.6,0.2,1000,restricted_90,aggregation,0.8112832991037517,,,0.7485889762398096
9109,1001,13,5,0.6,0.2,1000,restricted_90,aggregation,0.8110029334579583,,,0.7492076978731145
9110,1001,13,5,0.6,0.2,1000,restricted_90,aggregation,0.8113678898506654,,,0.7497164904385737
9111,1001,13,5,0.6,0.2,1000,restricted_90,aggregation,0.8115179789688529,,,0.7497505787268288
9112,1001,13,5,0.6,0.2,1000,restricted_90,aggregation,0.8110182310825937,,,0.7494960881402548
9113,1001,13,5,0.6,0.2,1000,restricted_90,aggregation,0.8110943468424958,,,0.7495302710406877
9114,1001,13,5,0.6,0.2,1000,restricted_90,aggregation,0.8113265795809177,,,0.7496250823096656
9115,1001,13,5,0.6,0.2,1000,restricted_90,aggregation,0.8111872846718574,,,0.74939870669454
9116,1001,13,5,0.6,0.2,1000,restricted_90,aggregation,0.8112530071121092,,,0.7490165348077847
9117,1001,13,5,0.6,0.2,1000,restricted_90,aggregation,0.8109595538416242,,,0.7490968567851901
9118,1001,13,5,0.6,0.2,1000,restricted_90,aggregation,0.8113153030357089,,,0.7497446439054772
9119,1001,13,5,0.6,0.2,1000,restricted_90,aggregation,0.8113035391180691,,,0.749018743941244
9120,1001,13,5,0.6,0.2,1000,restricted_90,aggregation,0.8113916369064788,,,0.7500003906433073
9121,1001,13,5,0.6,0.2,1000,restricted_90,aggregation,0.8110284577753218,,,0.7494275464812965
9122,1001,13,5,0.6,0.2,1000,restricted_90,aggregation,0.8111958404339911,,,0.7487738722851223
9123,1001,13,5,0.6,0.2,1000,restricted_90,aggregation,0.8112603896133476,,,0.7495042336213169
9124,1001,13,5,0.6,0.2,1000,restricted_90,aggregation,0.8112625361578352,,,0.7496323268089934
9125,1001,13,5,0.6,0.2,1000,restricted_90,aggregation,0.8111510362022735,,,0.7495890208556876
9126,1001,13,5,0.6,0.2,1000,restricted_90,aggregation,0.811391638963465,,,0.7500528024290525
9127,1001,13,5,0.6,0.2,1000,restricted_90,aggregation,0.8113682028554536,,,0.749695096308013
9128,1001,13,5,0.6,0.2,1000,restricted_90,aggregation,0.8112960403441666,,,0.7492325151545984
9129,1001,13,5,0.6,0.2,1000,restricted_90,aggregation,0.8112562010769097,,,0.7495837362637362
9130,1001,13,5,0.6,0.2,1000,restricted_90,aggregation,0.810976991466096,,,0.7493259671655506
9131,1001,13,5,0.6,0.2,1000,restricted_90,aggregation,0.8109877568362349,,,0.7500437989325488
9132,1001,13,5,0.6,0.2,1000,restricted_90,aggregation,0.8112341380114771,,,0.7489243604389436
9133,1001,13,5,0.6,0.2,1000,restricted_90,aggregation,0.8112934595509594,,,0.7497402162806329
9134,1001,13,5,0.6,0.2,1000,restricted_90,aggregation,0.8114336683668519,,,0.7494873680640347
9135,1001,13,5,0.6,0.2,1000,restricted_90,aggregation,0.8113341900770986,,,0.7496856771777605
9136,1001,13,5,0.6,0.2,1000,restricted_90,aggregation,0.81114564090728,,,0.7495816489374822
9137,1001,13,5,0.6,0.2,1000,restricted_90,aggregation,0.8111531809571644,,,0.7500052483473317
9138,1001,13,5,0.6,0.2,1000,restricted_90,aggregation,0.8110055091381883,,,0.7496141298978799
9139,1001,13,5,0.6,0.2,1000,restricted_90,aggregation,0.8110023100402292,,,0.7493994921436589
9140,1001,13,5,0.6,0.2,1000,restricted_90,aggregation,0.811015228771275,,,0.7490318322726656
9141,1001,13,5,0.6,0.2,1000,restricted_90,aggregation,0.8112470505450631,,,0.7503898391577557
9142,1001,13,5,0.6,0.2,1000,restricted_90,aggregation,0.8110723886943422,,,0.7494131358302192
9143,1001,13,5,0.6,0.2,1000,restricted_90,aggregation,0.8111336762859617,,,0.7490075729363229
9144,1001,13,5,0.6,0.2,1000,restricted_90,aggregation,0.8113145846248633,,,0.7496857905212072
9145,1001,13,5,0.6,0.2,1000,restricted_90,aggregation,0.8111255980778609,,,0.7494679922084089
9146,1001,13,5,0.6,0.2,1000,restricted_90,aggregation,0.811355233800515,,,0.7491627670631837
9147,1001,13,5,0.6,0.2,1000,restricted_90,aggregation,0.811175113801007,,,0.7491080411717912
9148,1001,13,5,0.6,0.2,1000,restricted_90,aggregation,0.810877145606845,,,0.7480882089207089
9149,1001,13,5,0.6,0.2,1000,restricted_90,aggregation,0.8113926228555469,,,0.7493040607848941
9150,1001,13,5,0.6,0.2,1000,restricted_90,aggregation,0.811160974404313,,,0.7497376582522417
9151,1001,13,5,0.6,0.2,1000,restricted_90,aggregation,0.8111522626896026,,,0.7489942645780147
9152,1001,13,5,0.6,0.2,1000,restricted_90,aggregation,0.811233049277497,,,0.7494920844741677
9153,1001,13,5,0.6,0.2,1000,restricted_90,aggregation,0.8112431452898097,,,0.7494383255633256
9154,1001,13,5,0.6,0.2,1000,restricted_90,aggregation,0.8111214965036965,,,0.7494832185407185
9155,1001,13,5,0.6,0.2,1000,restricted_90,aggregation,0.8109719301324523,,,0.7492860044122545
9156,1001,13,5,0.6,0.2,1000,restricted_90,aggregation,0.811215682722992,,,0.7496130172451005
9157,1001,13,5,0.6,0.2,1000,restricted_90,aggregation,0.8113825825962777,,,0.7496619949803284
9158,1001,13,5,0.6,0.2,1000,restricted_90,aggregation,0.8113345766625705,,,0.7491450532646365
9159,1001,13,5,0.6,0.2,1000,restricted_90,aggregation,0.8111708116632834,,,0.749683765370432
9160,1001,13,5,0.6,0.2,1000,restricted_90,aggregation,0.8110918716096644,,,0.7496784151342485
9161,1001,13,5,0.6,0.2,1000,restricted_90,aggregation,0.8113793564054167,,,0.7494225132275133
9162,1001,13,5,0.6,0.2,1000,restricted_90,aggregation,0.8111106392082919,,,0.7496456929952764
9163,1001,13,5,0.6,0.2,1000,restricted_90,aggregation,0.8113634692015304,,,0.7501884120817452
9164,1001,13,5,0.6,0.2,1000,restricted_90,aggregation,0.8111665828705948,,,0.749543374912125
9165,1001,13,5,0.6,0.2,1000,restricted_90,aggregation,0.81094022263461,,,0.7490112497841664
9166,1001,13,5,0.6,0.2,1000,restricted_90,aggregation,0.8110231546070266,,,0.7489963997884831
9167,1001,13,5,0.6,0.2,1000,restricted_90,aggregation,0.8112511396363743,,,0.7492270382395382
9168,1001,13,5,0.6,0.2,1000,restricted_90,aggregation,0.8112462363075413,,,0.7495978757662091
9169,1001,13,5,0.6,0.2,1000,restricted_90,aggregation,0.811146510314201,,,0.7499678960545628
9170,1001,13,5,0.6,0.2,1000,restricted_90,aggregation,0.8110357729455967,,,0.7498893719089553
9171,1001,13,5,0.6,0.2,1000,restricted_90,aggregation,0.8111355701741264,,,0.7496612368958202
9172,1001,13,5,0.6,0.2,1000,restricted_90,aggregation,0.8109633998847477,,,0.7492069048389882
9173,1001,13,5,0.6,0.2,1000,restricted_90,aggregation,0.8110452508921849,,,0.7497411892120225
9174,1001,13,5,0.6,0.2,1000,restricted_90,aggregation,0.811050439499957,,,0.7493174108453275
9175,1001,13,5,0.6,0.2,1000,restricted_90,aggregation,0.8114243549543114,,,0.7494233117808117
9176,1001,13,5,0.6,0.2,1000,restricted_90,aggregation,0.8113623642877593,,,0.7495220962216795
9177,1001,13,5,0.6,0.2,1000,restricted_90,aggregation,0.8109758544403585,,,0.7501484013979847
9178,1001,13,5,0.6,0.2,1000,restricted_90,aggregation,0.8108947440968596,,,0.7496348753098753
9179,1001,13,5,0.6,0.2,1000,restricted_90,aggregation,0.8113358936156103,,,0.7500223614040281
9180,1001,13,5,0.6,0.2,1000,restricted_90,aggregation,0.8111895561886113,,,0.7489584713743048
9181,1001,13,5,0.6,0.2,1000,restricted_90,aggregation,0.8112722776421222,,,0.7497139950944118
9182,1001,13,5,0.6,0.2,1000,restricted_90,aggregation,0.8109355240621436,,,0.7500549401524402
9183,1001,13,5,0.6,0.2,1000,restricted_90,aggregation,0.8112414012858262,,,0.7494015743053243
9184,1001,13,5,0.6,0.2,1000,restricted_90,aggregation,0.8112146213668495,,,0.7498433048895549
9185,1001,13,5,0.6,0.2,1000,restricted_90,aggregation,0.8113388508711389,,,0.7494333732471233
9186,1001,13,5,0.6,0.2,1000,restricted_90,aggregation,0.8114627382121142,,,0.7496272071755404
9187,1001,13,5,0.6,0.2,1000,restricted_90,aggregation,0.8109701996542105,,,0.7494185370185371
9188,1001,13,5,0.6,0.2,1000,restricted_90,aggregation,0.8110000548039031,,,0.7490356422898089
9189,1001,13,5,0.6,0.2,1000,restricted_90,aggregation,0.8113680273083935,,,0.749469305725139
9190,1001,13,5,0.6,0.2,1000,restricted_90,aggregation,0.811180191627797,,,0.7494907876228709
9191,1001,13,5,0.6,0.2,1000,restricted_90,aggregation,0.8111455842416159,,,0.7496604424125257
9192,1001,13,5,0.6,0.2,1000,restricted_90,aggregation,0.8114428591463388,,,0.750261103017353
9193,1001,13,5,0.6,0.2,1000,restricted_90,aggregation,0.8111832714510409,,,0.7499183329787495
9194,1001,13,5,0.6,0.2,1000,restricted_90,aggregation,0.8112766752347225,,,0.7496119842657343
9195,1001,13,5,0.6,0.2,1000,restricted_90,aggregation,0.8111124445484839,,,0.7493960671273171
9196,1001,13,5,0.6,0.2,1000,restricted_90,aggregation,0.8112597249990082,,,0.7496009260338427
9197,1001,13,5,0.6,0.2,1000,restricted_90,aggregation,0.8112794895239702,,,0.7490639155751655
9198,1001,13,5,0.6,0.2,1000,restricted_90,aggregation,0.8110598869976391,,,0.7498611672586672
9199,1001,13,5,0.6,0.2,1000,restricted_90,aggregation,0.8114153544820308,,,0.7493212648154315
9200,1001,13,5,0.6,0.2,1000,restricted_90,aggregation,0.8112331789910108,,,0.75006295647254
9201,1001,13,5,0.6,0.2,1000,restricted_90,aggregation,0.8113698585377814,,,0.7495657312748979
9202,1001,13,5,0.6,0.2,1000,restricted_90,aggregation,0.8110337882472892,,,0.7490796941792776
9203,1001,13,5,0.6,0.2,1000,restricted_90,aggregation,0.8110611276397957,,,0.7494725841288341
9204,1001,13,5,0.6,0.2,1000,restricted_90,aggregation,0.8113748101907103,,,0.7505450326525327
9205,1001,13,5,0.6,0.2,1000,restricted_90,aggregation,0.811050801393498,,,0.7486538260659095
9206,1001,13,5,0.6,0.2,1000,restricted_90,aggregation,0.8110267217893973,,,0.7498603670712003
9207,1001,13,5,0.6,0.2,1000,restricted_90,aggregation,0.8112182775144152,,,0.7504554771925606
9208,1001,13,5,0.6,0.2,1000,restricted_90,aggregation,0.8112135717627641,,,0.7494689328572661
9209,1001,13,5,0.6,0.2,1000,restricted_90,aggregation,0.8109906300930871,,,0.7497373535569369
9210,1001,13,5,0.6,0.2,1000,restricted_90,aggregation,0.811059946907516,,,0.7490983770550437
9211,1001,13,5,0.6,0.2,1000,restricted_90,aggregation,0.8114509806355564,,,0.7501442881963716
9212,1001,13,5,0.6,0.2,1000,restricted_90,aggregation,0.8115032054143119,,,0.7491968579260245
9213,1001,13,5,0.6,0.2,1000,restricted_90,aggregation,0.811312783940035,,,0.7496781440627274
9214,1001,13,5,0.6,0.2,1000,restricted_90,aggregation,0.8110200506330356,,,0.7485895531937199
9215,1001,13,5,0.6,0.2,1000,restricted_90,aggregation,0.8113507451096003,,,0.7493751438530606
9216,1001,13,5,0.6,0.2,1000,restricted_90,aggregation,0.8113245444931146,,,0.7492190605228105
9217,1001,13,5,0.6,0.2,1000,restricted_90,aggregation,0.8109727349337446,,,0.7498186650232483
9218,1001,13,5,0.6,0.2,1000,restricted_90,aggregation,0.8112994216437203,,,0.7497123036685536
9219,1001,13,5,0.6,0.2,1000,restricted_90,aggregation,0.8110072631281783,,,0.7501450125183459
9220,1001,13,5,0.6,0.2,1000,restricted_90,aggregation,0.8111622498902764,,,0.7500034996947497
9221,1001,13,5,0.6,0.2,1000,restricted_90,aggregation,0.8108950997987417,,,0.7496411000419333
9222,1001,13,5,0.6,0.2,1000,restricted_90,aggregation,0.811219013066187,,,0.7504027407314907
9223,1001,13,5,0.6,0.2,1000,restricted_90,aggregation,0.8113948325136127,,,0.7492325311725311
9224,1001,13,5,0.6,0.2,1000,restricted_90,aggregation,0.8110472965224821,,,0.749634913096163
9225,1001,13,5,0.6,0.2,1000,restricted_90,aggregation,0.8110520896859041,,,0.7493160465460466
9226,1001,13,5,0.6,0.2,1000,restricted_90,aggregation,0.8111364679806204,,,0.749560861330028
9227,1001,13,5,0.6,0.2,1000,restricted_90,aggregation,0.8112357555326908,,,0.7493690091544258
9228,1001,13,5,0.6,0.2,1000,restricted_90,aggregation,0.811196186768325,,,0.7492749899791566
9229,1001,13,5,0.6,0.2,1000,restricted_90,aggregation,0.8112299998452206,,,0.7485545346474514
9230,1001,13,5,0.6,0.2,1000,restricted_90,aggregation,0.8112548623527174,,,0.7494271444296445
9231,1001,13,5,0.6,0.2,1000,restricted_90,aggregation,0.8110916840163739,,,0.7491552942119608
9232,1001,13,5,0.6,0.2,1000,restricted_90,aggregation,0.8112992345146827,,,0.7500426298547131
9233,1001,13,5,0.6,0.2,1000,restricted_90,aggregation,0.8112227524885514,,,0.7495890371511205
9234,1001,13,5,0.6,0.2,1000,restricted_90,aggregation,0.8111967845442232,,,0.7493261317077985
9235,1001,13,5,0.6,0.2,1000,restricted_90,aggregation,0.8112439972415643,,,0.7488839100868268
9236,1001,13,5,0.6,0.2,1000,restricted_90,aggregation,0.8111014909253543,,,0.7498737783358618
9237,1001,13,5,0.6,0.2,1000,restricted_90,aggregation,0.8108602338166877,,,0.7489034899514067
9238,1001,13,5,0.6,0.2,1000,restricted_90,aggregation,0.8113644305738058,,,0.7492535968969303
9239,1001,13,5,0.6,0.2,1000,restricted_90,aggregation,0.811056999133327,,,0.7501453681041181
9240,1001,13,5,0.6,0.2,1000,restricted_90,aggregation,0.8113256662637192,,,0.7500773641327808
9241,1001,13,5,0.6,0.2,1000,restricted_90,aggregation,0.8112939599427902,,,0.7496226549684882
9242,1001,13,5,0.6,0.2,1000,restricted_90,aggregation,0.8109367333740799,,,0.7496511458603126
9243,1001,13,5,0.6,0.2,1000,restricted_90,aggregation,0.811045520665062,,,0.7493593685635352
9244,1001,13,5,0.6,0.2,1000,restricted_90,aggregation,0.8113467895413864,,,0.7500020540878874
9245,1001,13,5,0.6,0.2,1000,restricted_90,aggregation,0.8113210581759904,,,0.7491851880526881
9246,1001,13,5,0.6,0.2,1000,restricted_90,aggregation,0.81117534039726,,,0.7489580433917935
9247,1001,13,5,0.6,0.2,1000,restricted_90,aggregation,0.8114012846922739,,,0.749640741789075
9248,1001,13,5,0.6,0.2,1000,restricted_90,aggregation,0.811400427766097,,,0.7487202521706687
9249,1001,13,5,0.6,0.2,1000,restricted_90,aggregation,0.8113293060934288,,,0.7495374021503188
9250,1001,13,5,0.6,0.2,1000,restricted_90,aggregation,0.8109337423659945,,,0.7487549043086544
9251,1001,13,5,0.6,0.2,1000,restricted_90,aggregation,0.8110729015058049,,,0.7488090704049039
9252,1001,13,5,0.6,0.2,1000,restricted_90,aggregation,0.8110879877935794,,,0.7495152913752913
9253,1001,13,5,0.6,0.2,1000,restricted_90,aggregation,0.8111605853989468,,,0.7502280424051256
9254,1001,13,5,0.6,0.2,1000,restricted_90,aggregation,0.8115066201354371,,,0.7492060498606332
9255,1001,13,5,0.6,0.2,1000,restricted_90,aggregation,0.8113094938637506,,,0.7490819952269953
9256,1001,13,5,0.6,0.2,1000,restricted_90,aggregation,0.8109904120195117,,,0.7496570974241807
9257,1001,13,5,0.6,0.2,1000,restricted_90,aggregation,0.8111134769421902,,,0.7489485812335813
9258,1001,13,5,0.6,0.2,1000,restricted_90,aggregation,0.8113242737346146,,,0.7496419828628161
9259,1001,13,5,0.6,0.2,1000,restricted_90,aggregation,0.8111281654466641,,,0.7492176623684957
9260,1001,13,5,0.6,0.2,1000,restricted_90,aggregation,0.8111905239811921,,,0.7497143995510662
9261,1001,13,5,0.6,0.2,1000,restricted_90,aggregation,0.8110516751936414,,,0.7488230355909522
9262,1001,13,5,0.6,0.2,1000,restricted_90,aggregation,0.81104217287312,,,0.7500008635037801
9263,1001,13,5,0.6,0.2,1000,restricted_90,aggregation,0.8109143747182442,,,0.7498535734019067
9264,1001,13,5,0.6,0.2,1000,restricted_90,aggregation,0.8111538705813067,,,0.7490284458442792
9265,1001,13,5,0.6,0.2,1000,restricted_90,aggregation,0.8114685621776296,,,0.749455480368397
9266,1001,13,5,0.6,0.2,1000,restricted_90,aggregation,0.8109273036496784,,,0.7488906308043809
9267,1001,13,5,0.6,0.2,1000,restricted_90,aggregation,0.811221961626648,,,0.7497492551121717
9268,1001,13,5,0.6,0.2,1000,restricted_90,aggregation,0.8113711652528081,,,0.7497461904607738
9269,1001,13,5,0.6,0.2,1000,restricted_90,aggregation,0.8111745323079071,,,0.7492814748677249
9270,1001,13,5,0.6,0.2,1000,restricted_90,aggregation,0.8110466651445413,,,0.7492332957474624
9271,1001,13,5,0.6,0.2,1000,restricted_90,aggregation,0.8112550275433693,,,0.7497521430575598
9272,1001,13,5,0.6,0.2,1000,restricted_90,aggregation,0.811340782722939,,,0.7497804407783576
9273,1001,13,5,0.6,0.2,1000,restricted_90,aggregation,0.8111675566714448,,,0.7496566186128686
9274,1001,13,5,0.6,0.2,1000,restricted_90,aggregation,0.8112780475415937,,,0.7496731309277143
9275,1001,13,5,0.6,0.2,1000,restricted_90,aggregation,0.8110461335072949,,,0.7489819491002824
9276,1001,13,5,0.6,0.2,1000,restricted_90,aggregation,0.8110198683717863,,,0.7492700406229572
9277,1001,13,5,0.6,0.2,1000,restricted_90,aggregation,0.8114231273108256,,,0.7494029598025432
9278,1001,13,5,0.6,0.2,1000,restricted_90,aggregation,0.81130107806016,,,0.749723150198567
9279,1001,13,5,0.6,0.2,1000,restricted_90,aggregation,0.81102274410569,,,0.7501789997964998
9280,1001,13,5,0.6,0.2,1000,restricted_90,aggregation,0.8112345018831875,,,0.7498193382080882
9281,1001,13,5,0.6,0.2,1000,restricted_90,aggregation,0.811401892356659,,,0.7498191634445801
9282,1001,13,5,0.6,0.2,1000,restricted_90,aggregation,0.8113716812481389,,,0.749851291409208
9283,1001,13,5,0.6,0.2,1000,restricted_90,aggregation,0.8111596941886676,,,0.7489874760887261
9284,1001,13,5,0.6,0.2,1000,restricted_90,aggregation,0.8112402576821054,,,0.7495006275360442
9285,1001,13,5,0.6,0.2,1000,restricted_90,aggregation,0.8110030596860688,,,0.7497920337532838
9286,1001,13,5,0.6,0.2,1000,restricted_90,aggregation,0.8110989481255253,,,0.749438977719811
9287,1001,13,5,0.6,0.2,1000,restricted_90,aggregation,0.8111327497426296,,,0.749108345327512
9288,1001,13,5,0.6,0.2,1000,restricted_90,aggregation,0.8111840100820842,,,0.7495931479014812
9289,1001,13,5,0.6,0.2,1000,restricted_90,aggregation,0.8114443018785865,,,0.7491093057559725
9290,1001,13,5,0.6,0.2,1000,restricted_90,aggregation,0.8111511724611948,,,0.7499203429440928
9291,1001,13,5,0.6,0.2,1000,restricted_90,aggregation,0.8112845886927009,,,0.7495181906211074
9292,1001,13,5,0.6,0.2,1000,restricted_90,aggregation,0.8112465982286818,,,0.7493323943340611
9293,1001,13,5,0.6,0.2,1000,restricted_90,aggregation,0.8114906049693453,,,0.7492932583157583
9294,1001,13,5,0.6,0.2,1000,restricted_90,aggregation,0.8112446535482608,,,0.7490559749663916
9295,1001,13,5,0.6,0.2,1000,restricted_90,aggregation,0.8113372586785346,,,0.7496442472959141
9296,1001,13,5,0.6,0.2,1000,restricted_90,aggregation,0.8109968540250632,,,0.7490999559237059
9297,1001,13,5,0.6,0.2,1000,restricted_90,aggregation,0.8112926477006095,,,0.749798017229684
9298,1001,13,5,0.6,0.2,1000,restricted_90,aggregation,0.8110604765570518,,,0.7503608395462562
9299,1001,13,5,0.6,0.2,1000,restricted_90,aggregation,0.8109360148057887,,,0.748743999441916
9300,1001,13,5,0.6,0.2,1000,restricted_90,aggregation,0.811145163186124,,,0.7491933423983423
9301,1001,13,5,0.6,0.2,1000,restricted_90,aggregation,0.811239018112821,,,0.7501617953805453
9302,1001,13,5,0.6,0.2,1000,restricted_90,aggregation,0.8108573567974037,,,0.7493898630536131
9303,1001,13,5,0.6,0.2,1000,restricted_90,aggregation,0.8112869344208932,,,0.7495157605820106
9304,1001,13,5,0.6,0.2,1000,restricted_90,aggregation,0.8111395198664333,,,0.7493599101824102
9305,1001,13,5,0.6,0.2,1000,restricted_90,aggregation,0.8112006025838222,,,0.7493419515977849
9306,1001,13,5,0.6,0.2,1000,restricted_90,aggregation,0.8111665393098324,,,0.7498353703857871
9307,1001,13,5,0.6,0.2,1000,restricted_90,aggregation,0.811305030477779,,,0.7502565621107288
9308,1001,13,5,0.6,0.2,1000,restricted_90,aggregation,0.8113646395226876,,,0.7494611668424167
9309,1001,13,5,0.6,0.2,1000,restricted_90,aggregation,0.8111197116664169,,,0.7495601215605382
9310,1001,13,5,0.6,0.2,1000,restricted_90,aggregation,0.8110825751368919,,,0.7491471007541841
9311,1001,13,5,0.6,0.2,1000,restricted_90,aggregation,0.8112352698072857,,,0.7491022330755664
9312,1001,13,5,0.6,0.2,1000,restricted_90,aggregation,0.8109622461279898,,,0.7497117744909412
9313,1001,13,5,0.6,0.2,1000,restricted_90,aggregation,0.8111411474948604,,,0.7489662498458332
9314,1001,13,5,0.6,0.2,1000,restricted_90,aggregation,0.8112965042166898,,,0.7493954571046237
9315,1001,13,5,0.6,0.2,1000,restricted_90,aggregation,0.8114173764167473,,,0.7497700964775965
9316,1001,13,5,0.6,0.2,1000,restricted_90,aggregation,0.8111217959510113,,,0.749202286186036
9317,1001,13,5,0.6,0.2,1000,restricted_90,aggregation,0.8111533505674053,,,0.7489604588004589
9318,1001,13,5,0.6,0.2,1000,restricted_90,aggregation,0.8111173114778925,,,0.7487955624005624
9319,1001,13,5,0.6,0.2,1000,restricted_90,aggregation,0.8110841825075699,,,0.7494055647438981
9320,1001,13,5,0.6,0.2,1000,restricted_90,aggregation,0.8109363862572163,,,0.749535698637782
9321,1001,13,5,0.6,0.2,1000,restricted_90,aggregation,0.8112727848543893,,,0.7504009094300761
9322,1001,13,5,0.6,0.2,1000,restricted_90,aggregation,0.8109653616355926,,,0.7494768292047458
9323,1001,13,5,0.6,0.2,1000,restricted_90,aggregation,0.8113502206261067,,,0.7492507813174479
9324,1001,13,5,0.6,0.2,1000,restricted_90,aggregation,0.8111584903317258,,,0.7501649077928245
9325,1001,13,5,0.6,0.2,1000,restricted_90,aggregation,0.8111416436945965,,,0.7493373913586414
9326,1001,13,5,0.6,0.2,1000,restricted_90,aggregation,0.8113131158221178,,,0.7502360732323232
9327,1001,13,5,0.6,0.2,1000,restricted_90,aggregation,0.8113479472750385,,,0.749322445640779
9328,1001,13,5,0.6,0.2,1000,restricted_90,aggregation,0.8110705910613009,,,0.7494855649751483
9329,1001,13,5,0.6,0.2,1000,restricted_90,aggregation,0.8112726928022673,,,0.7494262058620392
9330,1001,13,5,0.6,0.2,1000,restricted_90,aggregation,0.8112104534500337,,,0.7498533619929454
9331,1001,13,5,0.6,0.2,1000,restricted_90,aggregation,0.8112865040058598,,,0.7498598346560847
9332,1001,13,5,0.6,0.2,1000,restricted_90,aggregation,0.8113006456939504,,,0.7490895002682502
9333,1001,13,5,0.6,0.2,1000,restricted_90,aggregation,0.8111494026275498,,,0.7494612883721217
9334,1001,13,5,0.6,0.2,1000,restricted_90,aggregation,0.8113063941488672,,,0.7498489114280782
9335,1001,13,5,0.6,0.2,1000,restricted_90,aggregation,0.8111919484999043,,,0.7496058775637943
9336,1001,13,5,0.6,0.2,1000,restricted_90,aggregation,0.8111207955183455,,,0.7496056215235382
9337,1001,13,5,0.6,0.2,1000,restricted_90,aggregation,0.8113101604707824,,,0.7491202982665481
9338,1001,13,5,0.6,0.2,1000,restricted_90,aggregation,0.8112681817074686,,,0.7498121436588103
9339,1001,13,5,0.6,0.2,1000,restricted_90,aggregation,0.8112989455599912,,,0.7486816961896129
9340,1001,13,5,0.6,0.2,1000,restricted_90,aggregation,0.8111927229236711,,,0.7488049310257644
9341,1001,13,5,0.6,0.2,1000,restricted_90,aggregation,0.8113123176363637,,,0.7495538776501276
9342,1001,13,5,0.6,0.2,1000,restricted_90,aggregation,0.811122392829758,,,0.7493509728697229
9343,1001,13,5,0.6,0.2,1000,restricted_90,aggregation,0.8110734224766275,,,0.7494381783031784
9344,1001,13,5,0.6,0.2,1000,restricted_90,aggregation,0.8112835699426706,,,0.7495134924026591
9345,1001,13,5,0.6,0.2,1000,restricted_90,aggregation,0.811283549076627,,,0.749818265792849
9346,1001,13,5,0.6,0.2,1000,restricted_90,aggregation,0.8110977247399302,,,0.74954535661869
9347,1001,13,5,0.6,0.2,1000,restricted_90,aggregation,0.8109361842964007,,,0.7498608060612227
9348,1001,13,5,0.6,0.2,1000,restricted_90,aggregation,0.8113063095225875,,,0.7497143447601782
9349,1001,13,5,0.6,0.2,1000,restricted_90,aggregation,0.8110203379163803,,,0.7492832160277993
9350,1001,13,5,0.6,0.2,1000,restricted_90,aggregation,0.8109127251357172,,,0.7489729047649882
9351,1001,13,5,0.6,0.2,1000,restricted_90,aggregation,0.8109303140979701,,,0.7493790561444729
9352,1001,13,5,0.6,0.2,1000,restricted_90,aggregation,0.8111746801491009,,,0.74933
9353,1001,13,5,0.6,0.2,1000,restricted_90,aggregation,0.8113316694501248,,,0.7503950053033386
9354,1001,13,5,0.6,0.2,1000,restricted_90,aggregation,0.8113232978033164,,,0.7497126631393297
9355,1001,13,5,0.6,0.2,1000,restricted_90,aggregation,0.8110500856553243,,,0.7494374935866603
9356,1001,13,5,0.6,0.2,1000,restricted_90,aggregation,0.8114076004370668,,,0.7489982457665791
9357,1001,13,5,0.6,0.2,1000,restricted_90,aggregation,0.8109311776313242,,,0.7491849695212195
9358,1001,13,5,0.6,0.2,1000,restricted_90,aggregation,0.811004617131338,,,0.749028091075591
9359,1001,13,5,0.6,0.2,1000,restricted_90,aggregation,0.8106506524854249,,,0.7486445377924544
9360,1001,13,5,0.6,0.2,1000,restricted_90,aggregation,0.811197685433744,,,0.7493575033608366
9361,1001,13,5,0.6,0.2,1000,restricted_90,aggregation,0.8109270675410116,,,0.7495877401610735
9362,1001,13,5,0.6,0.2,1000,restricted_90,aggregation,0.8111606728246399,,,0.749658258624092
9363,1001,13,5,0.6,0.2,1000,restricted_90,aggregation,0.8113461568221868,,,0.7495161785899286
9364,1001,13,5,0.6,0.2,1000,restricted_90,aggregation,0.8112311535485182,,,0.7499325699454866
9365,1001,13,5,0.6,0.2,1000,restricted_90,aggregation,0.8111372627470423,,,0.7495061570990738
9366,1001,13,5,0.6,0.2,1000,restricted_90,aggregation,0.8111636485937963,,,0.7490506641198308
9367,1001,13,5,0.6,0.2,1000,restricted_90,aggregation,0.8111546797143234,,,0.7497714795543963
9368,1001,13,5,0.6,0.2,1000,restricted_90,aggregation,0.8112088184212191,,,0.7493190378140377
9369,1001,13,5,0.6,0.2,1000,restricted_90,aggregation,0.8112782704693892,,,0.7495057179240513
9370,1001,13,5,0.6,0.2,1000,restricted_90,aggregation,0.8112524822580821,,,0.750000981934732
9371,1001,13,5,0.6,0.2,1000,restricted_90,aggregation,0.8111603474612713,,,0.7494636692320026
9372,1001,13,5,0.6,0.2,1000,restricted_90,aggregation,0.8112793910317075,,,0.7492487783666951
9373,1001,13,5,0.6,0.2,1000,restricted_90,aggregation,0.8113296018452769,,,0.7494563934676435
9374,1001,13,5,0.6,0.2,1000,restricted_90,aggregation,0.8114498723420126,,,0.7496109066088232
9375,1001,13,5,0.6,0.2,1000,restricted_90,aggregation,0.8111222177717899,,,0.7499614255497589
9376,1001,13,5,0.6,0.2,1000,restricted_90,aggregation,0.8113985736801419,,,0.7494456293552126
9377,1001,13,5,0.6,0.2,1000,restricted_90,aggregation,0.8108395240780162,,,0.7499343841343841
9378,1001,13,5,0.6,0.2,1000,restricted_90,aggregation,0.8109725209690181,,,0.7490918421547588
9379,1001,13,5,0.6,0.2,1000,restricted_90,aggregation,0.8110393788194177,,,0.749570979653063
9380,1001,13,5,0.6,0.2,1000,restricted_90,aggregation,0.8112073325748632,,,0.7495774106603273
9381,1001,13,5,0.6,0.2,1000,restricted_90,aggregation,0.8112663998584707,,,0.7494259439326105
9382,1001,13,5,0.6,0.2,1000,restricted_90,aggregation,0.8112137921163587,,,0.7489596630992463
9383,1001,13,5,0.6,0.2,1000,restricted_90,aggregation,0.8109318462212596,,,0.7487179059674893
9384,1001,13,5,0.6,0.2,1000,restricted_90,aggregation,0.8111991993416952,,,0.7490030084730085
9385,1001,13,5,0.6,0.2,1000,restricted_90,aggregation,0.8112185066872449,,,0.7489814550110383
9386,1001,13,5,0.6,0.2,1000,restricted_90,aggregation,0.8109858433484445,,,0.7493555155492655
9387,1001,13,5,0.6,0.2,1000,restricted_90,aggregation,0.811292726812125,,,0.7491484437630271
9388,1001,13,5,0.6,0.2,1000,restricted_90,aggregation,0.8112828265873833,,,0.749902401364068
9389,1001,13,5,0.6,0.2,1000,restricted_90,aggregation,0.8113588280043735,,,0.7495122526085025
9390,1001,13,5,0.6,0.2,1000,restricted_90,aggregation,0.8111585679697259,,,0.7494162155128822
9391,1001,13,5,0.6,0.2,1000,restricted_90,aggregation,0.8111590067509808,,,0.7495149960070794
9392,1001,13,5,0.6,0.2,1000,restricted_90,aggregation,0.811272336147085,,,0.749129282445949
9393,1001,13,5,0.6,0.2,1000,restricted_90,aggregation,0.8110411684371706,,,0.7493289036580703
9394,1001,13,5,0.6,0.2,1000,restricted_90,aggregation,0.811070667254673,,,0.749373499633083
9395,1001,13,5,0.6,0.2,1000,restricted_90,aggregation,0.8112989479867115,,,0.7489217358875692
9396,1001,13,5,0.6,0.2,1000,restricted_90,aggregation,0.8110407349544699,,,0.7497186500382335
9397,1001,13,5,0.6,0.2,1000,restricted_90,aggregation,0.8111301352153834,,,0.7500139883573217
9398,1001,13,5,0.6,0.2,1000,restricted_90,aggregation,0.8111091070998939,,,0.7492967716080216
9399,1001,13,5,0.6,0.2,1000,restricted_90,aggregation,0.8112837665741286,,,0.7493421148296148
9400,1001,13,5,0.6,0.2,1000,restricted_90,aggregation,0.8114092326191265,,,0.7495866173178672
9401,1001,13,5,0.6,0.2,1000,restricted_90,aggregation,0.8112039126621792,,,0.749301328409245
9402,1001,13,5,0.6,0.2,1000,restricted_90,aggregation,0.8111906908844758,,,0.7493046008312676
9403,1001,13,5,0.6,0.2,1000,restricted_90,aggregation,0.8114530788900968,,,0.7489987325637326
9404,1001,13,5,0.6,0.2,1000,restricted_90,aggregation,0.8115190241552874,,,0.7491713052225552
9405,1001,13,5,0.6,0.2,1000,restricted_90,aggregation,0.8112659403963038,,,0.749178708344125
9406,1001,13,5,0.6,0.2,1000,restricted_90,aggregation,0.8111623799342921,,,0.7494554935959103
9407,1001,13,5,0.6,0.2,1000,restricted_90,aggregation,0.8113616823797631,,,0.7494925089108422
9408,1001,13,5,0.6,0.2,1000,restricted_90,aggregation,0.8109494272778799,,,0.7495374157478323
9409,1001,13,5,0.6,0.2,1000,restricted_90,aggregation,0.8109857395713069,,,0.7493000730904897
9410,1001,13,5,0.6,0.2,1000,restricted_90,aggregation,0.8109118835543718,,,0.7493857795599461
9411,1001,13,5,0.6,0.2,1000,restricted_90,aggregation,0.8111686826298559,,,0.7497774264624264
9412,1001,13,5,0.6,0.2,1000,restricted_90,aggregation,0.8112767891606703,,,0.7498407651453484
9413,1001,13,5,0.6,0.2,1000,restricted_90,aggregation,0.8113927410600661,,,0.7491517543105044
9414,1001,13,5,0.6,0.2,1000,restricted_90,aggregation,0.8112580621772884,,,0.7491846347788015
9415,1001,13,5,0.6,0.2,1000,restricted_90,aggregation,0.8112500655559239,,,0.7496033276137443
9416,1001,13,5,0.6,0.2,1000,restricted_90,aggregation,0.8112043298545473,,,0.7490647262922263
9417,1001,13,5,0.6,0.2,1000,restricted_90,aggregation,0.8111102019527778,,,0.7504363151508985
9418,1001,13,5,0.6,0.2,1000,restricted_90,aggregation,0.8112172190381789,,,0.7497557008423675
9419,1001,13,5,0.6,0.2,1000,restricted_90,aggregation,0.8111453709677228,,,0.7491786678445012
9420,1001,13,5,0.6,0.2,1000,restricted_90,aggregation,0.8112453485734993,,,0.7493113698492865
9421,1001,13,5,0.6,0.2,1000,restricted_90,aggregation,0.8109410775440887,,,0.7496847296222297
9422,1001,13,5,0.6,0.2,1000,restricted_90,aggregation,0.8110247643207933,,,0.7493588816738818
9423,1001,13,5,0.6,0.2,1000,restricted_90,aggregation,0.8110761216391223,,,0.7489128319365819
9424,1001,13,5,0.6,0.2,1000,restricted_90,aggregation,0.811053517635422,,,0.7495033794908794
9425,1001,13,5,0.6,0.2,1000,restricted_90,aggregation,0.8112768802040599,,,0.7493213156442323
9426,1001,13,5,0.6,0.2,1000,restricted_90,aggregation,0.8113738370536789,,,0.749346281033781
9427,1001,13,5,0.6,0.2,1000,restricted_90,aggregation,0.8112771053156431,,,0.7495479791196458
9428,1001,13,5,0.6,0.2,1000,restricted_90,aggregation,0.8111596798731666,,,0.7494702624227624
9429,1001,13,5,0.6,0.2,1000,restricted_90,aggregation,0.8111904682206375,,,0.7490614011605679
9430,1001,13,5,0.6,0.2,1000,restricted_90,aggregation,0.8109466902964503,,,0.7494027641340142
9431,1001,13,5,0.6,0.2,1000,restricted_90,aggregation,0.8112932357127698,,,0.7494761066865233
9432,1001,13,5,0.6,0.2,1000,restricted_90,aggregation,0.8113230854328701,,,0.7497962768250269
9433,1001,13,5,0.6,0.2,1000,restricted_90,aggregation,0.8112226997242572,,,0.7497823575806909
9434,1001,13,5,0.6,0.2,1000,restricted_90,aggregation,0.8110530950362796,,,0.7496558196895697
9435,1001,13,5,0.6,0.2,1000,restricted_90,aggregation,0.8110786941282095,,,0.7490911563128231
9436,1001,13,5,0.6,0.2,1000,restricted_90,aggregation,0.811127056053399,,,0.7488963550955218
9437,1001,13,5,0.6,0.2,1000,restricted_90,aggregation,0.8110758112096643,,,0.7487225324212824
9438,1001,13,5,0.6,0.2,1000,restricted_90,aggregation,0.8110844776410667,,,0.7498882834757834
9439,1001,13,5,0.6,0.2,1000,restricted_90,aggregation,0.8109963082183408,,,0.7496580508997175
9440,1001,13,5,0.6,0.2,1000,restricted_90,aggregation,0.811424609946442,,,0.7499406494123162
9441,1001,13,5,0.6,0.2,1000,restricted_90,aggregation,0.8111803091500969,,,0.7497301251372084
9442,1001,13,5,0.6,0.2,1000,restricted_90,aggregation,0.8112137353724019,,,0.7486862969592136
9443,1001,13,5,0.6,0.2,1000,restricted_90,aggregation,0.8111100931373209,,,0.7489449938487439
9444,1001,13,5,0.6,0.2,1000,restricted_90,aggregation,0.8114356759131103,,,0.7494721541267374
9445,1001,13,5,0.6,0.2,1000,restricted_90,aggregation,0.8110286931810484,,,0.7494197536414203
9446,1001,13,5,0.6,0.2,1000,restricted_90,aggregation,0.8113193542911984,,,0.7496541914104413
9447,1001,13,5,0.6,0.2,1000,restricted_90,aggregation,0.8111800173281273,,,0.749128829087579
9448,1001,13,5,0.6,0.2,1000,restricted_90,aggregation,0.8111185045864144,,,0.750126690408357
9449,1001,13,5,0.6,0.2,1000,restricted_90,aggregation,0.811196903674348,,,0.7494045148061814
9450,1001,13,5,0.6,0.2,1000,restricted_90,aggregation,0.8109611298324507,,,0.7499893188447355
9451,1001,13,5,0.6,0.2,1000,restricted_90,aggregation,0.8111220821687466,,,0.7494090409898743
9452,1001,13,5,0.6,0.2,1000,restricted_90,aggregation,0.8113167568098255,,,0.7494005545843047
9453,1001,13,5,0.6,0.2,1000,restricted_90,aggregation,0.8114734335379548,,,0.749806007726841
9454,1001,13,5,0.6,0.2,1000,restricted_90,aggregation,0.8111733624891203,,,0.7497773859782194
9455,1001,13,5,0.6,0.2,1000,restricted_90,aggregation,0.8113315693688974,,,0.7493789125380791
9456,1001,13,5,0.6,0.2,1000,restricted_90,aggregation,0.8112878518408276,,,0.7494836336965502
9457,1001,13,5,0.6,0.2,1000,restricted_90,aggregation,0.811095920730633,,,0.7493763830922164
9458,1001,13,5,0.6,0.2,1000,restricted_90,aggregation,0.8113367524777099,,,0.7498778643116143
9459,1001,13,5,0.6,0.2,1000,restricted_90,aggregation,0.8107434129785096,,,0.7496505761676595
9460,1001,13,5,0.6,0.2,1000,restricted_90,aggregation,0.8111397017871077,,,0.7500076536580704
9461,1001,13,5,0.6,0.2,1000,restricted_90,aggregation,0.8110765422058701,,,0.7492890624961459
9462,1001,13,5,0.6,0.2,1000,restricted_90,aggregation,0.811422908178051,,,0.7501217258513091
9463,1001,13,5,0.6,0.2,1000,restricted_90,aggregation,0.8112518126383597,,,0.748896223668307
9464,1001,13,5,0.6,0.2,1000,restricted_90,aggregation,0.8112636725864223,,,0.7497952121335454
9465,1001,13,5,0.6,0.2,1000,restricted_90,aggregation,0.8111123622911588,,,0.7497401813926814
9466,1001,13,5,0.6,0.2,1000,restricted_90,aggregation,0.8111545645387932,,,0.7497278486482654
9467,1001,13,5,0.6,0.2,1000,restricted_90,aggregation,0.8110202027864761,,,0.7501406206139539
9468,1001,13,5,0.6,0.2,1000,restricted_90,aggregation,0.8110575151428125,,,0.7494895752395753
9469,1001,13,5,0.6,0.2,1000,restricted_90,aggregation,0.8112030987447509,,,0.7493994445215277
9470,1001,13,5,0.6,0.2,1000,restricted_90,aggregation,0.8110316314904225,,,0.749088214347381
9471,1001,13,5,0.6,0.2,1000,restricted_90,aggregation,0.8112922262104509,,,0.7496594620811288
9472,1001,13,5,0.6,0.2,1000,restricted_90,aggregation,0.8112472289807761,,,0.7496411395086395
9473,1001,13,5,0.6,0.2,1000,restricted_90,aggregation,0.8112575699599133,,,0.7501204044412378
9474,1001,13,5,0.6,0.2,1000,restricted_90,aggregation,0.8113240816846006,,,0.7491051354818021
9475,1001,13,5,0.6,0.2,1000,restricted_90,aggregation,0.811080373426092,,,0.7500025931938432
9476,1001,13,5,0.6,0.2,1000,restricted_90,aggregation,0.8111845893378011,,,0.7497844427331928
9477,1001,13,5,0.6,0.2,1000,restricted_90,aggregation,0.8111181795153023,,,0.7489847556455891
9478,1001,13,5,0.6,0.2,1000,restricted_90,aggregation,0.8111389648509377,,,0.750084002263169
9479,1001,13,5,0.6,0.2,1000,restricted_90,aggregation,0.8109860169987877,,,0.7497311264352932
9480,1001,13,5,0.6,0.2,1000,restricted_90,aggregation,0.8111729114197394,,,0.750049917906168
9481,1001,13,5,0.6,0.2,1000,restricted_90,aggregation,0.8111340210234732,,,0.7495297695051861
9482,1001,13,5,0.6,0.2,1000,restricted_90,aggregation,0.8112524002345926,,,0.7489772334301501
9483,1001,13,5,0.6,0.2,1000,restricted_90,aggregation,0.8111600868767017,,,0.7494759503767837
9484,1001,13,5,0.6,0.2,1000,restricted_90,aggregation,0.8112804485865777,,,0.7501877032689533
9485,1001,13,5,0.6,0.2,1000,restricted_90,aggregation,0.8112677536166476,,,0.7490688936063936
9486,1001,13,5,0.6,0.2,1000,restricted_90,aggregation,0.8110950584429649,,,0.7496975546675547
9487,1001,13,5,0.6,0.2,1000,restricted_90,aggregation,0.8110416268902726,,,0.7495164340751841
9488,1001,13,5,0.6,0.2,1000,restricted_90,aggregation,0.8109031452081669,,,0.7482315091544258
9489,1001,13,5,0.6,0.2,1000,restricted_90,aggregation,0.8112077335610441,,,0.7494494583657084
9490,1001,13,5,0.6,0.2,1000,restricted_90,aggregation,0.8111414175498232,,,0.7498091752845919
9491,1001,13,5,0.6,0.2,1000,restricted_90,aggregation,0.8112422305363837,,,0.7493881798140131
9492,1001,13,5,0.6,0.2,1000,restricted_90,aggregation,0.8112932506430708,,,0.7494703003015504
9493,1001,13,5,0.6,0.2,1000,restricted_90,aggregation,0.8114648852968471,,,0.7501927673252673
9494,1001,13,5,0.6,0.2,1000,restricted_90,aggregation,0.811376910088904,,,0.7493321526929859
9495,1001,13,5,0.6,0.2,1000,restricted_90,aggregation,0.8108830222745794,,,0.7493572964689632
9496,1001,13,5,0.6,0.2,1000,restricted_90,aggregation,0.8114710874295782,,,0.7489515101719268
9497,1001,13,5,0.6,0.2,1000,restricted_90,aggregation,0.8111789511422984,,,0.7486797710468543
9498,1001,13,5,0.6,0.2,1000,restricted_90,aggregation,0.8111283578446634,,,0.7490792742288576
9499,1001,13,5,0.6,0.2,1000,restricted_90,aggregation,0.8113674638951937,,,0.7494195914270914
9500,1001,13,5,0.6,0.2,1000,restricted_90,aggregation,0.8110942764750609,,,0.7492033453120952
9501,1001,13,5,0.6,0.2,1000,restricted_90,aggregation,0.8112498074019527,,,0.7494015596594763
9502,1001,13,5,0.6,0.2,1000,restricted_90,aggregation,0.8114467001333818,,,0.7496526766751768
9503,1001,13,5,0.6,0.2,1000,restricted_90,aggregation,0.8112487819633076,,,0.7495033526812693
9504,1001,13,5,0.6,0.2,1000,restricted_90,aggregation,0.8110441227388291,,,0.7493314230060063
9505,1001,13,5,0.6,0.2,1000,restricted_90,aggregation,0.811249394116488,,,0.7493705398767899
9506,1001,13,5,0.6,0.2,1000,restricted_90,aggregation,0.811283022341166,,,0.7502698008473009
9507,1001,13,5,0.6,0.2,1000,restricted_90,aggregation,0.8112563238242366,,,0.7501972149609649
9508,1001,13,5,0.6,0.2,1000,restricted_90,aggregation,0.811005030120615,,,0.7491282247382247
9509,1001,13,5,0.6,0.2,1000,restricted_90,aggregation,0.811096343120264,,,0.749526698656282
9510,1001,13,5,0.6,0.2,1000,restricted_90,aggregation,0.8110670015884943,,,0.7490560046435046
9511,1001,13,5,0.6,0.2,1000,restricted_90,aggregation,0.8111789103951451,,,0.7486042845580346
9512,1001,13,5,0.6,0.2,1000,restricted_90,aggregation,0.8110014670320455,,,0.749999578168745
9513,1001,13,5,0.6,0.2,1000,restricted_90,aggregation,0.8111091828502645,,,0.7493848407148407
9514,1001,13,5,0.6,0.2,1000,restricted_90,aggregation,0.8113857836653715,,,0.7497993479822647
9515,1001,13,5,0.6,0.2,1000,restricted_90,aggregation,0.8113137773332155,,,0.7495668900389733
9516,1001,13,5,0.6,0.2,1000,restricted_90,aggregation,0.8112110737088023,,,0.7494664846727347
9517,1001,13,5,0.6,0.2,1000,restricted_90,aggregation,0.8110964401543848,,,0.7494791075128575
9518,1001,13,5,0.6,0.2,1000,restricted_90,aggregation,0.8113387829695019,,,0.7490576253838753
9519,1001,13,5,0.6,0.2,1000,restricted_90,aggregation,0.81129550302515,,,0.7493618456235123
9520,1001,13,5,0.6,0.2,1000,restricted_90,aggregation,0.8109500014744309,,,0.748798888935139
9521,1001,13,5,0.6,0.2,1000,restricted_90,aggregation,0.8110871325568805,,,0.7506102483164984
9522,1001,13,5,0.6,0.2,1000,restricted_90,aggregation,0.8113202571046452,,,0.7502248907728074
9523,1001,13,5,0.6,0.2,1000,restricted_90,aggregation,0.8112356717447147,,,0.7504323448927614
9524,1001,13,5,0.6,0.2,1000,restricted_90,aggregation,0.811146843761179,,,0.7496574546595379
9525,1001,13,5,0.6,0.2,1000,restricted_90,aggregation,0.8113052267424204,,,0.7496782541532542
9526,1001,13,5,0.6,0.2,1000,restricted_90,aggregation,0.8112608435814638,,,0.749421525002775
9527,1001,13,5,0.6,0.2,1000,restricted_90,aggregation,0.811331973560645,,,0.7494771440596442
9528,1001,13,5,0.6,0.2,1000,restricted_90,aggregation,0.8113027167573945,,,0.749716585667419
9529,1001,13,5,0.6,0.2,1000,restricted_90,aggregation,0.811171659487347,,,0.7494330080413414
9530,1001,13,5,0.6,0.2,1000,restricted_90,aggregation,0.8112358306368583,,,0.7496711261577929
9531,1001,13,5,0.6,0.2,1000,restricted_90,aggregation,0.8111198801050366,,,0.7497166870475204
9532,1001,13,5,0.6,0.2,1000,restricted_90,aggregation,0.8109667551786915,,,0.7493488768484601
9533,1001,13,5,0.6,0.2,1000,restricted_90,aggregation,0.8112437941697097,,,0.7497133266887435
9534,1001,13,5,0.6,0.2,1000,restricted_90,aggregation,0.8113600866257955,,,0.7491749718028885
9535,1001,13,5,0.6,0.2,1000,restricted_90,aggregation,0.8111580029696034,,,0.7498319911107411
9536,1001,13,5,0.6,0.2,1000,restricted_90,aggregation,0.8110263500804897,,,0.7499131651064984
9537,1001,13,5,0.6,0.2,1000,restricted_90,aggregation,0.8112644716984102,,,0.7492769151681652
9538,1001,13,5,0.6,0.2,1000,restricted_90,aggregation,0.8113012277119986,,,0.7495054890479891
9539,1001,13,5,0.6,0.2,1000,restricted_90,aggregation,0.8108111390564232,,,0.7489141332278832
9540,1001,13,5,0.6,0.2,1000,restricted_90,aggregation,0.8112341607373843,,,0.7490779350433516
9541,1001,13,5,0.6,0.2,1000,restricted_90,aggregation,0.8112423311883089,,,0.7503715060556727
9542,1001,13,5,0.6,0.2,1000,restricted_90,aggregation,0.8110942794344154,,,0.749495750761584
9543,1001,13,5,0.6,0.2,1000,restricted_90,aggregation,0.8110691088797135,,,0.7491466782445948
9544,1001,13,5,0.6,0.2,1000,restricted_90,aggregation,0.8112782763235244,,,0.7490651128963628
9545,1001,13,5,0.6,0.2,1000,restricted_90,aggregation,0.8108709713340592,,,0.7489986656244989
9546,1001,13,5,0.6,0.2,1000,restricted_90,aggregation,0.8111715754559231,,,0.7494558398854232
9547,1001,13,5,0.6,0.2,1000,restricted_90,aggregation,0.8110521144933323,,,0.7497963576855243
9548,1001,13,5,0.6,0.2,1000,restricted_90,aggregation,0.8112241905648192,,,0.74981862988863
9549,1001,13,5,0.6,0.2,1000,restricted_90,aggregation,0.8109736267896694,,,0.7494321311867145
9550,1001,13,5,0.6,0.2,1000,restricted_90,aggregation,0.8111599121084689,,,0.7499132311669813
9551,1001,13,5,0.6,0.2,1000,restricted_90,aggregation,0.8113222178699592,,,0.749829067090317
9552,1001,13,5,0.6,0.2,1000,restricted_90,aggregation,0.8113611127363569,,,0.749749009771093
9553,1001,13,5,0.6,0.2,1000,restricted_90,aggregation,0.8114018641136266,,,0.749076536010286
9554,1001,13,5,0.6,0.2,1000,restricted_90,aggregation,0.8110557400432998,,,0.7494120751933253
9555,1001,13,5,0.6,0.2,1000,restricted_90,aggregation,0.8112448776158918,,,0.7492863205775705
9556,1001,13,5,0.6,0.2,1000,restricted_90,aggregation,0.8109326102508778,,,0.7488704245908412
9557,1001,13,5,0.6,0.2,1000,restricted_90,aggregation,0.8113103685607167,,,0.7497305072088405
9558,1001,13,5,0.6,0.2,1000,restricted_90,aggregation,0.8113516534985366,,,0.7499834376888542
9559,1001,13,5,0.6,0.2,1000,restricted_90,aggregation,0.8111087419657308,,,0.749366368662202
9560,1001,13,5,0.6,0.2,1000,restricted_90,aggregation,0.8111822020530237,,,0.7491083388062554
9561,1001,13,5,0.6,0.2,1000,restricted_90,aggregation,0.8113554373390613,,,0.7488055456580457
9562,1001,13,5,0.6,0.2,1000,restricted_90,aggregation,0.8109441140446175,,,0.7496648815536316
9563,1001,13,5,0.6,0.2,1000,restricted_90,aggregation,0.8109905622017546,,,0.7495032083657084
9564,1001,13,5,0.6,0.2,1000,restricted_90,aggregation,0.8110578156567988,,,0.7492804105308272
9565,1001,13,5,0.6,0.2,1000,restricted_90,aggregation,0.8111430862577398,,,0.7488672242263908
9566,1001,13,5,0.6,0.2,1000,restricted_90,aggregation,0.8111701446284757,,,0.7494006258247925
9567,1001,13,5,0.6,0.2,1000,restricted_90,aggregation,0.8111989575880696,,,0.7493023187923189
9568,1001,13,5,0.6,0.2,1000,restricted_90,aggregation,0.811287380738107,,,0.7492921025271025
9569,1001,13,5,0.6,0.2,1000,restricted_90,aggregation,0.8114157336970396,,,0.749002798328215
9570,1001,13,5,0.6,0.2,1000,restricted_90,aggregation,0.811217992698515,,,0.7495443359264193
9571,1001,13,5,0.6,0.2,1000,restricted_90,aggregation,0.8112092808743749,,,0.7490164800939799
9572,1001,13,5,0.6,0.2,1000,restricted_90,aggregation,0.8113355342646481,,,0.7485076002084334
9573,1001,13,5,0.6,0.2,1000,restricted_90,aggregation,0.8113370518968402,,,0.7493079321295988
9574,1001,13,5,0.6,0.2,1000,restricted_90,aggregation,0.81118460448176,,,0.7497021049629382
9575,1001,13,5,0.6,0.2,1000,restricted_90,aggregation,0.8112682282767746,,,0.7494080194651027
9576,1001,13,5,0.6,0.2,1000,restricted_90,aggregation,0.8111043518659152,,,0.7492355060371726
9577,1001,13,5,0.6,0.2,1000,restricted_90,aggregation,0.8112315247231264,,,0.7493945047853382
9578,1001,13,5,0.6,0.2,1000,restricted_90,aggregation,0.8110431999766671,,,0.7497726862489362
9579,1001,13,5,0.6,0.2,1000,restricted_90,aggregation,0.8109104380429916,,,0.7492370658353992
9580,1001,13,5,0.6,0.2,1000,restricted_90,aggregation,0.8113806079666561,,,0.7490643827777161
9581,1001,13,5,0.6,0.2,1000,restricted_90,aggregation,0.8113355188344128,,,0.7495774336466002
9582,1001,13,5,0.6,0.2,1000,restricted_90,aggregation,0.8111733905041105,,,0.7500787407962408
9583,1001,13,5,0.6,0.2,1000,restricted_90,aggregation,0.8107758657513027,,,0.7491722639243473
9584,1001,13,5,0.6,0.2,1000,restricted_90,aggregation,0.8113894879006415,,,0.7494069972465806
9585,1001,13,5,0.6,0.2,1000,restricted_90,aggregation,0.8111746403367042,,,0.7503327559631725
9586,1001,13,5,0.6,0.2,1000,restricted_90,aggregation,0.8111859342328307,,,0.749045709013209
9587,1001,13,5,0.6,0.2,1000,restricted_90,aggregation,0.8111908560382394,,,0.7494184411421911
9588,1001,13,5,0.6,0.2,1000,restricted_90,aggregation,0.8111408132558376,,,0.7496482710191043
9589,1001,13,5,0.6,0.2,1000,restricted_90,aggregation,0.8109432650851889,,,0.7497374684420519
9590,1001,13,5,0.6,0.2,1000,restricted_90,aggregation,0.811280078264096,,,0.7490606148172816
9591,1001,13,5,0.6,0.2,1000,restricted_90,aggregation,0.8111883770906458,,,0.7497918440201774
9592,1001,13,5,0.6,0.2,1000,restricted_90,aggregation,0.8111024892253598,,,0.7488923308481641
9593,1001,13,5,0.6,0.2,1000,restricted_90,aggregation,0.8109848384208665,,,0.7490141742516743
9594,1001,13,5,0.6,0.2,1000,restricted_90,aggregation,0.81107907972214,,,0.7495546182058682
9595,1001,13,5,0.6,0.2,1000,restricted_90,aggregation,0.8113050232589194,,,0.7494559472934472
9596,1001,13,5,0.6,0.2,1000,restricted_90,aggregation,0.810990773240793,,,0.7487708720600387
9597,1001,13,5,0.6,0.2,1000,restricted_90,aggregation,0.8111156662317328,,,0.7490155999247666
9598,1001,13,5,0.6,0.2,1000,restricted_90,aggregation,0.8110353800468926,,,0.7497083174695675
9599,1001,13,5,0.6,0.2,1000,restricted_90,aggregation,0.8111501625066139,,,0.7491713611388611
9600,1001,13,5,0.6,0.2,1000,restricted_90,aggregation,0.8109353123962266,,,0.7492083293404126
9601,1001,13,5,0.6,0.2,1000,restricted_90,aggregation,0.8112350174478528,,,0.7497889936914937
9602,1001,13,5,0.6,0.2,1000,restricted_90,aggregation,0.8112584987522675,,,0.7502255784955785
9603,1001,13,5,0.6,0.2,1000,restricted_90,aggregation,0.811269265237568,,,0.7494295694583194
9604,1001,13,5,0.6,0.2,1000,restricted_90,aggregation,0.8110514057219252,,,0.7494914500931168
9605,1001,13,5,0.6,0.2,1000,restricted_90,aggregation,0.8114006716547669,,,0.7487361449969784
9606,1001,13,5,0.6,0.2,1000,restricted_90,aggregation,0.8113466467674518,,,0.7498075250366917
9607,1001,13,5,0.6,0.2,1000,restricted_90,aggregation,0.8111108724802152,,,0.7494817103112937
9608,1001,13,5,0.6,0.2,1000,restricted_90,aggregation,0.8109759949223193,,,0.7499523996373997
9609,1001,13,5,0.6,0.2,1000,restricted_90,aggregation,0.8112565809225509,,,0.7485478833512167
9610,1001,13,5,0.6,0.2,1000,restricted_90,aggregation,0.811432854067127,,,0.7500192068425402
9611,1001,13,5,0.6,0.2,1000,restricted_90,aggregation,0.8114675037576764,,,0.748949739257656
9612,1001,13,5,0.6,0.2,1000,restricted_90,aggregation,0.8112852917111382,,,0.7497906816023483
9613,1001,13,5,0.6,0.2,1000,restricted_90,aggregation,0.8109765773644506,,,0.7496121159396161
9614,1001,13,5,0.6,0.2,1000,restricted_90,aggregation,0.8112623947318913,,,0.7499811384140551
9615,1001,13,5,0.6,0.2,1000,restricted_90,aggregation,0.811038813746287,,,0.7489016733575067
9616,1001,13,5,0.6,0.2,1000,restricted_90,aggregation,0.8110315323200276,,,0.749248215272382
9617,1001,13,5,0.6,0.2,1000,restricted_90,aggregation,0.8112044674942627,,,0.750034585337502
9618,1001,13,5,0.6,0.2,1000,restricted_90,aggregation,0.8113305962407272,,,0.7496235280306114
9619,1001,13,5,0.6,0.2,1000,restricted_90,aggregation,0.8112091699115729,,,0.7498598451240118
9620,1001,13,5,0.6,0.2,1000,restricted_90,aggregation,0.8110845691677756,,,0.7496823215827382
9621,1001,13,5,0.6,0.2,1000,restricted_90,aggregation,0.8112097438918503,,,0.7497166331353832
9622,1001,13,5,0.6,0.2,1000,restricted_90,aggregation,0.8108390351154446,,,0.7491733906525573
9623,1001,13,5,0.6,0.2,1000,restricted_90,aggregation,0.8112733407448631,,,0.7490841855212689
9624,1001,13,5,0.6,0.2,1000,restricted_90,aggregation,0.811158962648199,,,0.7493818370364204
9625,1001,13,5,0.6,0.2,1000,restricted_90,aggregation,0.8113216996648588,,,0.7500601858789359
9626,1001,13,5,0.6,0.2,1000,restricted_90,aggregation,0.811337536357629,,,0.749969527925778
9627,1001,13,5,0.6,0.2,1000,restricted_90,aggregation,0.8111126944124117,,,0.7500687190741356
9628,1001,13,5,0.6,0.2,1000,restricted_90,aggregation,0.8111099225259184,,,0.7500264491989491
9629,1001,13,5,0.6,0.2,1000,restricted_90,aggregation,0.8111862598135362,,,0.7492103922466421
9630,1001,13,5,0.6,0.2,1000,restricted_90,aggregation,0.8109829130741166,,,0.7495117026646192
9631,1001,13,5,0.6,0.2,1000,restricted_90,aggregation,0.8111459965809458,,,0.7491061335578003
9632,1001,13,5,0.6,0.2,1000,restricted_90,aggregation,0.8112359905847055,,,0.7496328919074753
9633,1001,13,5,0.6,0.2,1000,restricted_90,aggregation,0.8111994842402946,,,0.7493048689273689
9634,1001,13,5,0.6,0.2,1000,restricted_90,aggregation,0.8110789820402774,,,0.7495855017359184
9635,1001,13,5,0.6,0.2,1000,restricted_90,aggregation,0.8110795052205201,,,0.7487770296370297
9636,1001,13,5,0.6,0.2,1000,restricted_90,aggregation,0.8110715474140899,,,0.7501982150873817
9637,1001,13,5,0.6,0.2,1000,restricted_90,aggregation,0.8111348530719226,,,0.7492879421504421
9638,1001,13,5,0.6,0.2,1000,restricted_90,aggregation,0.8111731429576369,,,0.74941435660019
9639,1001,13,5,0.6,0.2,1000,restricted_90,aggregation,0.8112412299224939,,,0.7497108734783734
9640,1001,13,5,0.6,0.2,1000,restricted_90,aggregation,0.8111308207174925,,,0.7484741536858204
9641,1001,13,5,0.6,0.2,1000,restricted_90,aggregation,0.8114813636157856,,,0.7492750345642012
9642,1001,13,5,0.6,0.2,1000,restricted_90,aggregation,0.8111511879009525,,,0.7497082032319533
9643,1001,13,5,0.6,0.2,1000,restricted_90,aggregation,0.8112897544714328,,,0.7493459601509601
9644,1001,13,5,0.6,0.2,1000,restricted_90,aggregation,0.8114946955042238,,,0.750072405002405
9645,1001,13,5,0.6,0.2,1000,restricted_90,aggregation,0.8111862867776484,,,0.7495302055352054
9646,1001,13,5,0.6,0.2,1000,restricted_90,aggregation,0.8112540851415083,,,0.7496784764001431
9647,1001,13,5,0.6,0.2,1000,restricted_90,aggregation,0.8113446919852249,,,0.7494586746586747
9648,1001,13,5,0.6,0.2,1000,restricted_90,aggregation,0.8113308617681141,,,0.7498154474691974
9649,1001,13,5,0.6,0.2,1000,restricted_90,aggregation,0.8109319805351904,,,0.7492146432425599
9650,1001,13,5,0.6,0.2,1000,restricted_90,aggregation,0.8111500367623703,,,0.749567586364253
9651,1001,13,5,0.6,0.2,1000,restricted_90,aggregation,0.8111295731971264,,,0.7489809043888211
9652,1001,13,5,0.6,0.2,1000,restricted_90,aggregation,0.8113299498222213,,,0.7490240762324095
9653,1001,13,5,0.6,0.2,1000,restricted_90,aggregation,0.811054453487966,,,0.7492957998637166
9654,1001,13,5,0.6,0.2,1000,restricted_90,aggregation,0.8113132994115848,,,0.7489155209913543
9655,1001,13,5,0.6,0.2,1000,restricted_90,aggregation,0.8113397316417693,,,0.7497014859523193
9656,1001,13,5,0.6,0.2,1000,restricted_90,aggregation,0.8108236053136452,,,0.7491671013246013
9657,1001,13,5,0.6,0.2,1000,restricted_90,aggregation,0.8110476137997055,,,0.7491955020750853
9658,1001,13,5,0.6,0.2,1000,restricted_90,aggregation,0.8114165184375384,,,0.7497579609433777
9659,1001,13,5,0.6,0.2,1000,restricted_90,aggregation,0.8112558718646419,,,0.7492869936544937
9660,1001,13,5,0.6,0.2,1000,restricted_90,aggregation,0.8110519505595783,,,0.7489732480174147
9661,1001,13,5,0.6,0.2,1000,restricted_90,aggregation,0.8112360248513004,,,0.7494817138725473
9662,1001,13,5,0.6,0.2,1000,restricted_90,aggregation,0.8110546214348712,,,0.7488395538566373
9663,1001,13,5,0.6,0.2,1000,restricted_90,aggregation,0.8114188932868612,,,0.7495804906359073
9664,1001,13,5,0.6,0.2,1000,restricted_90,aggregation,0.8112781368712358,,,0.7491836093844427
9665,1001,13,5,0.6,0.2,1000,restricted_90,aggregation,0.8113409167345716,,,0.7502812264278931
9666,1001,13,5,0.6,0.2,1000,restricted_90,aggregation,0.8112326010222527,,,0.7499899372078539
9667,1001,13,5,0.6,0.2,1000,restricted_90,aggregation,0.8111599014814576,,,0.7490747908572908
9668,1001,13,5,0.6,0.2,1000,restricted_90,aggregation,0.8115089093049497,,,0.7498656635494135
9669,1001,13,5,0.6,0.2,1000,restricted_90,aggregation,0.8110877631279665,,,0.7495088928663928
9670,1001,13,5,0.6,0.2,1000,restricted_90,aggregation,0.8111863378198104,,,0.7490481560260727
9671,1001,13,5,0.6,0.2,1000,restricted_90,aggregation,0.8112553605551266,,,0.7493958826512993
9672,1001,13,5,0.6,0.2,1000,restricted_90,aggregation,0.8113222676203855,,,0.7490994286577619
9673,1001,13,5,0.6,0.2,1000,restricted_90,aggregation,0.8112373806807394,,,0.7490288497150996
9674,1001,13,5,0.6,0.2,1000,restricted_90,aggregation,0.8113218878908142,,,0.7492900144916811
9675,1001,13,5,0.6,0.2,1000,restricted_90,aggregation,0.8113227824503721,,,0.7499426246747081
9676,1001,13,5,0.6,0.2,1000,restricted_90,aggregation,0.8112410103449456,,,0.7492766610858277
9677,1001,13,5,0.6,0.2,1000,restricted_90,aggregation,0.8111669772413739,,,0.7496980781409947
9678,1001,13,5,0.6,0.2,1000,restricted_90,aggregation,0.811304580539456,,,0.7502460692548192
9679,1001,13,5,0.6,0.2,1000,restricted_90,aggregation,0.8111720236219999,,,0.7497017737971905
9680,1001,13,5,0.6,0.2,1000,restricted_90,aggregation,0.811296834882263,,,0.7497301461963962
9681,1001,13,5,0.6,0.2,1000,restricted_90,aggregation,0.811173293574209,,,0.7493111744890911
9682,1001,13,5,0.6,0.2,1000,restricted_90,aggregation,0.8108061167330262,,,0.7492911089219423
9683,1001,13,5,0.6,0.2,1000,restricted_90,aggregation,0.8113403208457945,,,0.7498136488973989
9684,1001,13,5,0.6,0.2,1000,restricted_90,aggregation,0.8110123008966661,,,0.7491240188515188
9685,1001,13,5,0.6,0.2,1000,restricted_90,aggregation,0.8111334030980769,,,0.7503812889733722
9686,1001,13,5,0.6,0.2,1000,restricted_90,aggregation,0.8113911641437239,,,0.7490240965515965
9687,1001,13,5,0.6,0.2,1000,restricted_90,aggregation,0.8112398323844537,,,0.7488812302203969
9688,1001,13,5,0.6,0.2,1000,restricted_90,aggregation,0.8113523531009035,,,0.7496763796234629
9689,1001,13,5,0.6,0.2,1000,restricted_90,aggregation,0.8112353493579785,,,0.7499131961865296
9690,1001,13,5,0.6,0.2,1000,restricted_90,aggregation,0.811268888942941,,,0.7484885059539226
9691,1001,13,5,0.6,0.2,1000,restricted_90,aggregation,0.810916360664241,,,0.7484649223307557
9692,1001,13,5,0.6,0.2,1000,restricted_90,aggregation,0.8113650383245147,,,0.7498182915695416
9693,1001,13,5,0.6,0.2,1000,restricted_90,aggregation,0.8110341811229399,,,0.7487721836496837
9694,1001,13,5,0.6,0.2,1000,restricted_90,aggregation,0.8113777052932722,,,0.7499591609624943
9695,1001,13,5,0.6,0.2,1000,restricted_90,aggregation,0.8112426611672418,,,0.7494648991594826
9696,1001,13,5,0.6,0.2,1000,restricted_90,aggregation,0.8111010732268453,,,0.7491294323423491
9697,1001,13,5,0.6,0.2,1000,restricted_90,aggregation,0.8114880317361572,,,0.7496498501190169
9698,1001,13,5,0.6,0.2,1000,restricted_90,aggregation,0.8108841819005103,,,0.7493218181972349
9699,1001,13,5,0.6,0.2,1000,restricted_90,aggregation,0.8109912943331438,,,0.7492466297745465
9700,1001,13,5,0.6,0.2,1000,restricted_90,aggregation,0.8111854797486096,,,0.7496561895049395
9701,1001,13,5,0.6,0.2,1000,restricted_90,aggregation,0.8110435032724967,,,0.7495365666278166
9702,1001,13,5,0.6,0.2,1000,restricted_90,aggregation,0.8114473228171268,,,0.7495195802654135
9703,1001,13,5,0.6,0.2,1000,restricted_90,aggregation,0.8110316817267966,,,0.7499037103945437
9704,1001,13,5,0.6,0.2,1000,restricted_90,aggregation,0.8111828953544177,,,0.7493872527164194
9705,1001,13,5,0.6,0.2,1000,restricted_90,aggregation,0.8110625060074026,,,0.7499211177711178
9706,1001,13,5,0.6,0.2,1000,restricted_90,aggregation,0.8113569619710073,,,0.7488752259160593
9707,1001,13,5,0.6,0.2,1000,restricted_90,aggregation,0.811089056903731,,,0.7497067578409246
9708,1001,13,5,0.6,0.2,1000,restricted_90,aggregation,0.8110763344974367,,,0.7485885450197951
9709,1001,13,5,0.6,0.2,1000,restricted_90,aggregation,0.811339897685424,,,0.7491899938024937
9710,1001,13,5,0.6,0.2,1000,restricted_90,aggregation,0.8112741439111156,,,0.7495803653753655
9711,1001,13,5,0.6,0.2,1000,restricted_90,aggregation,0.811029303757836,,,0.7501193640001973
9712,1001,13,5,0.6,0.2,1000,restricted_90,aggregation,0.8111238898091623,,,0.7495483643208642
9713,1001,13,5,0.6,0.2,1000,restricted_90,aggregation,0.8114210621399907,,,0.7489788616013617
9714,1001,13,5,0.6,0.2,1000,restricted_90,aggregation,0.8112102138505451,,,0.7496256309585475
9715,1001,13,5,0.6,0.2,1000,restricted_90,aggregation,0.8114214320682257,,,0.7500060349681184
9716,1001,13,5,0.6,0.2,1000,restricted_90,aggregation,0.8113815910392089,,,0.7502257196353029
9717,1001,13,5,0.6,0.2,1000,restricted_90,aggregation,0.8112022791520812,,,0.7489574202340868
9718,1001,13,5,0.6,0.2,1000,restricted_90,aggregation,0.8111488933336701,,,0.7493481196272863
9719,1001,13,5,0.6,0.2,1000,restricted_90,aggregation,0.8109160523990029,,,0.7490831742794243
9720,1001,13,5,0.6,0.2,1000,restricted_90,aggregation,0.8112748743627043,,,0.7495131895111061
9721,1001,13,5,0.6,0.2,1000,restricted_90,aggregation,0.8112382369541926,,,0.7497883531437698
9722,1001,13,5,0.6,0.2,1000,restricted_90,aggregation,0.8112777223018477,,,0.7494384484188651
9723,1001,13,5,0.6,0.2,1000,restricted_90,aggregation,0.8111107714663444,,,0.7489301144071978
9724,1001,13,5,0.6,0.2,1000,restricted_90,aggregation,0.8111265637651617,,,0.7491691631979133
9725,1001,13,5,0.6,0.2,1000,restricted_90,aggregation,0.8113606878028347,,,0.7494468839648006
9726,1001,13,5,0.6,0.2,1000,restricted_90,aggregation,0.8112625427323317,,,0.7499105048500883
9727,1001,13,5,0.6,0.2,1000,restricted_90,aggregation,0.8111537014656682,,,0.7499897156392991
9728,1001,13,5,0.6,0.2,1000,restricted_90,aggregation,0.8113151725394047,,,0.7503029904046571
9729,1001,13,5,0.6,0.2,1000,restricted_90,aggregation,0.8110435205062111,,,0.7487414770106438
9730,1001,13,5,0.6,0.2,1000,restricted_90,aggregation,0.8112501217917921,,,0.7496903303024136
9731,1001,13,5,0.6,0.2,1000,restricted_90,aggregation,0.8113194720040702,,,0.7492488753684587
9732,1001,13,5,0.6,0.2,1000,restricted_90,aggregation,0.8111677290975422,,,0.7485422500955834
9733,1001,13,5,0.6,0.2,1000,restricted_90,aggregation,0.8111550005414768,,,0.7491149785708119
9734,1001,13,5,0.6,0.2,1000,restricted_90,aggregation,0.8111691765927757,,,0.750132944000444
9735,1001,13,5,0.6,0.2,1000,restricted_90,aggregation,0.8113778336278243,,,0.7491525823250824
9736,1001,13,5,0.6,0.2,1000,restricted_90,aggregation,0.8112105654559945,,,0.749824299280966
9737,1001,13,5,0.6,0.2,1000,restricted_90,aggregation,0.8111633570686687,,,0.7496488595663595
9738,1001,13,5,0.6,0.2,1000,restricted_90,aggregation,0.8109827828201446,,,0.7487680604118103
9739,1001,13,5,0.6,0.2,1000,restricted_90,aggregation,0.8112227000108649,,,0.7486442307229808
9740,1001,13,5,0.6,0.2,1000,restricted_90,aggregation,0.8113320002077932,,,0.7490177254227255
9741,1001,13,5,0.6,0.2,1000,restricted_90,aggregation,0.8110560651895109,,,0.7497996367213035
9742,1001,13,5,0.6,0.2,1000,restricted_90,aggregation,0.8111902121844548,,,0.7497034438246938
9743,1001,13,5,0.6,0.2,1000,restricted_90,aggregation,0.8112353726621649,,,0.7492101256613758
9744,1001,13,5,0.6,0.2,1000,restricted_90,aggregation,0.811087736192333,,,0.7491979083724918
9745,1001,13,5,0.6,0.2,1000,restricted_90,aggregation,0.8113197702737143,,,0.7498468775206275
9746,1001,13,5,0.6,0.2,1000,restricted_90,aggregation,0.811385236686853,,,0.7496630138225971
9747,1001,13,5,0.6,0.2,1000,restricted_90,aggregation,0.8112309140199834,,,0.7490879453416953
9748,1001,13,5,0.6,0.2,1000,restricted_90,aggregation,0.8113828101800253,,,0.7493185774719108
9749,1001,13,5,0.6,0.2,1000,restricted_90,aggregation,0.8111150489918597,,,0.7496665487752988
9750,1001,13,5,0.6,0.2,1000,restricted_90,aggregation,0.8111644692676319,,,0.7494633066162233
9751,1001,13,5,0.6,0.2,1000,restricted_90,aggregation,0.8108527365938265,,,0.7499490214569381
9752,1001,13,5,0.6,0.2,1000,restricted_90,aggregation,0.8113397178520042,,,0.7500273212898213
9753,1001,13,5,0.6,0.2,1000,restricted_90,aggregation,0.8109425872021228,,,0.749248802370469
9754,1001,13,5,0.6,0.2,1000,restricted_90,aggregation,0.811381012799693,,,0.749621025625609
9755,1001,13,5,0.6,0.2,1000,restricted_90,aggregation,0.811474013294725,,,0.7492338295500796
9756,1001,13,5,0.6,0.2,1000,restricted_90,aggregation,0.8112193318494122,,,0.7490126434830601
9757,1001,13,5,0.6,0.2,1000,restricted_90,aggregation,0.8112005640527995,,,0.7501457487882488
9758,1001,13,5,0.6,0.2,1000,restricted_90,aggregation,0.8113484820212389,,,0.7488847677322678
9759,1001,13,5,0.6,0.2,1000,restricted_90,aggregation,0.8113640836695077,,,0.7494780953151785
9760,1001,13,5,0.6,0.2,1000,restricted_90,aggregation,0.8110764090174111,,,0.7491903430982597
9761,1001,13,5,0.6,0.2,1000,restricted_90,aggregation,0.8113234410152016,,,0.749035925201342
9762,1001,13,5,0.6,0.2,1000,restricted_90,aggregation,0.8112440824369418,,,0.7490461385682219
9763,1001,13,5,0.6,0.2,1000,restricted_90,aggregation,0.8110903117329964,,,0.7490116356791356
9764,1001,13,5,0.6,0.2,1000,restricted_90,aggregation,0.8113564532225139,,,0.7494018914418914
9765,1001,13,5,0.6,0.2,1000,restricted_90,aggregation,0.8111427050889846,,,0.7482225350267017
9766,1001,13,5,0.6,0.2,1000,restricted_90,aggregation,0.811466685273837,,,0.7495543430643431
9767,1001,13,5,0.6,0.2,1000,restricted_90,aggregation,0.8110899910363574,,,0.7491640646853146
9768,1001,13,5,0.6,0.2,1000,restricted_90,aggregation,0.8109030190739909,,,0.7491805365776198
9769,1001,13,5,0.6,0.2,1000,restricted_90,aggregation,0.8114191822514171,,,0.7491154672025505
9770,1001,13,5,0.6,0.2,1000,restricted_90,aggregation,0.8111485488511192,,,0.7482224164724166
9771,1001,13,5,0.6,0.2,1000,restricted_90,aggregation,0.8112053492922394,,,0.7494218999210666
9772,1001,13,5,0.6,0.2,1000,restricted_90,aggregation,0.8112283545305736,,,0.7495895500333
9773,1001,13,5,0.6,0.2,1000,restricted_90,aggregation,0.8112148915797794,,,0.7491706679740012
9774,1001,13,5,0.6,0.2,1000,restricted_90,aggregation,0.8112655438469064,,,0.7494458828054662
9775,1001,13,5,0.6,0.2,1000,restricted_90,aggregation,0.811044857497379,,,0.7496702238039737
9776,1001,13,5,0.6,0.2,1000,restricted_90,aggregation,0.8115309611930298,,,0.7497507494203327
9777,1001,13,5,0.6,0.2,1000,restricted_90,aggregation,0.8111695857462349,,,0.7487307399699066
9778,1001,13,5,0.6,0.2,1000,restricted_90,aggregation,0.8112234303841983,,,0.7495502496731663
9779,1001,13,5,0.6,0.2,1000,restricted_90,aggregation,0.8113294196818678,,,0.7496589720618888
9780,1001,13,5,0.6,0.2,1000,restricted_90,aggregation,0.81116286914444,,,0.7503045442212108
9781,1001,13,5,0.6,0.2,1000,restricted_90,aggregation,0.81139966121712,,,0.7492100094504262
9782,1001,13,5,0.6,0.2,1000,restricted_90,aggregation,0.8113503302155828,,,0.7495634932197432
9783,1001,13,5,0.6,0.2,1000,restricted_90,aggregation,0.8113092655533759,,,0.7497030669022337
9784,1001,13,5,0.6,0.2,1000,restricted_90,aggregation,0.8112321678052543,,,0.7495513485588485
9785,1001,13,5,0.6,0.2,1000,restricted_90,aggregation,0.8112516749413707,,,0.7493646025733526
9786,1001,13,5,0.6,0.2,1000,restricted_90,aggregation,0.8110781387361758,,,0.7486729668017169
9787,1001,13,5,0.6,0.2,1000,restricted_90,aggregation,0.8112569185109142,,,0.7497084612301278
9788,1001,13,5,0.6,0.2,1000,restricted_90,aggregation,0.8113247122094155,,,0.7498770633070634
9789,1001,13,5,0.6,0.2,1000,restricted_90,aggregation,0.8110608730945108,,,0.7495949038769871
9790,1001,13,5,0.6,0.2,1000,restricted_90,aggregation,0.8111837631041706,,,0.7492302842990343
9791,1001,13,5,0.6,0.2,1000,restricted_90,aggregation,0.8112992590521254,,,0.7494626947126947
9792,1001,13,5,0.6,0.2,1000,restricted_90,aggregation,0.811128456198402,,,0.7495119196081697
9793,1001,13,5,0.6,0.2,1000,restricted_90,aggregation,0.8113996775631911,,,0.749304693578027
9794,1001,13,5,0.6,0.2,1000,restricted_90,aggregation,0.8111905910933053,,,0.7496362838087839
9795,1001,13,5,0.6,0.2,1000,restricted_90,aggregation,0.8111077851737409,,,0.7487977917915418
9796,1001,13,5,0.6,0.2,1000,restricted_90,aggregation,0.8114455572488928,,,0.7498770740062407
9797,1001,13,5,0.6,0.2,1000,restricted_90,aggregation,0.8113147669235362,,,0.7500488570534404
9798,1001,13,5,0.6,0.2,1000,restricted_90,aggregation,0.8113160185170254,,,0.7483926958843626
9799,1001,13,5,0.6,0.2,1000,restricted_90,aggregation,0.8111047533279317,,,0.749490392986643
9800,1001,13,5,0.6,0.2,1000,restricted_90,aggregation,0.8112027231134128,,,0.7501679133366634
9801,1001,13,5,0.6,0.2,1000,restricted_90,aggregation,0.8112246251240786,,,0.7490988998655665
9802,1001,13,5,0.6,0.2,1000,restricted_90,aggregation,0.8113429170073387,,,0.7495258008966341
9803,1001,13,5,0.6,0.2,1000,restricted_90,aggregation,0.8113273959047368,,,0.7498955317676151
9804,1001,13,5,0.6,0.2,1000,restricted_90,aggregation,0.8112515810975272,,,0.7492407059607059
9805,1001,13,5,0.6,0.2,1000,restricted_90,aggregation,0.8113090929710031,,,0.7494903678574512
9806,1001,13,5,0.6,0.2,1000,restricted_90,aggregation,0.8111370517221457,,,0.7499612550875051
9807,1001,13,5,0.6,0.2,1000,restricted_90,aggregation,0.8112599335512052,,,0.7494473417785917
9808,1001,13,5,0.6,0.2,1000,restricted_90,aggregation,0.8114316591782171,,,0.7498641667900001
9809,1001,13,5,0.6,0.2,1000,restricted_90,aggregation,0.8111672654753092,,,0.7490632169373836
9810,1001,13,5,0.6,0.2,1000,restricted_90,aggregation,0.8113318282109898,,,0.7493472182909684
9811,1001,13,5,0.6,0.2,1000,restricted_90,aggregation,0.8114405824788864,,,0.7496444214273381
9812,1001,13,5,0.6,0.2,1000,restricted_90,aggregation,0.8112445421312158,,,0.7492011377048877
9813,1001,13,5,0.6,0.2,1000,restricted_90,aggregation,0.8109239196205765,,,0.748830304633638
9814,1001,13,5,0.6,0.2,1000,restricted_90,aggregation,0.8113236200954839,,,0.7494366304528804
9815,1001,13,5,0.6,0.2,1000,restricted_90,aggregation,0.8111344042279508,,,0.7492840794236628
9816,1001,13,5,0.6,0.2,1000,restricted_90,aggregation,0.8113589911673124,,,0.7490099332303499
9817,1001,13,5,0.6,0.2,1000,restricted_90,aggregation,0.8111109169311868,,,0.7499130120650954
9818,1001,13,5,0.6,0.2,1000,restricted_90,aggregation,0.8111109010874307,,,0.7488574452399454
9819,1001,13,5,0.6,0.2,1000,restricted_90,aggregation,0.8111613604405328,,,0.749745291776125
9820,1001,13,5,0.6,0.2,1000,restricted_90,aggregation,0.8114226523761455,,,0.749855307100307
9821,1001,13,5,0.6,0.2,1000,restricted_90,aggregation,0.8112333182895621,,,0.7492723533256868
9822,1001,13,5,0.6,0.2,1000,restricted_90,aggregation,0.8110989236045898,,,0.7491083554716887
9823,1001,13,5,0.6,0.2,1000,restricted_90,aggregation,0.8112414377437445,,,0.7492598945036446
9824,1001,13,5,0.6,0.2,1000,restricted_90,aggregation,0.8111423041015573,,,0.749195971698055
9825,1001,13,5,0.6,0.2,1000,restricted_90,aggregation,0.8112477449564033,,,0.7495087633970967
9826,1001,13,5,0.6,0.2,1000,restricted_90,aggregation,0.8109852161483599,,,0.7492230869285037
9827,1001,13,5,0.6,0.2,1000,restricted_90,aggregation,0.811251235201601,,,0.7499267984792984
9828,1001,13,5,0.6,0.2,1000,restricted_90,aggregation,0.8110903011545155,,,0.7488116226212059
9829,1001,13,5,0.6,0.2,1000,restricted_90,aggregation,0.8110464164057115,,,0.7492664019159853
9830,1001,13,5,0.6,0.2,1000,restricted_90,aggregation,0.8110879389899022,,,0.7495664712139712
9831,1001,13,5,0.6,0.2,1000,restricted_90,aggregation,0.8111240890492528,,,0.7501187878017045
9832,1001,13,5,0.6,0.2,1000,restricted_90,aggregation,0.81112601913002,,,0.7499535156664324
9833,1001,13,5,0.6,0.2,1000,restricted_90,aggregation,0.8114088346107418,,,0.7495463324329992
9834,1001,13,5,0.6,0.2,1000,restricted_90,aggregation,0.8115046122959817,,,0.7497625372004538
9835,1001,13,5,0.6,0.2,1000,restricted_90,aggregation,0.8112327865022342,,,0.7489685099314266
9836,1001,13,5,0.6,0.2,1000,restricted_90,aggregation,0.8113103550115824,,,0.7501981025147691
9837,1001,13,5,0.6,0.2,1000,restricted_90,aggregation,0.8114375446910304,,,0.7490017875334541
9838,1001,13,5,0.6,0.2,1000,restricted_90,aggregation,0.811313977430312,,,0.7492645716937383
9839,1001,13,5,0.6,0.2,1000,restricted_90,aggregation,0.8109929596396589,,,0.7494440566532233
9840,1001,13,5,0.6,0.2,1000,restricted_90,aggregation,0.8112436352707404,,,0.7496431558564892
9841,1001,13,5,0.6,0.2,1000,restricted_90,aggregation,0.8110333444323857,,,0.7497308007270507
9842,1001,13,5,0.6,0.2,1000,restricted_90,aggregation,0.8111222633496448,,,0.7491469758790592
9843,1001,13,5,0.6,0.2,1000,restricted_90,aggregation,0.8110898273248581,,,0.7504875709013208
9844,1001,13,5,0.6,0.2,1000,restricted_90,aggregation,0.8111791161645433,,,0.7496622287743121
9845,1001,13,5,0.6,0.2,1000,restricted_90,aggregation,0.811169495096013,,,0.749886576109076
9846,1001,13,5,0.6,0.2,1000,restricted_90,aggregation,0.8109709019901368,,,0.7490231466373133
9847,1001,13,5,0.6,0.2,1000,restricted_90,aggregation,0.8111856239062748,,,0.7498245804812471
9848,1001,13,5,0.6,0.2,1000,restricted_90,aggregation,0.8114161975309053,,,0.7499565940232606
9849,1001,13,5,0.6,0.2,1000,restricted_90,aggregation,0.8111960236796983,,,0.7498761760615926
9850,1001,13,5,0.6,0.2,1000,restricted_90,aggregation,0.8112829993681894,,,0.7497371699750865
9851,1001,13,5,0.6,0.2,1000,restricted_90,aggregation,0.8112728609876905,,,0.7499868457005956
9852,1001,13,5,0.6,0.2,1000,restricted_90,aggregation,0.8111176732043461,,,0.7491220999525167
9853,1001,13,5,0.6,0.2,1000,restricted_90,aggregation,0.8111762853114651,,,0.7496889519431187
9854,1001,13,5,0.6,0.2,1000,restricted_90,aggregation,0.8113824271938436,,,0.749977002565336
9855,1001,13,5,0.6,0.2,1000,restricted_90,aggregation,0.811308160301919,,,0.7494545243182742
9856,1001,13,5,0.6,0.2,1000,restricted_90,aggregation,0.8109004148069643,,,0.7490180065459232
9857,1001,13,5,0.6,0.2,1000,restricted_90,aggregation,0.8114444905352874,,,0.749881348975099
9858,1001,13,5,0.6,0.2,1000,restricted_90,aggregation,0.8109563992560693,,,0.7496516825150159
9859,1001,13,5,0.6,0.2,1000,restricted_90,aggregation,0.8112361243371153,,,0.7498820577570577
9860,1001,13,5,0.6,0.2,1000,restricted_90,aggregation,0.811377669233036,,,0.749282035433702
9861,1001,13,5,0.6,0.2,1000,restricted_90,aggregation,0.811288607307994,,,0.7490381779177613
9862,1001,13,5,0.6,0.2,1000,restricted_90,aggregation,0.8110794230588396,,,0.749082408008658
9863,1001,13,5,0.6,0.2,1000,restricted_90,aggregation,0.8108507329355762,,,0.7501552832506999
9864,1001,13,5,0.6,0.2,1000,restricted_90,aggregation,0.8111832332353637,,,0.7496753933412267
9865,1001,13,5,0.6,0.2,1000,restricted_90,aggregation,0.8111297461523513,,,0.7496130270038603
9866,1001,13,5,0.6,0.2,1000,restricted_90,aggregation,0.8111289989921932,,,0.7489710548093881
9867,1001,13,5,0.6,0.2,1000,restricted_90,aggregation,0.8112591349690407,,,0.7497168120613954
9868,1001,13,5,0.6,0.2,1000,restricted_90,aggregation,0.8111308542185333,,,0.7493778343261677
9869,1001,13,5,0.6,0.2,1000,restricted_90,aggregation,0.8113553486685815,,,0.7496903865733032
9870,1001,13,5,0.6,0.2,1000,restricted_90,aggregation,0.8113855045727535,,,0.7497345434349602
9871,1001,13,5,0.6,0.2,1000,restricted_90,aggregation,0.8112871932242293,,,0.7492397681639349
9872,1001,13,5,0.6,0.2,1000,restricted_90,aggregation,0.8112060600539232,,,0.7494113467088467
9873,1001,13,5,0.6,0.2,1000,restricted_90,aggregation,0.8111406433233193,,,0.749621489020239
9874,1001,13,5,0.6,0.2,1000,restricted_90,aggregation,0.811356714027376,,,0.7499810092685092
9875,1001,13,5,0.6,0.2,1000,restricted_90,aggregation,0.8110975885579353,,,0.7491592441817443
9876,1001,13,5,0.6,0.2,1000,restricted_90,aggregation,0.8112255001357394,,,0.7495805452726286
9877,1001,13,5,0.6,0.2,1000,restricted_90,aggregation,0.8112328162464669,,,0.7499251124338623
9878,1001,13,5,0.6,0.2,1000,restricted_90,aggregation,0.81142611835089,,,0.7496902128735461
9879,1001,13,5,0.6,0.2,1000,restricted_90,aggregation,0.8111002764940792,,,0.7494783047662215
9880,1001,13,5,0.6,0.2,1000,restricted_90,aggregation,0.8112926331657583,,,0.749551255765839
9881,1001,13,5,0.6,0.2,1000,restricted_90,aggregation,0.8111677778830519,,,0.7494141735579235
9882,1001,13,5,0.6,0.2,1000,restricted_90,aggregation,0.8113877592187277,,,0.7496922666993501
9883,1001,13,5,0.6,0.2,1000,restricted_90,aggregation,0.8112339971229621,,,0.7494653876987211
9884,1001,13,5,0.6,0.2,1000,restricted_90,aggregation,0.8111195136589389,,,0.7495076593468261
9885,1001,13,5,0.6,0.2,1000,restricted_90,aggregation,0.8111740569895063,,,0.7492768792164625
9886,1001,13,5,0.6,0.2,1000,restricted_90,aggregation,0.8110430648758312,,,0.7493056956623624
9887,1001,13,5,0.6,0.2,1000,restricted_90,aggregation,0.8111235845262121,,,0.7492462661258495
9888,1001,13,5,0.6,0.2,1000,restricted_90,aggregation,0.8112493943605498,,,0.7493185472860473
9889,1001,13,5,0.6,0.2,1000,restricted_90,aggregation,0.8111071275637499,,,0.7499683701637868
9890,1001,13,5,0.6,0.2,1000,restricted_90,aggregation,0.8110382295292479,,,0.7497944859307359
9891,1001,13,5,0.6,0.2,1000,restricted_90,aggregation,0.8111385561264396,,,0.7491437897442064
9892,1001,13,5,0.6,0.2,1000,restricted_90,aggregation,0.8111252964667021,,,0.7496762268903936
9893,1001,13,5,0.6,0.2,1000,restricted_90,aggregation,0.8113935383331154,,,0.7499974070065736
9894,1001,13,5,0.6,0.2,1000,restricted_90,aggregation,0.8109915606485817,,,0.7496536028786028
9895,1001,13,5,0.6,0.2,1000,restricted_90,aggregation,0.811303165313137,,,0.7501390621878122
9896,1001,13,5,0.6,0.2,1000,restricted_90,aggregation,0.8112874366696627,,,0.7496245865400032
9897,1001,13,5,0.6,0.2,1000,restricted_90,aggregation,0.8111875188221311,,,0.7495438830613831
9898,1001,13,5,0.6,0.2,1000,restricted_90,aggregation,0.8112541911880411,,,0.7500940081831748
9899,1001,13,5,0.6,0.2,1000,restricted_90,aggregation,0.811227211135464,,,0.7496108129370629
9900,1001,13,5,0.6,0.2,1000,restricted_90,aggregation,0.8113696990612997,,,0.7494720738983239
9901,1001,13,5,0.6,0.2,1000,restricted_90,aggregation,0.8113144301018709,,,0.7503114920419087
9902,1001,13,5,0.6,0.2,1000,restricted_90,aggregation,0.8112338089085288,,,0.7496271484688152
9903,1001,13,5,0.6,0.2,1000,restricted_90,aggregation,0.8114527616248326,,,0.7498267453071619
9904,1001,13,5,0.6,0.2,1000,restricted_90,aggregation,0.8112785388952712,,,0.7489602373089873
9905,1001,13,5,0.6,0.2,1000,restricted_90,aggregation,0.8114818900064071,,,0.7499384009046509
9906,1001,13,5,0.6,0.2,1000,restricted_90,aggregation,0.8113533219249905,,,0.7491313700497033
9907,1001,13,5,0.6,0.2,1000,restricted_90,aggregation,0.8115758412726096,,,0.7499138080900581
9908,1001,13,5,0.6,0.2,1000,restricted_90,aggregation,0.8114702143942648,,,0.7500795631683131
9909,1001,13,5,0.6,0.2,1000,restricted_90,aggregation,0.8111861681616188,,,0.7499461496065662
9910,1001,13,5,0.6,0.2,1000,restricted_90,aggregation,0.8113138057436912,,,0.7500443732193732
9911,1001,13,5,0.6,0.2,1000,restricted_90,aggregation,0.8109793899007012,,,0.7505567194688028
9912,1001,13,5,0.6,0.2,1000,restricted_90,aggregation,0.8111989979490152,,,0.7494781454656454
9913,1001,13,5,0.6,0.2,1000,restricted_90,aggregation,0.8111787915631585,,,0.7496633965263132
9914,1001,13,5,0.6,0.2,1000,restricted_90,aggregation,0.8111777766156515,,,0.7494236571144904
9915,1001,13,5,0.6,0.2,1000,restricted_90,aggregation,0.8109901447389621,,,0.74954804001554
9916,1001,13,5,0.6,0.2,1000,restricted_90,aggregation,0.8109372205758768,,,0.7490364659722992
9917,1001,13,5,0.6,0.2,1000,restricted_90,aggregation,0.8110668769444664,,,0.7493969700361368
9918,1001,13,5,0.6,0.2,1000,restricted_90,aggregation,0.8112937698180893,,,0.7497343744835412
9919,1001,13,5,0.6,0.2,1000,restricted_90,aggregation,0.811289699586817,,,0.7494376109384443
9920,1001,13,5,0.6,0.2,1000,restricted_90,aggregation,0.8112323498664051,,,0.7495226124801125
9921,1001,13,5,0.6,0.2,1000,restricted_90,aggregation,0.8112523163305055,,,0.7489443078372244
9922,1001,13,5,0.6,0.2,1000,restricted_90,aggregation,0.8111016921952863,,,0.750067422361589
9923,1001,13,5,0.6,0.2,1000,restricted_90,aggregation,0.811004828354525,,,0.7497917048692049
9924,1001,13,5,0.6,0.2,1000,restricted_90,aggregation,0.8111150351142549,,,0.7496149486007819
9925,1001,13,5,0.6,0.2,1000,restricted_90,aggregation,0.8111903240297476,,,0.7494930850785018
9926,1001,13,5,0.6,0.2,1000,restricted_90,aggregation,0.8114181285215869,,,0.7490193210339043
9927,1001,13,5,0.6,0.2,1000,restricted_90,aggregation,0.8110898313549241,,,0.7495222599005932
9928,1001,13,5,0.6,0.2,1000,restricted_90,aggregation,0.8112840519941171,,,0.7495783967575633
9929,1001,13,5,0.6,0.2,1000,restricted_90,aggregation,0.8111903690912992,,,0.7495419104814939
9930,1001,13,5,0.6,0.2,1000,restricted_90,aggregation,0.8109969130751822,,,0.7501837795075293
9931,1001,13,5,0.6,0.2,1000,restricted_90,aggregation,0.8112795335954857,,,0.7490785061543395
9932,1001,13,5,0.6,0.2,1000,restricted_90,aggregation,0.8111649774780095,,,0.7493772267393101
9933,1001,13,5,0.6,0.2,1000,restricted_90,aggregation,0.8112294075579689,,,0.7493268367589201
9934,1001,13,5,0.6,0.2,1000,restricted_90,aggregation,0.8109964690514823,,,0.7496748141210641
9935,1001,13,5,0.6,0.2,1000,restricted_90,aggregation,0.8111039143401012,,,0.7498947101509602
9936,1001,13,5,0.6,0.2,1000,restricted_90,aggregation,0.8110269045359748,,,0.7491776436680604
9937,1001,13,5,0.6,0.2,1000,restricted_90,aggregation,0.8111649504259595,,,0.7505645749466583
9938,1001,13,5,0.6,0.2,1000,restricted_90,aggregation,0.8111849403406324,,,0.7494019010773177
9939,1001,13,5,0.6,0.2,1000,restricted_90,aggregation,0.8113698363760816,,,0.7494058621779456
9940,1001,13,5,0.6,0.2,1000,restricted_90,aggregation,0.8113779143434868,,,0.7498800211362712
9941,1001,13,5,0.6,0.2,1000,restricted_90,aggregation,0.8113022394388598,,,0.749752025597859
9942,1001,13,5,0.6,0.2,1000,restricted_90,aggregation,0.8111689853736594,,,0.7488758653229487
9943,1001,13,5,0.6,0.2,1000,restricted_90,aggregation,0.8111609833409745,,,0.749881457554791
9944,1001,13,5,0.6,0.2,1000,restricted_90,aggregation,0.8111272727968227,,,0.7491799161640827
9945,1001,13,5,0.6,0.2,1000,restricted_90,aggregation,0.8112010877504591,,,0.7497833213545713
9946,1001,13,5,0.6,0.2,1000,restricted_90,aggregation,0.8111064884105095,,,0.7499901153013653
9947,1001,13,5,0.6,0.2,1000,restricted_90,aggregation,0.8111645820156301,,,0.7491231262410429
9948,1001,13,5,0.6,0.2,1000,restricted_90,aggregation,0.811435269070824,,,0.7496149138669973
9949,1001,13,5,0.6,0.2,1000,restricted_90,aggregation,0.8113692740731843,,,0.7499385968660969
9950,1001,13,5,0.6,0.2,1000,restricted_90,aggregation,0.8113933562612554,,,0.7497495042765877
9951,1001,13,5,0.6,0.2,1000,restricted_90,aggregation,0.8114337844410434,,,0.7494100160641828
9952,1001,13,5,0.6,0.2,1000,restricted_90,aggregation,0.8113153890325853,,,0.7495531795056796
9953,1001,13,5,0.6,0.2,1000,restricted_90,aggregation,0.8111866518382996,,,0.7496761753061753
9954,1001,13,5,0.6,0.2,1000,restricted_90,aggregation,0.8114372581665185,,,0.7493729306495972
9955,1001,13,5,0.6,0.2,1000,restricted_90,aggregation,0.8111000067820441,,,0.7498949629228796
9956,1001,13,5,0.6,0.2,1000,restricted_90,aggregation,0.8111949909054846,,,0.74871077317744
9957,1001,13,5,0.6,0.2,1000,restricted_90,aggregation,0.8110959492316859,,,0.7500958610062777
9958,1001,13,5,0.6,0.2,1000,restricted_90,aggregation,0.8114329881927267,,,0.7493841434953934
9959,1001,13,5,0.6,0.2,1000,restricted_90,aggregation,0.8112550331773962,,,0.7491256225102059
9960,1001,13,5,0.6,0.2,1000,restricted_90,aggregation,0.8110864944786583,,,0.7487989729406397
9961,1001,13,5,0.6,0.2,1000,restricted_90,aggregation,0.8112602199561854,,,0.7493826274805441
9962,1001,13,5,0.6,0.2,1000,restricted_90,aggregation,0.8112319608279093,,,0.749714715346382
9963,1001,13,5,0.6,0.2,1000,restricted_90,aggregation,0.8111700124900524,,,0.7493355494967994
9964,1001,13,5,0.6,0.2,1000,restricted_90,aggregation,0.8110056419330718,,,0.7493479966792467
9965,1001,13,5,0.6,0.2,1000,restricted_90,aggregation,0.8111986765265123,,,0.7497478536895203
9966,1001,13,5,0.6,0.2,1000,restricted_90,aggregation,0.8110328437018219,,,0.7500876569109902
9967,1001,13,5,0.6,0.2,1000,restricted_90,aggregation,0.8112706099855086,,,0.7492743714156214
9968,1001,13,5,0.6,0.2,1000,restricted_90,aggregation,0.8108150383227269,,,0.748882699399366
9969,1001,13,5,0.6,0.2,1000,restricted_90,aggregation,0.8113961488373823,,,0.7494423464344299
9970,1001,13,5,0.6,0.2,1000,restricted_90,aggregation,0.8112642781286312,,,0.7496958371412538
9971,1001,13,5,0.6,0.2,1000,restricted_90,aggregation,0.8111259204117091,,,0.7486677096206262
9972,1001,13,5,0.6,0.2,1000,restricted_90,aggregation,0.8113615524591751,,,0.7496087975912976
9973,1001,13,5,0.6,0.2,1000,restricted_90,aggregation,0.8111603326853937,,,0.7498866256274589
9974,1001,13,5,0.6,0.2,1000,restricted_90,aggregation,0.8111757125149921,,,0.7500450058737559
9975,1001,13,5,0.6,0.2,1000,restricted_90,aggregation,0.8112633167459995,,,0.7492558438629272
9976,1001,13,5,0.6,0.2,1000,restricted_90,aggregation,0.8109226938687231,,,0.7486851511914012
9977,1001,13,5,0.6,0.2,1000,restricted_90,aggregation,0.8113858644320383,,,0.7492677259931427
9978,1001,13,5,0.6,0.2,1000,restricted_90,aggregation,0.8114528260680361,,,0.7493515125460959
9979,1001,13,5,0.6,0.2,1000,restricted_90,aggregation,0.8112324086609851,,,0.7497972667610168
9980,1001,13,5,0.6,0.2,1000,restricted_90,aggregation,0.8112194133634021,,,0.7494185054605889
9981,1001,13,5,0.6,0.2,1000,restricted_90,aggregation,0.8110438852535942,,,0.7498409885947386
9982,1001,13,5,0.6,0.2,1000,restricted_90,aggregation,0.8112468631397851,,,0.7494894230152563
9983,1001,13,5,0.6,0.2,1000,restricted_90,aggregation,0.8114659526842387,,,0.7500784734555568
9984,1001,13,5,0.6,0.2,1000,restricted_90,aggregation,0.8112643492503696,,,0.7495887031641199
9985,1001,13,5,0.6,0.2,1000,restricted_90,aggregation,0.8113492821974194,,,0.7495723900482234
9986,1001,13,5,0.6,0.2,1000,restricted_90,aggregation,0.8111898968167564,,,0.7498066768108435
9987,1001,13,5,0.6,0.2,1000,restricted_90,aggregation,0.8112124963564746,,,0.7491040485440486
9988,1001,13,5,0.6,0.2,1000,restricted_90,aggregation,0.8109681355254498,,,0.7493003059132226
9989,1001,13,5,0.6,0.2,1000,restricted_90,aggregation,0.811387510605938,,,0.750321067188984
9990,1001,13,5,0.6,0.2,1000,restricted_90,aggregation,0.8109427911636874,,,0.7492798161252328
9991,1001,13,5,0.6,0.2,1000,restricted_90,aggregation,0.8113877551550757,,,0.7492412373429039
9992,1001,13,5,0.6,0.2,1000,restricted_90,aggregation,0.8110577938582882,,,0.7490538247554914
9993,1001,13,5,0.6,0.2,1000,restricted_90,aggregation,0.8112784427272566,,,0.7493994290585957
9994,1001,13,5,0.6,0.2,1000,restricted_90,aggregation,0.8114004343771432,,,0.7495859575609576
9995,1001,13,5,0.6,0.2,1000,restricted_90,aggregation,0.8113820529863218,,,0.7493933777025443
9996,1001,13,5,0.6,0.2,1000,restricted_90,aggregation,0.8109267101015836,,,0.7498299798349799
9997,1001,13,5,0.6,0.2,1000,restricted_90,aggregation,0.81145280587727,,,0.7501931727840061
9998,1001,13,5,0.6,0.2,1000,restricted_90,aggregation,0.8108402413985748,,,0.7488166932912765
9999,1001,13,5,0.6,0.2,1000,restricted_90,aggregation,0.8111406352907762,,,0.7495309329250995
