,group_size,n_sources,heuristic_size,reliability_mean,reliability_range,n_samples,group_type,procedure,accuracy,precision,diversity,average
0,1001,13,5,0.65,0.2,1000,diverse,aggregation,0.8726842506787728,,,0.7649013170086087
1,1001,13,5,0.65,0.2,1000,diverse,aggregation,0.8726842506787728,,,0.7656688740503325
2,1001,13,5,0.65,0.2,1000,diverse,aggregation,0.8726842506787728,,,0.7655674868726953
3,1001,13,5,0.65,0.2,1000,diverse,aggregation,0.8726842506787728,,,0.7671224846449847
4,1001,13,5,0.65,0.2,1000,diverse,aggregation,0.8726842506787728,,,0.7665826946433197
5,1001,13,5,0.65,0.2,1000,diverse,aggregation,0.8726842506787728,,,0.7665460689387774
6,1001,13,5,0.65,0.2,1000,diverse,aggregation,0.8726842506787728,,,0.7654626320284655
7,1001,13,5,0.65,0.2,1000,diverse,aggregation,0.8726842506787728,,,0.7650960269051936
8,1001,13,5,0.65,0.2,1000,diverse,aggregation,0.8726842506787728,,,0.7649221216283718
9,1001,13,5,0.65,0.2,1000,diverse,aggregation,0.8726842506787728,,,0.7656546763884265
10,1001,13,5,0.65,0.2,1000,diverse,aggregation,0.8726842506787728,,,0.7684768770889604
11,1001,13,5,0.65,0.2,1000,diverse,aggregation,0.8726842506787728,,,0.7635984841547342
12,1001,13,5,0.65,0.2,1000,diverse,aggregation,0.8726842506787728,,,0.7654430425284593
13,1001,13,5,0.65,0.2,1000,diverse,aggregation,0.8726842506787728,,,0.7650522533407951
14,1001,13,5,0.65,0.2,1000,diverse,aggregation,0.8726842506787728,,,0.7650667601996769
15,1001,13,5,0.65,0.2,1000,diverse,aggregation,0.8726842506787728,,,0.7644233798377549
16,1001,13,5,0.65,0.2,1000,diverse,aggregation,0.8726842506787728,,,0.7653188128075629
17,1001,13,5,0.65,0.2,1000,diverse,aggregation,0.8726842506787728,,,0.7649736125448627
18,1001,13,5,0.65,0.2,1000,diverse,aggregation,0.8726842506787728,,,0.7676002490179573
19,1001,13,5,0.65,0.2,1000,diverse,aggregation,0.8726842506787728,,,0.7684986905918157
20,1001,13,5,0.65,0.2,1000,diverse,aggregation,0.8726842506787728,,,0.7654598896628064
21,1001,13,5,0.65,0.2,1000,diverse,aggregation,0.8726842506787728,,,0.7646172011013678
22,1001,13,5,0.65,0.2,1000,diverse,aggregation,0.8726842506787728,,,0.7648930775166193
23,1001,13,5,0.65,0.2,1000,diverse,aggregation,0.8726842506787728,,,0.7670861988243239
24,1001,13,5,0.65,0.2,1000,diverse,aggregation,0.8726842506787728,,,0.7649520933002183
25,1001,13,5,0.65,0.2,1000,diverse,aggregation,0.8726842506787728,,,0.7658309160438327
26,1001,13,5,0.65,0.2,1000,diverse,aggregation,0.8726842506787728,,,0.7653380351747019
27,1001,13,5,0.65,0.2,1000,diverse,aggregation,0.8726842506787728,,,0.7675583197049866
28,1001,13,5,0.65,0.2,1000,diverse,aggregation,0.8726842506787728,,,0.7662355360226195
29,1001,13,5,0.65,0.2,1000,diverse,aggregation,0.8726842506787728,,,0.7662506394377228
30,1001,13,5,0.65,0.2,1000,diverse,aggregation,0.8726842506787728,,,0.7666243407903826
31,1001,13,5,0.65,0.2,1000,diverse,aggregation,0.8726842506787728,,,0.7661305384584551
32,1001,13,5,0.65,0.2,1000,diverse,aggregation,0.8726842506787728,,,0.7651421791480126
33,1001,13,5,0.65,0.2,1000,diverse,aggregation,0.8726842506787728,,,0.7648981786500538
34,1001,13,5,0.65,0.2,1000,diverse,aggregation,0.8726842506787728,,,0.7624479312893897
35,1001,13,5,0.65,0.2,1000,diverse,aggregation,0.8726842506787728,,,0.7679563460228044
36,1001,13,5,0.65,0.2,1000,diverse,aggregation,0.8726842506787728,,,0.7649880394219979
37,1001,13,5,0.65,0.2,1000,diverse,aggregation,0.8726842506787728,,,0.7676718908637659
38,1001,13,5,0.65,0.2,1000,diverse,aggregation,0.8726842506787728,,,0.7664144974547059
39,1001,13,5,0.65,0.2,1000,diverse,aggregation,0.8726842506787728,,,0.7671529900115317
40,1001,13,5,0.65,0.2,1000,diverse,aggregation,0.8726842506787728,,,0.7652431696081697
41,1001,13,5,0.65,0.2,1000,diverse,aggregation,0.8726842506787728,,,0.7657297180443015
42,1001,13,5,0.65,0.2,1000,diverse,aggregation,0.8726842506787728,,,0.7644755931722599
43,1001,13,5,0.65,0.2,1000,diverse,aggregation,0.8726842506787728,,,0.764419142871018
44,1001,13,5,0.65,0.2,1000,diverse,aggregation,0.8726842506787728,,,0.7655808306199975
45,1001,13,5,0.65,0.2,1000,diverse,aggregation,0.8726842506787728,,,0.7656292375140292
46,1001,13,5,0.65,0.2,1000,diverse,aggregation,0.8726842506787728,,,0.7668638362948781
47,1001,13,5,0.65,0.2,1000,diverse,aggregation,0.8726842506787728,,,0.7653312940685857
48,1001,13,5,0.65,0.2,1000,diverse,aggregation,0.8726842506787728,,,0.7648082896193313
49,1001,13,5,0.65,0.2,1000,diverse,aggregation,0.8726842506787728,,,0.7673534995174579
50,1001,13,5,0.65,0.2,1000,diverse,aggregation,0.8726842506787728,,,0.7640420717785302
51,1001,13,5,0.65,0.2,1000,diverse,aggregation,0.8726842506787728,,,0.7672970456780874
52,1001,13,5,0.65,0.2,1000,diverse,aggregation,0.8726842506787728,,,0.765531316199233
53,1001,13,5,0.65,0.2,1000,diverse,aggregation,0.8726842506787728,,,0.7654581689298356
54,1001,13,5,0.65,0.2,1000,diverse,aggregation,0.8726842506787728,,,0.7661232515092934
55,1001,13,5,0.65,0.2,1000,diverse,aggregation,0.8726842506787728,,,0.7670811357623858
56,1001,13,5,0.65,0.2,1000,diverse,aggregation,0.8726842506787728,,,0.7659597127255461
57,1001,13,5,0.65,0.2,1000,diverse,aggregation,0.8726842506787728,,,0.7636765670440671
58,1001,13,5,0.65,0.2,1000,diverse,aggregation,0.8726842506787728,,,0.763547225652434
59,1001,13,5,0.65,0.2,1000,diverse,aggregation,0.8726842506787728,,,0.7661322908418742
60,1001,13,5,0.65,0.2,1000,diverse,aggregation,0.8726842506787728,,,0.7641259323700992
61,1001,13,5,0.65,0.2,1000,diverse,aggregation,0.8726842506787728,,,0.7653569549046632
62,1001,13,5,0.65,0.2,1000,diverse,aggregation,0.8726842506787728,,,0.7644868282103701
63,1001,13,5,0.65,0.2,1000,diverse,aggregation,0.8726842506787728,,,0.7666096127637795
64,1001,13,5,0.65,0.2,1000,diverse,aggregation,0.8726842506787728,,,0.7647441568076985
65,1001,13,5,0.65,0.2,1000,diverse,aggregation,0.8726842506787728,,,0.7649957258790594
66,1001,13,5,0.65,0.2,1000,diverse,aggregation,0.8726842506787728,,,0.7668113184654853
67,1001,13,5,0.65,0.2,1000,diverse,aggregation,0.8726842506787728,,,0.7664097620049704
68,1001,13,5,0.65,0.2,1000,diverse,aggregation,0.8726842506787728,,,0.7645278246367831
69,1001,13,5,0.65,0.2,1000,diverse,aggregation,0.8726842506787728,,,0.7660671411921414
70,1001,13,5,0.65,0.2,1000,diverse,aggregation,0.8726842506787728,,,0.7644416053159804
71,1001,13,5,0.65,0.2,1000,diverse,aggregation,0.8726842506787728,,,0.7663907705720207
72,1001,13,5,0.65,0.2,1000,diverse,aggregation,0.8726842506787728,,,0.7657467164008831
73,1001,13,5,0.65,0.2,1000,diverse,aggregation,0.8726842506787728,,,0.7666126087955256
74,1001,13,5,0.65,0.2,1000,diverse,aggregation,0.8726842506787728,,,0.7679487617706368
75,1001,13,5,0.65,0.2,1000,diverse,aggregation,0.8726842506787728,,,0.764613288301205
76,1001,13,5,0.65,0.2,1000,diverse,aggregation,0.8726842506787728,,,0.7634359367098952
77,1001,13,5,0.65,0.2,1000,diverse,aggregation,0.8726842506787728,,,0.7641012339589424
78,1001,13,5,0.65,0.2,1000,diverse,aggregation,0.8726842506787728,,,0.7663219456469458
79,1001,13,5,0.65,0.2,1000,diverse,aggregation,0.8726842506787728,,,0.7664804511460762
80,1001,13,5,0.65,0.2,1000,diverse,aggregation,0.8726842506787728,,,0.7673481344273011
81,1001,13,5,0.65,0.2,1000,diverse,aggregation,0.8726842506787728,,,0.7650634578692913
82,1001,13,5,0.65,0.2,1000,diverse,aggregation,0.8726842506787728,,,0.7655552554235888
83,1001,13,5,0.65,0.2,1000,diverse,aggregation,0.8726842506787728,,,0.7649202678340179
84,1001,13,5,0.65,0.2,1000,diverse,aggregation,0.8726842506787728,,,0.7673441753848004
85,1001,13,5,0.65,0.2,1000,diverse,aggregation,0.8726842506787728,,,0.7659512737879405
86,1001,13,5,0.65,0.2,1000,diverse,aggregation,0.8726842506787728,,,0.7652108534135618
87,1001,13,5,0.65,0.2,1000,diverse,aggregation,0.8726842506787728,,,0.762776183662017
88,1001,13,5,0.65,0.2,1000,diverse,aggregation,0.8726842506787728,,,0.7662453394445062
89,1001,13,5,0.65,0.2,1000,diverse,aggregation,0.8726842506787728,,,0.7662869996515831
90,1001,13,5,0.65,0.2,1000,diverse,aggregation,0.8726842506787728,,,0.7641960941450525
91,1001,13,5,0.65,0.2,1000,diverse,aggregation,0.8726842506787728,,,0.7668290250798585
92,1001,13,5,0.65,0.2,1000,diverse,aggregation,0.8726842506787728,,,0.7655196926067759
93,1001,13,5,0.65,0.2,1000,diverse,aggregation,0.8726842506787728,,,0.7660432608980526
94,1001,13,5,0.65,0.2,1000,diverse,aggregation,0.8726842506787728,,,0.7660805343961594
95,1001,13,5,0.65,0.2,1000,diverse,aggregation,0.8726842506787728,,,0.7647332712657713
96,1001,13,5,0.65,0.2,1000,diverse,aggregation,0.8726842506787728,,,0.7653687185037185
97,1001,13,5,0.65,0.2,1000,diverse,aggregation,0.8726842506787728,,,0.7654087259114344
98,1001,13,5,0.65,0.2,1000,diverse,aggregation,0.8726842506787728,,,0.7663317428713263
99,1001,13,5,0.65,0.2,1000,diverse,aggregation,0.8726842506787728,,,0.7650410499993834
100,1001,13,5,0.65,0.2,1000,diverse,aggregation,0.8726842506787728,,,0.7682886396859314
101,1001,13,5,0.65,0.2,1000,diverse,aggregation,0.8726842506787728,,,0.7652396089173173
102,1001,13,5,0.65,0.2,1000,diverse,aggregation,0.8726842506787728,,,0.7657066166934918
103,1001,13,5,0.65,0.2,1000,diverse,aggregation,0.8726842506787728,,,0.7656572948656284
104,1001,13,5,0.65,0.2,1000,diverse,aggregation,0.8726842506787728,,,0.7635717340144424
105,1001,13,5,0.65,0.2,1000,diverse,aggregation,0.8726842506787728,,,0.7650733975206893
106,1001,13,5,0.65,0.2,1000,diverse,aggregation,0.8726842506787728,,,0.7639572415932833
107,1001,13,5,0.65,0.2,1000,diverse,aggregation,0.8726842506787728,,,0.7653952184466768
108,1001,13,5,0.65,0.2,1000,diverse,aggregation,0.8726842506787728,,,0.7647198828332162
109,1001,13,5,0.65,0.2,1000,diverse,aggregation,0.8726842506787728,,,0.7649265356865358
110,1001,13,5,0.65,0.2,1000,diverse,aggregation,0.8726842506787728,,,0.7653841610241611
111,1001,13,5,0.65,0.2,1000,diverse,aggregation,0.8726842506787728,,,0.7658057633415968
112,1001,13,5,0.65,0.2,1000,diverse,aggregation,0.8726842506787728,,,0.7622819829321914
113,1001,13,5,0.65,0.2,1000,diverse,aggregation,0.8726842506787728,,,0.764259967409134
114,1001,13,5,0.65,0.2,1000,diverse,aggregation,0.8726842506787728,,,0.7660393337526672
115,1001,13,5,0.65,0.2,1000,diverse,aggregation,0.8726842506787728,,,0.766274506519715
116,1001,13,5,0.65,0.2,1000,diverse,aggregation,0.8726842506787728,,,0.7658506915692334
117,1001,13,5,0.65,0.2,1000,diverse,aggregation,0.8726842506787728,,,0.7675015401804985
118,1001,13,5,0.65,0.2,1000,diverse,aggregation,0.8726842506787728,,,0.7636959397161481
119,1001,13,5,0.65,0.2,1000,diverse,aggregation,0.8726842506787728,,,0.7653223596465263
120,1001,13,5,0.65,0.2,1000,diverse,aggregation,0.8726842506787728,,,0.7657958301806219
121,1001,13,5,0.65,0.2,1000,diverse,aggregation,0.8726842506787728,,,0.7653956792898461
122,1001,13,5,0.65,0.2,1000,diverse,aggregation,0.8726842506787728,,,0.7668640155446406
123,1001,13,5,0.65,0.2,1000,diverse,aggregation,0.8726842506787728,,,0.7654399632620467
124,1001,13,5,0.65,0.2,1000,diverse,aggregation,0.8726842506787728,,,0.7651047017565769
125,1001,13,5,0.65,0.2,1000,diverse,aggregation,0.8726842506787728,,,0.765977371910497
126,1001,13,5,0.65,0.2,1000,diverse,aggregation,0.8726842506787728,,,0.7669458376808377
127,1001,13,5,0.65,0.2,1000,diverse,aggregation,0.8726842506787728,,,0.7655229134985385
128,1001,13,5,0.65,0.2,1000,diverse,aggregation,0.8726842506787728,,,0.7636696083931501
129,1001,13,5,0.65,0.2,1000,diverse,aggregation,0.8726842506787728,,,0.7666119160314994
130,1001,13,5,0.65,0.2,1000,diverse,aggregation,0.8726842506787728,,,0.7649599640405891
131,1001,13,5,0.65,0.2,1000,diverse,aggregation,0.8726842506787728,,,0.7659149558312058
132,1001,13,5,0.65,0.2,1000,diverse,aggregation,0.8726842506787728,,,0.766259521620355
133,1001,13,5,0.65,0.2,1000,diverse,aggregation,0.8726842506787728,,,0.7660832582772168
134,1001,13,5,0.65,0.2,1000,diverse,aggregation,0.8726842506787728,,,0.7652405391676226
135,1001,13,5,0.65,0.2,1000,diverse,aggregation,0.8726842506787728,,,0.7650606391756393
136,1001,13,5,0.65,0.2,1000,diverse,aggregation,0.8726842506787728,,,0.7650363375744627
137,1001,13,5,0.65,0.2,1000,diverse,aggregation,0.8726842506787728,,,0.7648024210742961
138,1001,13,5,0.65,0.2,1000,diverse,aggregation,0.8726842506787728,,,0.7663570491853826
139,1001,13,5,0.65,0.2,1000,diverse,aggregation,0.8726842506787728,,,0.7666305627320211
140,1001,13,5,0.65,0.2,1000,diverse,aggregation,0.8726842506787728,,,0.7634785105943439
141,1001,13,5,0.65,0.2,1000,diverse,aggregation,0.8726842506787728,,,0.7640907632876384
142,1001,13,5,0.65,0.2,1000,diverse,aggregation,0.8726842506787728,,,0.7648442232304733
143,1001,13,5,0.65,0.2,1000,diverse,aggregation,0.8726842506787728,,,0.7657067317327735
144,1001,13,5,0.65,0.2,1000,diverse,aggregation,0.8726842506787728,,,0.7663348117546035
145,1001,13,5,0.65,0.2,1000,diverse,aggregation,0.8726842506787728,,,0.7646224582207916
146,1001,13,5,0.65,0.2,1000,diverse,aggregation,0.8726842506787728,,,0.7672759346826015
147,1001,13,5,0.65,0.2,1000,diverse,aggregation,0.8726842506787728,,,0.7668398647186148
148,1001,13,5,0.65,0.2,1000,diverse,aggregation,0.8726842506787728,,,0.7658397017257434
149,1001,13,5,0.65,0.2,1000,diverse,aggregation,0.8726842506787728,,,0.7635071539186123
150,1001,13,5,0.65,0.2,1000,diverse,aggregation,0.8726842506787728,,,0.7661084242609244
151,1001,13,5,0.65,0.2,1000,diverse,aggregation,0.8726842506787728,,,0.7638938837936755
152,1001,13,5,0.65,0.2,1000,diverse,aggregation,0.8726842506787728,,,0.7636447359430694
153,1001,13,5,0.65,0.2,1000,diverse,aggregation,0.8726842506787728,,,0.7638579326306412
154,1001,13,5,0.65,0.2,1000,diverse,aggregation,0.8726842506787728,,,0.762539450510909
155,1001,13,5,0.65,0.2,1000,diverse,aggregation,0.8726842506787728,,,0.7664462026245361
156,1001,13,5,0.65,0.2,1000,diverse,aggregation,0.8726842506787728,,,0.7659452626925546
157,1001,13,5,0.65,0.2,1000,diverse,aggregation,0.8726842506787728,,,0.7655109374344792
158,1001,13,5,0.65,0.2,1000,diverse,aggregation,0.8726842506787728,,,0.766534855476314
159,1001,13,5,0.65,0.2,1000,diverse,aggregation,0.8726842506787728,,,0.7654705645666063
160,1001,13,5,0.65,0.2,1000,diverse,aggregation,0.8726842506787728,,,0.7647824855314439
161,1001,13,5,0.65,0.2,1000,diverse,aggregation,0.8726842506787728,,,0.7653586884257719
162,1001,13,5,0.65,0.2,1000,diverse,aggregation,0.8726842506787728,,,0.764992382578841
163,1001,13,5,0.65,0.2,1000,diverse,aggregation,0.8726842506787728,,,0.7651754968179969
164,1001,13,5,0.65,0.2,1000,diverse,aggregation,0.8726842506787728,,,0.7662662238995573
165,1001,13,5,0.65,0.2,1000,diverse,aggregation,0.8726842506787728,,,0.7655411113886115
166,1001,13,5,0.65,0.2,1000,diverse,aggregation,0.8726842506787728,,,0.7647076283361701
167,1001,13,5,0.65,0.2,1000,diverse,aggregation,0.8726842506787728,,,0.7635536375815543
168,1001,13,5,0.65,0.2,1000,diverse,aggregation,0.8726842506787728,,,0.7649975516613018
169,1001,13,5,0.65,0.2,1000,diverse,aggregation,0.8726842506787728,,,0.7658409247465499
170,1001,13,5,0.65,0.2,1000,diverse,aggregation,0.8726842506787728,,,0.7657189301516386
171,1001,13,5,0.65,0.2,1000,diverse,aggregation,0.8726842506787728,,,0.765372097339389
172,1001,13,5,0.65,0.2,1000,diverse,aggregation,0.8726842506787728,,,0.7653101107534442
173,1001,13,5,0.65,0.2,1000,diverse,aggregation,0.8726842506787728,,,0.7651558472160556
174,1001,13,5,0.65,0.2,1000,diverse,aggregation,0.8726842506787728,,,0.7674854740860991
175,1001,13,5,0.65,0.2,1000,diverse,aggregation,0.8726842506787728,,,0.7654084661172161
176,1001,13,5,0.65,0.2,1000,diverse,aggregation,0.8726842506787728,,,0.764807776945277
177,1001,13,5,0.65,0.2,1000,diverse,aggregation,0.8726842506787728,,,0.7660211135315302
178,1001,13,5,0.65,0.2,1000,diverse,aggregation,0.8726842506787728,,,0.7657923881442632
179,1001,13,5,0.65,0.2,1000,diverse,aggregation,0.8726842506787728,,,0.7661360690004441
180,1001,13,5,0.65,0.2,1000,diverse,aggregation,0.8726842506787728,,,0.766720718548427
181,1001,13,5,0.65,0.2,1000,diverse,aggregation,0.8726842506787728,,,0.7658999193167945
182,1001,13,5,0.65,0.2,1000,diverse,aggregation,0.8726842506787728,,,0.7646430035011286
183,1001,13,5,0.65,0.2,1000,diverse,aggregation,0.8726842506787728,,,0.7643790554584304
184,1001,13,5,0.65,0.2,1000,diverse,aggregation,0.8726842506787728,,,0.7669417374600709
185,1001,13,5,0.65,0.2,1000,diverse,aggregation,0.8726842506787728,,,0.7658329517242018
186,1001,13,5,0.65,0.2,1000,diverse,aggregation,0.8726842506787728,,,0.7657259224494642
187,1001,13,5,0.65,0.2,1000,diverse,aggregation,0.8726842506787728,,,0.7666718659735327
188,1001,13,5,0.65,0.2,1000,diverse,aggregation,0.8726842506787728,,,0.7658760538843873
189,1001,13,5,0.65,0.2,1000,diverse,aggregation,0.8726842506787728,,,0.7665366247795417
190,1001,13,5,0.65,0.2,1000,diverse,aggregation,0.8726842506787728,,,0.764801377203044
191,1001,13,5,0.65,0.2,1000,diverse,aggregation,0.8726842506787728,,,0.7663569609788361
192,1001,13,5,0.65,0.2,1000,diverse,aggregation,0.8726842506787728,,,0.7671735003576671
193,1001,13,5,0.65,0.2,1000,diverse,aggregation,0.8726842506787728,,,0.7659575306714891
194,1001,13,5,0.65,0.2,1000,diverse,aggregation,0.8726842506787728,,,0.7657535403793738
195,1001,13,5,0.65,0.2,1000,diverse,aggregation,0.8726842506787728,,,0.7658282808318226
196,1001,13,5,0.65,0.2,1000,diverse,aggregation,0.8726842506787728,,,0.7625757420357421
197,1001,13,5,0.65,0.2,1000,diverse,aggregation,0.8726842506787728,,,0.765769571254363
198,1001,13,5,0.65,0.2,1000,diverse,aggregation,0.8726842506787728,,,0.765107673969549
199,1001,13,5,0.65,0.2,1000,diverse,aggregation,0.8726842506787728,,,0.768174693215735
200,1001,13,5,0.65,0.2,1000,diverse,aggregation,0.8726842506787728,,,0.765810990136407
201,1001,13,5,0.65,0.2,1000,diverse,aggregation,0.8726842506787728,,,0.7655862993796327
202,1001,13,5,0.65,0.2,1000,diverse,aggregation,0.8726842506787728,,,0.764574191017316
203,1001,13,5,0.65,0.2,1000,diverse,aggregation,0.8726842506787728,,,0.7661515188206856
204,1001,13,5,0.65,0.2,1000,diverse,aggregation,0.8726842506787728,,,0.7657472299613967
205,1001,13,5,0.65,0.2,1000,diverse,aggregation,0.8726842506787728,,,0.7659586621711622
206,1001,13,5,0.65,0.2,1000,diverse,aggregation,0.8726842506787728,,,0.7649759084434086
207,1001,13,5,0.65,0.2,1000,diverse,aggregation,0.8726842506787728,,,0.7676921084162752
208,1001,13,5,0.65,0.2,1000,diverse,aggregation,0.8726842506787728,,,0.7652219929067846
209,1001,13,5,0.65,0.2,1000,diverse,aggregation,0.8726842506787728,,,0.7657425503431754
210,1001,13,5,0.65,0.2,1000,diverse,aggregation,0.8726842506787728,,,0.7650509424449009
211,1001,13,5,0.65,0.2,1000,diverse,aggregation,0.8726842506787728,,,0.7658191548960301
212,1001,13,5,0.65,0.2,1000,diverse,aggregation,0.8726842506787728,,,0.7657057951847536
213,1001,13,5,0.65,0.2,1000,diverse,aggregation,0.8726842506787728,,,0.7657976538661956
214,1001,13,5,0.65,0.2,1000,diverse,aggregation,0.8726842506787728,,,0.7654738692094942
215,1001,13,5,0.65,0.2,1000,diverse,aggregation,0.8726842506787728,,,0.7665656926869426
216,1001,13,5,0.65,0.2,1000,diverse,aggregation,0.8726842506787728,,,0.7649856764223433
217,1001,13,5,0.65,0.2,1000,diverse,aggregation,0.8726842506787728,,,0.7645789294501796
218,1001,13,5,0.65,0.2,1000,diverse,aggregation,0.8726842506787728,,,0.7638239138484973
219,1001,13,5,0.65,0.2,1000,diverse,aggregation,0.8726842506787728,,,0.7646490647392732
220,1001,13,5,0.65,0.2,1000,diverse,aggregation,0.8726842506787728,,,0.7675384313294731
221,1001,13,5,0.65,0.2,1000,diverse,aggregation,0.8726842506787728,,,0.7640029965482049
222,1001,13,5,0.65,0.2,1000,diverse,aggregation,0.8726842506787728,,,0.7629811327561328
223,1001,13,5,0.65,0.2,1000,diverse,aggregation,0.8726842506787728,,,0.7657825191629359
224,1001,13,5,0.65,0.2,1000,diverse,aggregation,0.8726842506787728,,,0.7641316798556382
225,1001,13,5,0.65,0.2,1000,diverse,aggregation,0.8726842506787728,,,0.765809139502473
226,1001,13,5,0.65,0.2,1000,diverse,aggregation,0.8726842506787728,,,0.765090844286886
227,1001,13,5,0.65,0.2,1000,diverse,aggregation,0.8726842506787728,,,0.7645133914927665
228,1001,13,5,0.65,0.2,1000,diverse,aggregation,0.8726842506787728,,,0.7670993477510144
229,1001,13,5,0.65,0.2,1000,diverse,aggregation,0.8726842506787728,,,0.764443480308272
230,1001,13,5,0.65,0.2,1000,diverse,aggregation,0.8726842506787728,,,0.7668817976313811
231,1001,13,5,0.65,0.2,1000,diverse,aggregation,0.8726842506787728,,,0.7673088463388464
232,1001,13,5,0.65,0.2,1000,diverse,aggregation,0.8726842506787728,,,0.7644113351309186
233,1001,13,5,0.65,0.2,1000,diverse,aggregation,0.8726842506787728,,,0.7662217477815396
234,1001,13,5,0.65,0.2,1000,diverse,aggregation,0.8726842506787728,,,0.7655858995556913
235,1001,13,5,0.65,0.2,1000,diverse,aggregation,0.8726842506787728,,,0.7655979360685612
236,1001,13,5,0.65,0.2,1000,diverse,aggregation,0.8726842506787728,,,0.7640521890223974
237,1001,13,5,0.65,0.2,1000,diverse,aggregation,0.8726842506787728,,,0.7648975032452117
238,1001,13,5,0.65,0.2,1000,diverse,aggregation,0.8726842506787728,,,0.764503163965664
239,1001,13,5,0.65,0.2,1000,diverse,aggregation,0.8726842506787728,,,0.7643607697472282
240,1001,13,5,0.65,0.2,1000,diverse,aggregation,0.8726842506787728,,,0.7641362476335394
241,1001,13,5,0.65,0.2,1000,diverse,aggregation,0.8726842506787728,,,0.7663277842604926
242,1001,13,5,0.65,0.2,1000,diverse,aggregation,0.8726842506787728,,,0.7635136363096781
243,1001,13,5,0.65,0.2,1000,diverse,aggregation,0.8726842506787728,,,0.7658598906417656
244,1001,13,5,0.65,0.2,1000,diverse,aggregation,0.8726842506787728,,,0.766247094240636
245,1001,13,5,0.65,0.2,1000,diverse,aggregation,0.8726842506787728,,,0.7666721845207263
246,1001,13,5,0.65,0.2,1000,diverse,aggregation,0.8726842506787728,,,0.7661650078856329
247,1001,13,5,0.65,0.2,1000,diverse,aggregation,0.8726842506787728,,,0.7649945233238984
248,1001,13,5,0.65,0.2,1000,diverse,aggregation,0.8726842506787728,,,0.7633682275594776
249,1001,13,5,0.65,0.2,1000,diverse,aggregation,0.8726842506787728,,,0.7677335338504089
250,1001,13,5,0.65,0.2,1000,diverse,aggregation,0.8726842506787728,,,0.7666211651311653
251,1001,13,5,0.65,0.2,1000,diverse,aggregation,0.8726842506787728,,,0.7658345837110421
252,1001,13,5,0.65,0.2,1000,diverse,aggregation,0.8726842506787728,,,0.7669404914992416
253,1001,13,5,0.65,0.2,1000,diverse,aggregation,0.8726842506787728,,,0.7655701493182744
254,1001,13,5,0.65,0.2,1000,diverse,aggregation,0.8726842506787728,,,0.7655853972493556
255,1001,13,5,0.65,0.2,1000,diverse,aggregation,0.8726842506787728,,,0.7664030708720293
256,1001,13,5,0.65,0.2,1000,diverse,aggregation,0.8726842506787728,,,0.7666014632281299
257,1001,13,5,0.65,0.2,1000,diverse,aggregation,0.8726842506787728,,,0.7633687578470912
258,1001,13,5,0.65,0.2,1000,diverse,aggregation,0.8726842506787728,,,0.7643696528625696
259,1001,13,5,0.65,0.2,1000,diverse,aggregation,0.8726842506787728,,,0.765683474496183
260,1001,13,5,0.65,0.2,1000,diverse,aggregation,0.8726842506787728,,,0.765690757467841
261,1001,13,5,0.65,0.2,1000,diverse,aggregation,0.8726842506787728,,,0.7687164693254278
262,1001,13,5,0.65,0.2,1000,diverse,aggregation,0.8726842506787728,,,0.7664361137859056
263,1001,13,5,0.65,0.2,1000,diverse,aggregation,0.8726842506787728,,,0.7656236212167463
264,1001,13,5,0.65,0.2,1000,diverse,aggregation,0.8726842506787728,,,0.7665979935342436
265,1001,13,5,0.65,0.2,1000,diverse,aggregation,0.8726842506787728,,,0.7664426660530828
266,1001,13,5,0.65,0.2,1000,diverse,aggregation,0.8726842506787728,,,0.7670953084569753
267,1001,13,5,0.65,0.2,1000,diverse,aggregation,0.8726842506787728,,,0.7661350060818811
268,1001,13,5,0.65,0.2,1000,diverse,aggregation,0.8726842506787728,,,0.7664739132241217
269,1001,13,5,0.65,0.2,1000,diverse,aggregation,0.8726842506787728,,,0.7639260040499625
270,1001,13,5,0.65,0.2,1000,diverse,aggregation,0.8726842506787728,,,0.764765285308827
271,1001,13,5,0.65,0.2,1000,diverse,aggregation,0.8726842506787728,,,0.7661034880474465
272,1001,13,5,0.65,0.2,1000,diverse,aggregation,0.8726842506787728,,,0.7648627863571614
273,1001,13,5,0.65,0.2,1000,diverse,aggregation,0.8726842506787728,,,0.7668394316408901
274,1001,13,5,0.65,0.2,1000,diverse,aggregation,0.8726842506787728,,,0.7649893243561995
275,1001,13,5,0.65,0.2,1000,diverse,aggregation,0.8726842506787728,,,0.7656492157379658
276,1001,13,5,0.65,0.2,1000,diverse,aggregation,0.8726842506787728,,,0.7638377804988221
277,1001,13,5,0.65,0.2,1000,diverse,aggregation,0.8726842506787728,,,0.7660440924122176
278,1001,13,5,0.65,0.2,1000,diverse,aggregation,0.8726842506787728,,,0.7671058591408592
279,1001,13,5,0.65,0.2,1000,diverse,aggregation,0.8726842506787728,,,0.766264885654469
280,1001,13,5,0.65,0.2,1000,diverse,aggregation,0.8726842506787728,,,0.7637055513005514
281,1001,13,5,0.65,0.2,1000,diverse,aggregation,0.8726842506787728,,,0.7660875744240329
282,1001,13,5,0.65,0.2,1000,diverse,aggregation,0.8726842506787728,,,0.7641973607334025
283,1001,13,5,0.65,0.2,1000,diverse,aggregation,0.8726842506787728,,,0.7639778105151023
284,1001,13,5,0.65,0.2,1000,diverse,aggregation,0.8726842506787728,,,0.7657702182385516
285,1001,13,5,0.65,0.2,1000,diverse,aggregation,0.8726842506787728,,,0.7660052987907154
286,1001,13,5,0.65,0.2,1000,diverse,aggregation,0.8726842506787728,,,0.7653787422145756
287,1001,13,5,0.65,0.2,1000,diverse,aggregation,0.8726842506787728,,,0.7666584511476179
288,1001,13,5,0.65,0.2,1000,diverse,aggregation,0.8726842506787728,,,0.7645658461754297
289,1001,13,5,0.65,0.2,1000,diverse,aggregation,0.8726842506787728,,,0.7642103763212097
290,1001,13,5,0.65,0.2,1000,diverse,aggregation,0.8726842506787728,,,0.7654181980365315
291,1001,13,5,0.65,0.2,1000,diverse,aggregation,0.8726842506787728,,,0.7660100519927604
292,1001,13,5,0.65,0.2,1000,diverse,aggregation,0.8726842506787728,,,0.767431220615804
293,1001,13,5,0.65,0.2,1000,diverse,aggregation,0.8726842506787728,,,0.7677789100559935
294,1001,13,5,0.65,0.2,1000,diverse,aggregation,0.8726842506787728,,,0.7670825026208361
295,1001,13,5,0.65,0.2,1000,diverse,aggregation,0.8726842506787728,,,0.7650469362196446
296,1001,13,5,0.65,0.2,1000,diverse,aggregation,0.8726842506787728,,,0.7646826256228341
297,1001,13,5,0.65,0.2,1000,diverse,aggregation,0.8726842506787728,,,0.7665832974510058
298,1001,13,5,0.65,0.2,1000,diverse,aggregation,0.8726842506787728,,,0.7663168512351847
299,1001,13,5,0.65,0.2,1000,diverse,aggregation,0.8726842506787728,,,0.7662227481469149
300,1001,13,5,0.65,0.2,1000,diverse,aggregation,0.8726842506787728,,,0.7670462411893663
301,1001,13,5,0.65,0.2,1000,diverse,aggregation,0.8726842506787728,,,0.7660785516798018
302,1001,13,5,0.65,0.2,1000,diverse,aggregation,0.8726842506787728,,,0.765836622097039
303,1001,13,5,0.65,0.2,1000,diverse,aggregation,0.8726842506787728,,,0.7662601218765802
304,1001,13,5,0.65,0.2,1000,diverse,aggregation,0.8726842506787728,,,0.7650035954863039
305,1001,13,5,0.65,0.2,1000,diverse,aggregation,0.8726842506787728,,,0.7638794403050654
306,1001,13,5,0.65,0.2,1000,diverse,aggregation,0.8726842506787728,,,0.7645004085189502
307,1001,13,5,0.65,0.2,1000,diverse,aggregation,0.8726842506787728,,,0.7640950531335948
308,1001,13,5,0.65,0.2,1000,diverse,aggregation,0.8726842506787728,,,0.7635866418072669
309,1001,13,5,0.65,0.2,1000,diverse,aggregation,0.8726842506787728,,,0.7651542778980279
310,1001,13,5,0.65,0.2,1000,diverse,aggregation,0.8726842506787728,,,0.7655432997326748
311,1001,13,5,0.65,0.2,1000,diverse,aggregation,0.8726842506787728,,,0.7641593403201737
312,1001,13,5,0.65,0.2,1000,diverse,aggregation,0.8726842506787728,,,0.7667888700034534
313,1001,13,5,0.65,0.2,1000,diverse,aggregation,0.8726842506787728,,,0.7665947684414351
314,1001,13,5,0.65,0.2,1000,diverse,aggregation,0.8726842506787728,,,0.7661802886157054
315,1001,13,5,0.65,0.2,1000,diverse,aggregation,0.8726842506787728,,,0.7651186778113863
316,1001,13,5,0.65,0.2,1000,diverse,aggregation,0.8726842506787728,,,0.7665417071123322
317,1001,13,5,0.65,0.2,1000,diverse,aggregation,0.8726842506787728,,,0.7652773191391943
318,1001,13,5,0.65,0.2,1000,diverse,aggregation,0.8726842506787728,,,0.765707587428004
319,1001,13,5,0.65,0.2,1000,diverse,aggregation,0.8726842506787728,,,0.7660930311663646
320,1001,13,5,0.65,0.2,1000,diverse,aggregation,0.8726842506787728,,,0.7646631044881045
321,1001,13,5,0.65,0.2,1000,diverse,aggregation,0.8726842506787728,,,0.7645747234478485
322,1001,13,5,0.65,0.2,1000,diverse,aggregation,0.8726842506787728,,,0.7636989695489695
323,1001,13,5,0.65,0.2,1000,diverse,aggregation,0.8726842506787728,,,0.7648427750259001
324,1001,13,5,0.65,0.2,1000,diverse,aggregation,0.8726842506787728,,,0.7649309769551437
325,1001,13,5,0.65,0.2,1000,diverse,aggregation,0.8726842506787728,,,0.7649116812123062
326,1001,13,5,0.65,0.2,1000,diverse,aggregation,0.8726842506787728,,,0.7661822605866356
327,1001,13,5,0.65,0.2,1000,diverse,aggregation,0.8726842506787728,,,0.7669092352092353
328,1001,13,5,0.65,0.2,1000,diverse,aggregation,0.8726842506787728,,,0.7675372123786707
329,1001,13,5,0.65,0.2,1000,diverse,aggregation,0.8726842506787728,,,0.765570663264205
330,1001,13,5,0.65,0.2,1000,diverse,aggregation,0.8726842506787728,,,0.7661761641367891
331,1001,13,5,0.65,0.2,1000,diverse,aggregation,0.8726842506787728,,,0.7659434099696601
332,1001,13,5,0.65,0.2,1000,diverse,aggregation,0.8726842506787728,,,0.7656298352881687
333,1001,13,5,0.65,0.2,1000,diverse,aggregation,0.8726842506787728,,,0.7644580913299663
334,1001,13,5,0.65,0.2,1000,diverse,aggregation,0.8726842506787728,,,0.7668426159180327
335,1001,13,5,0.65,0.2,1000,diverse,aggregation,0.8726842506787728,,,0.766828654593863
336,1001,13,5,0.65,0.2,1000,diverse,aggregation,0.8726842506787728,,,0.7661749145299146
337,1001,13,5,0.65,0.2,1000,diverse,aggregation,0.8726842506787728,,,0.7636022424566176
338,1001,13,5,0.65,0.2,1000,diverse,aggregation,0.8726842506787728,,,0.7656728652597404
339,1001,13,5,0.65,0.2,1000,diverse,aggregation,0.8726842506787728,,,0.7672665756157424
340,1001,13,5,0.65,0.2,1000,diverse,aggregation,0.8726842506787728,,,0.7670220400124568
341,1001,13,5,0.65,0.2,1000,diverse,aggregation,0.8726842506787728,,,0.7644199381713965
342,1001,13,5,0.65,0.2,1000,diverse,aggregation,0.8726842506787728,,,0.765845767665976
343,1001,13,5,0.65,0.2,1000,diverse,aggregation,0.8726842506787728,,,0.7668707414113665
344,1001,13,5,0.65,0.2,1000,diverse,aggregation,0.8726842506787728,,,0.7637559507853259
345,1001,13,5,0.65,0.2,1000,diverse,aggregation,0.8726842506787728,,,0.7652621907413575
346,1001,13,5,0.65,0.2,1000,diverse,aggregation,0.8726842506787728,,,0.7668755836524588
347,1001,13,5,0.65,0.2,1000,diverse,aggregation,0.8726842506787728,,,0.7666920239636907
348,1001,13,5,0.65,0.2,1000,diverse,aggregation,0.8726842506787728,,,0.7662878220082388
349,1001,13,5,0.65,0.2,1000,diverse,aggregation,0.8726842506787728,,,0.7655203468830553
350,1001,13,5,0.65,0.2,1000,diverse,aggregation,0.8726842506787728,,,0.7650691814281398
351,1001,13,5,0.65,0.2,1000,diverse,aggregation,0.8726842506787728,,,0.7655497142749227
352,1001,13,5,0.65,0.2,1000,diverse,aggregation,0.8726842506787728,,,0.7647363350307103
353,1001,13,5,0.65,0.2,1000,diverse,aggregation,0.8726842506787728,,,0.7660562441108275
354,1001,13,5,0.65,0.2,1000,diverse,aggregation,0.8726842506787728,,,0.7636251858866442
355,1001,13,5,0.65,0.2,1000,diverse,aggregation,0.8726842506787728,,,0.7641908188724856
356,1001,13,5,0.65,0.2,1000,diverse,aggregation,0.8726842506787728,,,0.7657203554161888
357,1001,13,5,0.65,0.2,1000,diverse,aggregation,0.8726842506787728,,,0.7656679433606518
358,1001,13,5,0.65,0.2,1000,diverse,aggregation,0.8726842506787728,,,0.7659732981216315
359,1001,13,5,0.65,0.2,1000,diverse,aggregation,0.8726842506787728,,,0.7667189562289562
360,1001,13,5,0.65,0.2,1000,diverse,aggregation,0.8726842506787728,,,0.7636087825985745
361,1001,13,5,0.65,0.2,1000,diverse,aggregation,0.8726842506787728,,,0.763930157920783
362,1001,13,5,0.65,0.2,1000,diverse,aggregation,0.8726842506787728,,,0.7645378148317732
363,1001,13,5,0.65,0.2,1000,diverse,aggregation,0.8726842506787728,,,0.7649298500265168
364,1001,13,5,0.65,0.2,1000,diverse,aggregation,0.8726842506787728,,,0.7633590588501006
365,1001,13,5,0.65,0.2,1000,diverse,aggregation,0.8726842506787728,,,0.7652675790413291
366,1001,13,5,0.65,0.2,1000,diverse,aggregation,0.8726842506787728,,,0.7652639852585688
367,1001,13,5,0.65,0.2,1000,diverse,aggregation,0.8726842506787728,,,0.7621613398098815
368,1001,13,5,0.65,0.2,1000,diverse,aggregation,0.8726842506787728,,,0.7678543781372948
369,1001,13,5,0.65,0.2,1000,diverse,aggregation,0.8726842506787728,,,0.7666333970196472
370,1001,13,5,0.65,0.2,1000,diverse,aggregation,0.8726842506787728,,,0.7663878111471862
371,1001,13,5,0.65,0.2,1000,diverse,aggregation,0.8726842506787728,,,0.7658239695952196
372,1001,13,5,0.65,0.2,1000,diverse,aggregation,0.8726842506787728,,,0.7646190340909093
373,1001,13,5,0.65,0.2,1000,diverse,aggregation,0.8726842506787728,,,0.766167084905835
374,1001,13,5,0.65,0.2,1000,diverse,aggregation,0.8726842506787728,,,0.7657266065878565
375,1001,13,5,0.65,0.2,1000,diverse,aggregation,0.8726842506787728,,,0.766926402856403
376,1001,13,5,0.65,0.2,1000,diverse,aggregation,0.8726842506787728,,,0.7660165589965592
377,1001,13,5,0.65,0.2,1000,diverse,aggregation,0.8726842506787728,,,0.7645770240330658
378,1001,13,5,0.65,0.2,1000,diverse,aggregation,0.8726842506787728,,,0.764166251896252
379,1001,13,5,0.65,0.2,1000,diverse,aggregation,0.8726842506787728,,,0.767639109439943
380,1001,13,5,0.65,0.2,1000,diverse,aggregation,0.8726842506787728,,,0.764847084227501
381,1001,13,5,0.65,0.2,1000,diverse,aggregation,0.8726842506787728,,,0.7660783771860855
382,1001,13,5,0.65,0.2,1000,diverse,aggregation,0.8726842506787728,,,0.7669393542645626
383,1001,13,5,0.65,0.2,1000,diverse,aggregation,0.8726842506787728,,,0.7653371641321642
384,1001,13,5,0.65,0.2,1000,diverse,aggregation,0.8726842506787728,,,0.767374180572514
385,1001,13,5,0.65,0.2,1000,diverse,aggregation,0.8726842506787728,,,0.7651226959306127
386,1001,13,5,0.65,0.2,1000,diverse,aggregation,0.8726842506787728,,,0.7670126862026864
387,1001,13,5,0.65,0.2,1000,diverse,aggregation,0.8726842506787728,,,0.7665212880560798
388,1001,13,5,0.65,0.2,1000,diverse,aggregation,0.8726842506787728,,,0.7651328343415845
389,1001,13,5,0.65,0.2,1000,diverse,aggregation,0.8726842506787728,,,0.767410749512833
390,1001,13,5,0.65,0.2,1000,diverse,aggregation,0.8726842506787728,,,0.7653469438509022
391,1001,13,5,0.65,0.2,1000,diverse,aggregation,0.8726842506787728,,,0.7643732385438636
392,1001,13,5,0.65,0.2,1000,diverse,aggregation,0.8726842506787728,,,0.7664451549916134
393,1001,13,5,0.65,0.2,1000,diverse,aggregation,0.8726842506787728,,,0.7634970706608207
394,1001,13,5,0.65,0.2,1000,diverse,aggregation,0.8726842506787728,,,0.7651019477898644
395,1001,13,5,0.65,0.2,1000,diverse,aggregation,0.8726842506787728,,,0.7660510767319101
396,1001,13,5,0.65,0.2,1000,diverse,aggregation,0.8726842506787728,,,0.7672035173776841
397,1001,13,5,0.65,0.2,1000,diverse,aggregation,0.8726842506787728,,,0.765656914890665
398,1001,13,5,0.65,0.2,1000,diverse,aggregation,0.8726842506787728,,,0.7649334106865359
399,1001,13,5,0.65,0.2,1000,diverse,aggregation,0.8726842506787728,,,0.7675760045047546
400,1001,13,5,0.65,0.2,1000,diverse,aggregation,0.8726842506787728,,,0.7669509485653236
401,1001,13,5,0.65,0.2,1000,diverse,aggregation,0.8726842506787728,,,0.7653154838371506
402,1001,13,5,0.65,0.2,1000,diverse,aggregation,0.8726842506787728,,,0.7667711659944995
403,1001,13,5,0.65,0.2,1000,diverse,aggregation,0.8726842506787728,,,0.7653940494690495
404,1001,13,5,0.65,0.2,1000,diverse,aggregation,0.8726842506787728,,,0.765783879985755
405,1001,13,5,0.65,0.2,1000,diverse,aggregation,0.8726842506787728,,,0.7679778618526536
406,1001,13,5,0.65,0.2,1000,diverse,aggregation,0.8726842506787728,,,0.7648270027426278
407,1001,13,5,0.65,0.2,1000,diverse,aggregation,0.8726842506787728,,,0.763272880984756
408,1001,13,5,0.65,0.2,1000,diverse,aggregation,0.8726842506787728,,,0.7666708739485824
409,1001,13,5,0.65,0.2,1000,diverse,aggregation,0.8726842506787728,,,0.7637753408088827
410,1001,13,5,0.65,0.2,1000,diverse,aggregation,0.8726842506787728,,,0.7664159031477783
411,1001,13,5,0.65,0.2,1000,diverse,aggregation,0.8726842506787728,,,0.7662032656155573
412,1001,13,5,0.65,0.2,1000,diverse,aggregation,0.8726842506787728,,,0.764669976828727
413,1001,13,5,0.65,0.2,1000,diverse,aggregation,0.8726842506787728,,,0.7652778203817787
414,1001,13,5,0.65,0.2,1000,diverse,aggregation,0.8726842506787728,,,0.7634863074579742
415,1001,13,5,0.65,0.2,1000,diverse,aggregation,0.8726842506787728,,,0.7636685707116958
416,1001,13,5,0.65,0.2,1000,diverse,aggregation,0.8726842506787728,,,0.7642945286580703
417,1001,13,5,0.65,0.2,1000,diverse,aggregation,0.8726842506787728,,,0.7649182943060027
418,1001,13,5,0.65,0.2,1000,diverse,aggregation,0.8726842506787728,,,0.7648791772348024
419,1001,13,5,0.65,0.2,1000,diverse,aggregation,0.8726842506787728,,,0.765539239633823
420,1001,13,5,0.65,0.2,1000,diverse,aggregation,0.8726842506787728,,,0.7639253514078514
421,1001,13,5,0.65,0.2,1000,diverse,aggregation,0.8726842506787728,,,0.7662760016141268
422,1001,13,5,0.65,0.2,1000,diverse,aggregation,0.8726842506787728,,,0.7664156115335283
423,1001,13,5,0.65,0.2,1000,diverse,aggregation,0.8726842506787728,,,0.7655459584628336
424,1001,13,5,0.65,0.2,1000,diverse,aggregation,0.8726842506787728,,,0.7656974082630333
425,1001,13,5,0.65,0.2,1000,diverse,aggregation,0.8726842506787728,,,0.7666641750302167
426,1001,13,5,0.65,0.2,1000,diverse,aggregation,0.8726842506787728,,,0.7665196323198408
427,1001,13,5,0.65,0.2,1000,diverse,aggregation,0.8726842506787728,,,0.7641731497437748
428,1001,13,5,0.65,0.2,1000,diverse,aggregation,0.8726842506787728,,,0.7668247554682972
429,1001,13,5,0.65,0.2,1000,diverse,aggregation,0.8726842506787728,,,0.7660339894673229
430,1001,13,5,0.65,0.2,1000,diverse,aggregation,0.8726842506787728,,,0.7641615019471271
431,1001,13,5,0.65,0.2,1000,diverse,aggregation,0.8726842506787728,,,0.7660720608172693
432,1001,13,5,0.65,0.2,1000,diverse,aggregation,0.8726842506787728,,,0.7661193675999927
433,1001,13,5,0.65,0.2,1000,diverse,aggregation,0.8726842506787728,,,0.7658762575079242
434,1001,13,5,0.65,0.2,1000,diverse,aggregation,0.8726842506787728,,,0.7649261055611056
435,1001,13,5,0.65,0.2,1000,diverse,aggregation,0.8726842506787728,,,0.7656630996703915
436,1001,13,5,0.65,0.2,1000,diverse,aggregation,0.8726842506787728,,,0.7644674412855664
437,1001,13,5,0.65,0.2,1000,diverse,aggregation,0.8726842506787728,,,0.767004611214403
438,1001,13,5,0.65,0.2,1000,diverse,aggregation,0.8726842506787728,,,0.7653545796024963
439,1001,13,5,0.65,0.2,1000,diverse,aggregation,0.8726842506787728,,,0.7661116575014492
440,1001,13,5,0.65,0.2,1000,diverse,aggregation,0.8726842506787728,,,0.7641289837631506
441,1001,13,5,0.65,0.2,1000,diverse,aggregation,0.8726842506787728,,,0.7641797694126862
442,1001,13,5,0.65,0.2,1000,diverse,aggregation,0.8726842506787728,,,0.7632077563100481
443,1001,13,5,0.65,0.2,1000,diverse,aggregation,0.8726842506787728,,,0.7651171198708699
444,1001,13,5,0.65,0.2,1000,diverse,aggregation,0.8726842506787728,,,0.7661506028539363
445,1001,13,5,0.65,0.2,1000,diverse,aggregation,0.8726842506787728,,,0.7652617317019401
446,1001,13,5,0.65,0.2,1000,diverse,aggregation,0.8726842506787728,,,0.7641435068326736
447,1001,13,5,0.65,0.2,1000,diverse,aggregation,0.8726842506787728,,,0.7656367961899213
448,1001,13,5,0.65,0.2,1000,diverse,aggregation,0.8726842506787728,,,0.7636958131760215
449,1001,13,5,0.65,0.2,1000,diverse,aggregation,0.8726842506787728,,,0.7661485354460356
450,1001,13,5,0.65,0.2,1000,diverse,aggregation,0.8726842506787728,,,0.7651508434620935
451,1001,13,5,0.65,0.2,1000,diverse,aggregation,0.8726842506787728,,,0.7651121078150247
452,1001,13,5,0.65,0.2,1000,diverse,aggregation,0.8726842506787728,,,0.7668174708855959
453,1001,13,5,0.65,0.2,1000,diverse,aggregation,0.8726842506787728,,,0.766795057272974
454,1001,13,5,0.65,0.2,1000,diverse,aggregation,0.8726842506787728,,,0.7669520816914568
455,1001,13,5,0.65,0.2,1000,diverse,aggregation,0.8726842506787728,,,0.7659440883576301
456,1001,13,5,0.65,0.2,1000,diverse,aggregation,0.8726842506787728,,,0.7671367268919353
457,1001,13,5,0.65,0.2,1000,diverse,aggregation,0.8726842506787728,,,0.7651759581236666
458,1001,13,5,0.65,0.2,1000,diverse,aggregation,0.8726842506787728,,,0.7682381708260876
459,1001,13,5,0.65,0.2,1000,diverse,aggregation,0.8726842506787728,,,0.7648940348386183
460,1001,13,5,0.65,0.2,1000,diverse,aggregation,0.8726842506787728,,,0.7654861838932674
461,1001,13,5,0.65,0.2,1000,diverse,aggregation,0.8726842506787728,,,0.7672155224173975
462,1001,13,5,0.65,0.2,1000,diverse,aggregation,0.8726842506787728,,,0.7677204168902086
463,1001,13,5,0.65,0.2,1000,diverse,aggregation,0.8726842506787728,,,0.7674327706783958
464,1001,13,5,0.65,0.2,1000,diverse,aggregation,0.8726842506787728,,,0.7669371795565547
465,1001,13,5,0.65,0.2,1000,diverse,aggregation,0.8726842506787728,,,0.7663933828131745
466,1001,13,5,0.65,0.2,1000,diverse,aggregation,0.8726842506787728,,,0.7643980423742924
467,1001,13,5,0.65,0.2,1000,diverse,aggregation,0.8726842506787728,,,0.7653310467464635
468,1001,13,5,0.65,0.2,1000,diverse,aggregation,0.8726842506787728,,,0.7652830878072546
469,1001,13,5,0.65,0.2,1000,diverse,aggregation,0.8726842506787728,,,0.7636015706207374
470,1001,13,5,0.65,0.2,1000,diverse,aggregation,0.8726842506787728,,,0.763171362510946
471,1001,13,5,0.65,0.2,1000,diverse,aggregation,0.8726842506787728,,,0.7656576354740939
472,1001,13,5,0.65,0.2,1000,diverse,aggregation,0.8726842506787728,,,0.7657924269943021
473,1001,13,5,0.65,0.2,1000,diverse,aggregation,0.8726842506787728,,,0.7664846806125973
474,1001,13,5,0.65,0.2,1000,diverse,aggregation,0.8726842506787728,,,0.7659012463308298
475,1001,13,5,0.65,0.2,1000,diverse,aggregation,0.8726842506787728,,,0.7651859175392509
476,1001,13,5,0.65,0.2,1000,diverse,aggregation,0.8726842506787728,,,0.7645433682521184
477,1001,13,5,0.65,0.2,1000,diverse,aggregation,0.8726842506787728,,,0.7675307077104995
478,1001,13,5,0.65,0.2,1000,diverse,aggregation,0.8726842506787728,,,0.7641045042534627
479,1001,13,5,0.65,0.2,1000,diverse,aggregation,0.8726842506787728,,,0.7629987906306658
480,1001,13,5,0.65,0.2,1000,diverse,aggregation,0.8726842506787728,,,0.7647142226060977
481,1001,13,5,0.65,0.2,1000,diverse,aggregation,0.8726842506787728,,,0.7680536190738275
482,1001,13,5,0.65,0.2,1000,diverse,aggregation,0.8726842506787728,,,0.7637712825600327
483,1001,13,5,0.65,0.2,1000,diverse,aggregation,0.8726842506787728,,,0.7633426520778605
484,1001,13,5,0.65,0.2,1000,diverse,aggregation,0.8726842506787728,,,0.7670679701856787
485,1001,13,5,0.65,0.2,1000,diverse,aggregation,0.8726842506787728,,,0.7658215694567778
486,1001,13,5,0.65,0.2,1000,diverse,aggregation,0.8726842506787728,,,0.7652323349412933
487,1001,13,5,0.65,0.2,1000,diverse,aggregation,0.8726842506787728,,,0.7650963638213639
488,1001,13,5,0.65,0.2,1000,diverse,aggregation,0.8726842506787728,,,0.7647326829728914
489,1001,13,5,0.65,0.2,1000,diverse,aggregation,0.8726842506787728,,,0.7649941795935546
490,1001,13,5,0.65,0.2,1000,diverse,aggregation,0.8726842506787728,,,0.7664508551016884
491,1001,13,5,0.65,0.2,1000,diverse,aggregation,0.8726842506787728,,,0.764754412994413
492,1001,13,5,0.65,0.2,1000,diverse,aggregation,0.8726842506787728,,,0.7654785728623229
493,1001,13,5,0.65,0.2,1000,diverse,aggregation,0.8726842506787728,,,0.7657912639752223
494,1001,13,5,0.65,0.2,1000,diverse,aggregation,0.8726842506787728,,,0.7674176106532359
495,1001,13,5,0.65,0.2,1000,diverse,aggregation,0.8726842506787728,,,0.766605434233976
496,1001,13,5,0.65,0.2,1000,diverse,aggregation,0.8726842506787728,,,0.7682337518500019
497,1001,13,5,0.65,0.2,1000,diverse,aggregation,0.8726842506787728,,,0.7673621503265254
498,1001,13,5,0.65,0.2,1000,diverse,aggregation,0.8726842506787728,,,0.766383371389413
499,1001,13,5,0.65,0.2,1000,diverse,aggregation,0.8726842506787728,,,0.7651523511519346
500,1001,13,5,0.65,0.2,1000,diverse,aggregation,0.8726842506787728,,,0.766459218952344
501,1001,13,5,0.65,0.2,1000,diverse,aggregation,0.8726842506787728,,,0.7670444794403128
502,1001,13,5,0.65,0.2,1000,diverse,aggregation,0.8726842506787728,,,0.7655669318104736
503,1001,13,5,0.65,0.2,1000,diverse,aggregation,0.8726842506787728,,,0.7659841582337417
504,1001,13,5,0.65,0.2,1000,diverse,aggregation,0.8726842506787728,,,0.7659092567386317
505,1001,13,5,0.65,0.2,1000,diverse,aggregation,0.8726842506787728,,,0.7677428602416103
506,1001,13,5,0.65,0.2,1000,diverse,aggregation,0.8726842506787728,,,0.7651171000681418
507,1001,13,5,0.65,0.2,1000,diverse,aggregation,0.8726842506787728,,,0.7663482559492977
508,1001,13,5,0.65,0.2,1000,diverse,aggregation,0.8726842506787728,,,0.7658048360590028
509,1001,13,5,0.65,0.2,1000,diverse,aggregation,0.8726842506787728,,,0.7665454767686019
510,1001,13,5,0.65,0.2,1000,diverse,aggregation,0.8726842506787728,,,0.765635636793762
511,1001,13,5,0.65,0.2,1000,diverse,aggregation,0.8726842506787728,,,0.7660870997829332
512,1001,13,5,0.65,0.2,1000,diverse,aggregation,0.8726842506787728,,,0.764688488062863
513,1001,13,5,0.65,0.2,1000,diverse,aggregation,0.8726842506787728,,,0.763742971819847
514,1001,13,5,0.65,0.2,1000,diverse,aggregation,0.8726842506787728,,,0.7644212011368261
515,1001,13,5,0.65,0.2,1000,diverse,aggregation,0.8726842506787728,,,0.7654067149208816
516,1001,13,5,0.65,0.2,1000,diverse,aggregation,0.8726842506787728,,,0.7654935513637597
517,1001,13,5,0.65,0.2,1000,diverse,aggregation,0.8726842506787728,,,0.7650352666315167
518,1001,13,5,0.65,0.2,1000,diverse,aggregation,0.8726842506787728,,,0.7650251776695528
519,1001,13,5,0.65,0.2,1000,diverse,aggregation,0.8726842506787728,,,0.7653689925814926
520,1001,13,5,0.65,0.2,1000,diverse,aggregation,0.8726842506787728,,,0.7659611144102813
521,1001,13,5,0.65,0.2,1000,diverse,aggregation,0.8726842506787728,,,0.7667085820583738
522,1001,13,5,0.65,0.2,1000,diverse,aggregation,0.8726842506787728,,,0.7640228367234619
523,1001,13,5,0.65,0.2,1000,diverse,aggregation,0.8726842506787728,,,0.7653694008846093
524,1001,13,5,0.65,0.2,1000,diverse,aggregation,0.8726842506787728,,,0.7664017772351106
525,1001,13,5,0.65,0.2,1000,diverse,aggregation,0.8726842506787728,,,0.7664120055792973
526,1001,13,5,0.65,0.2,1000,diverse,aggregation,0.8726842506787728,,,0.7669288482736399
527,1001,13,5,0.65,0.2,1000,diverse,aggregation,0.8726842506787728,,,0.7654672241030575
528,1001,13,5,0.65,0.2,1000,diverse,aggregation,0.8726842506787728,,,0.7667868690799942
529,1001,13,5,0.65,0.2,1000,diverse,aggregation,0.8726842506787728,,,0.7644601920918589
530,1001,13,5,0.65,0.2,1000,diverse,aggregation,0.8726842506787728,,,0.7639151058201059
531,1001,13,5,0.65,0.2,1000,diverse,aggregation,0.8726842506787728,,,0.7632757640661808
532,1001,13,5,0.65,0.2,1000,diverse,aggregation,0.8726842506787728,,,0.7670372335149419
533,1001,13,5,0.65,0.2,1000,diverse,aggregation,0.8726842506787728,,,0.7664473242344076
534,1001,13,5,0.65,0.2,1000,diverse,aggregation,0.8726842506787728,,,0.7653092360571527
535,1001,13,5,0.65,0.2,1000,diverse,aggregation,0.8726842506787728,,,0.7651908023920525
536,1001,13,5,0.65,0.2,1000,diverse,aggregation,0.8726842506787728,,,0.7656707266036433
537,1001,13,5,0.65,0.2,1000,diverse,aggregation,0.8726842506787728,,,0.7649644190454608
538,1001,13,5,0.65,0.2,1000,diverse,aggregation,0.8726842506787728,,,0.7640379103149937
539,1001,13,5,0.65,0.2,1000,diverse,aggregation,0.8726842506787728,,,0.7654326408390992
540,1001,13,5,0.65,0.2,1000,diverse,aggregation,0.8726842506787728,,,0.7651714713064713
541,1001,13,5,0.65,0.2,1000,diverse,aggregation,0.8726842506787728,,,0.7651008759835843
542,1001,13,5,0.65,0.2,1000,diverse,aggregation,0.8726842506787728,,,0.7659006878383962
543,1001,13,5,0.65,0.2,1000,diverse,aggregation,0.8726842506787728,,,0.7665072216903467
544,1001,13,5,0.65,0.2,1000,diverse,aggregation,0.8726842506787728,,,0.7660684725690977
545,1001,13,5,0.65,0.2,1000,diverse,aggregation,0.8726842506787728,,,0.7651537418060336
546,1001,13,5,0.65,0.2,1000,diverse,aggregation,0.8726842506787728,,,0.7641366273001691
547,1001,13,5,0.65,0.2,1000,diverse,aggregation,0.8726842506787728,,,0.7646711598972016
548,1001,13,5,0.65,0.2,1000,diverse,aggregation,0.8726842506787728,,,0.7659732526424194
549,1001,13,5,0.65,0.2,1000,diverse,aggregation,0.8726842506787728,,,0.7636004331470999
550,1001,13,5,0.65,0.2,1000,diverse,aggregation,0.8726842506787728,,,0.7651144544807046
551,1001,13,5,0.65,0.2,1000,diverse,aggregation,0.8726842506787728,,,0.7647290945011779
552,1001,13,5,0.65,0.2,1000,diverse,aggregation,0.8726842506787728,,,0.7653120790320791
553,1001,13,5,0.65,0.2,1000,diverse,aggregation,0.8726842506787728,,,0.7650439347766432
554,1001,13,5,0.65,0.2,1000,diverse,aggregation,0.8726842506787728,,,0.7656306903744405
555,1001,13,5,0.65,0.2,1000,diverse,aggregation,0.8726842506787728,,,0.764960802700386
556,1001,13,5,0.65,0.2,1000,diverse,aggregation,0.8726842506787728,,,0.7655989944083694
557,1001,13,5,0.65,0.2,1000,diverse,aggregation,0.8726842506787728,,,0.7646253987293572
558,1001,13,5,0.65,0.2,1000,diverse,aggregation,0.8726842506787728,,,0.7648182583620085
559,1001,13,5,0.65,0.2,1000,diverse,aggregation,0.8726842506787728,,,0.7654852523710858
560,1001,13,5,0.65,0.2,1000,diverse,aggregation,0.8726842506787728,,,0.7664638492757243
561,1001,13,5,0.65,0.2,1000,diverse,aggregation,0.8726842506787728,,,0.7651383507773092
562,1001,13,5,0.65,0.2,1000,diverse,aggregation,0.8726842506787728,,,0.7641067199544284
563,1001,13,5,0.65,0.2,1000,diverse,aggregation,0.8726842506787728,,,0.7659758649221151
564,1001,13,5,0.65,0.2,1000,diverse,aggregation,0.8726842506787728,,,0.7639982820111988
565,1001,13,5,0.65,0.2,1000,diverse,aggregation,0.8726842506787728,,,0.7660972439134941
566,1001,13,5,0.65,0.2,1000,diverse,aggregation,0.8726842506787728,,,0.7666458015210098
567,1001,13,5,0.65,0.2,1000,diverse,aggregation,0.8726842506787728,,,0.7663943095484762
568,1001,13,5,0.65,0.2,1000,diverse,aggregation,0.8726842506787728,,,0.7642066025409776
569,1001,13,5,0.65,0.2,1000,diverse,aggregation,0.8726842506787728,,,0.7667383004726755
570,1001,13,5,0.65,0.2,1000,diverse,aggregation,0.8726842506787728,,,0.7636811919176503
571,1001,13,5,0.65,0.2,1000,diverse,aggregation,0.8726842506787728,,,0.7672710218793553
572,1001,13,5,0.65,0.2,1000,diverse,aggregation,0.8726842506787728,,,0.7660347523155858
573,1001,13,5,0.65,0.2,1000,diverse,aggregation,0.8726842506787728,,,0.766744991952492
574,1001,13,5,0.65,0.2,1000,diverse,aggregation,0.8726842506787728,,,0.7646549200799202
575,1001,13,5,0.65,0.2,1000,diverse,aggregation,0.8726842506787728,,,0.7661134328403079
576,1001,13,5,0.65,0.2,1000,diverse,aggregation,0.8726842506787728,,,0.7658115999586834
577,1001,13,5,0.65,0.2,1000,diverse,aggregation,0.8726842506787728,,,0.764221332656541
578,1001,13,5,0.65,0.2,1000,diverse,aggregation,0.8726842506787728,,,0.764733488147655
579,1001,13,5,0.65,0.2,1000,diverse,aggregation,0.8726842506787728,,,0.764255805475389
580,1001,13,5,0.65,0.2,1000,diverse,aggregation,0.8726842506787728,,,0.7645178966635218
581,1001,13,5,0.65,0.2,1000,diverse,aggregation,0.8726842506787728,,,0.7652890114052615
582,1001,13,5,0.65,0.2,1000,diverse,aggregation,0.8726842506787728,,,0.7658560804627473
583,1001,13,5,0.65,0.2,1000,diverse,aggregation,0.8726842506787728,,,0.7659575117552202
584,1001,13,5,0.65,0.2,1000,diverse,aggregation,0.8726842506787728,,,0.765419782408949
585,1001,13,5,0.65,0.2,1000,diverse,aggregation,0.8726842506787728,,,0.7650773483460985
586,1001,13,5,0.65,0.2,1000,diverse,aggregation,0.8726842506787728,,,0.7653324660293411
587,1001,13,5,0.65,0.2,1000,diverse,aggregation,0.8726842506787728,,,0.7646372374153625
588,1001,13,5,0.65,0.2,1000,diverse,aggregation,0.8726842506787728,,,0.7658683308897893
589,1001,13,5,0.65,0.2,1000,diverse,aggregation,0.8726842506787728,,,0.7650832921707923
590,1001,13,5,0.65,0.2,1000,diverse,aggregation,0.8726842506787728,,,0.7666296044233546
591,1001,13,5,0.65,0.2,1000,diverse,aggregation,0.8726842506787728,,,0.7641411757763842
592,1001,13,5,0.65,0.2,1000,diverse,aggregation,0.8726842506787728,,,0.7639856813017231
593,1001,13,5,0.65,0.2,1000,diverse,aggregation,0.8726842506787728,,,0.7672300149695983
594,1001,13,5,0.65,0.2,1000,diverse,aggregation,0.8726842506787728,,,0.7657251914674832
595,1001,13,5,0.65,0.2,1000,diverse,aggregation,0.8726842506787728,,,0.7677288906618074
596,1001,13,5,0.65,0.2,1000,diverse,aggregation,0.8726842506787728,,,0.7649508831523417
597,1001,13,5,0.65,0.2,1000,diverse,aggregation,0.8726842506787728,,,0.7674332170067587
598,1001,13,5,0.65,0.2,1000,diverse,aggregation,0.8726842506787728,,,0.7670226455026455
599,1001,13,5,0.65,0.2,1000,diverse,aggregation,0.8726842506787728,,,0.7664031326775077
600,1001,13,5,0.65,0.2,1000,diverse,aggregation,0.8726842506787728,,,0.7652270056024224
601,1001,13,5,0.65,0.2,1000,diverse,aggregation,0.8726842506787728,,,0.7657018096255597
602,1001,13,5,0.65,0.2,1000,diverse,aggregation,0.8726842506787728,,,0.7639147239334739
603,1001,13,5,0.65,0.2,1000,diverse,aggregation,0.8726842506787728,,,0.7640652674331843
604,1001,13,5,0.65,0.2,1000,diverse,aggregation,0.8726842506787728,,,0.7662836992945328
605,1001,13,5,0.65,0.2,1000,diverse,aggregation,0.8726842506787728,,,0.7685357574678409
606,1001,13,5,0.65,0.2,1000,diverse,aggregation,0.8726842506787728,,,0.7653725230093981
607,1001,13,5,0.65,0.2,1000,diverse,aggregation,0.8726842506787728,,,0.763264408469617
608,1001,13,5,0.65,0.2,1000,diverse,aggregation,0.8726842506787728,,,0.7661944697586366
609,1001,13,5,0.65,0.2,1000,diverse,aggregation,0.8726842506787728,,,0.7664858547779382
610,1001,13,5,0.65,0.2,1000,diverse,aggregation,0.8726842506787728,,,0.7668273957832292
611,1001,13,5,0.65,0.2,1000,diverse,aggregation,0.8726842506787728,,,0.7666643406130907
612,1001,13,5,0.65,0.2,1000,diverse,aggregation,0.8726842506787728,,,0.7663685471010473
613,1001,13,5,0.65,0.2,1000,diverse,aggregation,0.8726842506787728,,,0.765349168208335
614,1001,13,5,0.65,0.2,1000,diverse,aggregation,0.8726842506787728,,,0.7643054756971425
615,1001,13,5,0.65,0.2,1000,diverse,aggregation,0.8726842506787728,,,0.7675178001628002
616,1001,13,5,0.65,0.2,1000,diverse,aggregation,0.8726842506787728,,,0.7643833082503916
617,1001,13,5,0.65,0.2,1000,diverse,aggregation,0.8726842506787728,,,0.7624874467122384
618,1001,13,5,0.65,0.2,1000,diverse,aggregation,0.8726842506787728,,,0.7649946096727348
619,1001,13,5,0.65,0.2,1000,diverse,aggregation,0.8726842506787728,,,0.7643566292503794
620,1001,13,5,0.65,0.2,1000,diverse,aggregation,0.8726842506787728,,,0.7653774598010015
621,1001,13,5,0.65,0.2,1000,diverse,aggregation,0.8726842506787728,,,0.7679917572936324
622,1001,13,5,0.65,0.2,1000,diverse,aggregation,0.8726842506787728,,,0.7648408347670849
623,1001,13,5,0.65,0.2,1000,diverse,aggregation,0.8726842506787728,,,0.7659934990626659
624,1001,13,5,0.65,0.2,1000,diverse,aggregation,0.8726842506787728,,,0.7652251254532505
625,1001,13,5,0.65,0.2,1000,diverse,aggregation,0.8726842506787728,,,0.7659856262102097
626,1001,13,5,0.65,0.2,1000,diverse,aggregation,0.8726842506787728,,,0.7640740503169671
627,1001,13,5,0.65,0.2,1000,diverse,aggregation,0.8726842506787728,,,0.7635062538772956
628,1001,13,5,0.65,0.2,1000,diverse,aggregation,0.8726842506787728,,,0.7635962223733058
629,1001,13,5,0.65,0.2,1000,diverse,aggregation,0.8726842506787728,,,0.7665035982767233
630,1001,13,5,0.65,0.2,1000,diverse,aggregation,0.8726842506787728,,,0.7678481337798005
631,1001,13,5,0.65,0.2,1000,diverse,aggregation,0.8726842506787728,,,0.7665740278317362
632,1001,13,5,0.65,0.2,1000,diverse,aggregation,0.8726842506787728,,,0.7662293946023112
633,1001,13,5,0.65,0.2,1000,diverse,aggregation,0.8726842506787728,,,0.7640610346366598
634,1001,13,5,0.65,0.2,1000,diverse,aggregation,0.8726842506787728,,,0.7661762997496332
635,1001,13,5,0.65,0.2,1000,diverse,aggregation,0.8726842506787728,,,0.766735970904096
636,1001,13,5,0.65,0.2,1000,diverse,aggregation,0.8726842506787728,,,0.7648548125871044
637,1001,13,5,0.65,0.2,1000,diverse,aggregation,0.8726842506787728,,,0.7651055543453461
638,1001,13,5,0.65,0.2,1000,diverse,aggregation,0.8726842506787728,,,0.764468852998853
639,1001,13,5,0.65,0.2,1000,diverse,aggregation,0.8726842506787728,,,0.7660199565866233
640,1001,13,5,0.65,0.2,1000,diverse,aggregation,0.8726842506787728,,,0.7657470463872548
641,1001,13,5,0.65,0.2,1000,diverse,aggregation,0.8726842506787728,,,0.7649700986898904
642,1001,13,5,0.65,0.2,1000,diverse,aggregation,0.8726842506787728,,,0.7658149166728334
643,1001,13,5,0.65,0.2,1000,diverse,aggregation,0.8726842506787728,,,0.7668088577626079
644,1001,13,5,0.65,0.2,1000,diverse,aggregation,0.8726842506787728,,,0.7646458317608318
645,1001,13,5,0.65,0.2,1000,diverse,aggregation,0.8726842506787728,,,0.7671190949713868
646,1001,13,5,0.65,0.2,1000,diverse,aggregation,0.8726842506787728,,,0.7662102948209198
647,1001,13,5,0.65,0.2,1000,diverse,aggregation,0.8726842506787728,,,0.7683587690010608
648,1001,13,5,0.65,0.2,1000,diverse,aggregation,0.8726842506787728,,,0.7655695616420617
649,1001,13,5,0.65,0.2,1000,diverse,aggregation,0.8726842506787728,,,0.7648003947133115
650,1001,13,5,0.65,0.2,1000,diverse,aggregation,0.8726842506787728,,,0.7658563082519333
651,1001,13,5,0.65,0.2,1000,diverse,aggregation,0.8726842506787728,,,0.7658941997971166
652,1001,13,5,0.65,0.2,1000,diverse,aggregation,0.8726842506787728,,,0.7647458723375391
653,1001,13,5,0.65,0.2,1000,diverse,aggregation,0.8726842506787728,,,0.7641606432610599
654,1001,13,5,0.65,0.2,1000,diverse,aggregation,0.8726842506787728,,,0.765251769557603
655,1001,13,5,0.65,0.2,1000,diverse,aggregation,0.8726842506787728,,,0.7641875536654703
656,1001,13,5,0.65,0.2,1000,diverse,aggregation,0.8726842506787728,,,0.7668217546265463
657,1001,13,5,0.65,0.2,1000,diverse,aggregation,0.8726842506787728,,,0.7653768336910003
658,1001,13,5,0.65,0.2,1000,diverse,aggregation,0.8726842506787728,,,0.7666730322686574
659,1001,13,5,0.65,0.2,1000,diverse,aggregation,0.8726842506787728,,,0.7641017201394287
660,1001,13,5,0.65,0.2,1000,diverse,aggregation,0.8726842506787728,,,0.766849480665939
661,1001,13,5,0.65,0.2,1000,diverse,aggregation,0.8726842506787728,,,0.7668842154835905
662,1001,13,5,0.65,0.2,1000,diverse,aggregation,0.8726842506787728,,,0.7654671300612967
663,1001,13,5,0.65,0.2,1000,diverse,aggregation,0.8726842506787728,,,0.764665373885374
664,1001,13,5,0.65,0.2,1000,diverse,aggregation,0.8726842506787728,,,0.7677310902369237
665,1001,13,5,0.65,0.2,1000,diverse,aggregation,0.8726842506787728,,,0.7659322341932759
666,1001,13,5,0.65,0.2,1000,diverse,aggregation,0.8726842506787728,,,0.7637257103236271
667,1001,13,5,0.65,0.2,1000,diverse,aggregation,0.8726842506787728,,,0.765522422608256
668,1001,13,5,0.65,0.2,1000,diverse,aggregation,0.8726842506787728,,,0.7664331568816986
669,1001,13,5,0.65,0.2,1000,diverse,aggregation,0.8726842506787728,,,0.7641345484916318
670,1001,13,5,0.65,0.2,1000,diverse,aggregation,0.8726842506787728,,,0.7662710149803901
671,1001,13,5,0.65,0.2,1000,diverse,aggregation,0.8726842506787728,,,0.7640988047215133
672,1001,13,5,0.65,0.2,1000,diverse,aggregation,0.8726842506787728,,,0.7633066687479187
673,1001,13,5,0.65,0.2,1000,diverse,aggregation,0.8726842506787728,,,0.7652317705596874
674,1001,13,5,0.65,0.2,1000,diverse,aggregation,0.8726842506787728,,,0.7651282711501463
675,1001,13,5,0.65,0.2,1000,diverse,aggregation,0.8726842506787728,,,0.7649753543909794
676,1001,13,5,0.65,0.2,1000,diverse,aggregation,0.8726842506787728,,,0.7654992474577893
677,1001,13,5,0.65,0.2,1000,diverse,aggregation,0.8726842506787728,,,0.7650577038316624
678,1001,13,5,0.65,0.2,1000,diverse,aggregation,0.8726842506787728,,,0.766163971252513
679,1001,13,5,0.65,0.2,1000,diverse,aggregation,0.8726842506787728,,,0.7662640274309024
680,1001,13,5,0.65,0.2,1000,diverse,aggregation,0.8726842506787728,,,0.7675240241702743
681,1001,13,5,0.65,0.2,1000,diverse,aggregation,0.8726842506787728,,,0.7636027262166847
682,1001,13,5,0.65,0.2,1000,diverse,aggregation,0.8726842506787728,,,0.7654686130767382
683,1001,13,5,0.65,0.2,1000,diverse,aggregation,0.8726842506787728,,,0.7647745086472171
684,1001,13,5,0.65,0.2,1000,diverse,aggregation,0.8726842506787728,,,0.7658613173323591
685,1001,13,5,0.65,0.2,1000,diverse,aggregation,0.8726842506787728,,,0.7645825559548477
686,1001,13,5,0.65,0.2,1000,diverse,aggregation,0.8726842506787728,,,0.7655483783808785
687,1001,13,5,0.65,0.2,1000,diverse,aggregation,0.8726842506787728,,,0.7631829347350182
688,1001,13,5,0.65,0.2,1000,diverse,aggregation,0.8726842506787728,,,0.7664387808102392
689,1001,13,5,0.65,0.2,1000,diverse,aggregation,0.8726842506787728,,,0.7654376067836485
690,1001,13,5,0.65,0.2,1000,diverse,aggregation,0.8726842506787728,,,0.7662358912152663
691,1001,13,5,0.65,0.2,1000,diverse,aggregation,0.8726842506787728,,,0.7662189219653804
692,1001,13,5,0.65,0.2,1000,diverse,aggregation,0.8726842506787728,,,0.767000088915714
693,1001,13,5,0.65,0.2,1000,diverse,aggregation,0.8726842506787728,,,0.7651205959858044
694,1001,13,5,0.65,0.2,1000,diverse,aggregation,0.8726842506787728,,,0.7650566816285568
695,1001,13,5,0.65,0.2,1000,diverse,aggregation,0.8726842506787728,,,0.7657501743703827
696,1001,13,5,0.65,0.2,1000,diverse,aggregation,0.8726842506787728,,,0.7662104281752199
697,1001,13,5,0.65,0.2,1000,diverse,aggregation,0.8726842506787728,,,0.7654303069230154
698,1001,13,5,0.65,0.2,1000,diverse,aggregation,0.8726842506787728,,,0.7651797409843244
699,1001,13,5,0.65,0.2,1000,diverse,aggregation,0.8726842506787728,,,0.7655412413204081
700,1001,13,5,0.65,0.2,1000,diverse,aggregation,0.8726842506787728,,,0.7682236750749252
701,1001,13,5,0.65,0.2,1000,diverse,aggregation,0.8726842506787728,,,0.7645034640051308
702,1001,13,5,0.65,0.2,1000,diverse,aggregation,0.8726842506787728,,,0.762820328976579
703,1001,13,5,0.65,0.2,1000,diverse,aggregation,0.8726842506787728,,,0.7670136611305363
704,1001,13,5,0.65,0.2,1000,diverse,aggregation,0.8726842506787728,,,0.7661933546006463
705,1001,13,5,0.65,0.2,1000,diverse,aggregation,0.8726842506787728,,,0.7656189705433456
706,1001,13,5,0.65,0.2,1000,diverse,aggregation,0.8726842506787728,,,0.7675379054664473
707,1001,13,5,0.65,0.2,1000,diverse,aggregation,0.8726842506787728,,,0.7655512660410578
708,1001,13,5,0.65,0.2,1000,diverse,aggregation,0.8726842506787728,,,0.7650938507942676
709,1001,13,5,0.65,0.2,1000,diverse,aggregation,0.8726842506787728,,,0.7642197829176997
710,1001,13,5,0.65,0.2,1000,diverse,aggregation,0.8726842506787728,,,0.7656597135580469
711,1001,13,5,0.65,0.2,1000,diverse,aggregation,0.8726842506787728,,,0.7658173922373923
712,1001,13,5,0.65,0.2,1000,diverse,aggregation,0.8726842506787728,,,0.7657508611141945
713,1001,13,5,0.65,0.2,1000,diverse,aggregation,0.8726842506787728,,,0.7686535505081339
714,1001,13,5,0.65,0.2,1000,diverse,aggregation,0.8726842506787728,,,0.7649076750101751
715,1001,13,5,0.65,0.2,1000,diverse,aggregation,0.8726842506787728,,,0.7641392923511674
716,1001,13,5,0.65,0.2,1000,diverse,aggregation,0.8726842506787728,,,0.7662942835636586
717,1001,13,5,0.65,0.2,1000,diverse,aggregation,0.8726842506787728,,,0.7640585335729086
718,1001,13,5,0.65,0.2,1000,diverse,aggregation,0.8726842506787728,,,0.7649420228999396
719,1001,13,5,0.65,0.2,1000,diverse,aggregation,0.8726842506787728,,,0.7654599545593297
720,1001,13,5,0.65,0.2,1000,diverse,aggregation,0.8726842506787728,,,0.764763776986902
721,1001,13,5,0.65,0.2,1000,diverse,aggregation,0.8726842506787728,,,0.7646255088507173
722,1001,13,5,0.65,0.2,1000,diverse,aggregation,0.8726842506787728,,,0.7661980386742887
723,1001,13,5,0.65,0.2,1000,diverse,aggregation,0.8726842506787728,,,0.7671372143905479
724,1001,13,5,0.65,0.2,1000,diverse,aggregation,0.8726842506787728,,,0.7639918910256411
725,1001,13,5,0.65,0.2,1000,diverse,aggregation,0.8726842506787728,,,0.7639425019810437
726,1001,13,5,0.65,0.2,1000,diverse,aggregation,0.8726842506787728,,,0.7643414920804504
727,1001,13,5,0.65,0.2,1000,diverse,aggregation,0.8726842506787728,,,0.765141483639817
728,1001,13,5,0.65,0.2,1000,diverse,aggregation,0.8726842506787728,,,0.7659242345386097
729,1001,13,5,0.65,0.2,1000,diverse,aggregation,0.8726842506787728,,,0.7644342720011471
730,1001,13,5,0.65,0.2,1000,diverse,aggregation,0.8726842506787728,,,0.7643561046438131
731,1001,13,5,0.65,0.2,1000,diverse,aggregation,0.8726842506787728,,,0.7659080773239108
732,1001,13,5,0.65,0.2,1000,diverse,aggregation,0.8726842506787728,,,0.7636206972425724
733,1001,13,5,0.65,0.2,1000,diverse,aggregation,0.8726842506787728,,,0.764605049364216
734,1001,13,5,0.65,0.2,1000,diverse,aggregation,0.8726842506787728,,,0.7672063088686005
735,1001,13,5,0.65,0.2,1000,diverse,aggregation,0.8726842506787728,,,0.7659167567309235
736,1001,13,5,0.65,0.2,1000,diverse,aggregation,0.8726842506787728,,,0.7673671479754813
737,1001,13,5,0.65,0.2,1000,diverse,aggregation,0.8726842506787728,,,0.7642932970270471
738,1001,13,5,0.65,0.2,1000,diverse,aggregation,0.8726842506787728,,,0.7655257158505077
739,1001,13,5,0.65,0.2,1000,diverse,aggregation,0.8726842506787728,,,0.7651724164030415
740,1001,13,5,0.65,0.2,1000,diverse,aggregation,0.8726842506787728,,,0.7648462808410726
741,1001,13,5,0.65,0.2,1000,diverse,aggregation,0.8726842506787728,,,0.7647359453663621
742,1001,13,5,0.65,0.2,1000,diverse,aggregation,0.8726842506787728,,,0.7666909661711745
743,1001,13,5,0.65,0.2,1000,diverse,aggregation,0.8726842506787728,,,0.7645033582235666
744,1001,13,5,0.65,0.2,1000,diverse,aggregation,0.8726842506787728,,,0.7661915592586427
745,1001,13,5,0.65,0.2,1000,diverse,aggregation,0.8726842506787728,,,0.7657585196439364
746,1001,13,5,0.65,0.2,1000,diverse,aggregation,0.8726842506787728,,,0.7660162873314957
747,1001,13,5,0.65,0.2,1000,diverse,aggregation,0.8726842506787728,,,0.7664052754036088
748,1001,13,5,0.65,0.2,1000,diverse,aggregation,0.8726842506787728,,,0.7652529539519123
749,1001,13,5,0.65,0.2,1000,diverse,aggregation,0.8726842506787728,,,0.7673208655233656
750,1001,13,5,0.65,0.2,1000,diverse,aggregation,0.8726842506787728,,,0.7657543265684932
751,1001,13,5,0.65,0.2,1000,diverse,aggregation,0.8726842506787728,,,0.7643921194006612
752,1001,13,5,0.65,0.2,1000,diverse,aggregation,0.8726842506787728,,,0.7660060932894267
753,1001,13,5,0.65,0.2,1000,diverse,aggregation,0.8726842506787728,,,0.7651045523303857
754,1001,13,5,0.65,0.2,1000,diverse,aggregation,0.8726842506787728,,,0.7646810968352636
755,1001,13,5,0.65,0.2,1000,diverse,aggregation,0.8726842506787728,,,0.7652191594131178
756,1001,13,5,0.65,0.2,1000,diverse,aggregation,0.8726842506787728,,,0.7650347838889506
757,1001,13,5,0.65,0.2,1000,diverse,aggregation,0.8726842506787728,,,0.7650687212016379
758,1001,13,5,0.65,0.2,1000,diverse,aggregation,0.8726842506787728,,,0.7644466918344003
759,1001,13,5,0.65,0.2,1000,diverse,aggregation,0.8726842506787728,,,0.7658001098284433
760,1001,13,5,0.65,0.2,1000,diverse,aggregation,0.8726842506787728,,,0.7663089384149802
761,1001,13,5,0.65,0.2,1000,diverse,aggregation,0.8726842506787728,,,0.7642885082278833
762,1001,13,5,0.65,0.2,1000,diverse,aggregation,0.8726842506787728,,,0.7639174381636882
763,1001,13,5,0.65,0.2,1000,diverse,aggregation,0.8726842506787728,,,0.7653809133150801
764,1001,13,5,0.65,0.2,1000,diverse,aggregation,0.8726842506787728,,,0.7639723020806355
765,1001,13,5,0.65,0.2,1000,diverse,aggregation,0.8726842506787728,,,0.766985906894032
766,1001,13,5,0.65,0.2,1000,diverse,aggregation,0.8726842506787728,,,0.7652717667363501
767,1001,13,5,0.65,0.2,1000,diverse,aggregation,0.8726842506787728,,,0.7656833143014394
768,1001,13,5,0.65,0.2,1000,diverse,aggregation,0.8726842506787728,,,0.764790654384196
769,1001,13,5,0.65,0.2,1000,diverse,aggregation,0.8726842506787728,,,0.7661896793021794
770,1001,13,5,0.65,0.2,1000,diverse,aggregation,0.8726842506787728,,,0.7654266281789199
771,1001,13,5,0.65,0.2,1000,diverse,aggregation,0.8726842506787728,,,0.7654005244446912
772,1001,13,5,0.65,0.2,1000,diverse,aggregation,0.8726842506787728,,,0.765137255283297
773,1001,13,5,0.65,0.2,1000,diverse,aggregation,0.8726842506787728,,,0.7636593193303611
774,1001,13,5,0.65,0.2,1000,diverse,aggregation,0.8726842506787728,,,0.7649097259376427
775,1001,13,5,0.65,0.2,1000,diverse,aggregation,0.8726842506787728,,,0.767285440516274
776,1001,13,5,0.65,0.2,1000,diverse,aggregation,0.8726842506787728,,,0.7658082171146755
777,1001,13,5,0.65,0.2,1000,diverse,aggregation,0.8726842506787728,,,0.7640053889783057
778,1001,13,5,0.65,0.2,1000,diverse,aggregation,0.8726842506787728,,,0.7662469460477794
779,1001,13,5,0.65,0.2,1000,diverse,aggregation,0.8726842506787728,,,0.767597432598266
780,1001,13,5,0.65,0.2,1000,diverse,aggregation,0.8726842506787728,,,0.7635535441718776
781,1001,13,5,0.65,0.2,1000,diverse,aggregation,0.8726842506787728,,,0.7646128501668085
782,1001,13,5,0.65,0.2,1000,diverse,aggregation,0.8726842506787728,,,0.7635226841137259
783,1001,13,5,0.65,0.2,1000,diverse,aggregation,0.8726842506787728,,,0.7677972365520284
784,1001,13,5,0.65,0.2,1000,diverse,aggregation,0.8726842506787728,,,0.7645194283263034
785,1001,13,5,0.65,0.2,1000,diverse,aggregation,0.8726842506787728,,,0.7653384744807662
786,1001,13,5,0.65,0.2,1000,diverse,aggregation,0.8726842506787728,,,0.7642856151718652
787,1001,13,5,0.65,0.2,1000,diverse,aggregation,0.8726842506787728,,,0.7664554177766678
788,1001,13,5,0.65,0.2,1000,diverse,aggregation,0.8726842506787728,,,0.7641280636724388
789,1001,13,5,0.65,0.2,1000,diverse,aggregation,0.8726842506787728,,,0.7651266476733144
790,1001,13,5,0.65,0.2,1000,diverse,aggregation,0.8726842506787728,,,0.7667990707903208
791,1001,13,5,0.65,0.2,1000,diverse,aggregation,0.8726842506787728,,,0.7652071191308691
792,1001,13,5,0.65,0.2,1000,diverse,aggregation,0.8726842506787728,,,0.764427465235382
793,1001,13,5,0.65,0.2,1000,diverse,aggregation,0.8726842506787728,,,0.7667741355018439
794,1001,13,5,0.65,0.2,1000,diverse,aggregation,0.8726842506787728,,,0.7650055288307374
795,1001,13,5,0.65,0.2,1000,diverse,aggregation,0.8726842506787728,,,0.7655112936137937
796,1001,13,5,0.65,0.2,1000,diverse,aggregation,0.8726842506787728,,,0.7662178720430806
797,1001,13,5,0.65,0.2,1000,diverse,aggregation,0.8726842506787728,,,0.766501953609662
798,1001,13,5,0.65,0.2,1000,diverse,aggregation,0.8726842506787728,,,0.7652386530830282
799,1001,13,5,0.65,0.2,1000,diverse,aggregation,0.8726842506787728,,,0.7669905466986718
800,1001,13,5,0.65,0.2,1000,diverse,aggregation,0.8726842506787728,,,0.7651701606264107
801,1001,13,5,0.65,0.2,1000,diverse,aggregation,0.8726842506787728,,,0.7647362021157855
802,1001,13,5,0.65,0.2,1000,diverse,aggregation,0.8726842506787728,,,0.7659237441185359
803,1001,13,5,0.65,0.2,1000,diverse,aggregation,0.8726842506787728,,,0.7651961496373997
804,1001,13,5,0.65,0.2,1000,diverse,aggregation,0.8726842506787728,,,0.764308979616063
805,1001,13,5,0.65,0.2,1000,diverse,aggregation,0.8726842506787728,,,0.7645253070694737
806,1001,13,5,0.65,0.2,1000,diverse,aggregation,0.8726842506787728,,,0.7652842426246592
807,1001,13,5,0.65,0.2,1000,diverse,aggregation,0.8726842506787728,,,0.7647433771475439
808,1001,13,5,0.65,0.2,1000,diverse,aggregation,0.8726842506787728,,,0.7651987227047645
809,1001,13,5,0.65,0.2,1000,diverse,aggregation,0.8726842506787728,,,0.7652196833490584
810,1001,13,5,0.65,0.2,1000,diverse,aggregation,0.8726842506787728,,,0.7660909668186753
811,1001,13,5,0.65,0.2,1000,diverse,aggregation,0.8726842506787728,,,0.7624018804497973
812,1001,13,5,0.65,0.2,1000,diverse,aggregation,0.8726842506787728,,,0.76428454324996
813,1001,13,5,0.65,0.2,1000,diverse,aggregation,0.8726842506787728,,,0.7650003832818417
814,1001,13,5,0.65,0.2,1000,diverse,aggregation,0.8726842506787728,,,0.7635133648912816
815,1001,13,5,0.65,0.2,1000,diverse,aggregation,0.8726842506787728,,,0.7666644703830122
816,1001,13,5,0.65,0.2,1000,diverse,aggregation,0.8726842506787728,,,0.7669147756256091
817,1001,13,5,0.65,0.2,1000,diverse,aggregation,0.8726842506787728,,,0.7658978254615755
818,1001,13,5,0.65,0.2,1000,diverse,aggregation,0.8726842506787728,,,0.7646771143902394
819,1001,13,5,0.65,0.2,1000,diverse,aggregation,0.8726842506787728,,,0.7669950416558751
820,1001,13,5,0.65,0.2,1000,diverse,aggregation,0.8726842506787728,,,0.7652731134683219
821,1001,13,5,0.65,0.2,1000,diverse,aggregation,0.8726842506787728,,,0.7647782813482813
822,1001,13,5,0.65,0.2,1000,diverse,aggregation,0.8726842506787728,,,0.765104587326254
823,1001,13,5,0.65,0.2,1000,diverse,aggregation,0.8726842506787728,,,0.7669462122676707
824,1001,13,5,0.65,0.2,1000,diverse,aggregation,0.8726842506787728,,,0.7659370375920377
825,1001,13,5,0.65,0.2,1000,diverse,aggregation,0.8726842506787728,,,0.764010893851519
826,1001,13,5,0.65,0.2,1000,diverse,aggregation,0.8726842506787728,,,0.7635249729822648
827,1001,13,5,0.65,0.2,1000,diverse,aggregation,0.8726842506787728,,,0.765375036545245
828,1001,13,5,0.65,0.2,1000,diverse,aggregation,0.8726842506787728,,,0.7664522724883142
829,1001,13,5,0.65,0.2,1000,diverse,aggregation,0.8726842506787728,,,0.7669514968442053
830,1001,13,5,0.65,0.2,1000,diverse,aggregation,0.8726842506787728,,,0.7652343415380917
831,1001,13,5,0.65,0.2,1000,diverse,aggregation,0.8726842506787728,,,0.7670808427683428
832,1001,13,5,0.65,0.2,1000,diverse,aggregation,0.8726842506787728,,,0.7649959686995105
833,1001,13,5,0.65,0.2,1000,diverse,aggregation,0.8726842506787728,,,0.7652449292605543
834,1001,13,5,0.65,0.2,1000,diverse,aggregation,0.8726842506787728,,,0.7661410205689373
835,1001,13,5,0.65,0.2,1000,diverse,aggregation,0.8726842506787728,,,0.7682935288399872
836,1001,13,5,0.65,0.2,1000,diverse,aggregation,0.8726842506787728,,,0.7673103410478411
837,1001,13,5,0.65,0.2,1000,diverse,aggregation,0.8726842506787728,,,0.7665589440806109
838,1001,13,5,0.65,0.2,1000,diverse,aggregation,0.8726842506787728,,,0.762272375864876
839,1001,13,5,0.65,0.2,1000,diverse,aggregation,0.8726842506787728,,,0.7655060969123471
840,1001,13,5,0.65,0.2,1000,diverse,aggregation,0.8726842506787728,,,0.7648865169552671
841,1001,13,5,0.65,0.2,1000,diverse,aggregation,0.8726842506787728,,,0.7632617431257015
842,1001,13,5,0.65,0.2,1000,diverse,aggregation,0.8726842506787728,,,0.7657892794396962
843,1001,13,5,0.65,0.2,1000,diverse,aggregation,0.8726842506787728,,,0.7663989383995635
844,1001,13,5,0.65,0.2,1000,diverse,aggregation,0.8726842506787728,,,0.7648173200256534
845,1001,13,5,0.65,0.2,1000,diverse,aggregation,0.8726842506787728,,,0.7646654794742296
846,1001,13,5,0.65,0.2,1000,diverse,aggregation,0.8726842506787728,,,0.7644717968605469
847,1001,13,5,0.65,0.2,1000,diverse,aggregation,0.8726842506787728,,,0.7652668393489227
848,1001,13,5,0.65,0.2,1000,diverse,aggregation,0.8726842506787728,,,0.7653753169592754
849,1001,13,5,0.65,0.2,1000,diverse,aggregation,0.8726842506787728,,,0.7668007888716223
850,1001,13,5,0.65,0.2,1000,diverse,aggregation,0.8726842506787728,,,0.7668688929049347
851,1001,13,5,0.65,0.2,1000,diverse,aggregation,0.8726842506787728,,,0.7655007225953059
852,1001,13,5,0.65,0.2,1000,diverse,aggregation,0.8726842506787728,,,0.7664716111666113
853,1001,13,5,0.65,0.2,1000,diverse,aggregation,0.8726842506787728,,,0.7659614825375242
854,1001,13,5,0.65,0.2,1000,diverse,aggregation,0.8726842506787728,,,0.7645006296712548
855,1001,13,5,0.65,0.2,1000,diverse,aggregation,0.8726842506787728,,,0.7645105047884215
856,1001,13,5,0.65,0.2,1000,diverse,aggregation,0.8726842506787728,,,0.7641897651576819
857,1001,13,5,0.65,0.2,1000,diverse,aggregation,0.8726842506787728,,,0.7647648394892145
858,1001,13,5,0.65,0.2,1000,diverse,aggregation,0.8726842506787728,,,0.7651129698619282
859,1001,13,5,0.65,0.2,1000,diverse,aggregation,0.8726842506787728,,,0.7657741330351748
860,1001,13,5,0.65,0.2,1000,diverse,aggregation,0.8726842506787728,,,0.7644182010890345
861,1001,13,5,0.65,0.2,1000,diverse,aggregation,0.8726842506787728,,,0.7661953769455854
862,1001,13,5,0.65,0.2,1000,diverse,aggregation,0.8726842506787728,,,0.7666414706050124
863,1001,13,5,0.65,0.2,1000,diverse,aggregation,0.8726842506787728,,,0.7661109706959708
864,1001,13,5,0.65,0.2,1000,diverse,aggregation,0.8726842506787728,,,0.7654012911239996
865,1001,13,5,0.65,0.2,1000,diverse,aggregation,0.8726842506787728,,,0.764972688253105
866,1001,13,5,0.65,0.2,1000,diverse,aggregation,0.8726842506787728,,,0.7641475076389661
867,1001,13,5,0.65,0.2,1000,diverse,aggregation,0.8726842506787728,,,0.7668883673656592
868,1001,13,5,0.65,0.2,1000,diverse,aggregation,0.8726842506787728,,,0.766965241687325
869,1001,13,5,0.65,0.2,1000,diverse,aggregation,0.8726842506787728,,,0.76382706313748
870,1001,13,5,0.65,0.2,1000,diverse,aggregation,0.8726842506787728,,,0.7675827589308841
871,1001,13,5,0.65,0.2,1000,diverse,aggregation,0.8726842506787728,,,0.7647482514399182
872,1001,13,5,0.65,0.2,1000,diverse,aggregation,0.8726842506787728,,,0.7651182126361294
873,1001,13,5,0.65,0.2,1000,diverse,aggregation,0.8726842506787728,,,0.7658567636761388
874,1001,13,5,0.65,0.2,1000,diverse,aggregation,0.8726842506787728,,,0.7668036483501067
875,1001,13,5,0.65,0.2,1000,diverse,aggregation,0.8726842506787728,,,0.7643124602789187
876,1001,13,5,0.65,0.2,1000,diverse,aggregation,0.8726842506787728,,,0.76663699831804
877,1001,13,5,0.65,0.2,1000,diverse,aggregation,0.8726842506787728,,,0.7648158694237861
878,1001,13,5,0.65,0.2,1000,diverse,aggregation,0.8726842506787728,,,0.765507731743565
879,1001,13,5,0.65,0.2,1000,diverse,aggregation,0.8726842506787728,,,0.7677338560128145
880,1001,13,5,0.65,0.2,1000,diverse,aggregation,0.8726842506787728,,,0.7655361990632825
881,1001,13,5,0.65,0.2,1000,diverse,aggregation,0.8726842506787728,,,0.7642149511059928
882,1001,13,5,0.65,0.2,1000,diverse,aggregation,0.8726842506787728,,,0.765106228524562
883,1001,13,5,0.65,0.2,1000,diverse,aggregation,0.8726842506787728,,,0.7671985085516335
884,1001,13,5,0.65,0.2,1000,diverse,aggregation,0.8726842506787728,,,0.766750795963296
885,1001,13,5,0.65,0.2,1000,diverse,aggregation,0.8726842506787728,,,0.7667583798917134
886,1001,13,5,0.65,0.2,1000,diverse,aggregation,0.8726842506787728,,,0.7661883687839939
887,1001,13,5,0.65,0.2,1000,diverse,aggregation,0.8726842506787728,,,0.7656883803773389
888,1001,13,5,0.65,0.2,1000,diverse,aggregation,0.8726842506787728,,,0.7649066017470184
889,1001,13,5,0.65,0.2,1000,diverse,aggregation,0.8726842506787728,,,0.7647732023917441
890,1001,13,5,0.65,0.2,1000,diverse,aggregation,0.8726842506787728,,,0.76694843157614
891,1001,13,5,0.65,0.2,1000,diverse,aggregation,0.8726842506787728,,,0.7671050227396062
892,1001,13,5,0.65,0.2,1000,diverse,aggregation,0.8726842506787728,,,0.7660980109628027
893,1001,13,5,0.65,0.2,1000,diverse,aggregation,0.8726842506787728,,,0.766884438940689
894,1001,13,5,0.65,0.2,1000,diverse,aggregation,0.8726842506787728,,,0.7644461108490276
895,1001,13,5,0.65,0.2,1000,diverse,aggregation,0.8726842506787728,,,0.7661245817839568
896,1001,13,5,0.65,0.2,1000,diverse,aggregation,0.8726842506787728,,,0.7655266780287615
897,1001,13,5,0.65,0.2,1000,diverse,aggregation,0.8726842506787728,,,0.7660035048207966
898,1001,13,5,0.65,0.2,1000,diverse,aggregation,0.8726842506787728,,,0.7675887525360443
899,1001,13,5,0.65,0.2,1000,diverse,aggregation,0.8726842506787728,,,0.7650612414745749
900,1001,13,5,0.65,0.2,1000,diverse,aggregation,0.8726842506787728,,,0.7632520984108485
901,1001,13,5,0.65,0.2,1000,diverse,aggregation,0.8726842506787728,,,0.7658772416857834
902,1001,13,5,0.65,0.2,1000,diverse,aggregation,0.8726842506787728,,,0.7640506405554323
903,1001,13,5,0.65,0.2,1000,diverse,aggregation,0.8726842506787728,,,0.767438064628273
904,1001,13,5,0.65,0.2,1000,diverse,aggregation,0.8726842506787728,,,0.7672196701215451
905,1001,13,5,0.65,0.2,1000,diverse,aggregation,0.8726842506787728,,,0.7641267901619985
906,1001,13,5,0.65,0.2,1000,diverse,aggregation,0.8726842506787728,,,0.7653285040885042
907,1001,13,5,0.65,0.2,1000,diverse,aggregation,0.8726842506787728,,,0.7646022277491028
908,1001,13,5,0.65,0.2,1000,diverse,aggregation,0.8726842506787728,,,0.7674570201172285
909,1001,13,5,0.65,0.2,1000,diverse,aggregation,0.8726842506787728,,,0.7660124499497418
910,1001,13,5,0.65,0.2,1000,diverse,aggregation,0.8726842506787728,,,0.7676415853667937
911,1001,13,5,0.65,0.2,1000,diverse,aggregation,0.8726842506787728,,,0.7639944660817578
912,1001,13,5,0.65,0.2,1000,diverse,aggregation,0.8726842506787728,,,0.7683226726437143
913,1001,13,5,0.65,0.2,1000,diverse,aggregation,0.8726842506787728,,,0.7651495817531234
914,1001,13,5,0.65,0.2,1000,diverse,aggregation,0.8726842506787728,,,0.7653677705165206
915,1001,13,5,0.65,0.2,1000,diverse,aggregation,0.8726842506787728,,,0.7655263668353252
916,1001,13,5,0.65,0.2,1000,diverse,aggregation,0.8726842506787728,,,0.7646466885121052
917,1001,13,5,0.65,0.2,1000,diverse,aggregation,0.8726842506787728,,,0.7663399277265944
918,1001,13,5,0.65,0.2,1000,diverse,aggregation,0.8726842506787728,,,0.7646745630681048
919,1001,13,5,0.65,0.2,1000,diverse,aggregation,0.8726842506787728,,,0.766417672319964
920,1001,13,5,0.65,0.2,1000,diverse,aggregation,0.8726842506787728,,,0.7650335873540041
921,1001,13,5,0.65,0.2,1000,diverse,aggregation,0.8726842506787728,,,0.7656110806169141
922,1001,13,5,0.65,0.2,1000,diverse,aggregation,0.8726842506787728,,,0.7650618278403696
923,1001,13,5,0.65,0.2,1000,diverse,aggregation,0.8726842506787728,,,0.7655775062514647
924,1001,13,5,0.65,0.2,1000,diverse,aggregation,0.8726842506787728,,,0.766152591945092
925,1001,13,5,0.65,0.2,1000,diverse,aggregation,0.8726842506787728,,,0.7658535998415166
926,1001,13,5,0.65,0.2,1000,diverse,aggregation,0.8726842506787728,,,0.7689520457089208
927,1001,13,5,0.65,0.2,1000,diverse,aggregation,0.8726842506787728,,,0.7639121037989789
928,1001,13,5,0.65,0.2,1000,diverse,aggregation,0.8726842506787728,,,0.7664885640516892
929,1001,13,5,0.65,0.2,1000,diverse,aggregation,0.8726842506787728,,,0.7647282952618369
930,1001,13,5,0.65,0.2,1000,diverse,aggregation,0.8726842506787728,,,0.7658914900994068
931,1001,13,5,0.65,0.2,1000,diverse,aggregation,0.8726842506787728,,,0.7655905640270225
932,1001,13,5,0.65,0.2,1000,diverse,aggregation,0.8726842506787728,,,0.7653036691086692
933,1001,13,5,0.65,0.2,1000,diverse,aggregation,0.8726842506787728,,,0.7675755726372394
934,1001,13,5,0.65,0.2,1000,diverse,aggregation,0.8726842506787728,,,0.7653115972993055
935,1001,13,5,0.65,0.2,1000,diverse,aggregation,0.8726842506787728,,,0.7659025223002307
936,1001,13,5,0.65,0.2,1000,diverse,aggregation,0.8726842506787728,,,0.7657031796367213
937,1001,13,5,0.65,0.2,1000,diverse,aggregation,0.8726842506787728,,,0.7670408372106291
938,1001,13,5,0.65,0.2,1000,diverse,aggregation,0.8726842506787728,,,0.7648263556273972
939,1001,13,5,0.65,0.2,1000,diverse,aggregation,0.8726842506787728,,,0.7664217050542051
940,1001,13,5,0.65,0.2,1000,diverse,aggregation,0.8726842506787728,,,0.7663009991628742
941,1001,13,5,0.65,0.2,1000,diverse,aggregation,0.8726842506787728,,,0.7638758991086075
942,1001,13,5,0.65,0.2,1000,diverse,aggregation,0.8726842506787728,,,0.7657507069936238
943,1001,13,5,0.65,0.2,1000,diverse,aggregation,0.8726842506787728,,,0.7662121618582037
944,1001,13,5,0.65,0.2,1000,diverse,aggregation,0.8726842506787728,,,0.7641832897966233
945,1001,13,5,0.65,0.2,1000,diverse,aggregation,0.8726842506787728,,,0.7676993134257718
946,1001,13,5,0.65,0.2,1000,diverse,aggregation,0.8726842506787728,,,0.7653559331178083
947,1001,13,5,0.65,0.2,1000,diverse,aggregation,0.8726842506787728,,,0.7639165164388081
948,1001,13,5,0.65,0.2,1000,diverse,aggregation,0.8726842506787728,,,0.7638549509209926
949,1001,13,5,0.65,0.2,1000,diverse,aggregation,0.8726842506787728,,,0.7650981014741433
950,1001,13,5,0.65,0.2,1000,diverse,aggregation,0.8726842506787728,,,0.7661886882176466
951,1001,13,5,0.65,0.2,1000,diverse,aggregation,0.8726842506787728,,,0.7652308032322617
952,1001,13,5,0.65,0.2,1000,diverse,aggregation,0.8726842506787728,,,0.7656212242233077
953,1001,13,5,0.65,0.2,1000,diverse,aggregation,0.8726842506787728,,,0.7649969205717123
954,1001,13,5,0.65,0.2,1000,diverse,aggregation,0.8726842506787728,,,0.7644959795913963
955,1001,13,5,0.65,0.2,1000,diverse,aggregation,0.8726842506787728,,,0.7657599663453831
956,1001,13,5,0.65,0.2,1000,diverse,aggregation,0.8726842506787728,,,0.7662063855974273
957,1001,13,5,0.65,0.2,1000,diverse,aggregation,0.8726842506787728,,,0.7661476315582567
958,1001,13,5,0.65,0.2,1000,diverse,aggregation,0.8726842506787728,,,0.7663670135111803
959,1001,13,5,0.65,0.2,1000,diverse,aggregation,0.8726842506787728,,,0.7628039391395642
960,1001,13,5,0.65,0.2,1000,diverse,aggregation,0.8726842506787728,,,0.7668544917736586
961,1001,13,5,0.65,0.2,1000,diverse,aggregation,0.8726842506787728,,,0.7664847141130475
962,1001,13,5,0.65,0.2,1000,diverse,aggregation,0.8726842506787728,,,0.7662424109609527
963,1001,13,5,0.65,0.2,1000,diverse,aggregation,0.8726842506787728,,,0.7677790272459023
964,1001,13,5,0.65,0.2,1000,diverse,aggregation,0.8726842506787728,,,0.7645062130153798
965,1001,13,5,0.65,0.2,1000,diverse,aggregation,0.8726842506787728,,,0.7658374357047274
966,1001,13,5,0.65,0.2,1000,diverse,aggregation,0.8726842506787728,,,0.7647439322637242
967,1001,13,5,0.65,0.2,1000,diverse,aggregation,0.8726842506787728,,,0.7677478804682973
968,1001,13,5,0.65,0.2,1000,diverse,aggregation,0.8726842506787728,,,0.7636397943954195
969,1001,13,5,0.65,0.2,1000,diverse,aggregation,0.8726842506787728,,,0.7671194564848733
970,1001,13,5,0.65,0.2,1000,diverse,aggregation,0.8726842506787728,,,0.7655434454665705
971,1001,13,5,0.65,0.2,1000,diverse,aggregation,0.8726842506787728,,,0.7623506799990133
972,1001,13,5,0.65,0.2,1000,diverse,aggregation,0.8726842506787728,,,0.7647944724796808
973,1001,13,5,0.65,0.2,1000,diverse,aggregation,0.8726842506787728,,,0.7663934212084212
974,1001,13,5,0.65,0.2,1000,diverse,aggregation,0.8726842506787728,,,0.7654511316075899
975,1001,13,5,0.65,0.2,1000,diverse,aggregation,0.8726842506787728,,,0.7649134256098841
976,1001,13,5,0.65,0.2,1000,diverse,aggregation,0.8726842506787728,,,0.7670397519764187
977,1001,13,5,0.65,0.2,1000,diverse,aggregation,0.8726842506787728,,,0.76552011816116
978,1001,13,5,0.65,0.2,1000,diverse,aggregation,0.8726842506787728,,,0.7671995075680494
979,1001,13,5,0.65,0.2,1000,diverse,aggregation,0.8726842506787728,,,0.7655949167036669
980,1001,13,5,0.65,0.2,1000,diverse,aggregation,0.8726842506787728,,,0.7655403305953307
981,1001,13,5,0.65,0.2,1000,diverse,aggregation,0.8726842506787728,,,0.7648062980460898
982,1001,13,5,0.65,0.2,1000,diverse,aggregation,0.8726842506787728,,,0.7661528143846894
983,1001,13,5,0.65,0.2,1000,diverse,aggregation,0.8726842506787728,,,0.7657394924751175
984,1001,13,5,0.65,0.2,1000,diverse,aggregation,0.8726842506787728,,,0.7657359131069549
985,1001,13,5,0.65,0.2,1000,diverse,aggregation,0.8726842506787728,,,0.7643099244197162
986,1001,13,5,0.65,0.2,1000,diverse,aggregation,0.8726842506787728,,,0.7652095753397837
987,1001,13,5,0.65,0.2,1000,diverse,aggregation,0.8726842506787728,,,0.7653848125948127
988,1001,13,5,0.65,0.2,1000,diverse,aggregation,0.8726842506787728,,,0.7658480344115762
989,1001,13,5,0.65,0.2,1000,diverse,aggregation,0.8726842506787728,,,0.7661265684315685
990,1001,13,5,0.65,0.2,1000,diverse,aggregation,0.8726842506787728,,,0.7654108040647624
991,1001,13,5,0.65,0.2,1000,diverse,aggregation,0.8726842506787728,,,0.7651639292805961
992,1001,13,5,0.65,0.2,1000,diverse,aggregation,0.8726842506787728,,,0.7659064039124457
993,1001,13,5,0.65,0.2,1000,diverse,aggregation,0.8726842506787728,,,0.7658714447743615
994,1001,13,5,0.65,0.2,1000,diverse,aggregation,0.8726842506787728,,,0.7658442303375639
995,1001,13,5,0.65,0.2,1000,diverse,aggregation,0.8726842506787728,,,0.7663637803246137
996,1001,13,5,0.65,0.2,1000,diverse,aggregation,0.8726842506787728,,,0.7643975697142364
997,1001,13,5,0.65,0.2,1000,diverse,aggregation,0.8726842506787728,,,0.7634805659001493
998,1001,13,5,0.65,0.2,1000,diverse,aggregation,0.8726842506787728,,,0.7625199704462206
999,1001,13,5,0.65,0.2,1000,diverse,aggregation,0.8726842506787728,,,0.7637863804790889
1000,1001,13,5,0.65,0.2,1000,restricted_10,aggregation,0.8726842506787728,,,0.7719730353751189
1001,1001,13,5,0.65,0.2,1000,restricted_10,aggregation,0.8726842506787728,,,0.7727115485980071
1002,1001,13,5,0.65,0.2,1000,restricted_10,aggregation,0.8726842506787728,,,0.771761041265833
1003,1001,13,5,0.65,0.2,1000,restricted_10,aggregation,0.8726842506787728,,,0.7723433464452216
1004,1001,13,5,0.65,0.2,1000,restricted_10,aggregation,0.8726842506787728,,,0.7721372887760388
1005,1001,13,5,0.65,0.2,1000,restricted_10,aggregation,0.8726842506787728,,,0.7727229285220953
1006,1001,13,5,0.65,0.2,1000,restricted_10,aggregation,0.8726842506787728,,,0.7724900111077195
1007,1001,13,5,0.65,0.2,1000,restricted_10,aggregation,0.8726842506787728,,,0.7728561327715495
1008,1001,13,5,0.65,0.2,1000,restricted_10,aggregation,0.8726842506787728,,,0.7712147594380928
1009,1001,13,5,0.65,0.2,1000,restricted_10,aggregation,0.8726842506787728,,,0.7719399340320174
1010,1001,13,5,0.65,0.2,1000,restricted_10,aggregation,0.8726842506787728,,,0.7735395416851668
1011,1001,13,5,0.65,0.2,1000,restricted_10,aggregation,0.8726842506787728,,,0.7731222364286949
1012,1001,13,5,0.65,0.2,1000,restricted_10,aggregation,0.8733102653987647,,,0.7758476421803506
1013,1001,13,5,0.65,0.2,1000,restricted_10,aggregation,0.8726842506787728,,,0.7719845181978516
1014,1001,13,5,0.65,0.2,1000,restricted_10,aggregation,0.8726842506787728,,,0.7729281951459036
1015,1001,13,5,0.65,0.2,1000,restricted_10,aggregation,0.8726842506787728,,,0.7724233212697798
1016,1001,13,5,0.65,0.2,1000,restricted_10,aggregation,0.8726842506787728,,,0.7729041229757897
1017,1001,13,5,0.65,0.2,1000,restricted_10,aggregation,0.8726842506787728,,,0.7711753150938568
1018,1001,13,5,0.65,0.2,1000,restricted_10,aggregation,0.8726842506787728,,,0.772671212907463
1019,1001,13,5,0.65,0.2,1000,restricted_10,aggregation,0.872812888592827,,,0.773866449237491
1020,1001,13,5,0.65,0.2,1000,restricted_10,aggregation,0.8726842506787728,,,0.7719477842990343
1021,1001,13,5,0.65,0.2,1000,restricted_10,aggregation,0.872745384556433,,,0.7719244355567273
1022,1001,13,5,0.65,0.2,1000,restricted_10,aggregation,0.8726842506787728,,,0.772775585988086
1023,1001,13,5,0.65,0.2,1000,restricted_10,aggregation,0.8727185179813397,,,0.7729831276054194
1024,1001,13,5,0.65,0.2,1000,restricted_10,aggregation,0.8726842506787728,,,0.7733713057698476
1025,1001,13,5,0.65,0.2,1000,restricted_10,aggregation,0.8726842506787728,,,0.7726386451742702
1026,1001,13,5,0.65,0.2,1000,restricted_10,aggregation,0.8726842506787728,,,0.7731644202171286
1027,1001,13,5,0.65,0.2,1000,restricted_10,aggregation,0.8726842506787728,,,0.7714742774046942
1028,1001,13,5,0.65,0.2,1000,restricted_10,aggregation,0.8726842506787728,,,0.7712190618563536
1029,1001,13,5,0.65,0.2,1000,restricted_10,aggregation,0.8726842506787728,,,0.7731907009579926
1030,1001,13,5,0.65,0.2,1000,restricted_10,aggregation,0.8727883053250943,,,0.7745612212016381
1031,1001,13,5,0.65,0.2,1000,restricted_10,aggregation,0.8726842506787728,,,0.7724602527179611
1032,1001,13,5,0.65,0.2,1000,restricted_10,aggregation,0.8726842506787728,,,0.7730074092959511
1033,1001,13,5,0.65,0.2,1000,restricted_10,aggregation,0.8726842506787728,,,0.7741939188743356
1034,1001,13,5,0.65,0.2,1000,restricted_10,aggregation,0.8726842506787728,,,0.7738237037037038
1035,1001,13,5,0.65,0.2,1000,restricted_10,aggregation,0.8726842506787728,,,0.7723461326559246
1036,1001,13,5,0.65,0.2,1000,restricted_10,aggregation,0.8726842506787728,,,0.7716780880616297
1037,1001,13,5,0.65,0.2,1000,restricted_10,aggregation,0.8726842506787728,,,0.7716711298732133
1038,1001,13,5,0.65,0.2,1000,restricted_10,aggregation,0.8727529936338632,,,0.7737339222197556
1039,1001,13,5,0.65,0.2,1000,restricted_10,aggregation,0.8726842506787728,,,0.7728141361724695
1040,1001,13,5,0.65,0.2,1000,restricted_10,aggregation,0.8726842506787728,,,0.7733405262792764
1041,1001,13,5,0.65,0.2,1000,restricted_10,aggregation,0.8726842506787728,,,0.7744627943661279
1042,1001,13,5,0.65,0.2,1000,restricted_10,aggregation,0.8728287341330923,,,0.7741103407857575
1043,1001,13,5,0.65,0.2,1000,restricted_10,aggregation,0.8726842506787728,,,0.7744824593153761
1044,1001,13,5,0.65,0.2,1000,restricted_10,aggregation,0.8726842506787728,,,0.7735055769693271
1045,1001,13,5,0.65,0.2,1000,restricted_10,aggregation,0.8726842506787728,,,0.7723931921627757
1046,1001,13,5,0.65,0.2,1000,restricted_10,aggregation,0.8726842506787728,,,0.7741802034308285
1047,1001,13,5,0.65,0.2,1000,restricted_10,aggregation,0.8726842506787728,,,0.7737287725391893
1048,1001,13,5,0.65,0.2,1000,restricted_10,aggregation,0.8728941872746403,,,0.7740116592743677
1049,1001,13,5,0.65,0.2,1000,restricted_10,aggregation,0.8726842506787728,,,0.773087807570516
1050,1001,13,5,0.65,0.2,1000,restricted_10,aggregation,0.8726842506787728,,,0.773321995265537
1051,1001,13,5,0.65,0.2,1000,restricted_10,aggregation,0.8726842506787728,,,0.7727423159402328
1052,1001,13,5,0.65,0.2,1000,restricted_10,aggregation,0.8726842506787728,,,0.7740732844007844
1053,1001,13,5,0.65,0.2,1000,restricted_10,aggregation,0.8727773047871107,,,0.7734648888919723
1054,1001,13,5,0.65,0.2,1000,restricted_10,aggregation,0.8726842506787728,,,0.772924523902024
1055,1001,13,5,0.65,0.2,1000,restricted_10,aggregation,0.8726842506787728,,,0.77226402985903
1056,1001,13,5,0.65,0.2,1000,restricted_10,aggregation,0.8726842506787728,,,0.7724737796771131
1057,1001,13,5,0.65,0.2,1000,restricted_10,aggregation,0.8726842506787728,,,0.7715833761146262
1058,1001,13,5,0.65,0.2,1000,restricted_10,aggregation,0.8726842506787728,,,0.7725526340634675
1059,1001,13,5,0.65,0.2,1000,restricted_10,aggregation,0.8726842506787728,,,0.7733810641056476
1060,1001,13,5,0.65,0.2,1000,restricted_10,aggregation,0.8726842506787728,,,0.7730601539586957
1061,1001,13,5,0.65,0.2,1000,restricted_10,aggregation,0.8728244177205337,,,0.7740132278292696
1062,1001,13,5,0.65,0.2,1000,restricted_10,aggregation,0.8726842506787728,,,0.7723994895690729
1063,1001,13,5,0.65,0.2,1000,restricted_10,aggregation,0.8726842506787728,,,0.7742817173798425
1064,1001,13,5,0.65,0.2,1000,restricted_10,aggregation,0.8726842506787728,,,0.7729126426582678
1065,1001,13,5,0.65,0.2,1000,restricted_10,aggregation,0.8726842506787728,,,0.7731792919888755
1066,1001,13,5,0.65,0.2,1000,restricted_10,aggregation,0.8726842506787728,,,0.7725523456790124
1067,1001,13,5,0.65,0.2,1000,restricted_10,aggregation,0.8726842506787728,,,0.7722855386511637
1068,1001,13,5,0.65,0.2,1000,restricted_10,aggregation,0.8726842506787728,,,0.7727702280127281
1069,1001,13,5,0.65,0.2,1000,restricted_10,aggregation,0.8726842506787728,,,0.7722425862332114
1070,1001,13,5,0.65,0.2,1000,restricted_10,aggregation,0.8726842506787728,,,0.7737007035479954
1071,1001,13,5,0.65,0.2,1000,restricted_10,aggregation,0.8728129776223041,,,0.7729040286719455
1072,1001,13,5,0.65,0.2,1000,restricted_10,aggregation,0.8726842506787728,,,0.7712508734706651
1073,1001,13,5,0.65,0.2,1000,restricted_10,aggregation,0.8726842506787728,,,0.7740333201906119
1074,1001,13,5,0.65,0.2,1000,restricted_10,aggregation,0.8726842506787728,,,0.7715096187069105
1075,1001,13,5,0.65,0.2,1000,restricted_10,aggregation,0.8726842506787728,,,0.7725457684368102
1076,1001,13,5,0.65,0.2,1000,restricted_10,aggregation,0.8726842506787728,,,0.772145326895327
1077,1001,13,5,0.65,0.2,1000,restricted_10,aggregation,0.8726842506787728,,,0.7734197897395816
1078,1001,13,5,0.65,0.2,1000,restricted_10,aggregation,0.8726842506787728,,,0.7741194154379571
1079,1001,13,5,0.65,0.2,1000,restricted_10,aggregation,0.8726842506787728,,,0.7734339727170978
1080,1001,13,5,0.65,0.2,1000,restricted_10,aggregation,0.8726842506787728,,,0.773225099337391
1081,1001,13,5,0.65,0.2,1000,restricted_10,aggregation,0.8726842506787728,,,0.7719186325480077
1082,1001,13,5,0.65,0.2,1000,restricted_10,aggregation,0.8726842506787728,,,0.7733634607984609
1083,1001,13,5,0.65,0.2,1000,restricted_10,aggregation,0.8727672909593004,,,0.7742487705118956
1084,1001,13,5,0.65,0.2,1000,restricted_10,aggregation,0.8726842506787728,,,0.7718631264414599
1085,1001,13,5,0.65,0.2,1000,restricted_10,aggregation,0.8726842506787728,,,0.7728169721713474
1086,1001,13,5,0.65,0.2,1000,restricted_10,aggregation,0.8726842506787728,,,0.7715525819165403
1087,1001,13,5,0.65,0.2,1000,restricted_10,aggregation,0.8726842506787728,,,0.7741247783004034
1088,1001,13,5,0.65,0.2,1000,restricted_10,aggregation,0.8726842506787728,,,0.7720602954144622
1089,1001,13,5,0.65,0.2,1000,restricted_10,aggregation,0.8726842506787728,,,0.7710621950194868
1090,1001,13,5,0.65,0.2,1000,restricted_10,aggregation,0.8726842506787728,,,0.7719425844988346
1091,1001,13,5,0.65,0.2,1000,restricted_10,aggregation,0.8726842506787728,,,0.7708245458476709
1092,1001,13,5,0.65,0.2,1000,restricted_10,aggregation,0.8726842506787728,,,0.7717928216613634
1093,1001,13,5,0.65,0.2,1000,restricted_10,aggregation,0.8726842506787728,,,0.7722564072809907
1094,1001,13,5,0.65,0.2,1000,restricted_10,aggregation,0.8726842506787728,,,0.77218308666642
1095,1001,13,5,0.65,0.2,1000,restricted_10,aggregation,0.8726842506787728,,,0.7729604410789828
1096,1001,13,5,0.65,0.2,1000,restricted_10,aggregation,0.8726842506787728,,,0.7728529480010731
1097,1001,13,5,0.65,0.2,1000,restricted_10,aggregation,0.8728100076378655,,,0.7729173875584293
1098,1001,13,5,0.65,0.2,1000,restricted_10,aggregation,0.8729298961436325,,,0.7746706042799794
1099,1001,13,5,0.65,0.2,1000,restricted_10,aggregation,0.8726842506787728,,,0.773211516592975
1100,1001,13,5,0.65,0.2,1000,restricted_10,aggregation,0.8726842506787728,,,0.773107495251662
1101,1001,13,5,0.65,0.2,1000,restricted_10,aggregation,0.8726842506787728,,,0.7735143459472626
1102,1001,13,5,0.65,0.2,1000,restricted_10,aggregation,0.8726842506787728,,,0.772178086327253
1103,1001,13,5,0.65,0.2,1000,restricted_10,aggregation,0.8726842506787728,,,0.7707418830475081
1104,1001,13,5,0.65,0.2,1000,restricted_10,aggregation,0.8726842506787728,,,0.7729504917227835
1105,1001,13,5,0.65,0.2,1000,restricted_10,aggregation,0.8726842506787728,,,0.7706834037336121
1106,1001,13,5,0.65,0.2,1000,restricted_10,aggregation,0.8726842506787728,,,0.7732047174893009
1107,1001,13,5,0.65,0.2,1000,restricted_10,aggregation,0.8726842506787728,,,0.7723822484845402
1108,1001,13,5,0.65,0.2,1000,restricted_10,aggregation,0.8726842506787728,,,0.7733853679345347
1109,1001,13,5,0.65,0.2,1000,restricted_10,aggregation,0.8728563186024638,,,0.7727672612803863
1110,1001,13,5,0.65,0.2,1000,restricted_10,aggregation,0.8726842506787728,,,0.771964166605
1111,1001,13,5,0.65,0.2,1000,restricted_10,aggregation,0.8726842506787728,,,0.7733172199020117
1112,1001,13,5,0.65,0.2,1000,restricted_10,aggregation,0.8726842506787728,,,0.7725780444170028
1113,1001,13,5,0.65,0.2,1000,restricted_10,aggregation,0.8726842506787728,,,0.7729056788273455
1114,1001,13,5,0.65,0.2,1000,restricted_10,aggregation,0.8727584515360337,,,0.7742823311873314
1115,1001,13,5,0.65,0.2,1000,restricted_10,aggregation,0.8726842506787728,,,0.7707780609745194
1116,1001,13,5,0.65,0.2,1000,restricted_10,aggregation,0.8726842506787728,,,0.7717114626885462
1117,1001,13,5,0.65,0.2,1000,restricted_10,aggregation,0.8726842506787728,,,0.7722607676274343
1118,1001,13,5,0.65,0.2,1000,restricted_10,aggregation,0.8726842506787728,,,0.7726593181895265
1119,1001,13,5,0.65,0.2,1000,restricted_10,aggregation,0.8726842506787728,,,0.7725153768839186
1120,1001,13,5,0.65,0.2,1000,restricted_10,aggregation,0.8726842506787728,,,0.7713976413709748
1121,1001,13,5,0.65,0.2,1000,restricted_10,aggregation,0.8726842506787728,,,0.7746617768805268
1122,1001,13,5,0.65,0.2,1000,restricted_10,aggregation,0.8726842506787728,,,0.7725110433085435
1123,1001,13,5,0.65,0.2,1000,restricted_10,aggregation,0.8726842506787728,,,0.7716210980608899
1124,1001,13,5,0.65,0.2,1000,restricted_10,aggregation,0.8726842506787728,,,0.7727555546690965
1125,1001,13,5,0.65,0.2,1000,restricted_10,aggregation,0.8726842506787728,,,0.7731003171211506
1126,1001,13,5,0.65,0.2,1000,restricted_10,aggregation,0.8726842506787728,,,0.7719246841276008
1127,1001,13,5,0.65,0.2,1000,restricted_10,aggregation,0.8726842506787728,,,0.7741607685755603
1128,1001,13,5,0.65,0.2,1000,restricted_10,aggregation,0.8729004876637043,,,0.773389581606665
1129,1001,13,5,0.65,0.2,1000,restricted_10,aggregation,0.8726842506787728,,,0.7722397340314008
1130,1001,13,5,0.65,0.2,1000,restricted_10,aggregation,0.8726842506787728,,,0.7727747784006118
1131,1001,13,5,0.65,0.2,1000,restricted_10,aggregation,0.8726842506787728,,,0.7724588406423825
1132,1001,13,5,0.65,0.2,1000,restricted_10,aggregation,0.8726842506787728,,,0.7712472927304177
1133,1001,13,5,0.65,0.2,1000,restricted_10,aggregation,0.8726842506787728,,,0.7716288129000629
1134,1001,13,5,0.65,0.2,1000,restricted_10,aggregation,0.8726842506787728,,,0.7734544305000556
1135,1001,13,5,0.65,0.2,1000,restricted_10,aggregation,0.8726842506787728,,,0.7712122860935361
1136,1001,13,5,0.65,0.2,1000,restricted_10,aggregation,0.8727554711934692,,,0.7741966820525155
1137,1001,13,5,0.65,0.2,1000,restricted_10,aggregation,0.8726842506787728,,,0.771993630998631
1138,1001,13,5,0.65,0.2,1000,restricted_10,aggregation,0.8726842506787728,,,0.7724081642739976
1139,1001,13,5,0.65,0.2,1000,restricted_10,aggregation,0.8726842506787728,,,0.7727816853902272
1140,1001,13,5,0.65,0.2,1000,restricted_10,aggregation,0.8726842506787728,,,0.7727104742094326
1141,1001,13,5,0.65,0.2,1000,restricted_10,aggregation,0.8726842506787728,,,0.7731988196988198
1142,1001,13,5,0.65,0.2,1000,restricted_10,aggregation,0.8726842506787728,,,0.773221572601781
1143,1001,13,5,0.65,0.2,1000,restricted_10,aggregation,0.8726842506787728,,,0.7720044916194917
1144,1001,13,5,0.65,0.2,1000,restricted_10,aggregation,0.8726842506787728,,,0.7732085607525192
1145,1001,13,5,0.65,0.2,1000,restricted_10,aggregation,0.8726842506787728,,,0.7733166018703519
1146,1001,13,5,0.65,0.2,1000,restricted_10,aggregation,0.8726842506787728,,,0.7722354029843613
1147,1001,13,5,0.65,0.2,1000,restricted_10,aggregation,0.8726842506787728,,,0.7717388312998731
1148,1001,13,5,0.65,0.2,1000,restricted_10,aggregation,0.8726842506787728,,,0.7724897265003516
1149,1001,13,5,0.65,0.2,1000,restricted_10,aggregation,0.8726842506787728,,,0.7727025124027209
1150,1001,13,5,0.65,0.2,1000,restricted_10,aggregation,0.8726842506787728,,,0.7735788178565263
1151,1001,13,5,0.65,0.2,1000,restricted_10,aggregation,0.8726842506787728,,,0.77236550646884
1152,1001,13,5,0.65,0.2,1000,restricted_10,aggregation,0.8726842506787728,,,0.7726478877603878
1153,1001,13,5,0.65,0.2,1000,restricted_10,aggregation,0.8726842506787728,,,0.7715141134945301
1154,1001,13,5,0.65,0.2,1000,restricted_10,aggregation,0.8726842506787728,,,0.7722906334020918
1155,1001,13,5,0.65,0.2,1000,restricted_10,aggregation,0.8726842506787728,,,0.7731888099631851
1156,1001,13,5,0.65,0.2,1000,restricted_10,aggregation,0.8726842506787728,,,0.7721160310368644
1157,1001,13,5,0.65,0.2,1000,restricted_10,aggregation,0.8729189551968372,,,0.773928185618394
1158,1001,13,5,0.65,0.2,1000,restricted_10,aggregation,0.8726842506787728,,,0.7732122685185187
1159,1001,13,5,0.65,0.2,1000,restricted_10,aggregation,0.8726842506787728,,,0.7721475864105032
1160,1001,13,5,0.65,0.2,1000,restricted_10,aggregation,0.8726842506787728,,,0.7720156496512748
1161,1001,13,5,0.65,0.2,1000,restricted_10,aggregation,0.8726842506787728,,,0.77227350982351
1162,1001,13,5,0.65,0.2,1000,restricted_10,aggregation,0.8726842506787728,,,0.7727759764386849
1163,1001,13,5,0.65,0.2,1000,restricted_10,aggregation,0.8726842506787728,,,0.7735680486797154
1164,1001,13,5,0.65,0.2,1000,restricted_10,aggregation,0.8726842506787728,,,0.7730018443978862
1165,1001,13,5,0.65,0.2,1000,restricted_10,aggregation,0.8726842506787728,,,0.7720930623157707
1166,1001,13,5,0.65,0.2,1000,restricted_10,aggregation,0.8726842506787728,,,0.7716382302188552
1167,1001,13,5,0.65,0.2,1000,restricted_10,aggregation,0.8726842506787728,,,0.7724842300292301
1168,1001,13,5,0.65,0.2,1000,restricted_10,aggregation,0.8726842506787728,,,0.7727567355329856
1169,1001,13,5,0.65,0.2,1000,restricted_10,aggregation,0.8726842506787728,,,0.7716674214134632
1170,1001,13,5,0.65,0.2,1000,restricted_10,aggregation,0.8726842506787728,,,0.7726021580811164
1171,1001,13,5,0.65,0.2,1000,restricted_10,aggregation,0.8726842506787728,,,0.7731509657626325
1172,1001,13,5,0.65,0.2,1000,restricted_10,aggregation,0.8726842506787728,,,0.7710099659985077
1173,1001,13,5,0.65,0.2,1000,restricted_10,aggregation,0.8726842506787728,,,0.772969879187171
1174,1001,13,5,0.65,0.2,1000,restricted_10,aggregation,0.8727772226530898,,,0.7731029715192216
1175,1001,13,5,0.65,0.2,1000,restricted_10,aggregation,0.8726842506787728,,,0.7723018197157782
1176,1001,13,5,0.65,0.2,1000,restricted_10,aggregation,0.8729682105120075,,,0.7748462127147545
1177,1001,13,5,0.65,0.2,1000,restricted_10,aggregation,0.8726842506787728,,,0.7730636171004922
1178,1001,13,5,0.65,0.2,1000,restricted_10,aggregation,0.8726842506787728,,,0.7723698446923448
1179,1001,13,5,0.65,0.2,1000,restricted_10,aggregation,0.8726842506787728,,,0.7723830967258052
1180,1001,13,5,0.65,0.2,1000,restricted_10,aggregation,0.8726842506787728,,,0.7721536967584884
1181,1001,13,5,0.65,0.2,1000,restricted_10,aggregation,0.8726842506787728,,,0.7720677066374984
1182,1001,13,5,0.65,0.2,1000,restricted_10,aggregation,0.8727655556029925,,,0.7726213961732712
1183,1001,13,5,0.65,0.2,1000,restricted_10,aggregation,0.8726842506787728,,,0.7716304486254487
1184,1001,13,5,0.65,0.2,1000,restricted_10,aggregation,0.8726842506787728,,,0.7714283103778938
1185,1001,13,5,0.65,0.2,1000,restricted_10,aggregation,0.8726842506787728,,,0.7724523956598958
1186,1001,13,5,0.65,0.2,1000,restricted_10,aggregation,0.8726842506787728,,,0.7725387279849781
1187,1001,13,5,0.65,0.2,1000,restricted_10,aggregation,0.8726842506787728,,,0.7732167606544691
1188,1001,13,5,0.65,0.2,1000,restricted_10,aggregation,0.8728253028061239,,,0.7735594837261506
1189,1001,13,5,0.65,0.2,1000,restricted_10,aggregation,0.8726842506787728,,,0.7727794414304832
1190,1001,13,5,0.65,0.2,1000,restricted_10,aggregation,0.8726842506787728,,,0.7726500818163319
1191,1001,13,5,0.65,0.2,1000,restricted_10,aggregation,0.8726842506787728,,,0.7719645597535182
1192,1001,13,5,0.65,0.2,1000,restricted_10,aggregation,0.8726842506787728,,,0.7712641818598069
1193,1001,13,5,0.65,0.2,1000,restricted_10,aggregation,0.8726842506787728,,,0.7729838746901248
1194,1001,13,5,0.65,0.2,1000,restricted_10,aggregation,0.8726842506787728,,,0.7729917045685796
1195,1001,13,5,0.65,0.2,1000,restricted_10,aggregation,0.8726842506787728,,,0.7732952531419199
1196,1001,13,5,0.65,0.2,1000,restricted_10,aggregation,0.8727711884127147,,,0.7730806844929762
1197,1001,13,5,0.65,0.2,1000,restricted_10,aggregation,0.8726842506787728,,,0.7728515916568001
1198,1001,13,5,0.65,0.2,1000,restricted_10,aggregation,0.8729028270456359,,,0.773240249572958
1199,1001,13,5,0.65,0.2,1000,restricted_10,aggregation,0.8726842506787728,,,0.77256840653174
1200,1001,13,5,0.65,0.2,1000,restricted_10,aggregation,0.8726842506787728,,,0.7744948596542347
1201,1001,13,5,0.65,0.2,1000,restricted_10,aggregation,0.8726842506787728,,,0.7710987977377561
1202,1001,13,5,0.65,0.2,1000,restricted_10,aggregation,0.8726842506787728,,,0.7714996043385627
1203,1001,13,5,0.65,0.2,1000,restricted_10,aggregation,0.8726842506787728,,,0.7728637006434924
1204,1001,13,5,0.65,0.2,1000,restricted_10,aggregation,0.8726842506787728,,,0.7743589899606567
1205,1001,13,5,0.65,0.2,1000,restricted_10,aggregation,0.8726842506787728,,,0.7727634106557024
1206,1001,13,5,0.65,0.2,1000,restricted_10,aggregation,0.8726842506787728,,,0.7730684400630234
1207,1001,13,5,0.65,0.2,1000,restricted_10,aggregation,0.8726842506787728,,,0.7725846443756862
1208,1001,13,5,0.65,0.2,1000,restricted_10,aggregation,0.8726842506787728,,,0.7719422357657776
1209,1001,13,5,0.65,0.2,1000,restricted_10,aggregation,0.8726842506787728,,,0.7718656928411095
1210,1001,13,5,0.65,0.2,1000,restricted_10,aggregation,0.8726842506787728,,,0.7714525970248888
1211,1001,13,5,0.65,0.2,1000,restricted_10,aggregation,0.8726842506787728,,,0.772779484959485
1212,1001,13,5,0.65,0.2,1000,restricted_10,aggregation,0.8726842506787728,,,0.7745658210462377
1213,1001,13,5,0.65,0.2,1000,restricted_10,aggregation,0.8726842506787728,,,0.7726025189162689
1214,1001,13,5,0.65,0.2,1000,restricted_10,aggregation,0.8726842506787728,,,0.77309219825699
1215,1001,13,5,0.65,0.2,1000,restricted_10,aggregation,0.8726842506787728,,,0.7728109436628187
1216,1001,13,5,0.65,0.2,1000,restricted_10,aggregation,0.8726842506787728,,,0.771569282869908
1217,1001,13,5,0.65,0.2,1000,restricted_10,aggregation,0.8726842506787728,,,0.772657869661203
1218,1001,13,5,0.65,0.2,1000,restricted_10,aggregation,0.8726842506787728,,,0.7722127919380003
1219,1001,13,5,0.65,0.2,1000,restricted_10,aggregation,0.8726842506787728,,,0.7715725862794613
1220,1001,13,5,0.65,0.2,1000,restricted_10,aggregation,0.8726842506787728,,,0.7718307897041231
1221,1001,13,5,0.65,0.2,1000,restricted_10,aggregation,0.8726842506787728,,,0.7730963792688793
1222,1001,13,5,0.65,0.2,1000,restricted_10,aggregation,0.8726842506787728,,,0.7712055484792986
1223,1001,13,5,0.65,0.2,1000,restricted_10,aggregation,0.8726842506787728,,,0.7719621932774017
1224,1001,13,5,0.65,0.2,1000,restricted_10,aggregation,0.8726842506787728,,,0.7710641644389562
1225,1001,13,5,0.65,0.2,1000,restricted_10,aggregation,0.8726842506787728,,,0.7731108374727127
1226,1001,13,5,0.65,0.2,1000,restricted_10,aggregation,0.8726842506787728,,,0.7729595296447381
1227,1001,13,5,0.65,0.2,1000,restricted_10,aggregation,0.8726842506787728,,,0.7730416765333433
1228,1001,13,5,0.65,0.2,1000,restricted_10,aggregation,0.8728106405540671,,,0.7730908469462637
1229,1001,13,5,0.65,0.2,1000,restricted_10,aggregation,0.8726842506787728,,,0.772484802974803
1230,1001,13,5,0.65,0.2,1000,restricted_10,aggregation,0.8726842506787728,,,0.770415461151503
1231,1001,13,5,0.65,0.2,1000,restricted_10,aggregation,0.8726842506787728,,,0.7721857412032413
1232,1001,13,5,0.65,0.2,1000,restricted_10,aggregation,0.8726842506787728,,,0.773634703205745
1233,1001,13,5,0.65,0.2,1000,restricted_10,aggregation,0.8726842506787728,,,0.7725471751165501
1234,1001,13,5,0.65,0.2,1000,restricted_10,aggregation,0.8726842506787728,,,0.7725426643880811
1235,1001,13,5,0.65,0.2,1000,restricted_10,aggregation,0.8726842506787728,,,0.7732767369050704
1236,1001,13,5,0.65,0.2,1000,restricted_10,aggregation,0.8726842506787728,,,0.7709106890717308
1237,1001,13,5,0.65,0.2,1000,restricted_10,aggregation,0.8727338508592168,,,0.7722056291625042
1238,1001,13,5,0.65,0.2,1000,restricted_10,aggregation,0.8726842506787728,,,0.7726053609893194
1239,1001,13,5,0.65,0.2,1000,restricted_10,aggregation,0.8729705185830544,,,0.7743425489171324
1240,1001,13,5,0.65,0.2,1000,restricted_10,aggregation,0.8726842506787728,,,0.7740194185598352
1241,1001,13,5,0.65,0.2,1000,restricted_10,aggregation,0.8726842506787728,,,0.7734567576559245
1242,1001,13,5,0.65,0.2,1000,restricted_10,aggregation,0.8726842506787728,,,0.7708638894978478
1243,1001,13,5,0.65,0.2,1000,restricted_10,aggregation,0.8726842506787728,,,0.77205576811306
1244,1001,13,5,0.65,0.2,1000,restricted_10,aggregation,0.8726842506787728,,,0.7727304929792431
1245,1001,13,5,0.65,0.2,1000,restricted_10,aggregation,0.8727319187295872,,,0.7731878718041219
1246,1001,13,5,0.65,0.2,1000,restricted_10,aggregation,0.8726842506787728,,,0.770977041238083
1247,1001,13,5,0.65,0.2,1000,restricted_10,aggregation,0.873001659115141,,,0.7741001051263551
1248,1001,13,5,0.65,0.2,1000,restricted_10,aggregation,0.8726842506787728,,,0.7729194396036064
1249,1001,13,5,0.65,0.2,1000,restricted_10,aggregation,0.8726842506787728,,,0.772463468213885
1250,1001,13,5,0.65,0.2,1000,restricted_10,aggregation,0.8726842506787728,,,0.7733128994770663
1251,1001,13,5,0.65,0.2,1000,restricted_10,aggregation,0.8726842506787728,,,0.772926560892811
1252,1001,13,5,0.65,0.2,1000,restricted_10,aggregation,0.8726842506787728,,,0.7732216218657886
1253,1001,13,5,0.65,0.2,1000,restricted_10,aggregation,0.8726842506787728,,,0.7726452920150838
1254,1001,13,5,0.65,0.2,1000,restricted_10,aggregation,0.8726842506787728,,,0.7722397582047583
1255,1001,13,5,0.65,0.2,1000,restricted_10,aggregation,0.8727584515360337,,,0.7714128883076801
1256,1001,13,5,0.65,0.2,1000,restricted_10,aggregation,0.8727644778315227,,,0.7731632518330435
1257,1001,13,5,0.65,0.2,1000,restricted_10,aggregation,0.8726842506787728,,,0.7734995723566559
1258,1001,13,5,0.65,0.2,1000,restricted_10,aggregation,0.8726842506787728,,,0.7709249329913914
1259,1001,13,5,0.65,0.2,1000,restricted_10,aggregation,0.8726842506787728,,,0.7729481619152453
1260,1001,13,5,0.65,0.2,1000,restricted_10,aggregation,0.8726842506787728,,,0.7717119026575278
1261,1001,13,5,0.65,0.2,1000,restricted_10,aggregation,0.8726842506787728,,,0.7741114100868269
1262,1001,13,5,0.65,0.2,1000,restricted_10,aggregation,0.8726842506787728,,,0.7732877311962729
1263,1001,13,5,0.65,0.2,1000,restricted_10,aggregation,0.8726842506787728,,,0.7743547994520912
1264,1001,13,5,0.65,0.2,1000,restricted_10,aggregation,0.8726842506787728,,,0.7722585084976753
1265,1001,13,5,0.65,0.2,1000,restricted_10,aggregation,0.8726842506787728,,,0.7721603983131068
1266,1001,13,5,0.65,0.2,1000,restricted_10,aggregation,0.8726842506787728,,,0.7734897296684797
1267,1001,13,5,0.65,0.2,1000,restricted_10,aggregation,0.8726842506787728,,,0.7726061927193179
1268,1001,13,5,0.65,0.2,1000,restricted_10,aggregation,0.8726842506787728,,,0.7716675411779579
1269,1001,13,5,0.65,0.2,1000,restricted_10,aggregation,0.8726842506787728,,,0.7729345114838866
1270,1001,13,5,0.65,0.2,1000,restricted_10,aggregation,0.8726842506787728,,,0.7725207776868195
1271,1001,13,5,0.65,0.2,1000,restricted_10,aggregation,0.8726842506787728,,,0.7720205948758032
1272,1001,13,5,0.65,0.2,1000,restricted_10,aggregation,0.8726842506787728,,,0.7725989065024482
1273,1001,13,5,0.65,0.2,1000,restricted_10,aggregation,0.8726842506787728,,,0.77223295814525
1274,1001,13,5,0.65,0.2,1000,restricted_10,aggregation,0.8726842506787728,,,0.7721380289617791
1275,1001,13,5,0.65,0.2,1000,restricted_10,aggregation,0.8731923497341296,,,0.7747421117848201
1276,1001,13,5,0.65,0.2,1000,restricted_10,aggregation,0.8726842506787728,,,0.7729102487635822
1277,1001,13,5,0.65,0.2,1000,restricted_10,aggregation,0.8726842506787728,,,0.7727831189104106
1278,1001,13,5,0.65,0.2,1000,restricted_10,aggregation,0.8726842506787728,,,0.7721244442131943
1279,1001,13,5,0.65,0.2,1000,restricted_10,aggregation,0.8726842506787728,,,0.7719316112359863
1280,1001,13,5,0.65,0.2,1000,restricted_10,aggregation,0.8726842506787728,,,0.7727832822039072
1281,1001,13,5,0.65,0.2,1000,restricted_10,aggregation,0.8726842506787728,,,0.7724892931528349
1282,1001,13,5,0.65,0.2,1000,restricted_10,aggregation,0.8726842506787728,,,0.771670276875902
1283,1001,13,5,0.65,0.2,1000,restricted_10,aggregation,0.8727799575258886,,,0.7742317336290254
1284,1001,13,5,0.65,0.2,1000,restricted_10,aggregation,0.8726842506787728,,,0.7716856432379351
1285,1001,13,5,0.65,0.2,1000,restricted_10,aggregation,0.872795439408157,,,0.7730608581541916
1286,1001,13,5,0.65,0.2,1000,restricted_10,aggregation,0.8726842506787728,,,0.7713635707579459
1287,1001,13,5,0.65,0.2,1000,restricted_10,aggregation,0.8726842506787728,,,0.7724378932101851
1288,1001,13,5,0.65,0.2,1000,restricted_10,aggregation,0.8726842506787728,,,0.7714506281450033
1289,1001,13,5,0.65,0.2,1000,restricted_10,aggregation,0.8726842506787728,,,0.7735270538720539
1290,1001,13,5,0.65,0.2,1000,restricted_10,aggregation,0.8726842506787728,,,0.7740088827992995
1291,1001,13,5,0.65,0.2,1000,restricted_10,aggregation,0.8726842506787728,,,0.7729589347381014
1292,1001,13,5,0.65,0.2,1000,restricted_10,aggregation,0.8726842506787728,,,0.7715413499926003
1293,1001,13,5,0.65,0.2,1000,restricted_10,aggregation,0.8726842506787728,,,0.772878211271753
1294,1001,13,5,0.65,0.2,1000,restricted_10,aggregation,0.8726842506787728,,,0.7725907817799486
1295,1001,13,5,0.65,0.2,1000,restricted_10,aggregation,0.8726842506787728,,,0.7735441637529138
1296,1001,13,5,0.65,0.2,1000,restricted_10,aggregation,0.8727342182113166,,,0.7726518965987715
1297,1001,13,5,0.65,0.2,1000,restricted_10,aggregation,0.8726842506787728,,,0.7712421331600499
1298,1001,13,5,0.65,0.2,1000,restricted_10,aggregation,0.8726842506787728,,,0.7738093093249344
1299,1001,13,5,0.65,0.2,1000,restricted_10,aggregation,0.8729404910995417,,,0.7752430498976333
1300,1001,13,5,0.65,0.2,1000,restricted_10,aggregation,0.8726842506787728,,,0.7724576635555804
1301,1001,13,5,0.65,0.2,1000,restricted_10,aggregation,0.8726842506787728,,,0.7719104228025062
1302,1001,13,5,0.65,0.2,1000,restricted_10,aggregation,0.8726842506787728,,,0.7730779789963124
1303,1001,13,5,0.65,0.2,1000,restricted_10,aggregation,0.8726842506787728,,,0.7725929362766865
1304,1001,13,5,0.65,0.2,1000,restricted_10,aggregation,0.8726842506787728,,,0.7724211012906848
1305,1001,13,5,0.65,0.2,1000,restricted_10,aggregation,0.8726842506787728,,,0.7732877329614831
1306,1001,13,5,0.65,0.2,1000,restricted_10,aggregation,0.8726842506787728,,,0.7730782942289193
1307,1001,13,5,0.65,0.2,1000,restricted_10,aggregation,0.8726842506787728,,,0.7718094137267055
1308,1001,13,5,0.65,0.2,1000,restricted_10,aggregation,0.8726842506787728,,,0.7725359172386256
1309,1001,13,5,0.65,0.2,1000,restricted_10,aggregation,0.8726842506787728,,,0.7715225406692074
1310,1001,13,5,0.65,0.2,1000,restricted_10,aggregation,0.8727030430427553,,,0.7717783574989826
1311,1001,13,5,0.65,0.2,1000,restricted_10,aggregation,0.8726842506787728,,,0.7718850225468975
1312,1001,13,5,0.65,0.2,1000,restricted_10,aggregation,0.8726842506787728,,,0.7727772694281028
1313,1001,13,5,0.65,0.2,1000,restricted_10,aggregation,0.8726842506787728,,,0.7732000660836078
1314,1001,13,5,0.65,0.2,1000,restricted_10,aggregation,0.8726842506787728,,,0.7737695823004156
1315,1001,13,5,0.65,0.2,1000,restricted_10,aggregation,0.8726842506787728,,,0.7729070293595294
1316,1001,13,5,0.65,0.2,1000,restricted_10,aggregation,0.8726842506787728,,,0.7733391067728568
1317,1001,13,5,0.65,0.2,1000,restricted_10,aggregation,0.8726842506787728,,,0.7730363723467891
1318,1001,13,5,0.65,0.2,1000,restricted_10,aggregation,0.8726842506787728,,,0.7713418798562549
1319,1001,13,5,0.65,0.2,1000,restricted_10,aggregation,0.8726842506787728,,,0.7719199587835006
1320,1001,13,5,0.65,0.2,1000,restricted_10,aggregation,0.8730006861600602,,,0.773986380571589
1321,1001,13,5,0.65,0.2,1000,restricted_10,aggregation,0.8726842506787728,,,0.7737896116846118
1322,1001,13,5,0.65,0.2,1000,restricted_10,aggregation,0.8726842506787728,,,0.7733876940343607
1323,1001,13,5,0.65,0.2,1000,restricted_10,aggregation,0.8726842506787728,,,0.7735217235156819
1324,1001,13,5,0.65,0.2,1000,restricted_10,aggregation,0.8726842506787728,,,0.7714798097273098
1325,1001,13,5,0.65,0.2,1000,restricted_10,aggregation,0.8726842506787728,,,0.7728950910586329
1326,1001,13,5,0.65,0.2,1000,restricted_10,aggregation,0.8726842506787728,,,0.7719247156778408
1327,1001,13,5,0.65,0.2,1000,restricted_10,aggregation,0.8726842506787728,,,0.7718021534406952
1328,1001,13,5,0.65,0.2,1000,restricted_10,aggregation,0.8726842506787728,,,0.7723934436551103
1329,1001,13,5,0.65,0.2,1000,restricted_10,aggregation,0.8726842506787728,,,0.7712659010202761
1330,1001,13,5,0.65,0.2,1000,restricted_10,aggregation,0.8726842506787728,,,0.7723642691953109
1331,1001,13,5,0.65,0.2,1000,restricted_10,aggregation,0.8726842506787728,,,0.7734054138762474
1332,1001,13,5,0.65,0.2,1000,restricted_10,aggregation,0.8726842506787728,,,0.7724392838257422
1333,1001,13,5,0.65,0.2,1000,restricted_10,aggregation,0.8726842506787728,,,0.7714149761889345
1334,1001,13,5,0.65,0.2,1000,restricted_10,aggregation,0.8726842506787728,,,0.7730036703034622
1335,1001,13,5,0.65,0.2,1000,restricted_10,aggregation,0.8726842506787728,,,0.7715799110765779
1336,1001,13,5,0.65,0.2,1000,restricted_10,aggregation,0.8726842506787728,,,0.7743177233260566
1337,1001,13,5,0.65,0.2,1000,restricted_10,aggregation,0.8726842506787728,,,0.7726064672287589
1338,1001,13,5,0.65,0.2,1000,restricted_10,aggregation,0.8726842506787728,,,0.7718284648530482
1339,1001,13,5,0.65,0.2,1000,restricted_10,aggregation,0.8726842506787728,,,0.7721221956130291
1340,1001,13,5,0.65,0.2,1000,restricted_10,aggregation,0.8726842506787728,,,0.7729582140082141
1341,1001,13,5,0.65,0.2,1000,restricted_10,aggregation,0.8726842506787728,,,0.7721313433248852
1342,1001,13,5,0.65,0.2,1000,restricted_10,aggregation,0.8726842506787728,,,0.7713635216095633
1343,1001,13,5,0.65,0.2,1000,restricted_10,aggregation,0.8727654974392849,,,0.7722880070007154
1344,1001,13,5,0.65,0.2,1000,restricted_10,aggregation,0.8726842506787728,,,0.7737984745809746
1345,1001,13,5,0.65,0.2,1000,restricted_10,aggregation,0.8726842506787728,,,0.7721051274497109
1346,1001,13,5,0.65,0.2,1000,restricted_10,aggregation,0.8726842506787728,,,0.7733090746984498
1347,1001,13,5,0.65,0.2,1000,restricted_10,aggregation,0.8726842506787728,,,0.7716133513785598
1348,1001,13,5,0.65,0.2,1000,restricted_10,aggregation,0.8726842506787728,,,0.771073437249479
1349,1001,13,5,0.65,0.2,1000,restricted_10,aggregation,0.8726842506787728,,,0.7733804642579644
1350,1001,13,5,0.65,0.2,1000,restricted_10,aggregation,0.8726842506787728,,,0.7732706403164736
1351,1001,13,5,0.65,0.2,1000,restricted_10,aggregation,0.8726842506787728,,,0.7733946741915494
1352,1001,13,5,0.65,0.2,1000,restricted_10,aggregation,0.8731382845021102,,,0.7740905857260025
1353,1001,13,5,0.65,0.2,1000,restricted_10,aggregation,0.8726842506787728,,,0.7736949293684712
1354,1001,13,5,0.65,0.2,1000,restricted_10,aggregation,0.8726842506787728,,,0.7726819256823424
1355,1001,13,5,0.65,0.2,1000,restricted_10,aggregation,0.8726842506787728,,,0.7725621593529927
1356,1001,13,5,0.65,0.2,1000,restricted_10,aggregation,0.8726842506787728,,,0.7729606768154685
1357,1001,13,5,0.65,0.2,1000,restricted_10,aggregation,0.8726842506787728,,,0.7728492629515546
1358,1001,13,5,0.65,0.2,1000,restricted_10,aggregation,0.8726842506787728,,,0.7729936319852987
1359,1001,13,5,0.65,0.2,1000,restricted_10,aggregation,0.8726842506787728,,,0.7724011642755394
1360,1001,13,5,0.65,0.2,1000,restricted_10,aggregation,0.8726842506787728,,,0.7729264772804357
1361,1001,13,5,0.65,0.2,1000,restricted_10,aggregation,0.8726842506787728,,,0.770839102910978
1362,1001,13,5,0.65,0.2,1000,restricted_10,aggregation,0.8726842506787728,,,0.7740996386946388
1363,1001,13,5,0.65,0.2,1000,restricted_10,aggregation,0.8726842506787728,,,0.7745895562076813
1364,1001,13,5,0.65,0.2,1000,restricted_10,aggregation,0.8726842506787728,,,0.7718145857075024
1365,1001,13,5,0.65,0.2,1000,restricted_10,aggregation,0.8729706315262654,,,0.7733655711572379
1366,1001,13,5,0.65,0.2,1000,restricted_10,aggregation,0.8726842506787728,,,0.7727896008852259
1367,1001,13,5,0.65,0.2,1000,restricted_10,aggregation,0.8726842506787728,,,0.772762824860325
1368,1001,13,5,0.65,0.2,1000,restricted_10,aggregation,0.8726842506787728,,,0.7727808480254313
1369,1001,13,5,0.65,0.2,1000,restricted_10,aggregation,0.8726842506787728,,,0.7716451671399588
1370,1001,13,5,0.65,0.2,1000,restricted_10,aggregation,0.8726842506787728,,,0.7727424879904047
1371,1001,13,5,0.65,0.2,1000,restricted_10,aggregation,0.8726842506787728,,,0.77259449989825
1372,1001,13,5,0.65,0.2,1000,restricted_10,aggregation,0.8726842506787728,,,0.7715898175127343
1373,1001,13,5,0.65,0.2,1000,restricted_10,aggregation,0.8726842506787728,,,0.7705742914724165
1374,1001,13,5,0.65,0.2,1000,restricted_10,aggregation,0.8726842506787728,,,0.7707634702180536
1375,1001,13,5,0.65,0.2,1000,restricted_10,aggregation,0.8730900110216,,,0.7739760244308161
1376,1001,13,5,0.65,0.2,1000,restricted_10,aggregation,0.8726842506787728,,,0.7727858028391363
1377,1001,13,5,0.65,0.2,1000,restricted_10,aggregation,0.8726842506787728,,,0.7733791492072742
1378,1001,13,5,0.65,0.2,1000,restricted_10,aggregation,0.8726842506787728,,,0.773959927849928
1379,1001,13,5,0.65,0.2,1000,restricted_10,aggregation,0.8726842506787728,,,0.7716371534638202
1380,1001,13,5,0.65,0.2,1000,restricted_10,aggregation,0.8726842506787728,,,0.7727865209327709
1381,1001,13,5,0.65,0.2,1000,restricted_10,aggregation,0.8726842506787728,,,0.771948000911126
1382,1001,13,5,0.65,0.2,1000,restricted_10,aggregation,0.8726842506787728,,,0.7727663678913679
1383,1001,13,5,0.65,0.2,1000,restricted_10,aggregation,0.8726842506787728,,,0.7703603348195016
1384,1001,13,5,0.65,0.2,1000,restricted_10,aggregation,0.8726842506787728,,,0.7731502932252934
1385,1001,13,5,0.65,0.2,1000,restricted_10,aggregation,0.8726842506787728,,,0.7703450406923325
1386,1001,13,5,0.65,0.2,1000,restricted_10,aggregation,0.8726842506787728,,,0.7716966761479261
1387,1001,13,5,0.65,0.2,1000,restricted_10,aggregation,0.8726842506787728,,,0.7713379396991898
1388,1001,13,5,0.65,0.2,1000,restricted_10,aggregation,0.8726842506787728,,,0.7727465858986693
1389,1001,13,5,0.65,0.2,1000,restricted_10,aggregation,0.8726842506787728,,,0.7708278141611475
1390,1001,13,5,0.65,0.2,1000,restricted_10,aggregation,0.8726842506787728,,,0.7729974661912161
1391,1001,13,5,0.65,0.2,1000,restricted_10,aggregation,0.8726842506787728,,,0.7732926839672674
1392,1001,13,5,0.65,0.2,1000,restricted_10,aggregation,0.8726842506787728,,,0.7716233461908463
1393,1001,13,5,0.65,0.2,1000,restricted_10,aggregation,0.8726842506787728,,,0.7714300385108719
1394,1001,13,5,0.65,0.2,1000,restricted_10,aggregation,0.8726842506787728,,,0.7733205683822352
1395,1001,13,5,0.65,0.2,1000,restricted_10,aggregation,0.8726842506787728,,,0.7722177436144104
1396,1001,13,5,0.65,0.2,1000,restricted_10,aggregation,0.8726842506787728,,,0.7726341092009842
1397,1001,13,5,0.65,0.2,1000,restricted_10,aggregation,0.8726842506787728,,,0.7740353238967823
1398,1001,13,5,0.65,0.2,1000,restricted_10,aggregation,0.8727611246038156,,,0.7724791293891295
1399,1001,13,5,0.65,0.2,1000,restricted_10,aggregation,0.8726842506787728,,,0.7718218377610045
1400,1001,13,5,0.65,0.2,1000,restricted_10,aggregation,0.8726842506787728,,,0.7727503918612252
1401,1001,13,5,0.65,0.2,1000,restricted_10,aggregation,0.872795439408157,,,0.7740040763172015
1402,1001,13,5,0.65,0.2,1000,restricted_10,aggregation,0.8726842506787728,,,0.7719977584992169
1403,1001,13,5,0.65,0.2,1000,restricted_10,aggregation,0.8726842506787728,,,0.7711256628248296
1404,1001,13,5,0.65,0.2,1000,restricted_10,aggregation,0.8726842506787728,,,0.7729402437685771
1405,1001,13,5,0.65,0.2,1000,restricted_10,aggregation,0.8726842506787728,,,0.7733324304090972
1406,1001,13,5,0.65,0.2,1000,restricted_10,aggregation,0.8728118493519638,,,0.7739867127085877
1407,1001,13,5,0.65,0.2,1000,restricted_10,aggregation,0.8726842506787728,,,0.7712314782902283
1408,1001,13,5,0.65,0.2,1000,restricted_10,aggregation,0.8726842506787728,,,0.7727059255867591
1409,1001,13,5,0.65,0.2,1000,restricted_10,aggregation,0.8726842506787728,,,0.7721567477892479
1410,1001,13,5,0.65,0.2,1000,restricted_10,aggregation,0.8726842506787728,,,0.7711504776011028
1411,1001,13,5,0.65,0.2,1000,restricted_10,aggregation,0.8726842506787728,,,0.7739585340431175
1412,1001,13,5,0.65,0.2,1000,restricted_10,aggregation,0.8726842506787728,,,0.7732026503820255
1413,1001,13,5,0.65,0.2,1000,restricted_10,aggregation,0.8726842506787728,,,0.7710385501227168
1414,1001,13,5,0.65,0.2,1000,restricted_10,aggregation,0.8726842506787728,,,0.7720720008849177
1415,1001,13,5,0.65,0.2,1000,restricted_10,aggregation,0.8726842506787728,,,0.7735870068280486
1416,1001,13,5,0.65,0.2,1000,restricted_10,aggregation,0.8726842506787728,,,0.7742196721180055
1417,1001,13,5,0.65,0.2,1000,restricted_10,aggregation,0.8726842506787728,,,0.771146390947016
1418,1001,13,5,0.65,0.2,1000,restricted_10,aggregation,0.8726842506787728,,,0.7725863650701152
1419,1001,13,5,0.65,0.2,1000,restricted_10,aggregation,0.8726842506787728,,,0.7718528729603731
1420,1001,13,5,0.65,0.2,1000,restricted_10,aggregation,0.8726842506787728,,,0.7704947625522627
1421,1001,13,5,0.65,0.2,1000,restricted_10,aggregation,0.8726842506787728,,,0.7724793161776496
1422,1001,13,5,0.65,0.2,1000,restricted_10,aggregation,0.8726842506787728,,,0.7727196988813656
1423,1001,13,5,0.65,0.2,1000,restricted_10,aggregation,0.8726842506787728,,,0.7723519741215576
1424,1001,13,5,0.65,0.2,1000,restricted_10,aggregation,0.8726842506787728,,,0.7721509246771747
1425,1001,13,5,0.65,0.2,1000,restricted_10,aggregation,0.8726842506787728,,,0.7715696973859474
1426,1001,13,5,0.65,0.2,1000,restricted_10,aggregation,0.8726842506787728,,,0.7724952905736239
1427,1001,13,5,0.65,0.2,1000,restricted_10,aggregation,0.8726842506787728,,,0.7733408616383617
1428,1001,13,5,0.65,0.2,1000,restricted_10,aggregation,0.8726842506787728,,,0.7741542932838766
1429,1001,13,5,0.65,0.2,1000,restricted_10,aggregation,0.8726842506787728,,,0.7745567010612845
1430,1001,13,5,0.65,0.2,1000,restricted_10,aggregation,0.8726842506787728,,,0.7729115375365375
1431,1001,13,5,0.65,0.2,1000,restricted_10,aggregation,0.8726842506787728,,,0.772434389507098
1432,1001,13,5,0.65,0.2,1000,restricted_10,aggregation,0.8728253028061239,,,0.7748129954459122
1433,1001,13,5,0.65,0.2,1000,restricted_10,aggregation,0.8726842506787728,,,0.7728963199686117
1434,1001,13,5,0.65,0.2,1000,restricted_10,aggregation,0.8728233906892122,,,0.7746199885454054
1435,1001,13,5,0.65,0.2,1000,restricted_10,aggregation,0.8726842506787728,,,0.7723870752627003
1436,1001,13,5,0.65,0.2,1000,restricted_10,aggregation,0.8726842506787728,,,0.7743406718281719
1437,1001,13,5,0.65,0.2,1000,restricted_10,aggregation,0.8726842506787728,,,0.7721640496309248
1438,1001,13,5,0.65,0.2,1000,restricted_10,aggregation,0.8726842506787728,,,0.7731875859017527
1439,1001,13,5,0.65,0.2,1000,restricted_10,aggregation,0.8726842506787728,,,0.7720016751381336
1440,1001,13,5,0.65,0.2,1000,restricted_10,aggregation,0.8726842506787728,,,0.7731097396276564
1441,1001,13,5,0.65,0.2,1000,restricted_10,aggregation,0.8726842506787728,,,0.7730368228684895
1442,1001,13,5,0.65,0.2,1000,restricted_10,aggregation,0.8726842506787728,,,0.7723961949701534
1443,1001,13,5,0.65,0.2,1000,restricted_10,aggregation,0.8726842506787728,,,0.7728379524102441
1444,1001,13,5,0.65,0.2,1000,restricted_10,aggregation,0.8726842506787728,,,0.7731887451283286
1445,1001,13,5,0.65,0.2,1000,restricted_10,aggregation,0.8726842506787728,,,0.7713804888475723
1446,1001,13,5,0.65,0.2,1000,restricted_10,aggregation,0.8726842506787728,,,0.7732738753376255
1447,1001,13,5,0.65,0.2,1000,restricted_10,aggregation,0.8726842506787728,,,0.770757031926407
1448,1001,13,5,0.65,0.2,1000,restricted_10,aggregation,0.8726842506787728,,,0.7730113050529717
1449,1001,13,5,0.65,0.2,1000,restricted_10,aggregation,0.8726842506787728,,,0.7734780410561662
1450,1001,13,5,0.65,0.2,1000,restricted_10,aggregation,0.8726842506787728,,,0.7720529230183398
1451,1001,13,5,0.65,0.2,1000,restricted_10,aggregation,0.8727972280065419,,,0.7746014506558256
1452,1001,13,5,0.65,0.2,1000,restricted_10,aggregation,0.8726842506787728,,,0.7726554574669159
1453,1001,13,5,0.65,0.2,1000,restricted_10,aggregation,0.8726842506787728,,,0.7736346660129995
1454,1001,13,5,0.65,0.2,1000,restricted_10,aggregation,0.8726842506787728,,,0.7722319317333901
1455,1001,13,5,0.65,0.2,1000,restricted_10,aggregation,0.872860797374749,,,0.7747932494126245
1456,1001,13,5,0.65,0.2,1000,restricted_10,aggregation,0.8726842506787728,,,0.7712228096209346
1457,1001,13,5,0.65,0.2,1000,restricted_10,aggregation,0.8726842506787728,,,0.7729347242186827
1458,1001,13,5,0.65,0.2,1000,restricted_10,aggregation,0.8726842506787728,,,0.7733687917637918
1459,1001,13,5,0.65,0.2,1000,restricted_10,aggregation,0.872773059929045,,,0.773541362464696
1460,1001,13,5,0.65,0.2,1000,restricted_10,aggregation,0.8727672909593004,,,0.7746215003977506
1461,1001,13,5,0.65,0.2,1000,restricted_10,aggregation,0.8726842506787728,,,0.7719901509061927
1462,1001,13,5,0.65,0.2,1000,restricted_10,aggregation,0.8726842506787728,,,0.7720012974987975
1463,1001,13,5,0.65,0.2,1000,restricted_10,aggregation,0.8726842506787728,,,0.7739733643054477
1464,1001,13,5,0.65,0.2,1000,restricted_10,aggregation,0.8726842506787728,,,0.7724476273263775
1465,1001,13,5,0.65,0.2,1000,restricted_10,aggregation,0.8726842506787728,,,0.771293289565373
1466,1001,13,5,0.65,0.2,1000,restricted_10,aggregation,0.8726842506787728,,,0.7731714498772833
1467,1001,13,5,0.65,0.2,1000,restricted_10,aggregation,0.8726842506787728,,,0.7714484826747328
1468,1001,13,5,0.65,0.2,1000,restricted_10,aggregation,0.8726842506787728,,,0.7721038308759143
1469,1001,13,5,0.65,0.2,1000,restricted_10,aggregation,0.8726842506787728,,,0.7728802096437514
1470,1001,13,5,0.65,0.2,1000,restricted_10,aggregation,0.8728298756520334,,,0.7737295106745107
1471,1001,13,5,0.65,0.2,1000,restricted_10,aggregation,0.8726842506787728,,,0.7737001409932661
1472,1001,13,5,0.65,0.2,1000,restricted_10,aggregation,0.8726842506787728,,,0.7729884934972435
1473,1001,13,5,0.65,0.2,1000,restricted_10,aggregation,0.8726842506787728,,,0.7715695946568865
1474,1001,13,5,0.65,0.2,1000,restricted_10,aggregation,0.8727470780526954,,,0.7728729565033733
1475,1001,13,5,0.65,0.2,1000,restricted_10,aggregation,0.8727319187295872,,,0.7735573940334358
1476,1001,13,5,0.65,0.2,1000,restricted_10,aggregation,0.8726842506787728,,,0.7733157047504965
1477,1001,13,5,0.65,0.2,1000,restricted_10,aggregation,0.8726842506787728,,,0.7726429862884031
1478,1001,13,5,0.65,0.2,1000,restricted_10,aggregation,0.8726842506787728,,,0.7711908058530976
1479,1001,13,5,0.65,0.2,1000,restricted_10,aggregation,0.8726842506787728,,,0.7716843607549858
1480,1001,13,5,0.65,0.2,1000,restricted_10,aggregation,0.8726842506787728,,,0.7731701937568605
1481,1001,13,5,0.65,0.2,1000,restricted_10,aggregation,0.8726842506787728,,,0.7732264625343792
1482,1001,13,5,0.65,0.2,1000,restricted_10,aggregation,0.8726842506787728,,,0.7737188495455164
1483,1001,13,5,0.65,0.2,1000,restricted_10,aggregation,0.8726842506787728,,,0.7714802396523232
1484,1001,13,5,0.65,0.2,1000,restricted_10,aggregation,0.8726842506787728,,,0.7723879470914888
1485,1001,13,5,0.65,0.2,1000,restricted_10,aggregation,0.8726842506787728,,,0.7727997553989221
1486,1001,13,5,0.65,0.2,1000,restricted_10,aggregation,0.8726842506787728,,,0.7728837739960657
1487,1001,13,5,0.65,0.2,1000,restricted_10,aggregation,0.8726842506787728,,,0.7714839754921005
1488,1001,13,5,0.65,0.2,1000,restricted_10,aggregation,0.8726842506787728,,,0.7713458657854492
1489,1001,13,5,0.65,0.2,1000,restricted_10,aggregation,0.8726842506787728,,,0.7714064255883006
1490,1001,13,5,0.65,0.2,1000,restricted_10,aggregation,0.8726842506787728,,,0.7713254531964949
1491,1001,13,5,0.65,0.2,1000,restricted_10,aggregation,0.8726842506787728,,,0.773569008499217
1492,1001,13,5,0.65,0.2,1000,restricted_10,aggregation,0.8726842506787728,,,0.7713594794480212
1493,1001,13,5,0.65,0.2,1000,restricted_10,aggregation,0.8726842506787728,,,0.7711594464871548
1494,1001,13,5,0.65,0.2,1000,restricted_10,aggregation,0.8726842506787728,,,0.7716210284391536
1495,1001,13,5,0.65,0.2,1000,restricted_10,aggregation,0.8726842506787728,,,0.7728256317216735
1496,1001,13,5,0.65,0.2,1000,restricted_10,aggregation,0.8726842506787728,,,0.773131822991823
1497,1001,13,5,0.65,0.2,1000,restricted_10,aggregation,0.8726842506787728,,,0.7717206278983363
1498,1001,13,5,0.65,0.2,1000,restricted_10,aggregation,0.8726842506787728,,,0.7745147904487488
1499,1001,13,5,0.65,0.2,1000,restricted_10,aggregation,0.8726842506787728,,,0.7726567255661007
1500,1001,13,5,0.65,0.2,1000,restricted_10,aggregation,0.8726842506787728,,,0.7726917978780479
1501,1001,13,5,0.65,0.2,1000,restricted_10,aggregation,0.8726842506787728,,,0.7713855560257643
1502,1001,13,5,0.65,0.2,1000,restricted_10,aggregation,0.8726842506787728,,,0.7704603720353721
1503,1001,13,5,0.65,0.2,1000,restricted_10,aggregation,0.8726842506787728,,,0.7734693582343584
1504,1001,13,5,0.65,0.2,1000,restricted_10,aggregation,0.8726842506787728,,,0.7731198244733662
1505,1001,13,5,0.65,0.2,1000,restricted_10,aggregation,0.8726842506787728,,,0.7729115063254647
1506,1001,13,5,0.65,0.2,1000,restricted_10,aggregation,0.8726842506787728,,,0.772550872337539
1507,1001,13,5,0.65,0.2,1000,restricted_10,aggregation,0.8727764658845163,,,0.7737645259986926
1508,1001,13,5,0.65,0.2,1000,restricted_10,aggregation,0.8726842506787728,,,0.7731693182511934
1509,1001,13,5,0.65,0.2,1000,restricted_10,aggregation,0.8726842506787728,,,0.7727299074536577
1510,1001,13,5,0.65,0.2,1000,restricted_10,aggregation,0.8726842506787728,,,0.7700972618585119
1511,1001,13,5,0.65,0.2,1000,restricted_10,aggregation,0.8726842506787728,,,0.7735392149208816
1512,1001,13,5,0.65,0.2,1000,restricted_10,aggregation,0.8728233906892122,,,0.77400745334912
1513,1001,13,5,0.65,0.2,1000,restricted_10,aggregation,0.8726842506787728,,,0.7709918411989246
1514,1001,13,5,0.65,0.2,1000,restricted_10,aggregation,0.8727630016464311,,,0.7745050873586291
1515,1001,13,5,0.65,0.2,1000,restricted_10,aggregation,0.8726842506787728,,,0.7716794825467743
1516,1001,13,5,0.65,0.2,1000,restricted_10,aggregation,0.8726842506787728,,,0.7735600570494322
1517,1001,13,5,0.65,0.2,1000,restricted_10,aggregation,0.8726842506787728,,,0.773219396945647
1518,1001,13,5,0.65,0.2,1000,restricted_10,aggregation,0.8726842506787728,,,0.7709719901394901
1519,1001,13,5,0.65,0.2,1000,restricted_10,aggregation,0.8727688314841082,,,0.7730891488372739
1520,1001,13,5,0.65,0.2,1000,restricted_10,aggregation,0.8726842506787728,,,0.7728626353276353
1521,1001,13,5,0.65,0.2,1000,restricted_10,aggregation,0.8726842506787728,,,0.7732455818564153
1522,1001,13,5,0.65,0.2,1000,restricted_10,aggregation,0.8726842506787728,,,0.7728884948770366
1523,1001,13,5,0.65,0.2,1000,restricted_10,aggregation,0.8726842506787728,,,0.7718913486744737
1524,1001,13,5,0.65,0.2,1000,restricted_10,aggregation,0.8727654974392849,,,0.773995824121866
1525,1001,13,5,0.65,0.2,1000,restricted_10,aggregation,0.8726842506787728,,,0.7736055249226084
1526,1001,13,5,0.65,0.2,1000,restricted_10,aggregation,0.8726842506787728,,,0.7723664612702114
1527,1001,13,5,0.65,0.2,1000,restricted_10,aggregation,0.8726842506787728,,,0.7735554149399982
1528,1001,13,5,0.65,0.2,1000,restricted_10,aggregation,0.8726842506787728,,,0.7727247758029009
1529,1001,13,5,0.65,0.2,1000,restricted_10,aggregation,0.8726842506787728,,,0.7737725719188221
1530,1001,13,5,0.65,0.2,1000,restricted_10,aggregation,0.8726842506787728,,,0.771645712782588
1531,1001,13,5,0.65,0.2,1000,restricted_10,aggregation,0.8726842506787728,,,0.7715335708658626
1532,1001,13,5,0.65,0.2,1000,restricted_10,aggregation,0.8726842506787728,,,0.7730038775730443
1533,1001,13,5,0.65,0.2,1000,restricted_10,aggregation,0.8728113358831344,,,0.7746152204431371
1534,1001,13,5,0.65,0.2,1000,restricted_10,aggregation,0.8726842506787728,,,0.7731368869248036
1535,1001,13,5,0.65,0.2,1000,restricted_10,aggregation,0.8727972280065419,,,0.7736439753148089
1536,1001,13,5,0.65,0.2,1000,restricted_10,aggregation,0.8727741732664871,,,0.7736148947734365
1537,1001,13,5,0.65,0.2,1000,restricted_10,aggregation,0.8728379595872175,,,0.7744145550283051
1538,1001,13,5,0.65,0.2,1000,restricted_10,aggregation,0.8726842506787728,,,0.773059995274787
1539,1001,13,5,0.65,0.2,1000,restricted_10,aggregation,0.8726842506787728,,,0.7720832225875977
1540,1001,13,5,0.65,0.2,1000,restricted_10,aggregation,0.8726842506787728,,,0.772037027047027
1541,1001,13,5,0.65,0.2,1000,restricted_10,aggregation,0.8726842506787728,,,0.7711282924405841
1542,1001,13,5,0.65,0.2,1000,restricted_10,aggregation,0.8726842506787728,,,0.7735998071835574
1543,1001,13,5,0.65,0.2,1000,restricted_10,aggregation,0.8726842506787728,,,0.7720974755722674
1544,1001,13,5,0.65,0.2,1000,restricted_10,aggregation,0.8726842506787728,,,0.771295420019795
1545,1001,13,5,0.65,0.2,1000,restricted_10,aggregation,0.8728530222185896,,,0.774467423741382
1546,1001,13,5,0.65,0.2,1000,restricted_10,aggregation,0.8726842506787728,,,0.7723036218102884
1547,1001,13,5,0.65,0.2,1000,restricted_10,aggregation,0.8726842506787728,,,0.7738516012074346
1548,1001,13,5,0.65,0.2,1000,restricted_10,aggregation,0.8726842506787728,,,0.7722119917736586
1549,1001,13,5,0.65,0.2,1000,restricted_10,aggregation,0.8726842506787728,,,0.7706102706706874
1550,1001,13,5,0.65,0.2,1000,restricted_10,aggregation,0.8726842506787728,,,0.7738526883378968
1551,1001,13,5,0.65,0.2,1000,restricted_10,aggregation,0.8726842506787728,,,0.772257573568407
1552,1001,13,5,0.65,0.2,1000,restricted_10,aggregation,0.8726842506787728,,,0.7730824105215772
1553,1001,13,5,0.65,0.2,1000,restricted_10,aggregation,0.8726842506787728,,,0.7740520636924804
1554,1001,13,5,0.65,0.2,1000,restricted_10,aggregation,0.8726842506787728,,,0.7728844265610932
1555,1001,13,5,0.65,0.2,1000,restricted_10,aggregation,0.8727342182113166,,,0.7730397507970425
1556,1001,13,5,0.65,0.2,1000,restricted_10,aggregation,0.8726842506787728,,,0.7731462987706738
1557,1001,13,5,0.65,0.2,1000,restricted_10,aggregation,0.8726842506787728,,,0.7726369372756873
1558,1001,13,5,0.65,0.2,1000,restricted_10,aggregation,0.8726842506787728,,,0.7726854717427634
1559,1001,13,5,0.65,0.2,1000,restricted_10,aggregation,0.8726842506787728,,,0.7725773763427931
1560,1001,13,5,0.65,0.2,1000,restricted_10,aggregation,0.8726842506787728,,,0.7731526256845007
1561,1001,13,5,0.65,0.2,1000,restricted_10,aggregation,0.8726842506787728,,,0.7720187861906613
1562,1001,13,5,0.65,0.2,1000,restricted_10,aggregation,0.8726842506787728,,,0.7722460919713005
1563,1001,13,5,0.65,0.2,1000,restricted_10,aggregation,0.8726842506787728,,,0.7726870169182669
1564,1001,13,5,0.65,0.2,1000,restricted_10,aggregation,0.8726842506787728,,,0.770785755957006
1565,1001,13,5,0.65,0.2,1000,restricted_10,aggregation,0.8727561318554001,,,0.7734393626897794
1566,1001,13,5,0.65,0.2,1000,restricted_10,aggregation,0.8726842506787728,,,0.7724998614888199
1567,1001,13,5,0.65,0.2,1000,restricted_10,aggregation,0.8726842506787728,,,0.7718821281804616
1568,1001,13,5,0.65,0.2,1000,restricted_10,aggregation,0.8726842506787728,,,0.7743014677452178
1569,1001,13,5,0.65,0.2,1000,restricted_10,aggregation,0.8726842506787728,,,0.7733875390889975
1570,1001,13,5,0.65,0.2,1000,restricted_10,aggregation,0.8727622415226438,,,0.7728930244138578
1571,1001,13,5,0.65,0.2,1000,restricted_10,aggregation,0.8726842506787728,,,0.7723370601774768
1572,1001,13,5,0.65,0.2,1000,restricted_10,aggregation,0.8726842506787728,,,0.7726126243355411
1573,1001,13,5,0.65,0.2,1000,restricted_10,aggregation,0.8726842506787728,,,0.7720633225724893
1574,1001,13,5,0.65,0.2,1000,restricted_10,aggregation,0.8726842506787728,,,0.7740351318434653
1575,1001,13,5,0.65,0.2,1000,restricted_10,aggregation,0.8726842506787728,,,0.7741577098672933
1576,1001,13,5,0.65,0.2,1000,restricted_10,aggregation,0.8726842506787728,,,0.7719009927649512
1577,1001,13,5,0.65,0.2,1000,restricted_10,aggregation,0.8726842506787728,,,0.7724980401774153
1578,1001,13,5,0.65,0.2,1000,restricted_10,aggregation,0.8726842506787728,,,0.77368767154913
1579,1001,13,5,0.65,0.2,1000,restricted_10,aggregation,0.8726842506787728,,,0.7727761621865789
1580,1001,13,5,0.65,0.2,1000,restricted_10,aggregation,0.8726842506787728,,,0.7723685794914963
1581,1001,13,5,0.65,0.2,1000,restricted_10,aggregation,0.8726842506787728,,,0.7708745237093155
1582,1001,13,5,0.65,0.2,1000,restricted_10,aggregation,0.8726842506787728,,,0.7727073295223297
1583,1001,13,5,0.65,0.2,1000,restricted_10,aggregation,0.872740198160057,,,0.7740975338858673
1584,1001,13,5,0.65,0.2,1000,restricted_10,aggregation,0.8726842506787728,,,0.7716210820814988
1585,1001,13,5,0.65,0.2,1000,restricted_10,aggregation,0.8727688314841082,,,0.7742101050338552
1586,1001,13,5,0.65,0.2,1000,restricted_10,aggregation,0.8726842506787728,,,0.7718388332577918
1587,1001,13,5,0.65,0.2,1000,restricted_10,aggregation,0.8726842506787728,,,0.7735298765509183
1588,1001,13,5,0.65,0.2,1000,restricted_10,aggregation,0.8726842506787728,,,0.7723434001106919
1589,1001,13,5,0.65,0.2,1000,restricted_10,aggregation,0.8726842506787728,,,0.7731522754097755
1590,1001,13,5,0.65,0.2,1000,restricted_10,aggregation,0.8728842854723713,,,0.7743461939064024
1591,1001,13,5,0.65,0.2,1000,restricted_10,aggregation,0.8730395948732342,,,0.7741258559187727
1592,1001,13,5,0.65,0.2,1000,restricted_10,aggregation,0.8726842506787728,,,0.7726381092056093
1593,1001,13,5,0.65,0.2,1000,restricted_10,aggregation,0.8726842506787728,,,0.7719339976150394
1594,1001,13,5,0.65,0.2,1000,restricted_10,aggregation,0.8726842506787728,,,0.7724193866704284
1595,1001,13,5,0.65,0.2,1000,restricted_10,aggregation,0.8726842506787728,,,0.7737043689412441
1596,1001,13,5,0.65,0.2,1000,restricted_10,aggregation,0.8726842506787728,,,0.7729320581039332
1597,1001,13,5,0.65,0.2,1000,restricted_10,aggregation,0.8726842506787728,,,0.773039147619356
1598,1001,13,5,0.65,0.2,1000,restricted_10,aggregation,0.8726842506787728,,,0.7724214093314093
1599,1001,13,5,0.65,0.2,1000,restricted_10,aggregation,0.8726842506787728,,,0.7719024923224924
1600,1001,13,5,0.65,0.2,1000,restricted_10,aggregation,0.8726842506787728,,,0.7712394100498269
1601,1001,13,5,0.65,0.2,1000,restricted_10,aggregation,0.8726842506787728,,,0.7719668851750102
1602,1001,13,5,0.65,0.2,1000,restricted_10,aggregation,0.8726842506787728,,,0.771364813527522
1603,1001,13,5,0.65,0.2,1000,restricted_10,aggregation,0.8726842506787728,,,0.7722967383388217
1604,1001,13,5,0.65,0.2,1000,restricted_10,aggregation,0.8726842506787728,,,0.7722623774065442
1605,1001,13,5,0.65,0.2,1000,restricted_10,aggregation,0.8726842506787728,,,0.7724906383200133
1606,1001,13,5,0.65,0.2,1000,restricted_10,aggregation,0.8726842506787728,,,0.7726508631877382
1607,1001,13,5,0.65,0.2,1000,restricted_10,aggregation,0.8726842506787728,,,0.7707110172081006
1608,1001,13,5,0.65,0.2,1000,restricted_10,aggregation,0.8726842506787728,,,0.7717756784342201
1609,1001,13,5,0.65,0.2,1000,restricted_10,aggregation,0.8726842506787728,,,0.7741863938068106
1610,1001,13,5,0.65,0.2,1000,restricted_10,aggregation,0.8726842506787728,,,0.7714754001554003
1611,1001,13,5,0.65,0.2,1000,restricted_10,aggregation,0.8726842506787728,,,0.7727807361619862
1612,1001,13,5,0.65,0.2,1000,restricted_10,aggregation,0.8726842506787728,,,0.7737352716958967
1613,1001,13,5,0.65,0.2,1000,restricted_10,aggregation,0.8726842506787728,,,0.7723359721528473
1614,1001,13,5,0.65,0.2,1000,restricted_10,aggregation,0.8726842506787728,,,0.7709873076614744
1615,1001,13,5,0.65,0.2,1000,restricted_10,aggregation,0.8726842506787728,,,0.7724728622997374
1616,1001,13,5,0.65,0.2,1000,restricted_10,aggregation,0.8726842506787728,,,0.7731466298978801
1617,1001,13,5,0.65,0.2,1000,restricted_10,aggregation,0.8726842506787728,,,0.77287982821962
1618,1001,13,5,0.65,0.2,1000,restricted_10,aggregation,0.8726842506787728,,,0.7722990391321642
1619,1001,13,5,0.65,0.2,1000,restricted_10,aggregation,0.8726842506787728,,,0.7731059717674301
1620,1001,13,5,0.65,0.2,1000,restricted_10,aggregation,0.8726842506787728,,,0.7735542383542384
1621,1001,13,5,0.65,0.2,1000,restricted_10,aggregation,0.8726842506787728,,,0.7736385400093735
1622,1001,13,5,0.65,0.2,1000,restricted_10,aggregation,0.8726842506787728,,,0.7723525247360665
1623,1001,13,5,0.65,0.2,1000,restricted_10,aggregation,0.8726842506787728,,,0.773886209176626
1624,1001,13,5,0.65,0.2,1000,restricted_10,aggregation,0.8727607106566941,,,0.7733699235949236
1625,1001,13,5,0.65,0.2,1000,restricted_10,aggregation,0.8726842506787728,,,0.7724876664539165
1626,1001,13,5,0.65,0.2,1000,restricted_10,aggregation,0.8726842506787728,,,0.772628710533294
1627,1001,13,5,0.65,0.2,1000,restricted_10,aggregation,0.8726842506787728,,,0.7723031562650312
1628,1001,13,5,0.65,0.2,1000,restricted_10,aggregation,0.8726842506787728,,,0.7731361109569443
1629,1001,13,5,0.65,0.2,1000,restricted_10,aggregation,0.8726842506787728,,,0.7719862079972498
1630,1001,13,5,0.65,0.2,1000,restricted_10,aggregation,0.8727436827166185,,,0.7729276193636611
1631,1001,13,5,0.65,0.2,1000,restricted_10,aggregation,0.8726842506787728,,,0.7703596217748302
1632,1001,13,5,0.65,0.2,1000,restricted_10,aggregation,0.8728012628657433,,,0.7744174850535269
1633,1001,13,5,0.65,0.2,1000,restricted_10,aggregation,0.8726842506787728,,,0.7734527534348369
1634,1001,13,5,0.65,0.2,1000,restricted_10,aggregation,0.8726842506787728,,,0.7726175468667137
1635,1001,13,5,0.65,0.2,1000,restricted_10,aggregation,0.8726842506787728,,,0.772624567978318
1636,1001,13,5,0.65,0.2,1000,restricted_10,aggregation,0.8726842506787728,,,0.7728456788890123
1637,1001,13,5,0.65,0.2,1000,restricted_10,aggregation,0.8726842506787728,,,0.772959780119572
1638,1001,13,5,0.65,0.2,1000,restricted_10,aggregation,0.8726842506787728,,,0.7729611842324343
1639,1001,13,5,0.65,0.2,1000,restricted_10,aggregation,0.8728092425481229,,,0.7732415203854788
1640,1001,13,5,0.65,0.2,1000,restricted_10,aggregation,0.8726842506787728,,,0.7738178796589213
1641,1001,13,5,0.65,0.2,1000,restricted_10,aggregation,0.8726842506787728,,,0.772486087847338
1642,1001,13,5,0.65,0.2,1000,restricted_10,aggregation,0.8726842506787728,,,0.7707215845342928
1643,1001,13,5,0.65,0.2,1000,restricted_10,aggregation,0.8726842506787728,,,0.773209343650177
1644,1001,13,5,0.65,0.2,1000,restricted_10,aggregation,0.8728530222185896,,,0.773717458637042
1645,1001,13,5,0.65,0.2,1000,restricted_10,aggregation,0.8730528621095162,,,0.7749543206716124
1646,1001,13,5,0.65,0.2,1000,restricted_10,aggregation,0.8726842506787728,,,0.7738037248785167
1647,1001,13,5,0.65,0.2,1000,restricted_10,aggregation,0.8726842506787728,,,0.772164755483714
1648,1001,13,5,0.65,0.2,1000,restricted_10,aggregation,0.8726842506787728,,,0.7727615090927591
1649,1001,13,5,0.65,0.2,1000,restricted_10,aggregation,0.8726842506787728,,,0.7728018711997879
1650,1001,13,5,0.65,0.2,1000,restricted_10,aggregation,0.8726842506787728,,,0.7739424735835153
1651,1001,13,5,0.65,0.2,1000,restricted_10,aggregation,0.8726842506787728,,,0.7727473092725177
1652,1001,13,5,0.65,0.2,1000,restricted_10,aggregation,0.8726842506787728,,,0.7724790088152589
1653,1001,13,5,0.65,0.2,1000,restricted_10,aggregation,0.8726842506787728,,,0.7725533965956883
1654,1001,13,5,0.65,0.2,1000,restricted_10,aggregation,0.8726842506787728,,,0.7716993039753457
1655,1001,13,5,0.65,0.2,1000,restricted_10,aggregation,0.8726842506787728,,,0.7730084141321641
1656,1001,13,5,0.65,0.2,1000,restricted_10,aggregation,0.8726842506787728,,,0.7731424915285333
1657,1001,13,5,0.65,0.2,1000,restricted_10,aggregation,0.8726842506787728,,,0.7738167144044228
1658,1001,13,5,0.65,0.2,1000,restricted_10,aggregation,0.8726842506787728,,,0.7722411763005512
1659,1001,13,5,0.65,0.2,1000,restricted_10,aggregation,0.8726842506787728,,,0.7732598137510639
1660,1001,13,5,0.65,0.2,1000,restricted_10,aggregation,0.8726842506787728,,,0.7733422241261826
1661,1001,13,5,0.65,0.2,1000,restricted_10,aggregation,0.8726842506787728,,,0.7711471353415104
1662,1001,13,5,0.65,0.2,1000,restricted_10,aggregation,0.8726842506787728,,,0.7720363012990097
1663,1001,13,5,0.65,0.2,1000,restricted_10,aggregation,0.8726842506787728,,,0.7730941371360123
1664,1001,13,5,0.65,0.2,1000,restricted_10,aggregation,0.8726842506787728,,,0.771725998885374
1665,1001,13,5,0.65,0.2,1000,restricted_10,aggregation,0.8731254042559318,,,0.7746571133264885
1666,1001,13,5,0.65,0.2,1000,restricted_10,aggregation,0.8726842506787728,,,0.7724705113790532
1667,1001,13,5,0.65,0.2,1000,restricted_10,aggregation,0.8726842506787728,,,0.7723416794085545
1668,1001,13,5,0.65,0.2,1000,restricted_10,aggregation,0.8726842506787728,,,0.7720220943948028
1669,1001,13,5,0.65,0.2,1000,restricted_10,aggregation,0.8729835938189369,,,0.7737440459232128
1670,1001,13,5,0.65,0.2,1000,restricted_10,aggregation,0.8726842506787728,,,0.7706461668347085
1671,1001,13,5,0.65,0.2,1000,restricted_10,aggregation,0.8726842506787728,,,0.7736177942659194
1672,1001,13,5,0.65,0.2,1000,restricted_10,aggregation,0.8726842506787728,,,0.7726563014763016
1673,1001,13,5,0.65,0.2,1000,restricted_10,aggregation,0.8726842506787728,,,0.7726441585883252
1674,1001,13,5,0.65,0.2,1000,restricted_10,aggregation,0.8727855597568485,,,0.772330612836238
1675,1001,13,5,0.65,0.2,1000,restricted_10,aggregation,0.8726842506787728,,,0.7736995703987372
1676,1001,13,5,0.65,0.2,1000,restricted_10,aggregation,0.8726842506787728,,,0.7734234954243289
1677,1001,13,5,0.65,0.2,1000,restricted_10,aggregation,0.8726842506787728,,,0.772841867268534
1678,1001,13,5,0.65,0.2,1000,restricted_10,aggregation,0.8726842506787728,,,0.7719398546052714
1679,1001,13,5,0.65,0.2,1000,restricted_10,aggregation,0.8726842506787728,,,0.7711490104417188
1680,1001,13,5,0.65,0.2,1000,restricted_10,aggregation,0.8726842506787728,,,0.7728911814574316
1681,1001,13,5,0.65,0.2,1000,restricted_10,aggregation,0.8726842506787728,,,0.771067337215254
1682,1001,13,5,0.65,0.2,1000,restricted_10,aggregation,0.8726842506787728,,,0.7733409810713978
1683,1001,13,5,0.65,0.2,1000,restricted_10,aggregation,0.8726842506787728,,,0.7725554212993797
1684,1001,13,5,0.65,0.2,1000,restricted_10,aggregation,0.8729454072223545,,,0.7732316560137394
1685,1001,13,5,0.65,0.2,1000,restricted_10,aggregation,0.8726842506787728,,,0.7733446654502906
1686,1001,13,5,0.65,0.2,1000,restricted_10,aggregation,0.8726842506787728,,,0.7720104300098051
1687,1001,13,5,0.65,0.2,1000,restricted_10,aggregation,0.8726842506787728,,,0.772094557263724
1688,1001,13,5,0.65,0.2,1000,restricted_10,aggregation,0.8726842506787728,,,0.7730544192844193
1689,1001,13,5,0.65,0.2,1000,restricted_10,aggregation,0.8726842506787728,,,0.771214340936841
1690,1001,13,5,0.65,0.2,1000,restricted_10,aggregation,0.8726842506787728,,,0.7732579177381262
1691,1001,13,5,0.65,0.2,1000,restricted_10,aggregation,0.8727841046108211,,,0.7740381639348307
1692,1001,13,5,0.65,0.2,1000,restricted_10,aggregation,0.8726842506787728,,,0.7721753564336898
1693,1001,13,5,0.65,0.2,1000,restricted_10,aggregation,0.8726842506787728,,,0.7720264982779567
1694,1001,13,5,0.65,0.2,1000,restricted_10,aggregation,0.8726842506787728,,,0.7710049904185321
1695,1001,13,5,0.65,0.2,1000,restricted_10,aggregation,0.8726842506787728,,,0.7714990294890296
1696,1001,13,5,0.65,0.2,1000,restricted_10,aggregation,0.8726842506787728,,,0.7724751743935079
1697,1001,13,5,0.65,0.2,1000,restricted_10,aggregation,0.8726842506787728,,,0.7712943172568174
1698,1001,13,5,0.65,0.2,1000,restricted_10,aggregation,0.8726842506787728,,,0.7732433134766469
1699,1001,13,5,0.65,0.2,1000,restricted_10,aggregation,0.8726842506787728,,,0.7720029073781157
1700,1001,13,5,0.65,0.2,1000,restricted_10,aggregation,0.8726842506787728,,,0.77115385663719
1701,1001,13,5,0.65,0.2,1000,restricted_10,aggregation,0.8726842506787728,,,0.7727747692893526
1702,1001,13,5,0.65,0.2,1000,restricted_10,aggregation,0.8726842506787728,,,0.7727863684232436
1703,1001,13,5,0.65,0.2,1000,restricted_10,aggregation,0.8726842506787728,,,0.7722512563285481
1704,1001,13,5,0.65,0.2,1000,restricted_10,aggregation,0.8726842506787728,,,0.7721520081538833
1705,1001,13,5,0.65,0.2,1000,restricted_10,aggregation,0.8726842506787728,,,0.7722449663607998
1706,1001,13,5,0.65,0.2,1000,restricted_10,aggregation,0.8726842506787728,,,0.773171306664015
1707,1001,13,5,0.65,0.2,1000,restricted_10,aggregation,0.8726842506787728,,,0.7714857297948966
1708,1001,13,5,0.65,0.2,1000,restricted_10,aggregation,0.8726842506787728,,,0.7724431599650351
1709,1001,13,5,0.65,0.2,1000,restricted_10,aggregation,0.8726842506787728,,,0.773939760887261
1710,1001,13,5,0.65,0.2,1000,restricted_10,aggregation,0.8726842506787728,,,0.7720014253878839
1711,1001,13,5,0.65,0.2,1000,restricted_10,aggregation,0.8726842506787728,,,0.772668448326365
1712,1001,13,5,0.65,0.2,1000,restricted_10,aggregation,0.8726842506787728,,,0.771722480898731
1713,1001,13,5,0.65,0.2,1000,restricted_10,aggregation,0.8726842506787728,,,0.771575523874274
1714,1001,13,5,0.65,0.2,1000,restricted_10,aggregation,0.8726842506787728,,,0.7723778744403745
1715,1001,13,5,0.65,0.2,1000,restricted_10,aggregation,0.8726842506787728,,,0.7715626291301292
1716,1001,13,5,0.65,0.2,1000,restricted_10,aggregation,0.8726842506787728,,,0.7723601302478387
1717,1001,13,5,0.65,0.2,1000,restricted_10,aggregation,0.8726842506787728,,,0.7724168445674696
1718,1001,13,5,0.65,0.2,1000,restricted_10,aggregation,0.8726842506787728,,,0.7729119837184422
1719,1001,13,5,0.65,0.2,1000,restricted_10,aggregation,0.8726842506787728,,,0.7727216097174432
1720,1001,13,5,0.65,0.2,1000,restricted_10,aggregation,0.8726842506787728,,,0.7735137323633158
1721,1001,13,5,0.65,0.2,1000,restricted_10,aggregation,0.8726842506787728,,,0.772900391629975
1722,1001,13,5,0.65,0.2,1000,restricted_10,aggregation,0.8726842506787728,,,0.7724110592648094
1723,1001,13,5,0.65,0.2,1000,restricted_10,aggregation,0.8726842506787728,,,0.7727000544517213
1724,1001,13,5,0.65,0.2,1000,restricted_10,aggregation,0.8726842506787728,,,0.7725716444743529
1725,1001,13,5,0.65,0.2,1000,restricted_10,aggregation,0.8726842506787728,,,0.7714258753669171
1726,1001,13,5,0.65,0.2,1000,restricted_10,aggregation,0.8726842506787728,,,0.7720692947330448
1727,1001,13,5,0.65,0.2,1000,restricted_10,aggregation,0.8726842506787728,,,0.7713593849514684
1728,1001,13,5,0.65,0.2,1000,restricted_10,aggregation,0.8726842506787728,,,0.7734523091106424
1729,1001,13,5,0.65,0.2,1000,restricted_10,aggregation,0.8726842506787728,,,0.7739730697080697
1730,1001,13,5,0.65,0.2,1000,restricted_10,aggregation,0.8726842506787728,,,0.7727284331871833
1731,1001,13,5,0.65,0.2,1000,restricted_10,aggregation,0.8727252348926481,,,0.772454526730985
1732,1001,13,5,0.65,0.2,1000,restricted_10,aggregation,0.8726842506787728,,,0.7726020537101789
1733,1001,13,5,0.65,0.2,1000,restricted_10,aggregation,0.8726842506787728,,,0.773258105628939
1734,1001,13,5,0.65,0.2,1000,restricted_10,aggregation,0.8726842506787728,,,0.7724491282020449
1735,1001,13,5,0.65,0.2,1000,restricted_10,aggregation,0.8726842506787728,,,0.7730372218599302
1736,1001,13,5,0.65,0.2,1000,restricted_10,aggregation,0.8726842506787728,,,0.7724475218068969
1737,1001,13,5,0.65,0.2,1000,restricted_10,aggregation,0.8726842506787728,,,0.772663428839679
1738,1001,13,5,0.65,0.2,1000,restricted_10,aggregation,0.8726842506787728,,,0.7716072528166279
1739,1001,13,5,0.65,0.2,1000,restricted_10,aggregation,0.8726842506787728,,,0.770995559132226
1740,1001,13,5,0.65,0.2,1000,restricted_10,aggregation,0.8726842506787728,,,0.7716604751729752
1741,1001,13,5,0.65,0.2,1000,restricted_10,aggregation,0.8728166581379784,,,0.7728766868085619
1742,1001,13,5,0.65,0.2,1000,restricted_10,aggregation,0.8726842506787728,,,0.7735186774799275
1743,1001,13,5,0.65,0.2,1000,restricted_10,aggregation,0.8726842506787728,,,0.7728112195674697
1744,1001,13,5,0.65,0.2,1000,restricted_10,aggregation,0.8726842506787728,,,0.7723347224688892
1745,1001,13,5,0.65,0.2,1000,restricted_10,aggregation,0.8726842506787728,,,0.7710218030811781
1746,1001,13,5,0.65,0.2,1000,restricted_10,aggregation,0.8726842506787728,,,0.7717665796472047
1747,1001,13,5,0.65,0.2,1000,restricted_10,aggregation,0.8726842506787728,,,0.7723342131094216
1748,1001,13,5,0.65,0.2,1000,restricted_10,aggregation,0.8726842506787728,,,0.7732474991520827
1749,1001,13,5,0.65,0.2,1000,restricted_10,aggregation,0.8726842506787728,,,0.7722216048688967
1750,1001,13,5,0.65,0.2,1000,restricted_10,aggregation,0.8726842506787728,,,0.7716747672620591
1751,1001,13,5,0.65,0.2,1000,restricted_10,aggregation,0.8726842506787728,,,0.7739643332053749
1752,1001,13,5,0.65,0.2,1000,restricted_10,aggregation,0.872773059929045,,,0.7738629303104303
1753,1001,13,5,0.65,0.2,1000,restricted_10,aggregation,0.8726842506787728,,,0.7705065684855269
1754,1001,13,5,0.65,0.2,1000,restricted_10,aggregation,0.8726842506787728,,,0.773923992704826
1755,1001,13,5,0.65,0.2,1000,restricted_10,aggregation,0.8726842506787728,,,0.7732280557328475
1756,1001,13,5,0.65,0.2,1000,restricted_10,aggregation,0.8726842506787728,,,0.7716965908320076
1757,1001,13,5,0.65,0.2,1000,restricted_10,aggregation,0.8726842506787728,,,0.7716326300936718
1758,1001,13,5,0.65,0.2,1000,restricted_10,aggregation,0.8726842506787728,,,0.7727868507341424
1759,1001,13,5,0.65,0.2,1000,restricted_10,aggregation,0.8726842506787728,,,0.772122711578545
1760,1001,13,5,0.65,0.2,1000,restricted_10,aggregation,0.8726842506787728,,,0.7719414970908722
1761,1001,13,5,0.65,0.2,1000,restricted_10,aggregation,0.8726842506787728,,,0.7741613044671379
1762,1001,13,5,0.65,0.2,1000,restricted_10,aggregation,0.8726842506787728,,,0.7726276847766432
1763,1001,13,5,0.65,0.2,1000,restricted_10,aggregation,0.8726842506787728,,,0.7712669670221755
1764,1001,13,5,0.65,0.2,1000,restricted_10,aggregation,0.8727688314841082,,,0.7736124043703211
1765,1001,13,5,0.65,0.2,1000,restricted_10,aggregation,0.8726842506787728,,,0.772149166674375
1766,1001,13,5,0.65,0.2,1000,restricted_10,aggregation,0.8726842506787728,,,0.7724823983115651
1767,1001,13,5,0.65,0.2,1000,restricted_10,aggregation,0.8726842506787728,,,0.7730561859128527
1768,1001,13,5,0.65,0.2,1000,restricted_10,aggregation,0.8726842506787728,,,0.7727170541110125
1769,1001,13,5,0.65,0.2,1000,restricted_10,aggregation,0.8726842506787728,,,0.7723570254436922
1770,1001,13,5,0.65,0.2,1000,restricted_10,aggregation,0.8726842506787728,,,0.7718150777232029
1771,1001,13,5,0.65,0.2,1000,restricted_10,aggregation,0.8728113358831344,,,0.7732335589718924
1772,1001,13,5,0.65,0.2,1000,restricted_10,aggregation,0.8726842506787728,,,0.7731187398943649
1773,1001,13,5,0.65,0.2,1000,restricted_10,aggregation,0.8726842506787728,,,0.7720564018928602
1774,1001,13,5,0.65,0.2,1000,restricted_10,aggregation,0.8726842506787728,,,0.7738961066865234
1775,1001,13,5,0.65,0.2,1000,restricted_10,aggregation,0.8726842506787728,,,0.7723125420490005
1776,1001,13,5,0.65,0.2,1000,restricted_10,aggregation,0.8726842506787728,,,0.7721829728219313
1777,1001,13,5,0.65,0.2,1000,restricted_10,aggregation,0.8726842506787728,,,0.7725226404768073
1778,1001,13,5,0.65,0.2,1000,restricted_10,aggregation,0.8726842506787728,,,0.7719495998523083
1779,1001,13,5,0.65,0.2,1000,restricted_10,aggregation,0.8726842506787728,,,0.7719448224383642
1780,1001,13,5,0.65,0.2,1000,restricted_10,aggregation,0.8726842506787728,,,0.7721208200056118
1781,1001,13,5,0.65,0.2,1000,restricted_10,aggregation,0.8726842506787728,,,0.7725468005528423
1782,1001,13,5,0.65,0.2,1000,restricted_10,aggregation,0.8726842506787728,,,0.7720725205427289
1783,1001,13,5,0.65,0.2,1000,restricted_10,aggregation,0.8726842506787728,,,0.7726116968525303
1784,1001,13,5,0.65,0.2,1000,restricted_10,aggregation,0.8726842506787728,,,0.771427399575733
1785,1001,13,5,0.65,0.2,1000,restricted_10,aggregation,0.8726842506787728,,,0.7722960236060237
1786,1001,13,5,0.65,0.2,1000,restricted_10,aggregation,0.8727754957943541,,,0.7724980347507432
1787,1001,13,5,0.65,0.2,1000,restricted_10,aggregation,0.8726842506787728,,,0.7726055486642989
1788,1001,13,5,0.65,0.2,1000,restricted_10,aggregation,0.8727338508592168,,,0.772035212935213
1789,1001,13,5,0.65,0.2,1000,restricted_10,aggregation,0.8726842506787728,,,0.7730911570142821
1790,1001,13,5,0.65,0.2,1000,restricted_10,aggregation,0.8726842506787728,,,0.7725509370567705
1791,1001,13,5,0.65,0.2,1000,restricted_10,aggregation,0.8726842506787728,,,0.7724606821342239
1792,1001,13,5,0.65,0.2,1000,restricted_10,aggregation,0.8727772226530898,,,0.7741557096684182
1793,1001,13,5,0.65,0.2,1000,restricted_10,aggregation,0.8726842506787728,,,0.7721721542500711
1794,1001,13,5,0.65,0.2,1000,restricted_10,aggregation,0.872795439408157,,,0.7744784394001062
1795,1001,13,5,0.65,0.2,1000,restricted_10,aggregation,0.8726842506787728,,,0.771644365958116
1796,1001,13,5,0.65,0.2,1000,restricted_10,aggregation,0.8726842506787728,,,0.772450583251625
1797,1001,13,5,0.65,0.2,1000,restricted_10,aggregation,0.8726842506787728,,,0.774749801664385
1798,1001,13,5,0.65,0.2,1000,restricted_10,aggregation,0.8726842506787728,,,0.7730215719851138
1799,1001,13,5,0.65,0.2,1000,restricted_10,aggregation,0.8726842506787728,,,0.7718283862973447
1800,1001,13,5,0.65,0.2,1000,restricted_10,aggregation,0.8726842506787728,,,0.7716626613432864
1801,1001,13,5,0.65,0.2,1000,restricted_10,aggregation,0.8726842506787728,,,0.7726294276556778
1802,1001,13,5,0.65,0.2,1000,restricted_10,aggregation,0.8726842506787728,,,0.773915623866874
1803,1001,13,5,0.65,0.2,1000,restricted_10,aggregation,0.8726842506787728,,,0.7726944138577473
1804,1001,13,5,0.65,0.2,1000,restricted_10,aggregation,0.8726842506787728,,,0.7732997746928997
1805,1001,13,5,0.65,0.2,1000,restricted_10,aggregation,0.8726842506787728,,,0.7726610203453954
1806,1001,13,5,0.65,0.2,1000,restricted_10,aggregation,0.8726842506787728,,,0.7737690900226318
1807,1001,13,5,0.65,0.2,1000,restricted_10,aggregation,0.8726842506787728,,,0.7732785826750411
1808,1001,13,5,0.65,0.2,1000,restricted_10,aggregation,0.8726842506787728,,,0.7707564891666977
1809,1001,13,5,0.65,0.2,1000,restricted_10,aggregation,0.8726842506787728,,,0.7716566298207966
1810,1001,13,5,0.65,0.2,1000,restricted_10,aggregation,0.8726842506787728,,,0.773263387546096
1811,1001,13,5,0.65,0.2,1000,restricted_10,aggregation,0.8726842506787728,,,0.7720898304550388
1812,1001,13,5,0.65,0.2,1000,restricted_10,aggregation,0.8726842506787728,,,0.773594869559453
1813,1001,13,5,0.65,0.2,1000,restricted_10,aggregation,0.8726842506787728,,,0.7727478573355658
1814,1001,13,5,0.65,0.2,1000,restricted_10,aggregation,0.8726842506787728,,,0.7737457559184644
1815,1001,13,5,0.65,0.2,1000,restricted_10,aggregation,0.8726842506787728,,,0.7719714350156018
1816,1001,13,5,0.65,0.2,1000,restricted_10,aggregation,0.8726842506787728,,,0.7715284177165428
1817,1001,13,5,0.65,0.2,1000,restricted_10,aggregation,0.8730383288398554,,,0.7741444999753334
1818,1001,13,5,0.65,0.2,1000,restricted_10,aggregation,0.8726842506787728,,,0.7722243665054083
1819,1001,13,5,0.65,0.2,1000,restricted_10,aggregation,0.8726842506787728,,,0.7729784861743196
1820,1001,13,5,0.65,0.2,1000,restricted_10,aggregation,0.8726842506787728,,,0.7711251994147827
1821,1001,13,5,0.65,0.2,1000,restricted_10,aggregation,0.8726842506787728,,,0.7720915832161667
1822,1001,13,5,0.65,0.2,1000,restricted_10,aggregation,0.8726842506787728,,,0.7735642807501142
1823,1001,13,5,0.65,0.2,1000,restricted_10,aggregation,0.8726842506787728,,,0.7717711269132105
1824,1001,13,5,0.65,0.2,1000,restricted_10,aggregation,0.8726842506787728,,,0.7720412362406113
1825,1001,13,5,0.65,0.2,1000,restricted_10,aggregation,0.8726842506787728,,,0.7727342784607368
1826,1001,13,5,0.65,0.2,1000,restricted_10,aggregation,0.8726842506787728,,,0.7725158978906896
1827,1001,13,5,0.65,0.2,1000,restricted_10,aggregation,0.8726842506787728,,,0.773415750599709
1828,1001,13,5,0.65,0.2,1000,restricted_10,aggregation,0.8726842506787728,,,0.7736127138833391
1829,1001,13,5,0.65,0.2,1000,restricted_10,aggregation,0.8727664863210259,,,0.77348050498113
1830,1001,13,5,0.65,0.2,1000,restricted_10,aggregation,0.8726842506787728,,,0.7730656676194176
1831,1001,13,5,0.65,0.2,1000,restricted_10,aggregation,0.8726842506787728,,,0.7726074335541003
1832,1001,13,5,0.65,0.2,1000,restricted_10,aggregation,0.8726842506787728,,,0.7744558378195878
1833,1001,13,5,0.65,0.2,1000,restricted_10,aggregation,0.8726842506787728,,,0.772354288227205
1834,1001,13,5,0.65,0.2,1000,restricted_10,aggregation,0.8726842506787728,,,0.773059528604112
1835,1001,13,5,0.65,0.2,1000,restricted_10,aggregation,0.8726842506787728,,,0.772695603139145
1836,1001,13,5,0.65,0.2,1000,restricted_10,aggregation,0.8727688314841082,,,0.7721480145317645
1837,1001,13,5,0.65,0.2,1000,restricted_10,aggregation,0.8726842506787728,,,0.7722494402896487
1838,1001,13,5,0.65,0.2,1000,restricted_10,aggregation,0.8726842506787728,,,0.7720360152193486
1839,1001,13,5,0.65,0.2,1000,restricted_10,aggregation,0.8726842506787728,,,0.7726968117299369
1840,1001,13,5,0.65,0.2,1000,restricted_10,aggregation,0.8726842506787728,,,0.773085645003145
1841,1001,13,5,0.65,0.2,1000,restricted_10,aggregation,0.8726842506787728,,,0.774407817221359
1842,1001,13,5,0.65,0.2,1000,restricted_10,aggregation,0.8726842506787728,,,0.7741870543345544
1843,1001,13,5,0.65,0.2,1000,restricted_10,aggregation,0.8726842506787728,,,0.7710361190121608
1844,1001,13,5,0.65,0.2,1000,restricted_10,aggregation,0.8726842506787728,,,0.7722462455677039
1845,1001,13,5,0.65,0.2,1000,restricted_10,aggregation,0.8726842506787728,,,0.7730004072779073
1846,1001,13,5,0.65,0.2,1000,restricted_10,aggregation,0.8726842506787728,,,0.7740234466151134
1847,1001,13,5,0.65,0.2,1000,restricted_10,aggregation,0.8726842506787728,,,0.7717415196686032
1848,1001,13,5,0.65,0.2,1000,restricted_10,aggregation,0.8730806429930874,,,0.7752761529134448
1849,1001,13,5,0.65,0.2,1000,restricted_10,aggregation,0.8727607106566941,,,0.7737196893769812
1850,1001,13,5,0.65,0.2,1000,restricted_10,aggregation,0.8726842506787728,,,0.7711041509108176
1851,1001,13,5,0.65,0.2,1000,restricted_10,aggregation,0.8726842506787728,,,0.7717499024432358
1852,1001,13,5,0.65,0.2,1000,restricted_10,aggregation,0.8726842506787728,,,0.7726831854796439
1853,1001,13,5,0.65,0.2,1000,restricted_10,aggregation,0.8726842506787728,,,0.7708974899868651
1854,1001,13,5,0.65,0.2,1000,restricted_10,aggregation,0.8726842506787728,,,0.7719631581304499
1855,1001,13,5,0.65,0.2,1000,restricted_10,aggregation,0.8726842506787728,,,0.770817652833278
1856,1001,13,5,0.65,0.2,1000,restricted_10,aggregation,0.8727876758410815,,,0.7742358977981895
1857,1001,13,5,0.65,0.2,1000,restricted_10,aggregation,0.8726842506787728,,,0.7725406069008154
1858,1001,13,5,0.65,0.2,1000,restricted_10,aggregation,0.8726842506787728,,,0.771581157692616
1859,1001,13,5,0.65,0.2,1000,restricted_10,aggregation,0.8726842506787728,,,0.7735051498270249
1860,1001,13,5,0.65,0.2,1000,restricted_10,aggregation,0.8726842506787728,,,0.7730145541110125
1861,1001,13,5,0.65,0.2,1000,restricted_10,aggregation,0.8726842506787728,,,0.772691813973064
1862,1001,13,5,0.65,0.2,1000,restricted_10,aggregation,0.8729817739535174,,,0.7734113489211407
1863,1001,13,5,0.65,0.2,1000,restricted_10,aggregation,0.8726842506787728,,,0.7740689748985584
1864,1001,13,5,0.65,0.2,1000,restricted_10,aggregation,0.8728950755669725,,,0.774846534268201
1865,1001,13,5,0.65,0.2,1000,restricted_10,aggregation,0.8726842506787728,,,0.7738436456367707
1866,1001,13,5,0.65,0.2,1000,restricted_10,aggregation,0.8726842506787728,,,0.7734744212500464
1867,1001,13,5,0.65,0.2,1000,restricted_10,aggregation,0.8726842506787728,,,0.7733953383345051
1868,1001,13,5,0.65,0.2,1000,restricted_10,aggregation,0.8726842506787728,,,0.7736001350501351
1869,1001,13,5,0.65,0.2,1000,restricted_10,aggregation,0.8726842506787728,,,0.7726318510964344
1870,1001,13,5,0.65,0.2,1000,restricted_10,aggregation,0.8726842506787728,,,0.7724487534995869
1871,1001,13,5,0.65,0.2,1000,restricted_10,aggregation,0.8726842506787728,,,0.7730887820050321
1872,1001,13,5,0.65,0.2,1000,restricted_10,aggregation,0.8726842506787728,,,0.7730546455858957
1873,1001,13,5,0.65,0.2,1000,restricted_10,aggregation,0.8726842506787728,,,0.7709286954095287
1874,1001,13,5,0.65,0.2,1000,restricted_10,aggregation,0.8726842506787728,,,0.7721931399233484
1875,1001,13,5,0.65,0.2,1000,restricted_10,aggregation,0.8726842506787728,,,0.7735451409393077
1876,1001,13,5,0.65,0.2,1000,restricted_10,aggregation,0.8726842506787728,,,0.7737067819834487
1877,1001,13,5,0.65,0.2,1000,restricted_10,aggregation,0.8726842506787728,,,0.7722245744533245
1878,1001,13,5,0.65,0.2,1000,restricted_10,aggregation,0.8726842506787728,,,0.7739252076318744
1879,1001,13,5,0.65,0.2,1000,restricted_10,aggregation,0.8726842506787728,,,0.7720598886221803
1880,1001,13,5,0.65,0.2,1000,restricted_10,aggregation,0.8726842506787728,,,0.7721035686535689
1881,1001,13,5,0.65,0.2,1000,restricted_10,aggregation,0.8726842506787728,,,0.7716347131957549
1882,1001,13,5,0.65,0.2,1000,restricted_10,aggregation,0.8726842506787728,,,0.7725941781366782
1883,1001,13,5,0.65,0.2,1000,restricted_10,aggregation,0.872757895597077,,,0.7743063200842369
1884,1001,13,5,0.65,0.2,1000,restricted_10,aggregation,0.8726842506787728,,,0.7718589237382988
1885,1001,13,5,0.65,0.2,1000,restricted_10,aggregation,0.8726842506787728,,,0.772620069999445
1886,1001,13,5,0.65,0.2,1000,restricted_10,aggregation,0.8726842506787728,,,0.7711253796666298
1887,1001,13,5,0.65,0.2,1000,restricted_10,aggregation,0.8726842506787728,,,0.7735801646732898
1888,1001,13,5,0.65,0.2,1000,restricted_10,aggregation,0.8726842506787728,,,0.7728989866537782
1889,1001,13,5,0.65,0.2,1000,restricted_10,aggregation,0.8728613412382378,,,0.7743363894361812
1890,1001,13,5,0.65,0.2,1000,restricted_10,aggregation,0.8726842506787728,,,0.7733898953746872
1891,1001,13,5,0.65,0.2,1000,restricted_10,aggregation,0.8726842506787728,,,0.7734209144250812
1892,1001,13,5,0.65,0.2,1000,restricted_10,aggregation,0.8726842506787728,,,0.7721855514238849
1893,1001,13,5,0.65,0.2,1000,restricted_10,aggregation,0.8726842506787728,,,0.7716637525822944
1894,1001,13,5,0.65,0.2,1000,restricted_10,aggregation,0.8726842506787728,,,0.7726749612424613
1895,1001,13,5,0.65,0.2,1000,restricted_10,aggregation,0.8726842506787728,,,0.7736816576170744
1896,1001,13,5,0.65,0.2,1000,restricted_10,aggregation,0.8726842506787728,,,0.7712028351047102
1897,1001,13,5,0.65,0.2,1000,restricted_10,aggregation,0.8726842506787728,,,0.7728914109732861
1898,1001,13,5,0.65,0.2,1000,restricted_10,aggregation,0.8726842506787728,,,0.7722763386536303
1899,1001,13,5,0.65,0.2,1000,restricted_10,aggregation,0.8726842506787728,,,0.7739606281064615
1900,1001,13,5,0.65,0.2,1000,restricted_10,aggregation,0.8726842506787728,,,0.7732509281921783
1901,1001,13,5,0.65,0.2,1000,restricted_10,aggregation,0.8726842506787728,,,0.772226978923854
1902,1001,13,5,0.65,0.2,1000,restricted_10,aggregation,0.8726842506787728,,,0.7728803673332841
1903,1001,13,5,0.65,0.2,1000,restricted_10,aggregation,0.8726842506787728,,,0.7725193481055981
1904,1001,13,5,0.65,0.2,1000,restricted_10,aggregation,0.8726842506787728,,,0.7731222879127047
1905,1001,13,5,0.65,0.2,1000,restricted_10,aggregation,0.8726842506787728,,,0.7709775284283619
1906,1001,13,5,0.65,0.2,1000,restricted_10,aggregation,0.8728889796479257,,,0.7735087428081179
1907,1001,13,5,0.65,0.2,1000,restricted_10,aggregation,0.8726842506787728,,,0.7729535374039542
1908,1001,13,5,0.65,0.2,1000,restricted_10,aggregation,0.8728106405540671,,,0.774330829887705
1909,1001,13,5,0.65,0.2,1000,restricted_10,aggregation,0.8726842506787728,,,0.7720565980238897
1910,1001,13,5,0.65,0.2,1000,restricted_10,aggregation,0.872773495401684,,,0.774406676140218
1911,1001,13,5,0.65,0.2,1000,restricted_10,aggregation,0.8726842506787728,,,0.7725839009986927
1912,1001,13,5,0.65,0.2,1000,restricted_10,aggregation,0.8726842506787728,,,0.7719788339438339
1913,1001,13,5,0.65,0.2,1000,restricted_10,aggregation,0.8727876758410815,,,0.7734074683803851
1914,1001,13,5,0.65,0.2,1000,restricted_10,aggregation,0.8726842506787728,,,0.7738555196115614
1915,1001,13,5,0.65,0.2,1000,restricted_10,aggregation,0.8726842506787728,,,0.7720248497721416
1916,1001,13,5,0.65,0.2,1000,restricted_10,aggregation,0.8726842506787728,,,0.7725043526303944
1917,1001,13,5,0.65,0.2,1000,restricted_10,aggregation,0.8726842506787728,,,0.7703889557433308
1918,1001,13,5,0.65,0.2,1000,restricted_10,aggregation,0.8726842506787728,,,0.7727654340335591
1919,1001,13,5,0.65,0.2,1000,restricted_10,aggregation,0.8726842506787728,,,0.77094195324737
1920,1001,13,5,0.65,0.2,1000,restricted_10,aggregation,0.8726842506787728,,,0.7729671782692616
1921,1001,13,5,0.65,0.2,1000,restricted_10,aggregation,0.8726842506787728,,,0.7725592421236173
1922,1001,13,5,0.65,0.2,1000,restricted_10,aggregation,0.8726842506787728,,,0.7724201653516238
1923,1001,13,5,0.65,0.2,1000,restricted_10,aggregation,0.8726842506787728,,,0.7728767814515731
1924,1001,13,5,0.65,0.2,1000,restricted_10,aggregation,0.8726842506787728,,,0.7717679255543839
1925,1001,13,5,0.65,0.2,1000,restricted_10,aggregation,0.8726842506787728,,,0.7716304276048027
1926,1001,13,5,0.65,0.2,1000,restricted_10,aggregation,0.8726842506787728,,,0.7738564434331101
1927,1001,13,5,0.65,0.2,1000,restricted_10,aggregation,0.8727510511027461,,,0.7741856017978934
1928,1001,13,5,0.65,0.2,1000,restricted_10,aggregation,0.8726842506787728,,,0.7721946094414844
1929,1001,13,5,0.65,0.2,1000,restricted_10,aggregation,0.8726842506787728,,,0.7725958881319299
1930,1001,13,5,0.65,0.2,1000,restricted_10,aggregation,0.8726842506787728,,,0.773068752890628
1931,1001,13,5,0.65,0.2,1000,restricted_10,aggregation,0.8726842506787728,,,0.773444367561451
1932,1001,13,5,0.65,0.2,1000,restricted_10,aggregation,0.872786019020688,,,0.7738361188965357
1933,1001,13,5,0.65,0.2,1000,restricted_10,aggregation,0.8729153905294561,,,0.7736936356698857
1934,1001,13,5,0.65,0.2,1000,restricted_10,aggregation,0.8726842506787728,,,0.7736232680436849
1935,1001,13,5,0.65,0.2,1000,restricted_10,aggregation,0.8726842506787728,,,0.7723135345056179
1936,1001,13,5,0.65,0.2,1000,restricted_10,aggregation,0.8726842506787728,,,0.7721619375840211
1937,1001,13,5,0.65,0.2,1000,restricted_10,aggregation,0.8726842506787728,,,0.77256465662424
1938,1001,13,5,0.65,0.2,1000,restricted_10,aggregation,0.8727278405729121,,,0.7723550822325823
1939,1001,13,5,0.65,0.2,1000,restricted_10,aggregation,0.8726842506787728,,,0.7723356502679419
1940,1001,13,5,0.65,0.2,1000,restricted_10,aggregation,0.8726842506787728,,,0.7719277407160741
1941,1001,13,5,0.65,0.2,1000,restricted_10,aggregation,0.8726842506787728,,,0.7718643489766407
1942,1001,13,5,0.65,0.2,1000,restricted_10,aggregation,0.8726842506787728,,,0.7730519466336133
1943,1001,13,5,0.65,0.2,1000,restricted_10,aggregation,0.8726842506787728,,,0.7735988570919823
1944,1001,13,5,0.65,0.2,1000,restricted_10,aggregation,0.8727987784809361,,,0.7731696414542248
1945,1001,13,5,0.65,0.2,1000,restricted_10,aggregation,0.8726842506787728,,,0.7728556367166785
1946,1001,13,5,0.65,0.2,1000,restricted_10,aggregation,0.8726842506787728,,,0.7726516271305855
1947,1001,13,5,0.65,0.2,1000,restricted_10,aggregation,0.8726842506787728,,,0.7731707575449243
1948,1001,13,5,0.65,0.2,1000,restricted_10,aggregation,0.8726842506787728,,,0.772336166618875
1949,1001,13,5,0.65,0.2,1000,restricted_10,aggregation,0.8726842506787728,,,0.77250593826698
1950,1001,13,5,0.65,0.2,1000,restricted_10,aggregation,0.8726842506787728,,,0.7717240933526351
1951,1001,13,5,0.65,0.2,1000,restricted_10,aggregation,0.8726842506787728,,,0.7726151657678741
1952,1001,13,5,0.65,0.2,1000,restricted_10,aggregation,0.8726842506787728,,,0.7724352738233988
1953,1001,13,5,0.65,0.2,1000,restricted_10,aggregation,0.8726842506787728,,,0.7733880671257756
1954,1001,13,5,0.65,0.2,1000,restricted_10,aggregation,0.8726842506787728,,,0.7727588935293103
1955,1001,13,5,0.65,0.2,1000,restricted_10,aggregation,0.8726842506787728,,,0.7716367515509183
1956,1001,13,5,0.65,0.2,1000,restricted_10,aggregation,0.8726842506787728,,,0.771514755691839
1957,1001,13,5,0.65,0.2,1000,restricted_10,aggregation,0.8730423842442877,,,0.7740107628328462
1958,1001,13,5,0.65,0.2,1000,restricted_10,aggregation,0.8726842506787728,,,0.7720554873059041
1959,1001,13,5,0.65,0.2,1000,restricted_10,aggregation,0.8726842506787728,,,0.7733491017778519
1960,1001,13,5,0.65,0.2,1000,restricted_10,aggregation,0.8728012628657433,,,0.7738737851269102
1961,1001,13,5,0.65,0.2,1000,restricted_10,aggregation,0.8726842506787728,,,0.7710756113947782
1962,1001,13,5,0.65,0.2,1000,restricted_10,aggregation,0.8726842506787728,,,0.7730972067901235
1963,1001,13,5,0.65,0.2,1000,restricted_10,aggregation,0.8726842506787728,,,0.7728963269832021
1964,1001,13,5,0.65,0.2,1000,restricted_10,aggregation,0.8726842506787728,,,0.7741709980914148
1965,1001,13,5,0.65,0.2,1000,restricted_10,aggregation,0.8726842506787728,,,0.7740466880496049
1966,1001,13,5,0.65,0.2,1000,restricted_10,aggregation,0.8726842506787728,,,0.7747886502001087
1967,1001,13,5,0.65,0.2,1000,restricted_10,aggregation,0.8726842506787728,,,0.7721358945838114
1968,1001,13,5,0.65,0.2,1000,restricted_10,aggregation,0.8726842506787728,,,0.7725639579556247
1969,1001,13,5,0.65,0.2,1000,restricted_10,aggregation,0.8726842506787728,,,0.7738091693800028
1970,1001,13,5,0.65,0.2,1000,restricted_10,aggregation,0.8736311900978659,,,0.7753896821619739
1971,1001,13,5,0.65,0.2,1000,restricted_10,aggregation,0.8726842506787728,,,0.7704175591229759
1972,1001,13,5,0.65,0.2,1000,restricted_10,aggregation,0.8726842506787728,,,0.7717998498877666
1973,1001,13,5,0.65,0.2,1000,restricted_10,aggregation,0.8726842506787728,,,0.7717112684383519
1974,1001,13,5,0.65,0.2,1000,restricted_10,aggregation,0.8726842506787728,,,0.7731987139403806
1975,1001,13,5,0.65,0.2,1000,restricted_10,aggregation,0.8726842506787728,,,0.7744652129043796
1976,1001,13,5,0.65,0.2,1000,restricted_10,aggregation,0.8726842506787728,,,0.7728865065027566
1977,1001,13,5,0.65,0.2,1000,restricted_10,aggregation,0.8726842506787728,,,0.7723783781958782
1978,1001,13,5,0.65,0.2,1000,restricted_10,aggregation,0.872773059929045,,,0.7721487988554656
1979,1001,13,5,0.65,0.2,1000,restricted_10,aggregation,0.8726842506787728,,,0.7729024790410208
1980,1001,13,5,0.65,0.2,1000,restricted_10,aggregation,0.8726842506787728,,,0.7732434830293164
1981,1001,13,5,0.65,0.2,1000,restricted_10,aggregation,0.8726842506787728,,,0.7728852394364896
1982,1001,13,5,0.65,0.2,1000,restricted_10,aggregation,0.8726842506787728,,,0.7728516821064738
1983,1001,13,5,0.65,0.2,1000,restricted_10,aggregation,0.8726842506787728,,,0.7716799718645553
1984,1001,13,5,0.65,0.2,1000,restricted_10,aggregation,0.8726842506787728,,,0.7702208548473132
1985,1001,13,5,0.65,0.2,1000,restricted_10,aggregation,0.8726842506787728,,,0.7723810482110484
1986,1001,13,5,0.65,0.2,1000,restricted_10,aggregation,0.8726842506787728,,,0.7722904738856823
1987,1001,13,5,0.65,0.2,1000,restricted_10,aggregation,0.8726842506787728,,,0.7728869238708823
1988,1001,13,5,0.65,0.2,1000,restricted_10,aggregation,0.8733343450654704,,,0.7746082424751175
1989,1001,13,5,0.65,0.2,1000,restricted_10,aggregation,0.8726842506787728,,,0.7712627896794564
1990,1001,13,5,0.65,0.2,1000,restricted_10,aggregation,0.8726842506787728,,,0.7732105386974137
1991,1001,13,5,0.65,0.2,1000,restricted_10,aggregation,0.8726842506787728,,,0.7709905614755616
1992,1001,13,5,0.65,0.2,1000,restricted_10,aggregation,0.8726842506787728,,,0.7731589587881255
1993,1001,13,5,0.65,0.2,1000,restricted_10,aggregation,0.8726842506787728,,,0.7716490062946314
1994,1001,13,5,0.65,0.2,1000,restricted_10,aggregation,0.8726842506787728,,,0.7724257727688979
1995,1001,13,5,0.65,0.2,1000,restricted_10,aggregation,0.8726842506787728,,,0.773338368537327
1996,1001,13,5,0.65,0.2,1000,restricted_10,aggregation,0.8726842506787728,,,0.77211482320149
1997,1001,13,5,0.65,0.2,1000,restricted_10,aggregation,0.8726842506787728,,,0.773091651165193
1998,1001,13,5,0.65,0.2,1000,restricted_10,aggregation,0.8726842506787728,,,0.77348275997151
1999,1001,13,5,0.65,0.2,1000,restricted_10,aggregation,0.8726842506787728,,,0.7712537431627017
2000,1001,13,5,0.65,0.2,1000,restricted_20,aggregation,0.8775481447053909,,,0.7787740412134163
2001,1001,13,5,0.65,0.2,1000,restricted_20,aggregation,0.8783479149878732,,,0.7794252692677693
2002,1001,13,5,0.65,0.2,1000,restricted_20,aggregation,0.8755784359947587,,,0.7776465808419977
2003,1001,13,5,0.65,0.2,1000,restricted_20,aggregation,0.8766025489851816,,,0.7784363834236752
2004,1001,13,5,0.65,0.2,1000,restricted_20,aggregation,0.8754222230475591,,,0.7779573153235655
2005,1001,13,5,0.65,0.2,1000,restricted_20,aggregation,0.8759203647876821,,,0.7779358128522712
2006,1001,13,5,0.65,0.2,1000,restricted_20,aggregation,0.8755012240692577,,,0.7775572990820909
2007,1001,13,5,0.65,0.2,1000,restricted_20,aggregation,0.8753154142483175,,,0.7781389251258002
2008,1001,13,5,0.65,0.2,1000,restricted_20,aggregation,0.8764609700521094,,,0.7785056261022928
2009,1001,13,5,0.65,0.2,1000,restricted_20,aggregation,0.8794861733601049,,,0.7805408265114515
2010,1001,13,5,0.65,0.2,1000,restricted_20,aggregation,0.8762355988946845,,,0.778780053927554
2011,1001,13,5,0.65,0.2,1000,restricted_20,aggregation,0.8766308470248217,,,0.7787974948354116
2012,1001,13,5,0.65,0.2,1000,restricted_20,aggregation,0.8766017767660848,,,0.7789807291319792
2013,1001,13,5,0.65,0.2,1000,restricted_20,aggregation,0.8773538834764758,,,0.7790282809782809
2014,1001,13,5,0.65,0.2,1000,restricted_20,aggregation,0.8762141893415291,,,0.7779270835183336
2015,1001,13,5,0.65,0.2,1000,restricted_20,aggregation,0.8773911514576862,,,0.7790491860531443
2016,1001,13,5,0.65,0.2,1000,restricted_20,aggregation,0.875817422341104,,,0.77818225991601
2017,1001,13,5,0.65,0.2,1000,restricted_20,aggregation,0.8765792136604924,,,0.7788132906830825
2018,1001,13,5,0.65,0.2,1000,restricted_20,aggregation,0.8749809678039683,,,0.77750736994487
2019,1001,13,5,0.65,0.2,1000,restricted_20,aggregation,0.8747711377946081,,,0.7775125710323627
2020,1001,13,5,0.65,0.2,1000,restricted_20,aggregation,0.8765845910243156,,,0.7786955461667963
2021,1001,13,5,0.65,0.2,1000,restricted_20,aggregation,0.876442814662022,,,0.7779695777293694
2022,1001,13,5,0.65,0.2,1000,restricted_20,aggregation,0.8747530597113404,,,0.7770415717461552
2023,1001,13,5,0.65,0.2,1000,restricted_20,aggregation,0.8770127129139959,,,0.7788099344791013
2024,1001,13,5,0.65,0.2,1000,restricted_20,aggregation,0.8768733969346265,,,0.7787847370761953
2025,1001,13,5,0.65,0.2,1000,restricted_20,aggregation,0.8760804308484483,,,0.7782904664779665
2026,1001,13,5,0.65,0.2,1000,restricted_20,aggregation,0.876370746097145,,,0.7787348630998633
2027,1001,13,5,0.65,0.2,1000,restricted_20,aggregation,0.8760725290504225,,,0.7780606328779247
2028,1001,13,5,0.65,0.2,1000,restricted_20,aggregation,0.877039017195556,,,0.7784192664819748
2029,1001,13,5,0.65,0.2,1000,restricted_20,aggregation,0.8768283482078413,,,0.7785112061626646
2030,1001,13,5,0.65,0.2,1000,restricted_20,aggregation,0.8763741749705334,,,0.7784893260828678
2031,1001,13,5,0.65,0.2,1000,restricted_20,aggregation,0.8785071029332847,,,0.7797346041766877
2032,1001,13,5,0.65,0.2,1000,restricted_20,aggregation,0.8785760774739191,,,0.7797526441382692
2033,1001,13,5,0.65,0.2,1000,restricted_20,aggregation,0.8757649549870906,,,0.7779350412550413
2034,1001,13,5,0.65,0.2,1000,restricted_20,aggregation,0.876368955687613,,,0.7784505957468458
2035,1001,13,5,0.65,0.2,1000,restricted_20,aggregation,0.8775980960545973,,,0.7791657538680458
2036,1001,13,5,0.65,0.2,1000,restricted_20,aggregation,0.8747483402036537,,,0.7773496598848684
2037,1001,13,5,0.65,0.2,1000,restricted_20,aggregation,0.8766257005746376,,,0.7786368051161802
2038,1001,13,5,0.65,0.2,1000,restricted_20,aggregation,0.8770743346038948,,,0.7784400845605014
2039,1001,13,5,0.65,0.2,1000,restricted_20,aggregation,0.8744073432577295,,,0.7775249528480779
2040,1001,13,5,0.65,0.2,1000,restricted_20,aggregation,0.8754814890909915,,,0.7779469903399071
2041,1001,13,5,0.65,0.2,1000,restricted_20,aggregation,0.8772077939932956,,,0.7786787320472737
2042,1001,13,5,0.65,0.2,1000,restricted_20,aggregation,0.8751909632050804,,,0.7773792196152614
2043,1001,13,5,0.65,0.2,1000,restricted_20,aggregation,0.8754238820250974,,,0.7779487548716716
2044,1001,13,5,0.65,0.2,1000,restricted_20,aggregation,0.8761611181634639,,,0.7784059290400958
2045,1001,13,5,0.65,0.2,1000,restricted_20,aggregation,0.8750603652846217,,,0.7770842746296914
2046,1001,13,5,0.65,0.2,1000,restricted_20,aggregation,0.8766673267128983,,,0.7783203365384617
2047,1001,13,5,0.65,0.2,1000,restricted_20,aggregation,0.8766247861393051,,,0.7784308209229044
2048,1001,13,5,0.65,0.2,1000,restricted_20,aggregation,0.8754828158014474,,,0.7779304025989443
2049,1001,13,5,0.65,0.2,1000,restricted_20,aggregation,0.8748387218795567,,,0.7773174348491015
2050,1001,13,5,0.65,0.2,1000,restricted_20,aggregation,0.874525785025279,,,0.777058557268349
2051,1001,13,5,0.65,0.2,1000,restricted_20,aggregation,0.8785575355014857,,,0.7795338281086198
2052,1001,13,5,0.65,0.2,1000,restricted_20,aggregation,0.8767291800156558,,,0.778651348543432
2053,1001,13,5,0.65,0.2,1000,restricted_20,aggregation,0.8767339533059221,,,0.778630541665125
2054,1001,13,5,0.65,0.2,1000,restricted_20,aggregation,0.8765889019573344,,,0.7788368791239625
2055,1001,13,5,0.65,0.2,1000,restricted_20,aggregation,0.8751992686526479,,,0.7775575106683441
2056,1001,13,5,0.65,0.2,1000,restricted_20,aggregation,0.8750348208174339,,,0.7774958446337613
2057,1001,13,5,0.65,0.2,1000,restricted_20,aggregation,0.8786322765960691,,,0.779932375348417
2058,1001,13,5,0.65,0.2,1000,restricted_20,aggregation,0.8775402147109014,,,0.7792997935320852
2059,1001,13,5,0.65,0.2,1000,restricted_20,aggregation,0.8780433996510923,,,0.7793161227198727
2060,1001,13,5,0.65,0.2,1000,restricted_20,aggregation,0.8755397143247706,,,0.7776288605992774
2061,1001,13,5,0.65,0.2,1000,restricted_20,aggregation,0.8759303531775653,,,0.7781846134112802
2062,1001,13,5,0.65,0.2,1000,restricted_20,aggregation,0.8765461110737257,,,0.7783688196834031
2063,1001,13,5,0.65,0.2,1000,restricted_20,aggregation,0.8763757921817663,,,0.7783000542590127
2064,1001,13,5,0.65,0.2,1000,restricted_20,aggregation,0.875892948070786,,,0.7785219156614991
2065,1001,13,5,0.65,0.2,1000,restricted_20,aggregation,0.8768763273904958,,,0.7786487938990024
2066,1001,13,5,0.65,0.2,1000,restricted_20,aggregation,0.8747903955714188,,,0.7775023193396112
2067,1001,13,5,0.65,0.2,1000,restricted_20,aggregation,0.8773971455213502,,,0.7792422128642962
2068,1001,13,5,0.65,0.2,1000,restricted_20,aggregation,0.8764841380573802,,,0.7782688115356866
2069,1001,13,5,0.65,0.2,1000,restricted_20,aggregation,0.8745708573007887,,,0.77735511486199
2070,1001,13,5,0.65,0.2,1000,restricted_20,aggregation,0.8756326968331032,,,0.7773549702380953
2071,1001,13,5,0.65,0.2,1000,restricted_20,aggregation,0.8769949500078903,,,0.7790658751048336
2072,1001,13,5,0.65,0.2,1000,restricted_20,aggregation,0.8771885702258251,,,0.7786386203148704
2073,1001,13,5,0.65,0.2,1000,restricted_20,aggregation,0.8765939970807682,,,0.7786618036438869
2074,1001,13,5,0.65,0.2,1000,restricted_20,aggregation,0.8762070351526755,,,0.7783432689378523
2075,1001,13,5,0.65,0.2,1000,restricted_20,aggregation,0.8766017369247925,,,0.7781613732255399
2076,1001,13,5,0.65,0.2,1000,restricted_20,aggregation,0.8748558959881496,,,0.7775859679286764
2077,1001,13,5,0.65,0.2,1000,restricted_20,aggregation,0.8762896630162128,,,0.7787970659278994
2078,1001,13,5,0.65,0.2,1000,restricted_20,aggregation,0.878136700900551,,,0.7798934713743048
2079,1001,13,5,0.65,0.2,1000,restricted_20,aggregation,0.8772915430261263,,,0.7788915867311702
2080,1001,13,5,0.65,0.2,1000,restricted_20,aggregation,0.8779620665080845,,,0.7792633391068807
2081,1001,13,5,0.65,0.2,1000,restricted_20,aggregation,0.875634648162781,,,0.7778985896279647
2082,1001,13,5,0.65,0.2,1000,restricted_20,aggregation,0.8764292208543546,,,0.7783406816100565
2083,1001,13,5,0.65,0.2,1000,restricted_20,aggregation,0.8740259969818586,,,0.7771337530447948
2084,1001,13,5,0.65,0.2,1000,restricted_20,aggregation,0.8772563776280446,,,0.7788249445230696
2085,1001,13,5,0.65,0.2,1000,restricted_20,aggregation,0.8746043344411212,,,0.7774053849468434
2086,1001,13,5,0.65,0.2,1000,restricted_20,aggregation,0.8765070417610317,,,0.778517722316264
2087,1001,13,5,0.65,0.2,1000,restricted_20,aggregation,0.8766476093970083,,,0.7784762348454015
2088,1001,13,5,0.65,0.2,1000,restricted_20,aggregation,0.8769096109413014,,,0.7787325114623032
2089,1001,13,5,0.65,0.2,1000,restricted_20,aggregation,0.8767255338324913,,,0.778621653608737
2090,1001,13,5,0.65,0.2,1000,restricted_20,aggregation,0.8750058631355481,,,0.7775088749984584
2091,1001,13,5,0.65,0.2,1000,restricted_20,aggregation,0.8763821236073126,,,0.7784644336219338
2092,1001,13,5,0.65,0.2,1000,restricted_20,aggregation,0.876495273050393,,,0.7782463255494505
2093,1001,13,5,0.65,0.2,1000,restricted_20,aggregation,0.8754328080514107,,,0.7777366973535724
2094,1001,13,5,0.65,0.2,1000,restricted_20,aggregation,0.8754257185465424,,,0.7776481305808389
2095,1001,13,5,0.65,0.2,1000,restricted_20,aggregation,0.8767587721882428,,,0.7785166724479226
2096,1001,13,5,0.65,0.2,1000,restricted_20,aggregation,0.8774328416213784,,,0.7790537610152194
2097,1001,13,5,0.65,0.2,1000,restricted_20,aggregation,0.8777657371340016,,,0.7793908314447898
2098,1001,13,5,0.65,0.2,1000,restricted_20,aggregation,0.8774732146533956,,,0.7790057071786238
2099,1001,13,5,0.65,0.2,1000,restricted_20,aggregation,0.8785265825298022,,,0.779757961945462
2100,1001,13,5,0.65,0.2,1000,restricted_20,aggregation,0.8744954692979252,,,0.7770456633412886
2101,1001,13,5,0.65,0.2,1000,restricted_20,aggregation,0.8761101049442948,,,0.7776536037573538
2102,1001,13,5,0.65,0.2,1000,restricted_20,aggregation,0.8791324169784848,,,0.7798384381976049
2103,1001,13,5,0.65,0.2,1000,restricted_20,aggregation,0.8732492869620964,,,0.7767785305049889
2104,1001,13,5,0.65,0.2,1000,restricted_20,aggregation,0.8750148497117936,,,0.7773839154826656
2105,1001,13,5,0.65,0.2,1000,restricted_20,aggregation,0.8796027332327746,,,0.7803313552188553
2106,1001,13,5,0.65,0.2,1000,restricted_20,aggregation,0.8784269485855559,,,0.779821638916639
2107,1001,13,5,0.65,0.2,1000,restricted_20,aggregation,0.8761713272622534,,,0.7783447945727113
2108,1001,13,5,0.65,0.2,1000,restricted_20,aggregation,0.876399567943935,,,0.7782521794948878
2109,1001,13,5,0.65,0.2,1000,restricted_20,aggregation,0.8755434567872054,,,0.7778216931525266
2110,1001,13,5,0.65,0.2,1000,restricted_20,aggregation,0.87592550534941,,,0.7781632261873929
2111,1001,13,5,0.65,0.2,1000,restricted_20,aggregation,0.87569195379796,,,0.7782711392619728
2112,1001,13,5,0.65,0.2,1000,restricted_20,aggregation,0.8756856030830625,,,0.7775247939714607
2113,1001,13,5,0.65,0.2,1000,restricted_20,aggregation,0.8776622990318483,,,0.7792282033244535
2114,1001,13,5,0.65,0.2,1000,restricted_20,aggregation,0.8749401807215059,,,0.7772856532433615
2115,1001,13,5,0.65,0.2,1000,restricted_20,aggregation,0.8756200067591556,,,0.7777921993901161
2116,1001,13,5,0.65,0.2,1000,restricted_20,aggregation,0.8770494193000989,,,0.7789554519092019
2117,1001,13,5,0.65,0.2,1000,restricted_20,aggregation,0.8757410436249043,,,0.7779308708960792
2118,1001,13,5,0.65,0.2,1000,restricted_20,aggregation,0.8780650967968928,,,0.7791899482230734
2119,1001,13,5,0.65,0.2,1000,restricted_20,aggregation,0.877440623973237,,,0.7792066088001505
2120,1001,13,5,0.65,0.2,1000,restricted_20,aggregation,0.876612111671837,,,0.7782919541877876
2121,1001,13,5,0.65,0.2,1000,restricted_20,aggregation,0.8783041080995582,,,0.7795161486584403
2122,1001,13,5,0.65,0.2,1000,restricted_20,aggregation,0.8779602156488175,,,0.7795043176422344
2123,1001,13,5,0.65,0.2,1000,restricted_20,aggregation,0.8752634097507802,,,0.7774271092179426
2124,1001,13,5,0.65,0.2,1000,restricted_20,aggregation,0.8754797577620786,,,0.7781301169355337
2125,1001,13,5,0.65,0.2,1000,restricted_20,aggregation,0.8768827276373617,,,0.7787874129497047
2126,1001,13,5,0.65,0.2,1000,restricted_20,aggregation,0.8771103252648667,,,0.7785523535723536
2127,1001,13,5,0.65,0.2,1000,restricted_20,aggregation,0.8743407299183145,,,0.7770758267658269
2128,1001,13,5,0.65,0.2,1000,restricted_20,aggregation,0.877215912712542,,,0.7786568627514461
2129,1001,13,5,0.65,0.2,1000,restricted_20,aggregation,0.8774113229163317,,,0.7789230681664016
2130,1001,13,5,0.65,0.2,1000,restricted_20,aggregation,0.8760871499825869,,,0.7781447332991084
2131,1001,13,5,0.65,0.2,1000,restricted_20,aggregation,0.8784378524350086,,,0.7792992596832181
2132,1001,13,5,0.65,0.2,1000,restricted_20,aggregation,0.8768504240442091,,,0.7786708812869231
2133,1001,13,5,0.65,0.2,1000,restricted_20,aggregation,0.8762026754467228,,,0.7782295100347184
2134,1001,13,5,0.65,0.2,1000,restricted_20,aggregation,0.8775226269719012,,,0.7791125655286072
2135,1001,13,5,0.65,0.2,1000,restricted_20,aggregation,0.8766288792798633,,,0.7784739587264587
2136,1001,13,5,0.65,0.2,1000,restricted_20,aggregation,0.8756382166178084,,,0.7779626202115786
2137,1001,13,5,0.65,0.2,1000,restricted_20,aggregation,0.8739195426750879,,,0.7768046057260641
2138,1001,13,5,0.65,0.2,1000,restricted_20,aggregation,0.87735706363821,,,0.7792480665245248
2139,1001,13,5,0.65,0.2,1000,restricted_20,aggregation,0.876657484246194,,,0.7783615253496504
2140,1001,13,5,0.65,0.2,1000,restricted_20,aggregation,0.8756965310592097,,,0.7776140614401033
2141,1001,13,5,0.65,0.2,1000,restricted_20,aggregation,0.8772941293490795,,,0.7794771293367128
2142,1001,13,5,0.65,0.2,1000,restricted_20,aggregation,0.8753173590192754,,,0.7781608057220558
2143,1001,13,5,0.65,0.2,1000,restricted_20,aggregation,0.874310579827572,,,0.7767513002738002
2144,1001,13,5,0.65,0.2,1000,restricted_20,aggregation,0.8743625261496467,,,0.7773577095975013
2145,1001,13,5,0.65,0.2,1000,restricted_20,aggregation,0.8746370353545206,,,0.7774530383582468
2146,1001,13,5,0.65,0.2,1000,restricted_20,aggregation,0.8751423063685899,,,0.7773851143146977
2147,1001,13,5,0.65,0.2,1000,restricted_20,aggregation,0.8764558757312775,,,0.7783830137146805
2148,1001,13,5,0.65,0.2,1000,restricted_20,aggregation,0.8744594674925363,,,0.7774703269261604
2149,1001,13,5,0.65,0.2,1000,restricted_20,aggregation,0.8773750571402256,,,0.7791987866917034
2150,1001,13,5,0.65,0.2,1000,restricted_20,aggregation,0.8753896045388678,,,0.7779216540326958
2151,1001,13,5,0.65,0.2,1000,restricted_20,aggregation,0.876724250993785,,,0.7785339651320903
2152,1001,13,5,0.65,0.2,1000,restricted_20,aggregation,0.8751243403513858,,,0.7777601976264477
2153,1001,13,5,0.65,0.2,1000,restricted_20,aggregation,0.876707186439663,,,0.7787858657777408
2154,1001,13,5,0.65,0.2,1000,restricted_20,aggregation,0.8754616135927897,,,0.7782248793413378
2155,1001,13,5,0.65,0.2,1000,restricted_20,aggregation,0.8774341071528152,,,0.7784593737358321
2156,1001,13,5,0.65,0.2,1000,restricted_20,aggregation,0.8780173886755143,,,0.7796354273427191
2157,1001,13,5,0.65,0.2,1000,restricted_20,aggregation,0.8744832455138816,,,0.7774896094491929
2158,1001,13,5,0.65,0.2,1000,restricted_20,aggregation,0.8769247995480705,,,0.7784669869482369
2159,1001,13,5,0.65,0.2,1000,restricted_20,aggregation,0.875278871174074,,,0.7778636485351069
2160,1001,13,5,0.65,0.2,1000,restricted_20,aggregation,0.8741827000796399,,,0.7762675630311048
2161,1001,13,5,0.65,0.2,1000,restricted_20,aggregation,0.8743755851465242,,,0.7772082468765803
2162,1001,13,5,0.65,0.2,1000,restricted_20,aggregation,0.8757799597227636,,,0.7783167685015603
2163,1001,13,5,0.65,0.2,1000,restricted_20,aggregation,0.8767508343964595,,,0.7788364636212555
2164,1001,13,5,0.65,0.2,1000,restricted_20,aggregation,0.8764618561060254,,,0.7786391581566583
2165,1001,13,5,0.65,0.2,1000,restricted_20,aggregation,0.8772096959665775,,,0.7787842743984411
2166,1001,13,5,0.65,0.2,1000,restricted_20,aggregation,0.8754055554005465,,,0.7774316493228994
2167,1001,13,5,0.65,0.2,1000,restricted_20,aggregation,0.8758365835372968,,,0.7775465907472159
2168,1001,13,5,0.65,0.2,1000,restricted_20,aggregation,0.8782497289014616,,,0.7793889325797659
2169,1001,13,5,0.65,0.2,1000,restricted_20,aggregation,0.8771447683452233,,,0.7785381353831355
2170,1001,13,5,0.65,0.2,1000,restricted_20,aggregation,0.8787881043988626,,,0.7799746311019229
2171,1001,13,5,0.65,0.2,1000,restricted_20,aggregation,0.8765527674589867,,,0.7787298389187973
2172,1001,13,5,0.65,0.2,1000,restricted_20,aggregation,0.8761590779670839,,,0.7784624857010275
2173,1001,13,5,0.65,0.2,1000,restricted_20,aggregation,0.8763145828661265,,,0.777863464575548
2174,1001,13,5,0.65,0.2,1000,restricted_20,aggregation,0.8772088461157069,,,0.7790863157829826
2175,1001,13,5,0.65,0.2,1000,restricted_20,aggregation,0.8776120359420515,,,0.7792145218516052
2176,1001,13,5,0.65,0.2,1000,restricted_20,aggregation,0.8774141614474168,,,0.7791688594121928
2177,1001,13,5,0.65,0.2,1000,restricted_20,aggregation,0.8753294494254991,,,0.7778454763061015
2178,1001,13,5,0.65,0.2,1000,restricted_20,aggregation,0.8738958481542206,,,0.7769964144189145
2179,1001,13,5,0.65,0.2,1000,restricted_20,aggregation,0.8750350156931418,,,0.7777104495119079
2180,1001,13,5,0.65,0.2,1000,restricted_20,aggregation,0.8756988461738219,,,0.7781098983115651
2181,1001,13,5,0.65,0.2,1000,restricted_20,aggregation,0.8743946177476966,,,0.7764939019776521
2182,1001,13,5,0.65,0.2,1000,restricted_20,aggregation,0.8743859121206525,,,0.7772743600458184
2183,1001,13,5,0.65,0.2,1000,restricted_20,aggregation,0.8756959830737261,,,0.7778306599881601
2184,1001,13,5,0.65,0.2,1000,restricted_20,aggregation,0.8764203346652382,,,0.7787712951246286
2185,1001,13,5,0.65,0.2,1000,restricted_20,aggregation,0.8763041607613675,,,0.7783178063834314
2186,1001,13,5,0.65,0.2,1000,restricted_20,aggregation,0.8743793749420271,,,0.7765865816128318
2187,1001,13,5,0.65,0.2,1000,restricted_20,aggregation,0.880533899653755,,,0.7809463304134139
2188,1001,13,5,0.65,0.2,1000,restricted_20,aggregation,0.8763463115215416,,,0.7781538384763386
2189,1001,13,5,0.65,0.2,1000,restricted_20,aggregation,0.8766480536023056,,,0.7785845166484751
2190,1001,13,5,0.65,0.2,1000,restricted_20,aggregation,0.8782228763859955,,,0.779732560186727
2191,1001,13,5,0.65,0.2,1000,restricted_20,aggregation,0.8769203033358334,,,0.7789588392163393
2192,1001,13,5,0.65,0.2,1000,restricted_20,aggregation,0.8774235821794589,,,0.7791225435444186
2193,1001,13,5,0.65,0.2,1000,restricted_20,aggregation,0.8772855050441437,,,0.778416340588424
2194,1001,13,5,0.65,0.2,1000,restricted_20,aggregation,0.8756579815908568,,,0.7771782564965899
2195,1001,13,5,0.65,0.2,1000,restricted_20,aggregation,0.8765469593111596,,,0.778575574572033
2196,1001,13,5,0.65,0.2,1000,restricted_20,aggregation,0.8761012124779217,,,0.7779502108385443
2197,1001,13,5,0.65,0.2,1000,restricted_20,aggregation,0.8766252816783187,,,0.7786458888025555
2198,1001,13,5,0.65,0.2,1000,restricted_20,aggregation,0.8785664466585288,,,0.7793912697256448
2199,1001,13,5,0.65,0.2,1000,restricted_20,aggregation,0.8757795434260494,,,0.7780734567438735
2200,1001,13,5,0.65,0.2,1000,restricted_20,aggregation,0.8751216695050524,,,0.7773930663318165
2201,1001,13,5,0.65,0.2,1000,restricted_20,aggregation,0.8761788201987083,,,0.7782061166919502
2202,1001,13,5,0.65,0.2,1000,restricted_20,aggregation,0.8749487350856273,,,0.7768225706854875
2203,1001,13,5,0.65,0.2,1000,restricted_20,aggregation,0.8758902838933055,,,0.7778003942816443
2204,1001,13,5,0.65,0.2,1000,restricted_20,aggregation,0.8761600253688218,,,0.7782410784046202
2205,1001,13,5,0.65,0.2,1000,restricted_20,aggregation,0.8773402987630903,,,0.779336620293287
2206,1001,13,5,0.65,0.2,1000,restricted_20,aggregation,0.8774911200951367,,,0.7790163804945055
2207,1001,13,5,0.65,0.2,1000,restricted_20,aggregation,0.8788497251398143,,,0.7801519421550672
2208,1001,13,5,0.65,0.2,1000,restricted_20,aggregation,0.8784724129232387,,,0.7797733661014912
2209,1001,13,5,0.65,0.2,1000,restricted_20,aggregation,0.8749313788395296,,,0.7776377172210506
2210,1001,13,5,0.65,0.2,1000,restricted_20,aggregation,0.8769529223269956,,,0.7784159223955058
2211,1001,13,5,0.65,0.2,1000,restricted_20,aggregation,0.8752769139672518,,,0.7775699757803924
2212,1001,13,5,0.65,0.2,1000,restricted_20,aggregation,0.8787905373533687,,,0.7795975759734094
2213,1001,13,5,0.65,0.2,1000,restricted_20,aggregation,0.8775756745175869,,,0.7792939765635599
2214,1001,13,5,0.65,0.2,1000,restricted_20,aggregation,0.8758042955593507,,,0.7781501611351613
2215,1001,13,5,0.65,0.2,1000,restricted_20,aggregation,0.8752545351553084,,,0.7780032471386639
2216,1001,13,5,0.65,0.2,1000,restricted_20,aggregation,0.8756154749969572,,,0.7783512167847585
2217,1001,13,5,0.65,0.2,1000,restricted_20,aggregation,0.876628540577838,,,0.7786285457058375
2218,1001,13,5,0.65,0.2,1000,restricted_20,aggregation,0.8738667635357391,,,0.7774181617533702
2219,1001,13,5,0.65,0.2,1000,restricted_20,aggregation,0.8778417820007473,,,0.7791802223933475
2220,1001,13,5,0.65,0.2,1000,restricted_20,aggregation,0.8769114646873037,,,0.7783859642903393
2221,1001,13,5,0.65,0.2,1000,restricted_20,aggregation,0.8790391378805497,,,0.7801725601173518
2222,1001,13,5,0.65,0.2,1000,restricted_20,aggregation,0.8778726266698937,,,0.7795655362924113
2223,1001,13,5,0.65,0.2,1000,restricted_20,aggregation,0.8774078594070772,,,0.7793525729209063
2224,1001,13,5,0.65,0.2,1000,restricted_20,aggregation,0.876910731531442,,,0.7784824753024753
2225,1001,13,5,0.65,0.2,1000,restricted_20,aggregation,0.8781063144486949,,,0.7790465523211357
2226,1001,13,5,0.65,0.2,1000,restricted_20,aggregation,0.8776635936080461,,,0.7791593126009794
2227,1001,13,5,0.65,0.2,1000,restricted_20,aggregation,0.8771394657205535,,,0.778561615521824
2228,1001,13,5,0.65,0.2,1000,restricted_20,aggregation,0.8797151448519751,,,0.7806424030753198
2229,1001,13,5,0.65,0.2,1000,restricted_20,aggregation,0.8772399002204779,,,0.7788633103085186
2230,1001,13,5,0.65,0.2,1000,restricted_20,aggregation,0.8768430741010796,,,0.7789072160478411
2231,1001,13,5,0.65,0.2,1000,restricted_20,aggregation,0.8780280285420099,,,0.7793031795288046
2232,1001,13,5,0.65,0.2,1000,restricted_20,aggregation,0.8765740530983859,,,0.7787162259114343
2233,1001,13,5,0.65,0.2,1000,restricted_20,aggregation,0.8770102625845971,,,0.7784251776926777
2234,1001,13,5,0.65,0.2,1000,restricted_20,aggregation,0.8791142462701815,,,0.7802480256780256
2235,1001,13,5,0.65,0.2,1000,restricted_20,aggregation,0.8763013754736382,,,0.7781188256804925
2236,1001,13,5,0.65,0.2,1000,restricted_20,aggregation,0.8736066484033165,,,0.7766978153405238
2237,1001,13,5,0.65,0.2,1000,restricted_20,aggregation,0.8767164714657072,,,0.7782102024056191
2238,1001,13,5,0.65,0.2,1000,restricted_20,aggregation,0.8754767299458815,,,0.7777969166019166
2239,1001,13,5,0.65,0.2,1000,restricted_20,aggregation,0.8758468990986737,,,0.7776706633027468
2240,1001,13,5,0.65,0.2,1000,restricted_20,aggregation,0.8753062045289393,,,0.7780010278687363
2241,1001,13,5,0.65,0.2,1000,restricted_20,aggregation,0.8754953592971143,,,0.7777923370071288
2242,1001,13,5,0.65,0.2,1000,restricted_20,aggregation,0.8749854396088136,,,0.7774170613568531
2243,1001,13,5,0.65,0.2,1000,restricted_20,aggregation,0.8759652124990942,,,0.7784353105228106
2244,1001,13,5,0.65,0.2,1000,restricted_20,aggregation,0.8750851495596697,,,0.776763700566409
2245,1001,13,5,0.65,0.2,1000,restricted_20,aggregation,0.8741880536434321,,,0.7771249347257682
2246,1001,13,5,0.65,0.2,1000,restricted_20,aggregation,0.8779128298249367,,,0.779235424760425
2247,1001,13,5,0.65,0.2,1000,restricted_20,aggregation,0.8753388268193998,,,0.7780938486590572
2248,1001,13,5,0.65,0.2,1000,restricted_20,aggregation,0.8755854944843332,,,0.7778183293558295
2249,1001,13,5,0.65,0.2,1000,restricted_20,aggregation,0.8782411626196082,,,0.7797901026673945
2250,1001,13,5,0.65,0.2,1000,restricted_20,aggregation,0.878001775496779,,,0.779550363849114
2251,1001,13,5,0.65,0.2,1000,restricted_20,aggregation,0.8786843782449915,,,0.7796939037891121
2252,1001,13,5,0.65,0.2,1000,restricted_20,aggregation,0.8750805953737261,,,0.7776201654749572
2253,1001,13,5,0.65,0.2,1000,restricted_20,aggregation,0.8781279094462203,,,0.7792748682259101
2254,1001,13,5,0.65,0.2,1000,restricted_20,aggregation,0.8751320972777241,,,0.7771194232002565
2255,1001,13,5,0.65,0.2,1000,restricted_20,aggregation,0.8786861086606989,,,0.7801171308629643
2256,1001,13,5,0.65,0.2,1000,restricted_20,aggregation,0.874247170990118,,,0.7773531870675622
2257,1001,13,5,0.65,0.2,1000,restricted_20,aggregation,0.8752499862974873,,,0.7775494595605013
2258,1001,13,5,0.65,0.2,1000,restricted_20,aggregation,0.8763484587387378,,,0.7778719794403128
2259,1001,13,5,0.65,0.2,1000,restricted_20,aggregation,0.8757033424961542,,,0.7782607327240662
2260,1001,13,5,0.65,0.2,1000,restricted_20,aggregation,0.877048021851646,,,0.7788208227420728
2261,1001,13,5,0.65,0.2,1000,restricted_20,aggregation,0.8757443018414263,,,0.7775975297464881
2262,1001,13,5,0.65,0.2,1000,restricted_20,aggregation,0.8773855462375597,,,0.7790058934121435
2263,1001,13,5,0.65,0.2,1000,restricted_20,aggregation,0.8760701886178163,,,0.7781967101879601
2264,1001,13,5,0.65,0.2,1000,restricted_20,aggregation,0.8770259955998274,,,0.7784465668976086
2265,1001,13,5,0.65,0.2,1000,restricted_20,aggregation,0.8791782860612442,,,0.7800568783377116
2266,1001,13,5,0.65,0.2,1000,restricted_20,aggregation,0.8772467403097625,,,0.778974618922744
2267,1001,13,5,0.65,0.2,1000,restricted_20,aggregation,0.8793726175281406,,,0.7803927096206265
2268,1001,13,5,0.65,0.2,1000,restricted_20,aggregation,0.8764227362319639,,,0.7786804418960669
2269,1001,13,5,0.65,0.2,1000,restricted_20,aggregation,0.8747650584224297,,,0.7771547535643369
2270,1001,13,5,0.65,0.2,1000,restricted_20,aggregation,0.8761844015200202,,,0.7783451892012311
2271,1001,13,5,0.65,0.2,1000,restricted_20,aggregation,0.8766724696802021,,,0.7788644873876124
2272,1001,13,5,0.65,0.2,1000,restricted_20,aggregation,0.876744438646207,,,0.7782303853245519
2273,1001,13,5,0.65,0.2,1000,restricted_20,aggregation,0.8756044821777983,,,0.7781925507825509
2274,1001,13,5,0.65,0.2,1000,restricted_20,aggregation,0.8751272668946206,,,0.777746081927332
2275,1001,13,5,0.65,0.2,1000,restricted_20,aggregation,0.8763074538639514,,,0.7780554547689964
2276,1001,13,5,0.65,0.2,1000,restricted_20,aggregation,0.875649755336522,,,0.7778016440118524
2277,1001,13,5,0.65,0.2,1000,restricted_20,aggregation,0.875473830397529,,,0.7778276852391436
2278,1001,13,5,0.65,0.2,1000,restricted_20,aggregation,0.8776283266469571,,,0.7794135540770958
2279,1001,13,5,0.65,0.2,1000,restricted_20,aggregation,0.8746021316544952,,,0.7770920743993661
2280,1001,13,5,0.65,0.2,1000,restricted_20,aggregation,0.874854934504253,,,0.7773220648641482
2281,1001,13,5,0.65,0.2,1000,restricted_20,aggregation,0.8770156393044712,,,0.7786613415288416
2282,1001,13,5,0.65,0.2,1000,restricted_20,aggregation,0.8736304594259388,,,0.7761369059952393
2283,1001,13,5,0.65,0.2,1000,restricted_20,aggregation,0.8751591967871607,,,0.7775793624199875
2284,1001,13,5,0.65,0.2,1000,restricted_20,aggregation,0.8761433997134286,,,0.7776722623364292
2285,1001,13,5,0.65,0.2,1000,restricted_20,aggregation,0.8755768400482881,,,0.777869679703013
2286,1001,13,5,0.65,0.2,1000,restricted_20,aggregation,0.8733364531878879,,,0.7763379857719441
2287,1001,13,5,0.65,0.2,1000,restricted_20,aggregation,0.8770167926684656,,,0.7789617651715568
2288,1001,13,5,0.65,0.2,1000,restricted_20,aggregation,0.8759541780891922,,,0.7780944136804554
2289,1001,13,5,0.65,0.2,1000,restricted_20,aggregation,0.875848398755123,,,0.7783373796034213
2290,1001,13,5,0.65,0.2,1000,restricted_20,aggregation,0.8765657960885602,,,0.7780923389881723
2291,1001,13,5,0.65,0.2,1000,restricted_20,aggregation,0.8769848298343774,,,0.7790761847566015
2292,1001,13,5,0.65,0.2,1000,restricted_20,aggregation,0.8762771110396282,,,0.7781461693553361
2293,1001,13,5,0.65,0.2,1000,restricted_20,aggregation,0.8770210295783357,,,0.7789180813245398
2294,1001,13,5,0.65,0.2,1000,restricted_20,aggregation,0.8791289758639007,,,0.7801423193704444
2295,1001,13,5,0.65,0.2,1000,restricted_20,aggregation,0.8778165203981471,,,0.7789186837545172
2296,1001,13,5,0.65,0.2,1000,restricted_20,aggregation,0.8767872289982636,,,0.7785529479625313
2297,1001,13,5,0.65,0.2,1000,restricted_20,aggregation,0.8777428242384133,,,0.7795122926302093
2298,1001,13,5,0.65,0.2,1000,restricted_20,aggregation,0.8769667742294035,,,0.7788710002035002
2299,1001,13,5,0.65,0.2,1000,restricted_20,aggregation,0.8782791137434969,,,0.7793734782116033
2300,1001,13,5,0.65,0.2,1000,restricted_20,aggregation,0.8745895032962209,,,0.7773631987225738
2301,1001,13,5,0.65,0.2,1000,restricted_20,aggregation,0.8758087268647415,,,0.7780652368387785
2302,1001,13,5,0.65,0.2,1000,restricted_20,aggregation,0.8763321482144834,,,0.778124792622501
2303,1001,13,5,0.65,0.2,1000,restricted_20,aggregation,0.8785194432025143,,,0.7798365341371593
2304,1001,13,5,0.65,0.2,1000,restricted_20,aggregation,0.8759610890738021,,,0.7780761184032018
2305,1001,13,5,0.65,0.2,1000,restricted_20,aggregation,0.8747948801802465,,,0.7773015355169522
2306,1001,13,5,0.65,0.2,1000,restricted_20,aggregation,0.8784493136162688,,,0.7796581384664719
2307,1001,13,5,0.65,0.2,1000,restricted_20,aggregation,0.8765297553215348,,,0.7789214622029207
2308,1001,13,5,0.65,0.2,1000,restricted_20,aggregation,0.8768889636460055,,,0.778442137954638
2309,1001,13,5,0.65,0.2,1000,restricted_20,aggregation,0.8752110263213044,,,0.7777490589117674
2310,1001,13,5,0.65,0.2,1000,restricted_20,aggregation,0.875417653276684,,,0.7780021418242252
2311,1001,13,5,0.65,0.2,1000,restricted_20,aggregation,0.8764856560594402,,,0.7784302540360875
2312,1001,13,5,0.65,0.2,1000,restricted_20,aggregation,0.8764828811844037,,,0.7783593216659883
2313,1001,13,5,0.65,0.2,1000,restricted_20,aggregation,0.8757122227692569,,,0.7777337627650128
2314,1001,13,5,0.65,0.2,1000,restricted_20,aggregation,0.8772322789352334,,,0.7786524195326279
2315,1001,13,5,0.65,0.2,1000,restricted_20,aggregation,0.8749510496062349,,,0.7773777340021091
2316,1001,13,5,0.65,0.2,1000,restricted_20,aggregation,0.8760738484262447,,,0.778320799262466
2317,1001,13,5,0.65,0.2,1000,restricted_20,aggregation,0.8764355180167314,,,0.7785285540308458
2318,1001,13,5,0.65,0.2,1000,restricted_20,aggregation,0.8750518734777117,,,0.7777814368810203
2319,1001,13,5,0.65,0.2,1000,restricted_20,aggregation,0.8760506669624277,,,0.7781131222249974
2320,1001,13,5,0.65,0.2,1000,restricted_20,aggregation,0.8766505623349347,,,0.7788653504751422
2321,1001,13,5,0.65,0.2,1000,restricted_20,aggregation,0.8749377579770276,,,0.7774075516381768
2322,1001,13,5,0.65,0.2,1000,restricted_20,aggregation,0.8762157963769523,,,0.7782797007313674
2323,1001,13,5,0.65,0.2,1000,restricted_20,aggregation,0.8745578553287426,,,0.7776618096178514
2324,1001,13,5,0.65,0.2,1000,restricted_20,aggregation,0.8783303568291665,,,0.7794590981240981
2325,1001,13,5,0.65,0.2,1000,restricted_20,aggregation,0.8746330277839856,,,0.7777309380434382
2326,1001,13,5,0.65,0.2,1000,restricted_20,aggregation,0.8752451048509774,,,0.7781114100791185
2327,1001,13,5,0.65,0.2,1000,restricted_20,aggregation,0.8763677384769581,,,0.7787928325378326
2328,1001,13,5,0.65,0.2,1000,restricted_20,aggregation,0.8790453273798343,,,0.7799713021777607
2329,1001,13,5,0.65,0.2,1000,restricted_20,aggregation,0.8747684095459047,,,0.777507602204894
2330,1001,13,5,0.65,0.2,1000,restricted_20,aggregation,0.8777317261401663,,,0.7790913530913531
2331,1001,13,5,0.65,0.2,1000,restricted_20,aggregation,0.8757821868926425,,,0.777902098580432
2332,1001,13,5,0.65,0.2,1000,restricted_20,aggregation,0.87688700048356,,,0.7791322913891664
2333,1001,13,5,0.65,0.2,1000,restricted_20,aggregation,0.8768680031143061,,,0.7788854393754393
2334,1001,13,5,0.65,0.2,1000,restricted_20,aggregation,0.8743507509953748,,,0.7772303678189096
2335,1001,13,5,0.65,0.2,1000,restricted_20,aggregation,0.8770223618760337,,,0.7788504245060496
2336,1001,13,5,0.65,0.2,1000,restricted_20,aggregation,0.8778137892239327,,,0.7794004580142081
2337,1001,13,5,0.65,0.2,1000,restricted_20,aggregation,0.8751086427126761,,,0.7773562212710131
2338,1001,13,5,0.65,0.2,1000,restricted_20,aggregation,0.8772637371645713,,,0.7790119424634009
2339,1001,13,5,0.65,0.2,1000,restricted_20,aggregation,0.8758859287644472,,,0.7782058901515152
2340,1001,13,5,0.65,0.2,1000,restricted_20,aggregation,0.8738824899581404,,,0.7773092945634612
2341,1001,13,5,0.65,0.2,1000,restricted_20,aggregation,0.8749384054992343,,,0.777600287590496
2342,1001,13,5,0.65,0.2,1000,restricted_20,aggregation,0.8767179942173352,,,0.7784128620839038
2343,1001,13,5,0.65,0.2,1000,restricted_20,aggregation,0.8763930083785252,,,0.7783041771885523
2344,1001,13,5,0.65,0.2,1000,restricted_20,aggregation,0.8776121247599212,,,0.7793394599150849
2345,1001,13,5,0.65,0.2,1000,restricted_20,aggregation,0.8780661958169399,,,0.7792328437457605
2346,1001,13,5,0.65,0.2,1000,restricted_20,aggregation,0.8766222003872727,,,0.7786756194191613
2347,1001,13,5,0.65,0.2,1000,restricted_20,aggregation,0.8765248645636765,,,0.7783394350325601
2348,1001,13,5,0.65,0.2,1000,restricted_20,aggregation,0.8767065571489265,,,0.7786159247002997
2349,1001,13,5,0.65,0.2,1000,restricted_20,aggregation,0.8748849053487124,,,0.7774394401354818
2350,1001,13,5,0.65,0.2,1000,restricted_20,aggregation,0.8772145245875688,,,0.7789108787354623
2351,1001,13,5,0.65,0.2,1000,restricted_20,aggregation,0.8748727825108407,,,0.7771418527228946
2352,1001,13,5,0.65,0.2,1000,restricted_20,aggregation,0.8773065984675587,,,0.7789203241434491
2353,1001,13,5,0.65,0.2,1000,restricted_20,aggregation,0.8736030738355346,,,0.7770673590992342
2354,1001,13,5,0.65,0.2,1000,restricted_20,aggregation,0.8769911118515706,,,0.7789418808352143
2355,1001,13,5,0.65,0.2,1000,restricted_20,aggregation,0.8751597214785151,,,0.777136334059459
2356,1001,13,5,0.65,0.2,1000,restricted_20,aggregation,0.8760449071914831,,,0.7774321576725745
2357,1001,13,5,0.65,0.2,1000,restricted_20,aggregation,0.8760167441102015,,,0.778220419318336
2358,1001,13,5,0.65,0.2,1000,restricted_20,aggregation,0.8774857272931281,,,0.778894945548279
2359,1001,13,5,0.65,0.2,1000,restricted_20,aggregation,0.8774275287644341,,,0.7785955617530618
2360,1001,13,5,0.65,0.2,1000,restricted_20,aggregation,0.8776992585637617,,,0.7794373989205241
2361,1001,13,5,0.65,0.2,1000,restricted_20,aggregation,0.875210372904831,,,0.7780349277959695
2362,1001,13,5,0.65,0.2,1000,restricted_20,aggregation,0.8762546214285887,,,0.7781309167530002
2363,1001,13,5,0.65,0.2,1000,restricted_20,aggregation,0.8757049404101569,,,0.7777046249275417
2364,1001,13,5,0.65,0.2,1000,restricted_20,aggregation,0.8765685027089624,,,0.7785260951085953
2365,1001,13,5,0.65,0.2,1000,restricted_20,aggregation,0.8781428479743162,,,0.7796495174963926
2366,1001,13,5,0.65,0.2,1000,restricted_20,aggregation,0.8786187928002707,,,0.7798965255115256
2367,1001,13,5,0.65,0.2,1000,restricted_20,aggregation,0.8739327086468396,,,0.77709917157688
2368,1001,13,5,0.65,0.2,1000,restricted_20,aggregation,0.8783420563776667,,,0.7793633488579322
2369,1001,13,5,0.65,0.2,1000,restricted_20,aggregation,0.8766380491882799,,,0.778583357552941
2370,1001,13,5,0.65,0.2,1000,restricted_20,aggregation,0.876510355422997,,,0.7786229860263194
2371,1001,13,5,0.65,0.2,1000,restricted_20,aggregation,0.876991833846949,,,0.7785828765832934
2372,1001,13,5,0.65,0.2,1000,restricted_20,aggregation,0.8776418218936793,,,0.7789926921535256
2373,1001,13,5,0.65,0.2,1000,restricted_20,aggregation,0.8764236319198231,,,0.7782596900321901
2374,1001,13,5,0.65,0.2,1000,restricted_20,aggregation,0.8771752385596818,,,0.7787919788236456
2375,1001,13,5,0.65,0.2,1000,restricted_20,aggregation,0.875792465397562,,,0.7780965745442828
2376,1001,13,5,0.65,0.2,1000,restricted_20,aggregation,0.8753403938693887,,,0.777291817025567
2377,1001,13,5,0.65,0.2,1000,restricted_20,aggregation,0.8751244043148972,,,0.7776778064836399
2378,1001,13,5,0.65,0.2,1000,restricted_20,aggregation,0.8762451442687017,,,0.7787789711137628
2379,1001,13,5,0.65,0.2,1000,restricted_20,aggregation,0.8747856000461302,,,0.7773747233938901
2380,1001,13,5,0.65,0.2,1000,restricted_20,aggregation,0.8768944437326142,,,0.7789023708621626
2381,1001,13,5,0.65,0.2,1000,restricted_20,aggregation,0.8739362948323499,,,0.7767502130200047
2382,1001,13,5,0.65,0.2,1000,restricted_20,aggregation,0.8769827309769552,,,0.7784230130825964
2383,1001,13,5,0.65,0.2,1000,restricted_20,aggregation,0.8772784148531153,,,0.7790932264263515
2384,1001,13,5,0.65,0.2,1000,restricted_20,aggregation,0.8769832287913605,,,0.7787175286981537
2385,1001,13,5,0.65,0.2,1000,restricted_20,aggregation,0.875880834143521,,,0.777297621575955
2386,1001,13,5,0.65,0.2,1000,restricted_20,aggregation,0.879105109383874,,,0.7801014785214786
2387,1001,13,5,0.65,0.2,1000,restricted_20,aggregation,0.8765366150782521,,,0.7786222950429201
2388,1001,13,5,0.65,0.2,1000,restricted_20,aggregation,0.8773068796681566,,,0.7787950767211185
2389,1001,13,5,0.65,0.2,1000,restricted_20,aggregation,0.880075374345099,,,0.7808358914773499
2390,1001,13,5,0.65,0.2,1000,restricted_20,aggregation,0.8743045421905832,,,0.7772431358841776
2391,1001,13,5,0.65,0.2,1000,restricted_20,aggregation,0.8752666952305744,,,0.7778307055907057
2392,1001,13,5,0.65,0.2,1000,restricted_20,aggregation,0.8750105837510466,,,0.7775170596301847
2393,1001,13,5,0.65,0.2,1000,restricted_20,aggregation,0.8762491672275137,,,0.7786064285251786
2394,1001,13,5,0.65,0.2,1000,restricted_20,aggregation,0.8778164995800266,,,0.7793114091772426
2395,1001,13,5,0.65,0.2,1000,restricted_20,aggregation,0.87537426130797,,,0.7779925605336023
2396,1001,13,5,0.65,0.2,1000,restricted_20,aggregation,0.8764250995318862,,,0.7785173121862706
2397,1001,13,5,0.65,0.2,1000,restricted_20,aggregation,0.8769726867382179,,,0.778623739354781
2398,1001,13,5,0.65,0.2,1000,restricted_20,aggregation,0.8766783519929903,,,0.7786480708489043
2399,1001,13,5,0.65,0.2,1000,restricted_20,aggregation,0.8758345450160665,,,0.7780443309622477
2400,1001,13,5,0.65,0.2,1000,restricted_20,aggregation,0.8768824696299466,,,0.7782123780077947
2401,1001,13,5,0.65,0.2,1000,restricted_20,aggregation,0.8774286492521494,,,0.7792973255833673
2402,1001,13,5,0.65,0.2,1000,restricted_20,aggregation,0.8764370213299673,,,0.7784285415741666
2403,1001,13,5,0.65,0.2,1000,restricted_20,aggregation,0.875558419021145,,,0.7778566337058005
2404,1001,13,5,0.65,0.2,1000,restricted_20,aggregation,0.8760598450562218,,,0.7783249778308111
2405,1001,13,5,0.65,0.2,1000,restricted_20,aggregation,0.878049328289229,,,0.7793536687540854
2406,1001,13,5,0.65,0.2,1000,restricted_20,aggregation,0.8745037220300179,,,0.7771783513708515
2407,1001,13,5,0.65,0.2,1000,restricted_20,aggregation,0.8778645579495434,,,0.7790534336728087
2408,1001,13,5,0.65,0.2,1000,restricted_20,aggregation,0.8765874282082369,,,0.7784782485261652
2409,1001,13,5,0.65,0.2,1000,restricted_20,aggregation,0.8794665500068813,,,0.7803727194718861
2410,1001,13,5,0.65,0.2,1000,restricted_20,aggregation,0.8754545548070052,,,0.7774138203463206
2411,1001,13,5,0.65,0.2,1000,restricted_20,aggregation,0.8785168517071908,,,0.7797307138000888
2412,1001,13,5,0.65,0.2,1000,restricted_20,aggregation,0.8767986313306141,,,0.7787291676764594
2413,1001,13,5,0.65,0.2,1000,restricted_20,aggregation,0.8737206668562305,,,0.776709141537475
2414,1001,13,5,0.65,0.2,1000,restricted_20,aggregation,0.8758962419457915,,,0.7776584071098654
2415,1001,13,5,0.65,0.2,1000,restricted_20,aggregation,0.8754631907445989,,,0.7773576882916468
2416,1001,13,5,0.65,0.2,1000,restricted_20,aggregation,0.8755010203433,,,0.7776706103541521
2417,1001,13,5,0.65,0.2,1000,restricted_20,aggregation,0.8774235860865217,,,0.7792349484774485
2418,1001,13,5,0.65,0.2,1000,restricted_20,aggregation,0.8765137964566626,,,0.7785351548759883
2419,1001,13,5,0.65,0.2,1000,restricted_20,aggregation,0.8745475634830433,,,0.777569999637708
2420,1001,13,5,0.65,0.2,1000,restricted_20,aggregation,0.8751746952967641,,,0.7776975482465066
2421,1001,13,5,0.65,0.2,1000,restricted_20,aggregation,0.8755946903665774,,,0.7780750457258792
2422,1001,13,5,0.65,0.2,1000,restricted_20,aggregation,0.8743670485905227,,,0.7775250538119288
2423,1001,13,5,0.65,0.2,1000,restricted_20,aggregation,0.8753531389353806,,,0.7778342970917972
2424,1001,13,5,0.65,0.2,1000,restricted_20,aggregation,0.87633180233037,,,0.7778651875593543
2425,1001,13,5,0.65,0.2,1000,restricted_20,aggregation,0.8771081143687467,,,0.7790680603038939
2426,1001,13,5,0.65,0.2,1000,restricted_20,aggregation,0.8771172421151816,,,0.778505015324182
2427,1001,13,5,0.65,0.2,1000,restricted_20,aggregation,0.8751251014698774,,,0.7777020680476932
2428,1001,13,5,0.65,0.2,1000,restricted_20,aggregation,0.8778199289474623,,,0.7791485007430842
2429,1001,13,5,0.65,0.2,1000,restricted_20,aggregation,0.8776839217539658,,,0.7789842030423281
2430,1001,13,5,0.65,0.2,1000,restricted_20,aggregation,0.8759900431719898,,,0.7781484498449083
2431,1001,13,5,0.65,0.2,1000,restricted_20,aggregation,0.8774552463775022,,,0.7793611569526154
2432,1001,13,5,0.65,0.2,1000,restricted_20,aggregation,0.8771998919294625,,,0.7789448970705223
2433,1001,13,5,0.65,0.2,1000,restricted_20,aggregation,0.8773136780311067,,,0.7789249015105265
2434,1001,13,5,0.65,0.2,1000,restricted_20,aggregation,0.8760804746080686,,,0.778431410318077
2435,1001,13,5,0.65,0.2,1000,restricted_20,aggregation,0.8767925701895585,,,0.7788146097035682
2436,1001,13,5,0.65,0.2,1000,restricted_20,aggregation,0.8780577362387957,,,0.7791678921772672
2437,1001,13,5,0.65,0.2,1000,restricted_20,aggregation,0.8776205811953275,,,0.7793193519289354
2438,1001,13,5,0.65,0.2,1000,restricted_20,aggregation,0.8739555436737301,,,0.7770922762037347
2439,1001,13,5,0.65,0.2,1000,restricted_20,aggregation,0.8776825976047756,,,0.7789626840520592
2440,1001,13,5,0.65,0.2,1000,restricted_20,aggregation,0.8773933823974223,,,0.7791543208257792
2441,1001,13,5,0.65,0.2,1000,restricted_20,aggregation,0.8770817292412078,,,0.7789388383761301
2442,1001,13,5,0.65,0.2,1000,restricted_20,aggregation,0.8772692892923568,,,0.7791609757988925
2443,1001,13,5,0.65,0.2,1000,restricted_20,aggregation,0.8759636824301779,,,0.7781729135293719
2444,1001,13,5,0.65,0.2,1000,restricted_20,aggregation,0.8733395297447899,,,0.7767364333660167
2445,1001,13,5,0.65,0.2,1000,restricted_20,aggregation,0.8737933809906064,,,0.7771728384501302
2446,1001,13,5,0.65,0.2,1000,restricted_20,aggregation,0.8756610842269891,,,0.7780590924584675
2447,1001,13,5,0.65,0.2,1000,restricted_20,aggregation,0.8747118818178315,,,0.7769646137350305
2448,1001,13,5,0.65,0.2,1000,restricted_20,aggregation,0.8757106165904743,,,0.7780114700114701
2449,1001,13,5,0.65,0.2,1000,restricted_20,aggregation,0.8750481273647687,,,0.7777301864031032
2450,1001,13,5,0.65,0.2,1000,restricted_20,aggregation,0.8768109703989857,,,0.7785355562724313
2451,1001,13,5,0.65,0.2,1000,restricted_20,aggregation,0.876531286781508,,,0.7785574249670084
2452,1001,13,5,0.65,0.2,1000,restricted_20,aggregation,0.8740238925980791,,,0.7768841255503756
2453,1001,13,5,0.65,0.2,1000,restricted_20,aggregation,0.8761054071009963,,,0.7779215228367313
2454,1001,13,5,0.65,0.2,1000,restricted_20,aggregation,0.8774819031957068,,,0.779211282613991
2455,1001,13,5,0.65,0.2,1000,restricted_20,aggregation,0.8760523816500472,,,0.7778128159648994
2456,1001,13,5,0.65,0.2,1000,restricted_20,aggregation,0.8774830529508236,,,0.7790073298769133
2457,1001,13,5,0.65,0.2,1000,restricted_20,aggregation,0.8776711401534164,,,0.77932138814118
2458,1001,13,5,0.65,0.2,1000,restricted_20,aggregation,0.8773772919754791,,,0.7781342858222026
2459,1001,13,5,0.65,0.2,1000,restricted_20,aggregation,0.8764231330174812,,,0.7784124772295606
2460,1001,13,5,0.65,0.2,1000,restricted_20,aggregation,0.876274530005188,,,0.7781327063522898
2461,1001,13,5,0.65,0.2,1000,restricted_20,aggregation,0.8753836509477888,,,0.7774496965534465
2462,1001,13,5,0.65,0.2,1000,restricted_20,aggregation,0.8749309871181404,,,0.7778352174214674
2463,1001,13,5,0.65,0.2,1000,restricted_20,aggregation,0.8739938290528007,,,0.7772948661677829
2464,1001,13,5,0.65,0.2,1000,restricted_20,aggregation,0.8749507639365179,,,0.7774711515721933
2465,1001,13,5,0.65,0.2,1000,restricted_20,aggregation,0.8767131166070368,,,0.7785840626811462
2466,1001,13,5,0.65,0.2,1000,restricted_20,aggregation,0.8780683006448337,,,0.778915344570553
2467,1001,13,5,0.65,0.2,1000,restricted_20,aggregation,0.875143056549448,,,0.7779003738699573
2468,1001,13,5,0.65,0.2,1000,restricted_20,aggregation,0.8743020266553352,,,0.7771444620194622
2469,1001,13,5,0.65,0.2,1000,restricted_20,aggregation,0.8738102530324113,,,0.7765266906396073
2470,1001,13,5,0.65,0.2,1000,restricted_20,aggregation,0.8743894317773183,,,0.7775596608638276
2471,1001,13,5,0.65,0.2,1000,restricted_20,aggregation,0.8785737670213288,,,0.7799811738338822
2472,1001,13,5,0.65,0.2,1000,restricted_20,aggregation,0.8759824022749853,,,0.7775616362264279
2473,1001,13,5,0.65,0.2,1000,restricted_20,aggregation,0.8757974530811686,,,0.7783609118504954
2474,1001,13,5,0.65,0.2,1000,restricted_20,aggregation,0.876557352332118,,,0.7784367285261036
2475,1001,13,5,0.65,0.2,1000,restricted_20,aggregation,0.8777633482015157,,,0.7795245131026382
2476,1001,13,5,0.65,0.2,1000,restricted_20,aggregation,0.8768883017587212,,,0.7784877081560415
2477,1001,13,5,0.65,0.2,1000,restricted_20,aggregation,0.8756197282235059,,,0.778451950988826
2478,1001,13,5,0.65,0.2,1000,restricted_20,aggregation,0.876163448985217,,,0.7784691833475168
2479,1001,13,5,0.65,0.2,1000,restricted_20,aggregation,0.8772209742513442,,,0.7791316881806466
2480,1001,13,5,0.65,0.2,1000,restricted_20,aggregation,0.8756938906081422,,,0.7777024068755319
2481,1001,13,5,0.65,0.2,1000,restricted_20,aggregation,0.8762452402049882,,,0.7780736999343251
2482,1001,13,5,0.65,0.2,1000,restricted_20,aggregation,0.8763115522308593,,,0.778304097260764
2483,1001,13,5,0.65,0.2,1000,restricted_20,aggregation,0.8771254187194,,,0.7789209689461774
2484,1001,13,5,0.65,0.2,1000,restricted_20,aggregation,0.8775794212982253,,,0.7795853315742899
2485,1001,13,5,0.65,0.2,1000,restricted_20,aggregation,0.8759692457090302,,,0.7781242361496528
2486,1001,13,5,0.65,0.2,1000,restricted_20,aggregation,0.877537705945369,,,0.7790221102431519
2487,1001,13,5,0.65,0.2,1000,restricted_20,aggregation,0.8775849507726127,,,0.7791744489152823
2488,1001,13,5,0.65,0.2,1000,restricted_20,aggregation,0.8767124134519938,,,0.7786977073620825
2489,1001,13,5,0.65,0.2,1000,restricted_20,aggregation,0.8784715841570314,,,0.7797084582161665
2490,1001,13,5,0.65,0.2,1000,restricted_20,aggregation,0.8741290409168702,,,0.7770386546786548
2491,1001,13,5,0.65,0.2,1000,restricted_20,aggregation,0.8765396988092523,,,0.7788978803912138
2492,1001,13,5,0.65,0.2,1000,restricted_20,aggregation,0.8761922253380173,,,0.7783482200361368
2493,1001,13,5,0.65,0.2,1000,restricted_20,aggregation,0.877564245431319,,,0.7796430950145534
2494,1001,13,5,0.65,0.2,1000,restricted_20,aggregation,0.8741464646777704,,,0.7768790765484516
2495,1001,13,5,0.65,0.2,1000,restricted_20,aggregation,0.8777139576578956,,,0.7792330430449181
2496,1001,13,5,0.65,0.2,1000,restricted_20,aggregation,0.8735078438510827,,,0.7772382422515757
2497,1001,13,5,0.65,0.2,1000,restricted_20,aggregation,0.8753793186588883,,,0.7776858594877346
2498,1001,13,5,0.65,0.2,1000,restricted_20,aggregation,0.8762190104496425,,,0.7782163573001074
2499,1001,13,5,0.65,0.2,1000,restricted_20,aggregation,0.876254367790692,,,0.7782186919407753
2500,1001,13,5,0.65,0.2,1000,restricted_20,aggregation,0.8737655743032507,,,0.7769600605721441
2501,1001,13,5,0.65,0.2,1000,restricted_20,aggregation,0.8764742429257706,,,0.778531372076997
2502,1001,13,5,0.65,0.2,1000,restricted_20,aggregation,0.877244456444036,,,0.7785831290931292
2503,1001,13,5,0.65,0.2,1000,restricted_20,aggregation,0.8746523541940857,,,0.7775127951986286
2504,1001,13,5,0.65,0.2,1000,restricted_20,aggregation,0.8771959313824546,,,0.7788339306295557
2505,1001,13,5,0.65,0.2,1000,restricted_20,aggregation,0.8743236276981103,,,0.7771061253638338
2506,1001,13,5,0.65,0.2,1000,restricted_20,aggregation,0.8760458451547676,,,0.7784505811318312
2507,1001,13,5,0.65,0.2,1000,restricted_20,aggregation,0.8770318168183503,,,0.7789749174205424
2508,1001,13,5,0.65,0.2,1000,restricted_20,aggregation,0.876310184875333,,,0.7784356719592137
2509,1001,13,5,0.65,0.2,1000,restricted_20,aggregation,0.8774783336666099,,,0.7791766357099691
2510,1001,13,5,0.65,0.2,1000,restricted_20,aggregation,0.8753285887305791,,,0.7775106985992403
2511,1001,13,5,0.65,0.2,1000,restricted_20,aggregation,0.8759294754598955,,,0.7779352615363033
2512,1001,13,5,0.65,0.2,1000,restricted_20,aggregation,0.8768989015982962,,,0.7789861576771995
2513,1001,13,5,0.65,0.2,1000,restricted_20,aggregation,0.8755504879899133,,,0.7781070755864506
2514,1001,13,5,0.65,0.2,1000,restricted_20,aggregation,0.8774033860013567,,,0.7789201883456052
2515,1001,13,5,0.65,0.2,1000,restricted_20,aggregation,0.8763939466404617,,,0.7781482177390511
2516,1001,13,5,0.65,0.2,1000,restricted_20,aggregation,0.8774858817377915,,,0.7790027875519542
2517,1001,13,5,0.65,0.2,1000,restricted_20,aggregation,0.8748028505158992,,,0.777561463158755
2518,1001,13,5,0.65,0.2,1000,restricted_20,aggregation,0.8775146233769671,,,0.7793387081976666
2519,1001,13,5,0.65,0.2,1000,restricted_20,aggregation,0.8752489260337201,,,0.7779170867789618
2520,1001,13,5,0.65,0.2,1000,restricted_20,aggregation,0.8756896597912105,,,0.7781011248627916
2521,1001,13,5,0.65,0.2,1000,restricted_20,aggregation,0.8776061086427704,,,0.7795002859871611
2522,1001,13,5,0.65,0.2,1000,restricted_20,aggregation,0.8765219954769788,,,0.7781998553067304
2523,1001,13,5,0.65,0.2,1000,restricted_20,aggregation,0.8757414067357235,,,0.7778853160959411
2524,1001,13,5,0.65,0.2,1000,restricted_20,aggregation,0.8753771199437467,,,0.7781547988662573
2525,1001,13,5,0.65,0.2,1000,restricted_20,aggregation,0.8760957757588167,,,0.778161771253438
2526,1001,13,5,0.65,0.2,1000,restricted_20,aggregation,0.8765958129125215,,,0.7784549921066588
2527,1001,13,5,0.65,0.2,1000,restricted_20,aggregation,0.8741549218822822,,,0.7770876105453189
2528,1001,13,5,0.65,0.2,1000,restricted_20,aggregation,0.8758345057700853,,,0.7780507152646736
2529,1001,13,5,0.65,0.2,1000,restricted_20,aggregation,0.8767430112218524,,,0.7788089933523268
2530,1001,13,5,0.65,0.2,1000,restricted_20,aggregation,0.8750982089475003,,,0.7777064613704198
2531,1001,13,5,0.65,0.2,1000,restricted_20,aggregation,0.8775747522258813,,,0.7790615165004748
2532,1001,13,5,0.65,0.2,1000,restricted_20,aggregation,0.8771416020287754,,,0.7783927009024926
2533,1001,13,5,0.65,0.2,1000,restricted_20,aggregation,0.8762633611044577,,,0.7785193497397666
2534,1001,13,5,0.65,0.2,1000,restricted_20,aggregation,0.8762959310738065,,,0.7786426556545306
2535,1001,13,5,0.65,0.2,1000,restricted_20,aggregation,0.8771327562871851,,,0.7788564391395643
2536,1001,13,5,0.65,0.2,1000,restricted_20,aggregation,0.8745890976671555,,,0.7773436681836684
2537,1001,13,5,0.65,0.2,1000,restricted_20,aggregation,0.8744374884087008,,,0.7773287260116427
2538,1001,13,5,0.65,0.2,1000,restricted_20,aggregation,0.8739333872441943,,,0.7770630166053084
2539,1001,13,5,0.65,0.2,1000,restricted_20,aggregation,0.8750220100764177,,,0.7775100340092008
2540,1001,13,5,0.65,0.2,1000,restricted_20,aggregation,0.8777707730033816,,,0.7795588296811214
2541,1001,13,5,0.65,0.2,1000,restricted_20,aggregation,0.8756834416236525,,,0.7779289800939801
2542,1001,13,5,0.65,0.2,1000,restricted_20,aggregation,0.8777456138720912,,,0.7790194967532469
2543,1001,13,5,0.65,0.2,1000,restricted_20,aggregation,0.8762759393774558,,,0.7784302179610514
2544,1001,13,5,0.65,0.2,1000,restricted_20,aggregation,0.8741555211466343,,,0.776740464905465
2545,1001,13,5,0.65,0.2,1000,restricted_20,aggregation,0.8791872342319655,,,0.7799250433362934
2546,1001,13,5,0.65,0.2,1000,restricted_20,aggregation,0.8733605490180427,,,0.7764834745732663
2547,1001,13,5,0.65,0.2,1000,restricted_20,aggregation,0.8760744034148394,,,0.7780739294655963
2548,1001,13,5,0.65,0.2,1000,restricted_20,aggregation,0.8749905673110707,,,0.7776088440340525
2549,1001,13,5,0.65,0.2,1000,restricted_20,aggregation,0.8754773878163673,,,0.7779776744474662
2550,1001,13,5,0.65,0.2,1000,restricted_20,aggregation,0.8756646060803743,,,0.7778736435555186
2551,1001,13,5,0.65,0.2,1000,restricted_20,aggregation,0.8771628653749564,,,0.7788680122423872
2552,1001,13,5,0.65,0.2,1000,restricted_20,aggregation,0.8773345873985468,,,0.7789353889089307
2553,1001,13,5,0.65,0.2,1000,restricted_20,aggregation,0.8760047898825992,,,0.7778042922047089
2554,1001,13,5,0.65,0.2,1000,restricted_20,aggregation,0.874424027739669,,,0.7774687839012839
2555,1001,13,5,0.65,0.2,1000,restricted_20,aggregation,0.8752473892630908,,,0.7775653419651337
2556,1001,13,5,0.65,0.2,1000,restricted_20,aggregation,0.8760729450890676,,,0.7780271290823375
2557,1001,13,5,0.65,0.2,1000,restricted_20,aggregation,0.8788391249771782,,,0.7797952017735351
2558,1001,13,5,0.65,0.2,1000,restricted_20,aggregation,0.8763980228776359,,,0.7784708370564621
2559,1001,13,5,0.65,0.2,1000,restricted_20,aggregation,0.8779538834052654,,,0.779277857389524
2560,1001,13,5,0.65,0.2,1000,restricted_20,aggregation,0.8760347049405492,,,0.7781239921344089
2561,1001,13,5,0.65,0.2,1000,restricted_20,aggregation,0.8762834626176367,,,0.77839776986902
2562,1001,13,5,0.65,0.2,1000,restricted_20,aggregation,0.8772909279322918,,,0.7786686894741062
2563,1001,13,5,0.65,0.2,1000,restricted_20,aggregation,0.8767571939174795,,,0.7787899086715754
2564,1001,13,5,0.65,0.2,1000,restricted_20,aggregation,0.876789619110696,,,0.7781237438718688
2565,1001,13,5,0.65,0.2,1000,restricted_20,aggregation,0.8742194856979244,,,0.7772486806788891
2566,1001,13,5,0.65,0.2,1000,restricted_20,aggregation,0.875696227042386,,,0.7776096209037876
2567,1001,13,5,0.65,0.2,1000,restricted_20,aggregation,0.8757295636209155,,,0.7781675036460454
2568,1001,13,5,0.65,0.2,1000,restricted_20,aggregation,0.8754657348150792,,,0.7777809673043008
2569,1001,13,5,0.65,0.2,1000,restricted_20,aggregation,0.8748465397072989,,,0.7774651295078379
2570,1001,13,5,0.65,0.2,1000,restricted_20,aggregation,0.8766925846948999,,,0.778694821821697
2571,1001,13,5,0.65,0.2,1000,restricted_20,aggregation,0.8745253845837334,,,0.7773647506351674
2572,1001,13,5,0.65,0.2,1000,restricted_20,aggregation,0.8750815725230413,,,0.7779008482875149
2573,1001,13,5,0.65,0.2,1000,restricted_20,aggregation,0.8752099748978202,,,0.7774744926061594
2574,1001,13,5,0.65,0.2,1000,restricted_20,aggregation,0.8767510921037478,,,0.7789096404213072
2575,1001,13,5,0.65,0.2,1000,restricted_20,aggregation,0.8760872479948405,,,0.7785627450712868
2576,1001,13,5,0.65,0.2,1000,restricted_20,aggregation,0.8747496615361293,,,0.7769668054553471
2577,1001,13,5,0.65,0.2,1000,restricted_20,aggregation,0.8768516526623854,,,0.7781823860861362
2578,1001,13,5,0.65,0.2,1000,restricted_20,aggregation,0.8744607262801732,,,0.7775981639502474
2579,1001,13,5,0.65,0.2,1000,restricted_20,aggregation,0.875515329929433,,,0.7778623428808846
2580,1001,13,5,0.65,0.2,1000,restricted_20,aggregation,0.8737510118757615,,,0.7771819077604496
2581,1001,13,5,0.65,0.2,1000,restricted_20,aggregation,0.8752484443827798,,,0.777871423491632
2582,1001,13,5,0.65,0.2,1000,restricted_20,aggregation,0.8775592541927537,,,0.7789519013933598
2583,1001,13,5,0.65,0.2,1000,restricted_20,aggregation,0.8764172105134443,,,0.7791086057306891
2584,1001,13,5,0.65,0.2,1000,restricted_20,aggregation,0.8774509193201008,,,0.7789082253857255
2585,1001,13,5,0.65,0.2,1000,restricted_20,aggregation,0.87661119148811,,,0.7785115845882514
2586,1001,13,5,0.65,0.2,1000,restricted_20,aggregation,0.8737336504970036,,,0.7763171758103009
2587,1001,13,5,0.65,0.2,1000,restricted_20,aggregation,0.8758291410641154,,,0.778441356321148
2588,1001,13,5,0.65,0.2,1000,restricted_20,aggregation,0.8753865397636963,,,0.7778278955381038
2589,1001,13,5,0.65,0.2,1000,restricted_20,aggregation,0.8762115032596168,,,0.7781504030383197
2590,1001,13,5,0.65,0.2,1000,restricted_20,aggregation,0.8758017700386844,,,0.7779619554519556
2591,1001,13,5,0.65,0.2,1000,restricted_20,aggregation,0.8764355388226704,,,0.7785318504951838
2592,1001,13,5,0.65,0.2,1000,restricted_20,aggregation,0.8749512752909157,,,0.7776419929222014
2593,1001,13,5,0.65,0.2,1000,restricted_20,aggregation,0.8756303095854692,,,0.7783464487981155
2594,1001,13,5,0.65,0.2,1000,restricted_20,aggregation,0.8757470422704628,,,0.777649109555568
2595,1001,13,5,0.65,0.2,1000,restricted_20,aggregation,0.8784049945990061,,,0.7791951164499082
2596,1001,13,5,0.65,0.2,1000,restricted_20,aggregation,0.8742166090267817,,,0.7772525058120892
2597,1001,13,5,0.65,0.2,1000,restricted_20,aggregation,0.8776735429527672,,,0.7792397152924238
2598,1001,13,5,0.65,0.2,1000,restricted_20,aggregation,0.8758762367895407,,,0.7782341774275108
2599,1001,13,5,0.65,0.2,1000,restricted_20,aggregation,0.8765635682353393,,,0.7784070955125123
2600,1001,13,5,0.65,0.2,1000,restricted_20,aggregation,0.87424619561801,,,0.7769311498686499
2601,1001,13,5,0.65,0.2,1000,restricted_20,aggregation,0.8764375974584054,,,0.7783390614092698
2602,1001,13,5,0.65,0.2,1000,restricted_20,aggregation,0.8759761462514668,,,0.7779549555305806
2603,1001,13,5,0.65,0.2,1000,restricted_20,aggregation,0.8765397977512971,,,0.7783658971198556
2604,1001,13,5,0.65,0.2,1000,restricted_20,aggregation,0.8760886140748959,,,0.7780783655464906
2605,1001,13,5,0.65,0.2,1000,restricted_20,aggregation,0.8754822163469539,,,0.7773752818631986
2606,1001,13,5,0.65,0.2,1000,restricted_20,aggregation,0.8776388451659628,,,0.7791599326984744
2607,1001,13,5,0.65,0.2,1000,restricted_20,aggregation,0.878513899520005,,,0.7796798185225269
2608,1001,13,5,0.65,0.2,1000,restricted_20,aggregation,0.8772894140145943,,,0.7792427565335899
2609,1001,13,5,0.65,0.2,1000,restricted_20,aggregation,0.8746053288467385,,,0.7772314135401636
2610,1001,13,5,0.65,0.2,1000,restricted_20,aggregation,0.8749648733730381,,,0.7775627615054699
2611,1001,13,5,0.65,0.2,1000,restricted_20,aggregation,0.8754115483573763,,,0.777547892331434
2612,1001,13,5,0.65,0.2,1000,restricted_20,aggregation,0.8760187718672733,,,0.7780223769363355
2613,1001,13,5,0.65,0.2,1000,restricted_20,aggregation,0.8786182595638181,,,0.779464096898472
2614,1001,13,5,0.65,0.2,1000,restricted_20,aggregation,0.8770973760363313,,,0.7791960006120423
2615,1001,13,5,0.65,0.2,1000,restricted_20,aggregation,0.8762518486145912,,,0.7782010694552361
2616,1001,13,5,0.65,0.2,1000,restricted_20,aggregation,0.8768486679734596,,,0.7786778341334591
2617,1001,13,5,0.65,0.2,1000,restricted_20,aggregation,0.8783981238837418,,,0.77988677984053
2618,1001,13,5,0.65,0.2,1000,restricted_20,aggregation,0.8760514062463448,,,0.7780766800791802
2619,1001,13,5,0.65,0.2,1000,restricted_20,aggregation,0.8740907997111338,,,0.7768752740083991
2620,1001,13,5,0.65,0.2,1000,restricted_20,aggregation,0.8738713141248778,,,0.7773114514729098
2621,1001,13,5,0.65,0.2,1000,restricted_20,aggregation,0.8762087998215805,,,0.778758155239822
2622,1001,13,5,0.65,0.2,1000,restricted_20,aggregation,0.8780373343490427,,,0.7793458975977727
2623,1001,13,5,0.65,0.2,1000,restricted_20,aggregation,0.8785679345832809,,,0.779302973993599
2624,1001,13,5,0.65,0.2,1000,restricted_20,aggregation,0.8774147272567943,,,0.7795417234848486
2625,1001,13,5,0.65,0.2,1000,restricted_20,aggregation,0.8773900494632788,,,0.7787313948782699
2626,1001,13,5,0.65,0.2,1000,restricted_20,aggregation,0.8758316516542486,,,0.7778020333293251
2627,1001,13,5,0.65,0.2,1000,restricted_20,aggregation,0.8757866419873638,,,0.7782322196861782
2628,1001,13,5,0.65,0.2,1000,restricted_20,aggregation,0.8757548856653099,,,0.7783020282803617
2629,1001,13,5,0.65,0.2,1000,restricted_20,aggregation,0.8755388870567152,,,0.7777186854657688
2630,1001,13,5,0.65,0.2,1000,restricted_20,aggregation,0.8747222684229771,,,0.7771282267269768
2631,1001,13,5,0.65,0.2,1000,restricted_20,aggregation,0.8749300014309904,,,0.7771605823420407
2632,1001,13,5,0.65,0.2,1000,restricted_20,aggregation,0.8768471082865339,,,0.7785979862344445
2633,1001,13,5,0.65,0.2,1000,restricted_20,aggregation,0.8760041028080914,,,0.7781083966419383
2634,1001,13,5,0.65,0.2,1000,restricted_20,aggregation,0.8765953055180221,,,0.7785553520013938
2635,1001,13,5,0.65,0.2,1000,restricted_20,aggregation,0.8759745423801301,,,0.7780548710779961
2636,1001,13,5,0.65,0.2,1000,restricted_20,aggregation,0.8782050751380662,,,0.7793974145684563
2637,1001,13,5,0.65,0.2,1000,restricted_20,aggregation,0.8779929461879329,,,0.7791993371751706
2638,1001,13,5,0.65,0.2,1000,restricted_20,aggregation,0.8782279102488744,,,0.7795832807547391
2639,1001,13,5,0.65,0.2,1000,restricted_20,aggregation,0.8783085119355493,,,0.7795704338871006
2640,1001,13,5,0.65,0.2,1000,restricted_20,aggregation,0.8759700441710263,,,0.7783218245874497
2641,1001,13,5,0.65,0.2,1000,restricted_20,aggregation,0.8763824991590646,,,0.7783459547628298
2642,1001,13,5,0.65,0.2,1000,restricted_20,aggregation,0.8750966751653009,,,0.7775434402942737
2643,1001,13,5,0.65,0.2,1000,restricted_20,aggregation,0.8752400787708048,,,0.7774097674547675
2644,1001,13,5,0.65,0.2,1000,restricted_20,aggregation,0.8760671745396915,,,0.7783375017189601
2645,1001,13,5,0.65,0.2,1000,restricted_20,aggregation,0.877339613808614,,,0.7786725833965418
2646,1001,13,5,0.65,0.2,1000,restricted_20,aggregation,0.8750385750434776,,,0.7776175357512859
2647,1001,13,5,0.65,0.2,1000,restricted_20,aggregation,0.8766337899443777,,,0.7784414770646021
2648,1001,13,5,0.65,0.2,1000,restricted_20,aggregation,0.8752802661536814,,,0.7774260542543878
2649,1001,13,5,0.65,0.2,1000,restricted_20,aggregation,0.8757555207577531,,,0.7781391205245374
2650,1001,13,5,0.65,0.2,1000,restricted_20,aggregation,0.8772194552148306,,,0.7788351451788953
2651,1001,13,5,0.65,0.2,1000,restricted_20,aggregation,0.8760031105582344,,,0.7784340756388674
2652,1001,13,5,0.65,0.2,1000,restricted_20,aggregation,0.8764713050388659,,,0.7784985042580876
2653,1001,13,5,0.65,0.2,1000,restricted_20,aggregation,0.8753766093846048,,,0.7777938906155574
2654,1001,13,5,0.65,0.2,1000,restricted_20,aggregation,0.8774320516449197,,,0.7791110373499958
2655,1001,13,5,0.65,0.2,1000,restricted_20,aggregation,0.8765410021258815,,,0.7783437798235715
2656,1001,13,5,0.65,0.2,1000,restricted_20,aggregation,0.8752986367376168,,,0.7776034276140528
2657,1001,13,5,0.65,0.2,1000,restricted_20,aggregation,0.878157660778841,,,0.779574935697019
2658,1001,13,5,0.65,0.2,1000,restricted_20,aggregation,0.8731397842857685,,,0.7759642765567767
2659,1001,13,5,0.65,0.2,1000,restricted_20,aggregation,0.875399986779777,,,0.7778162921877507
2660,1001,13,5,0.65,0.2,1000,restricted_20,aggregation,0.8767256110353803,,,0.7787068077678495
2661,1001,13,5,0.65,0.2,1000,restricted_20,aggregation,0.8773618134571421,,,0.778876897215439
2662,1001,13,5,0.65,0.2,1000,restricted_20,aggregation,0.8735435822410954,,,0.7762177057279142
2663,1001,13,5,0.65,0.2,1000,restricted_20,aggregation,0.8778342451793754,,,0.779176750348417
2664,1001,13,5,0.65,0.2,1000,restricted_20,aggregation,0.874650652069437,,,0.7771379775779776
2665,1001,13,5,0.65,0.2,1000,restricted_20,aggregation,0.8760241975092333,,,0.7780154892329894
2666,1001,13,5,0.65,0.2,1000,restricted_20,aggregation,0.8748168343962048,,,0.7776354842148593
2667,1001,13,5,0.65,0.2,1000,restricted_20,aggregation,0.877582717441624,,,0.7793217668519753
2668,1001,13,5,0.65,0.2,1000,restricted_20,aggregation,0.8755984968443538,,,0.7781820165405584
2669,1001,13,5,0.65,0.2,1000,restricted_20,aggregation,0.8748104993318723,,,0.7770881194037444
2670,1001,13,5,0.65,0.2,1000,restricted_20,aggregation,0.8785966257982434,,,0.7799132534055452
2671,1001,13,5,0.65,0.2,1000,restricted_20,aggregation,0.8772026339303668,,,0.7789383706725375
2672,1001,13,5,0.65,0.2,1000,restricted_20,aggregation,0.8776118589719811,,,0.7791508334643752
2673,1001,13,5,0.65,0.2,1000,restricted_20,aggregation,0.8747286862304895,,,0.7772137339589423
2674,1001,13,5,0.65,0.2,1000,restricted_20,aggregation,0.8755824690388715,,,0.7781369042994043
2675,1001,13,5,0.65,0.2,1000,restricted_20,aggregation,0.8774183966574378,,,0.7792097777222778
2676,1001,13,5,0.65,0.2,1000,restricted_20,aggregation,0.8763139415586314,,,0.7779871759644676
2677,1001,13,5,0.65,0.2,1000,restricted_20,aggregation,0.8778627448835378,,,0.7794492488684156
2678,1001,13,5,0.65,0.2,1000,restricted_20,aggregation,0.8752537151323948,,,0.7772294212192129
2679,1001,13,5,0.65,0.2,1000,restricted_20,aggregation,0.8745461210253511,,,0.7772944151912903
2680,1001,13,5,0.65,0.2,1000,restricted_20,aggregation,0.8771175106315678,,,0.7788352069766655
2681,1001,13,5,0.65,0.2,1000,restricted_20,aggregation,0.8744663431217017,,,0.7770323120783539
2682,1001,13,5,0.65,0.2,1000,restricted_20,aggregation,0.8769945344692788,,,0.7787630992310158
2683,1001,13,5,0.65,0.2,1000,restricted_20,aggregation,0.8778996457539953,,,0.7786655986374736
2684,1001,13,5,0.65,0.2,1000,restricted_20,aggregation,0.8770396503214908,,,0.7783586870999372
2685,1001,13,5,0.65,0.2,1000,restricted_20,aggregation,0.8737058412752208,,,0.7770124275493026
2686,1001,13,5,0.65,0.2,1000,restricted_20,aggregation,0.8768080340347333,,,0.7789890704511538
2687,1001,13,5,0.65,0.2,1000,restricted_20,aggregation,0.8760982895924018,,,0.7781842290425626
2688,1001,13,5,0.65,0.2,1000,restricted_20,aggregation,0.8747242795303117,,,0.7774264985014985
2689,1001,13,5,0.65,0.2,1000,restricted_20,aggregation,0.8768489594959327,,,0.7787999145453314
2690,1001,13,5,0.65,0.2,1000,restricted_20,aggregation,0.8746847012238432,,,0.7770386605909523
2691,1001,13,5,0.65,0.2,1000,restricted_20,aggregation,0.8778205519009059,,,0.7790258843317177
2692,1001,13,5,0.65,0.2,1000,restricted_20,aggregation,0.876672051851322,,,0.7787491434876853
2693,1001,13,5,0.65,0.2,1000,restricted_20,aggregation,0.8772787857698757,,,0.7790406373641791
2694,1001,13,5,0.65,0.2,1000,restricted_20,aggregation,0.8752797034297078,,,0.7773507037098705
2695,1001,13,5,0.65,0.2,1000,restricted_20,aggregation,0.8778038807717724,,,0.7793377741317326
2696,1001,13,5,0.65,0.2,1000,restricted_20,aggregation,0.8786980298585773,,,0.779909667176959
2697,1001,13,5,0.65,0.2,1000,restricted_20,aggregation,0.8793521736853285,,,0.7806526654672488
2698,1001,13,5,0.65,0.2,1000,restricted_20,aggregation,0.8763908284364601,,,0.7786027454335788
2699,1001,13,5,0.65,0.2,1000,restricted_20,aggregation,0.876537128289459,,,0.7784956664477499
2700,1001,13,5,0.65,0.2,1000,restricted_20,aggregation,0.8760295274621207,,,0.7785132223640557
2701,1001,13,5,0.65,0.2,1000,restricted_20,aggregation,0.8750359870732145,,,0.7776789015228599
2702,1001,13,5,0.65,0.2,1000,restricted_20,aggregation,0.8773847830817025,,,0.7786124842518594
2703,1001,13,5,0.65,0.2,1000,restricted_20,aggregation,0.8779522041180422,,,0.7792431941977775
2704,1001,13,5,0.65,0.2,1000,restricted_20,aggregation,0.8763239318545848,,,0.7787324964695799
2705,1001,13,5,0.65,0.2,1000,restricted_20,aggregation,0.877079662352486,,,0.7786841925975261
2706,1001,13,5,0.65,0.2,1000,restricted_20,aggregation,0.8760793890063429,,,0.778525065613399
2707,1001,13,5,0.65,0.2,1000,restricted_20,aggregation,0.8768924366762336,,,0.7785200371773289
2708,1001,13,5,0.65,0.2,1000,restricted_20,aggregation,0.8765819820359468,,,0.7786039425158177
2709,1001,13,5,0.65,0.2,1000,restricted_20,aggregation,0.8750646631192097,,,0.7772266835016837
2710,1001,13,5,0.65,0.2,1000,restricted_20,aggregation,0.8778830816398623,,,0.7794154562798314
2711,1001,13,5,0.65,0.2,1000,restricted_20,aggregation,0.87593818346425,,,0.7782659983149566
2712,1001,13,5,0.65,0.2,1000,restricted_20,aggregation,0.8765081760867813,,,0.7784042187904688
2713,1001,13,5,0.65,0.2,1000,restricted_20,aggregation,0.8744614494167933,,,0.7767399333613918
2714,1001,13,5,0.65,0.2,1000,restricted_20,aggregation,0.8777252989375492,,,0.7790366797091798
2715,1001,13,5,0.65,0.2,1000,restricted_20,aggregation,0.8761852646339594,,,0.7782683661091995
2716,1001,13,5,0.65,0.2,1000,restricted_20,aggregation,0.8735242571017268,,,0.7765519478823646
2717,1001,13,5,0.65,0.2,1000,restricted_20,aggregation,0.8787993254426661,,,0.7798636393621811
2718,1001,13,5,0.65,0.2,1000,restricted_20,aggregation,0.877692166775237,,,0.7793025242118992
2719,1001,13,5,0.65,0.2,1000,restricted_20,aggregation,0.876680072722851,,,0.7785975385262885
2720,1001,13,5,0.65,0.2,1000,restricted_20,aggregation,0.8772448441468563,,,0.7789041555049889
2721,1001,13,5,0.65,0.2,1000,restricted_20,aggregation,0.8751816091473523,,,0.777485806130598
2722,1001,13,5,0.65,0.2,1000,restricted_20,aggregation,0.874980685992824,,,0.7774072185915937
2723,1001,13,5,0.65,0.2,1000,restricted_20,aggregation,0.875213495299732,,,0.7778780447484615
2724,1001,13,5,0.65,0.2,1000,restricted_20,aggregation,0.8748111564426765,,,0.7776347659130993
2725,1001,13,5,0.65,0.2,1000,restricted_20,aggregation,0.8789898435215399,,,0.7801798642869476
2726,1001,13,5,0.65,0.2,1000,restricted_20,aggregation,0.8785283685178331,,,0.7795520183057684
2727,1001,13,5,0.65,0.2,1000,restricted_20,aggregation,0.8755091497266049,,,0.778024014874015
2728,1001,13,5,0.65,0.2,1000,restricted_20,aggregation,0.8754942809269968,,,0.7780990513653014
2729,1001,13,5,0.65,0.2,1000,restricted_20,aggregation,0.8763271045273804,,,0.7785233388293805
2730,1001,13,5,0.65,0.2,1000,restricted_20,aggregation,0.8766026064458555,,,0.7781743695887446
2731,1001,13,5,0.65,0.2,1000,restricted_20,aggregation,0.8762618356521136,,,0.7785105820568321
2732,1001,13,5,0.65,0.2,1000,restricted_20,aggregation,0.8762770620697317,,,0.778598963860214
2733,1001,13,5,0.65,0.2,1000,restricted_20,aggregation,0.877639962153285,,,0.7785349764510181
2734,1001,13,5,0.65,0.2,1000,restricted_20,aggregation,0.8746576629306394,,,0.7773602652131819
2735,1001,13,5,0.65,0.2,1000,restricted_20,aggregation,0.8764920318120158,,,0.7783654798288133
2736,1001,13,5,0.65,0.2,1000,restricted_20,aggregation,0.8789456482084833,,,0.7798894133721217
2737,1001,13,5,0.65,0.2,1000,restricted_20,aggregation,0.8738726004203611,,,0.7768457526732528
2738,1001,13,5,0.65,0.2,1000,restricted_20,aggregation,0.877042245508524,,,0.7787940054852556
2739,1001,13,5,0.65,0.2,1000,restricted_20,aggregation,0.8751719906066798,,,0.7776181011889345
2740,1001,13,5,0.65,0.2,1000,restricted_20,aggregation,0.8782007694537542,,,0.7790812926502511
2741,1001,13,5,0.65,0.2,1000,restricted_20,aggregation,0.8760845224317219,,,0.778274075315117
2742,1001,13,5,0.65,0.2,1000,restricted_20,aggregation,0.8761433744890632,,,0.7783625824484158
2743,1001,13,5,0.65,0.2,1000,restricted_20,aggregation,0.8752151088928921,,,0.7780287291412291
2744,1001,13,5,0.65,0.2,1000,restricted_20,aggregation,0.8775242695795681,,,0.7791622295451462
2745,1001,13,5,0.65,0.2,1000,restricted_20,aggregation,0.8758842826396783,,,0.7777622703916455
2746,1001,13,5,0.65,0.2,1000,restricted_20,aggregation,0.8733880369291362,,,0.7767216348928849
2747,1001,13,5,0.65,0.2,1000,restricted_20,aggregation,0.8771782385774066,,,0.7786087481268732
2748,1001,13,5,0.65,0.2,1000,restricted_20,aggregation,0.8794688013656969,,,0.7804667728567729
2749,1001,13,5,0.65,0.2,1000,restricted_20,aggregation,0.8778176059280878,,,0.7791291538014457
2750,1001,13,5,0.65,0.2,1000,restricted_20,aggregation,0.8759644193395657,,,0.7782131407866825
2751,1001,13,5,0.65,0.2,1000,restricted_20,aggregation,0.8760807653638014,,,0.7785450686350688
2752,1001,13,5,0.65,0.2,1000,restricted_20,aggregation,0.8749705213280835,,,0.7777242673915592
2753,1001,13,5,0.65,0.2,1000,restricted_20,aggregation,0.8765918921925857,,,0.7785891228524562
2754,1001,13,5,0.65,0.2,1000,restricted_20,aggregation,0.8763687637558678,,,0.7785096358502609
2755,1001,13,5,0.65,0.2,1000,restricted_20,aggregation,0.8763769367604727,,,0.778661667961668
2756,1001,13,5,0.65,0.2,1000,restricted_20,aggregation,0.875622207563846,,,0.7775840695338613
2757,1001,13,5,0.65,0.2,1000,restricted_20,aggregation,0.877980470605408,,,0.7794919986417903
2758,1001,13,5,0.65,0.2,1000,restricted_20,aggregation,0.8775474670693175,,,0.7787233298954133
2759,1001,13,5,0.65,0.2,1000,restricted_20,aggregation,0.8757972299504283,,,0.7780706187485356
2760,1001,13,5,0.65,0.2,1000,restricted_20,aggregation,0.8765886547187933,,,0.7788373396279646
2761,1001,13,5,0.65,0.2,1000,restricted_20,aggregation,0.8778609963847422,,,0.7793950633856884
2762,1001,13,5,0.65,0.2,1000,restricted_20,aggregation,0.8734536937874889,,,0.7770401795580962
2763,1001,13,5,0.65,0.2,1000,restricted_20,aggregation,0.876280336424621,,,0.7779064259968428
2764,1001,13,5,0.65,0.2,1000,restricted_20,aggregation,0.8749451430273916,,,0.7779432680668099
2765,1001,13,5,0.65,0.2,1000,restricted_20,aggregation,0.8749728356476215,,,0.7774769818298986
2766,1001,13,5,0.65,0.2,1000,restricted_20,aggregation,0.8773751718025516,,,0.7790505214923966
2767,1001,13,5,0.65,0.2,1000,restricted_20,aggregation,0.8754239687936448,,,0.7774870423866258
2768,1001,13,5,0.65,0.2,1000,restricted_20,aggregation,0.8735165060054545,,,0.7765665523288441
2769,1001,13,5,0.65,0.2,1000,restricted_20,aggregation,0.8745738540057715,,,0.7773900399446234
2770,1001,13,5,0.65,0.2,1000,restricted_20,aggregation,0.8729886599174058,,,0.7766782412032412
2771,1001,13,5,0.65,0.2,1000,restricted_20,aggregation,0.8764721558061378,,,0.7785950102289686
2772,1001,13,5,0.65,0.2,1000,restricted_20,aggregation,0.8796288953424307,,,0.7802734368948953
2773,1001,13,5,0.65,0.2,1000,restricted_20,aggregation,0.8768096902805457,,,0.7786629398148148
2774,1001,13,5,0.65,0.2,1000,restricted_20,aggregation,0.8778035814219465,,,0.7791384577922079
2775,1001,13,5,0.65,0.2,1000,restricted_20,aggregation,0.8745107921597784,,,0.777177197216364
2776,1001,13,5,0.65,0.2,1000,restricted_20,aggregation,0.8766987514475123,,,0.7784430118569704
2777,1001,13,5,0.65,0.2,1000,restricted_20,aggregation,0.8777440547304166,,,0.779335496640705
2778,1001,13,5,0.65,0.2,1000,restricted_20,aggregation,0.8745494282040341,,,0.7768767574709242
2779,1001,13,5,0.65,0.2,1000,restricted_20,aggregation,0.8752490553819805,,,0.7773695631143549
2780,1001,13,5,0.65,0.2,1000,restricted_20,aggregation,0.8768559686749223,,,0.778648461230128
2781,1001,13,5,0.65,0.2,1000,restricted_20,aggregation,0.8768161016186414,,,0.7788181524262775
2782,1001,13,5,0.65,0.2,1000,restricted_20,aggregation,0.8768796766644888,,,0.7787507215700966
2783,1001,13,5,0.65,0.2,1000,restricted_20,aggregation,0.87429601805944,,,0.7769943689643691
2784,1001,13,5,0.65,0.2,1000,restricted_20,aggregation,0.8779556182256341,,,0.7793581099301933
2785,1001,13,5,0.65,0.2,1000,restricted_20,aggregation,0.875487079470868,,,0.7780073991517742
2786,1001,13,5,0.65,0.2,1000,restricted_20,aggregation,0.877932225989492,,,0.7793138441728026
2787,1001,13,5,0.65,0.2,1000,restricted_20,aggregation,0.8757537105587001,,,0.7783805671489005
2788,1001,13,5,0.65,0.2,1000,restricted_20,aggregation,0.8760883142364763,,,0.7781660918788004
2789,1001,13,5,0.65,0.2,1000,restricted_20,aggregation,0.8740008984096841,,,0.7770434578769996
2790,1001,13,5,0.65,0.2,1000,restricted_20,aggregation,0.8786232888182621,,,0.7798178663543247
2791,1001,13,5,0.65,0.2,1000,restricted_20,aggregation,0.875440161722652,,,0.7777789798627299
2792,1001,13,5,0.65,0.2,1000,restricted_20,aggregation,0.8742568257399816,,,0.777188163171705
2793,1001,13,5,0.65,0.2,1000,restricted_20,aggregation,0.8748448782845228,,,0.7772183881704716
2794,1001,13,5,0.65,0.2,1000,restricted_20,aggregation,0.8761131281842559,,,0.7781601953293621
2795,1001,13,5,0.65,0.2,1000,restricted_20,aggregation,0.8766226404269836,,,0.7783179708408876
2796,1001,13,5,0.65,0.2,1000,restricted_20,aggregation,0.8743471885741712,,,0.7771156292935459
2797,1001,13,5,0.65,0.2,1000,restricted_20,aggregation,0.8757585790259833,,,0.7779373902794737
2798,1001,13,5,0.65,0.2,1000,restricted_20,aggregation,0.8769038409140721,,,0.7787793988033572
2799,1001,13,5,0.65,0.2,1000,restricted_20,aggregation,0.8773963729464843,,,0.7789208463295964
2800,1001,13,5,0.65,0.2,1000,restricted_20,aggregation,0.8746139922631119,,,0.7769695045463797
2801,1001,13,5,0.65,0.2,1000,restricted_20,aggregation,0.8763772321715438,,,0.7782728617986953
2802,1001,13,5,0.65,0.2,1000,restricted_20,aggregation,0.8753181750960316,,,0.7769648331606666
2803,1001,13,5,0.65,0.2,1000,restricted_20,aggregation,0.8782411525137729,,,0.7797033134920636
2804,1001,13,5,0.65,0.2,1000,restricted_20,aggregation,0.8777853375851847,,,0.7794077049647883
2805,1001,13,5,0.65,0.2,1000,restricted_20,aggregation,0.8759218915370438,,,0.7780984073719491
2806,1001,13,5,0.65,0.2,1000,restricted_20,aggregation,0.8772583973829947,,,0.7785475211979379
2807,1001,13,5,0.65,0.2,1000,restricted_20,aggregation,0.8761014888350149,,,0.7783214447512365
2808,1001,13,5,0.65,0.2,1000,restricted_20,aggregation,0.8762965877717455,,,0.7786159895582813
2809,1001,13,5,0.65,0.2,1000,restricted_20,aggregation,0.8775687884564571,,,0.7787569843042761
2810,1001,13,5,0.65,0.2,1000,restricted_20,aggregation,0.8765461675938708,,,0.7784958469462637
2811,1001,13,5,0.65,0.2,1000,restricted_20,aggregation,0.8755057816159436,,,0.7779356149251982
2812,1001,13,5,0.65,0.2,1000,restricted_20,aggregation,0.8776286554886499,,,0.7791540799863718
2813,1001,13,5,0.65,0.2,1000,restricted_20,aggregation,0.8755477536525723,,,0.7777689233914235
2814,1001,13,5,0.65,0.2,1000,restricted_20,aggregation,0.8774138620463312,,,0.7791709708655542
2815,1001,13,5,0.65,0.2,1000,restricted_20,aggregation,0.8741140050407964,,,0.7773400340708675
2816,1001,13,5,0.65,0.2,1000,restricted_20,aggregation,0.8756133645301329,,,0.7780440576321827
2817,1001,13,5,0.65,0.2,1000,restricted_20,aggregation,0.876746458351042,,,0.7787166814666815
2818,1001,13,5,0.65,0.2,1000,restricted_20,aggregation,0.8736302574490944,,,0.7764356549083633
2819,1001,13,5,0.65,0.2,1000,restricted_20,aggregation,0.8736911086306989,,,0.7770936112729864
2820,1001,13,5,0.65,0.2,1000,restricted_20,aggregation,0.878835949766457,,,0.7800739150972485
2821,1001,13,5,0.65,0.2,1000,restricted_20,aggregation,0.8782068982058394,,,0.7795844212037963
2822,1001,13,5,0.65,0.2,1000,restricted_20,aggregation,0.8772294531045871,,,0.7785885626796044
2823,1001,13,5,0.65,0.2,1000,restricted_20,aggregation,0.8759156722734368,,,0.7782526341636758
2824,1001,13,5,0.65,0.2,1000,restricted_20,aggregation,0.8781928040903711,,,0.7794467696192697
2825,1001,13,5,0.65,0.2,1000,restricted_20,aggregation,0.8778856293840495,,,0.7795350239960657
2826,1001,13,5,0.65,0.2,1000,restricted_20,aggregation,0.8756326156086358,,,0.7783599382947302
2827,1001,13,5,0.65,0.2,1000,restricted_20,aggregation,0.8770136472238816,,,0.7785644009925261
2828,1001,13,5,0.65,0.2,1000,restricted_20,aggregation,0.8759500813719813,,,0.7779905597720183
2829,1001,13,5,0.65,0.2,1000,restricted_20,aggregation,0.8787924495069255,,,0.7796349586987088
2830,1001,13,5,0.65,0.2,1000,restricted_20,aggregation,0.8756278263183996,,,0.778006036609995
2831,1001,13,5,0.65,0.2,1000,restricted_20,aggregation,0.873766914280879,,,0.7767893110901445
2832,1001,13,5,0.65,0.2,1000,restricted_20,aggregation,0.8761095448666764,,,0.7783237553727137
2833,1001,13,5,0.65,0.2,1000,restricted_20,aggregation,0.8767914462380803,,,0.7786972067130401
2834,1001,13,5,0.65,0.2,1000,restricted_20,aggregation,0.8760171021360013,,,0.7782799613426697
2835,1001,13,5,0.65,0.2,1000,restricted_20,aggregation,0.8754220116014254,,,0.7775127482625401
2836,1001,13,5,0.65,0.2,1000,restricted_20,aggregation,0.8780787152806275,,,0.779618895741604
2837,1001,13,5,0.65,0.2,1000,restricted_20,aggregation,0.8749145812788083,,,0.7774375841827926
2838,1001,13,5,0.65,0.2,1000,restricted_20,aggregation,0.8761668276264992,,,0.7785730821570406
2839,1001,13,5,0.65,0.2,1000,restricted_20,aggregation,0.8759368290243984,,,0.7781585069020487
2840,1001,13,5,0.65,0.2,1000,restricted_20,aggregation,0.8782043855148369,,,0.7795729292081377
2841,1001,13,5,0.65,0.2,1000,restricted_20,aggregation,0.8753850541667304,,,0.777707975234642
2842,1001,13,5,0.65,0.2,1000,restricted_20,aggregation,0.8748282512711587,,,0.77759603821333
2843,1001,13,5,0.65,0.2,1000,restricted_20,aggregation,0.8752229024971125,,,0.7779158414887583
2844,1001,13,5,0.65,0.2,1000,restricted_20,aggregation,0.8782365901131649,,,0.7795179760517261
2845,1001,13,5,0.65,0.2,1000,restricted_20,aggregation,0.8750987962836662,,,0.7775578350507518
2846,1001,13,5,0.65,0.2,1000,restricted_20,aggregation,0.876261859940866,,,0.7784846396196397
2847,1001,13,5,0.65,0.2,1000,restricted_20,aggregation,0.8757967281308128,,,0.7783619224987977
2848,1001,13,5,0.65,0.2,1000,restricted_20,aggregation,0.877566410366726,,,0.7788380690836941
2849,1001,13,5,0.65,0.2,1000,restricted_20,aggregation,0.878162825465912,,,0.7792856536596121
2850,1001,13,5,0.65,0.2,1000,restricted_20,aggregation,0.8749020788250097,,,0.7775886101321519
2851,1001,13,5,0.65,0.2,1000,restricted_20,aggregation,0.8753237395064186,,,0.7780122901481235
2852,1001,13,5,0.65,0.2,1000,restricted_20,aggregation,0.876595976742053,,,0.7782085195051863
2853,1001,13,5,0.65,0.2,1000,restricted_20,aggregation,0.8753602014484247,,,0.7775426661687078
2854,1001,13,5,0.65,0.2,1000,restricted_20,aggregation,0.876982944605113,,,0.7784685218253968
2855,1001,13,5,0.65,0.2,1000,restricted_20,aggregation,0.8768702253829652,,,0.778853310902061
2856,1001,13,5,0.65,0.2,1000,restricted_20,aggregation,0.877802612560197,,,0.7796341753154254
2857,1001,13,5,0.65,0.2,1000,restricted_20,aggregation,0.8768840265690702,,,0.778355280113405
2858,1001,13,5,0.65,0.2,1000,restricted_20,aggregation,0.8771628782804941,,,0.7787644498557
2859,1001,13,5,0.65,0.2,1000,restricted_20,aggregation,0.8759815221719942,,,0.7782724112847031
2860,1001,13,5,0.65,0.2,1000,restricted_20,aggregation,0.8758893870367856,,,0.7781377868736202
2861,1001,13,5,0.65,0.2,1000,restricted_20,aggregation,0.877059981930725,,,0.7786262345524847
2862,1001,13,5,0.65,0.2,1000,restricted_20,aggregation,0.8750672063621056,,,0.77765210328252
2863,1001,13,5,0.65,0.2,1000,restricted_20,aggregation,0.8746526605297228,,,0.7771446595379929
2864,1001,13,5,0.65,0.2,1000,restricted_20,aggregation,0.8756385796203371,,,0.778142957605666
2865,1001,13,5,0.65,0.2,1000,restricted_20,aggregation,0.8764994250631669,,,0.7785502575202576
2866,1001,13,5,0.65,0.2,1000,restricted_20,aggregation,0.8760400491953164,,,0.7782780434920019
2867,1001,13,5,0.65,0.2,1000,restricted_20,aggregation,0.8747826390448932,,,0.7777323517763101
2868,1001,13,5,0.65,0.2,1000,restricted_20,aggregation,0.8750586751233381,,,0.777636317309234
2869,1001,13,5,0.65,0.2,1000,restricted_20,aggregation,0.8736226095324192,,,0.7766231963715298
2870,1001,13,5,0.65,0.2,1000,restricted_20,aggregation,0.876794049886901,,,0.7784787466237466
2871,1001,13,5,0.65,0.2,1000,restricted_20,aggregation,0.8736302786592961,,,0.7770575347414931
2872,1001,13,5,0.65,0.2,1000,restricted_20,aggregation,0.8754820825683177,,,0.7774740718309469
2873,1001,13,5,0.65,0.2,1000,restricted_20,aggregation,0.8768396109390341,,,0.7792816519976937
2874,1001,13,5,0.65,0.2,1000,restricted_20,aggregation,0.8759195012390243,,,0.777825735499069
2875,1001,13,5,0.65,0.2,1000,restricted_20,aggregation,0.8753248662901688,,,0.7775347597695514
2876,1001,13,5,0.65,0.2,1000,restricted_20,aggregation,0.8745366300575449,,,0.7774107155421739
2877,1001,13,5,0.65,0.2,1000,restricted_20,aggregation,0.8758068929738942,,,0.7779871677396678
2878,1001,13,5,0.65,0.2,1000,restricted_20,aggregation,0.8744524274914741,,,0.7772209227963396
2879,1001,13,5,0.65,0.2,1000,restricted_20,aggregation,0.8758788815501619,,,0.7782156784573452
2880,1001,13,5,0.65,0.2,1000,restricted_20,aggregation,0.8762993372261085,,,0.7779057523109607
2881,1001,13,5,0.65,0.2,1000,restricted_20,aggregation,0.8750388937450561,,,0.777872678918304
2882,1001,13,5,0.65,0.2,1000,restricted_20,aggregation,0.8790264459903393,,,0.7801576528409863
2883,1001,13,5,0.65,0.2,1000,restricted_20,aggregation,0.8758612447638836,,,0.77818525332692
2884,1001,13,5,0.65,0.2,1000,restricted_20,aggregation,0.876341113312402,,,0.7782697905797906
2885,1001,13,5,0.65,0.2,1000,restricted_20,aggregation,0.8775240088550883,,,0.7793476534345285
2886,1001,13,5,0.65,0.2,1000,restricted_20,aggregation,0.8772838020635444,,,0.7790033073176823
2887,1001,13,5,0.65,0.2,1000,restricted_20,aggregation,0.8769662277367765,,,0.7785997684414352
2888,1001,13,5,0.65,0.2,1000,restricted_20,aggregation,0.8767771538621599,,,0.779054612524821
2889,1001,13,5,0.65,0.2,1000,restricted_20,aggregation,0.8762375590389195,,,0.7782292731188566
2890,1001,13,5,0.65,0.2,1000,restricted_20,aggregation,0.8785940498150743,,,0.7798496983649067
2891,1001,13,5,0.65,0.2,1000,restricted_20,aggregation,0.8760553820763578,,,0.7783102074931242
2892,1001,13,5,0.65,0.2,1000,restricted_20,aggregation,0.8760782146885602,,,0.7784775283512785
2893,1001,13,5,0.65,0.2,1000,restricted_20,aggregation,0.8770321029445235,,,0.7787005277592779
2894,1001,13,5,0.65,0.2,1000,restricted_20,aggregation,0.8755476560760937,,,0.777399802859178
2895,1001,13,5,0.65,0.2,1000,restricted_20,aggregation,0.8773773388012027,,,0.7789153329694998
2896,1001,13,5,0.65,0.2,1000,restricted_20,aggregation,0.8764679233319694,,,0.7783502334085668
2897,1001,13,5,0.65,0.2,1000,restricted_20,aggregation,0.8757496785044042,,,0.778338750855626
2898,1001,13,5,0.65,0.2,1000,restricted_20,aggregation,0.8788205719694819,,,0.7797884320771822
2899,1001,13,5,0.65,0.2,1000,restricted_20,aggregation,0.8761441349257609,,,0.7782817000052419
2900,1001,13,5,0.65,0.2,1000,restricted_20,aggregation,0.8763157339538573,,,0.7782321371452623
2901,1001,13,5,0.65,0.2,1000,restricted_20,aggregation,0.8781942191621914,,,0.7794971674621676
2902,1001,13,5,0.65,0.2,1000,restricted_20,aggregation,0.8757005819884595,,,0.7780850256841925
2903,1001,13,5,0.65,0.2,1000,restricted_20,aggregation,0.876350715359159,,,0.7785233194814446
2904,1001,13,5,0.65,0.2,1000,restricted_20,aggregation,0.8757764195725276,,,0.7778921755173839
2905,1001,13,5,0.65,0.2,1000,restricted_20,aggregation,0.8775897121765596,,,0.7790398852073852
2906,1001,13,5,0.65,0.2,1000,restricted_20,aggregation,0.8789211988573017,,,0.7800992256277673
2907,1001,13,5,0.65,0.2,1000,restricted_20,aggregation,0.8766024819690443,,,0.7783133374110459
2908,1001,13,5,0.65,0.2,1000,restricted_20,aggregation,0.8789402936039137,,,0.7802313288254954
2909,1001,13,5,0.65,0.2,1000,restricted_20,aggregation,0.8776763449171787,,,0.7792731872525623
2910,1001,13,5,0.65,0.2,1000,restricted_20,aggregation,0.877696197079935,,,0.7788295917893836
2911,1001,13,5,0.65,0.2,1000,restricted_20,aggregation,0.8757930709123282,,,0.7780800205273123
2912,1001,13,5,0.65,0.2,1000,restricted_20,aggregation,0.8767016257194645,,,0.778518665239082
2913,1001,13,5,0.65,0.2,1000,restricted_20,aggregation,0.8746269975960822,,,0.7775917921815839
2914,1001,13,5,0.65,0.2,1000,restricted_20,aggregation,0.8775879301980692,,,0.7786606649831651
2915,1001,13,5,0.65,0.2,1000,restricted_20,aggregation,0.8768121468622577,,,0.7787245633918553
2916,1001,13,5,0.65,0.2,1000,restricted_20,aggregation,0.8777364424601144,,,0.7794995558068475
2917,1001,13,5,0.65,0.2,1000,restricted_20,aggregation,0.8756699503549232,,,0.777598834599043
2918,1001,13,5,0.65,0.2,1000,restricted_20,aggregation,0.8758906001044545,,,0.7780005942668443
2919,1001,13,5,0.65,0.2,1000,restricted_20,aggregation,0.8768307939742641,,,0.7784121615729951
2920,1001,13,5,0.65,0.2,1000,restricted_20,aggregation,0.8783346040799873,,,0.7795934408415659
2921,1001,13,5,0.65,0.2,1000,restricted_20,aggregation,0.8748478098480379,,,0.7775950215987718
2922,1001,13,5,0.65,0.2,1000,restricted_20,aggregation,0.8771695093474954,,,0.7788833562425231
2923,1001,13,5,0.65,0.2,1000,restricted_20,aggregation,0.8756430340467986,,,0.7781522724420642
2924,1001,13,5,0.65,0.2,1000,restricted_20,aggregation,0.8757427338027602,,,0.778348260366177
2925,1001,13,5,0.65,0.2,1000,restricted_20,aggregation,0.8740951021644612,,,0.7770423381942132
2926,1001,13,5,0.65,0.2,1000,restricted_20,aggregation,0.8753689956417366,,,0.7779576558703643
2927,1001,13,5,0.65,0.2,1000,restricted_20,aggregation,0.8761466575779256,,,0.7782742999593
2928,1001,13,5,0.65,0.2,1000,restricted_20,aggregation,0.8750610136803428,,,0.7771621182752434
2929,1001,13,5,0.65,0.2,1000,restricted_20,aggregation,0.8749712380415219,,,0.7774254586617089
2930,1001,13,5,0.65,0.2,1000,restricted_20,aggregation,0.8756028400191039,,,0.7780849565249566
2931,1001,13,5,0.65,0.2,1000,restricted_20,aggregation,0.8758995078347186,,,0.7779097340622342
2932,1001,13,5,0.65,0.2,1000,restricted_20,aggregation,0.8769959458984894,,,0.7785878691447442
2933,1001,13,5,0.65,0.2,1000,restricted_20,aggregation,0.8734177600307342,,,0.7765548589681923
2934,1001,13,5,0.65,0.2,1000,restricted_20,aggregation,0.8758015535801325,,,0.7778859049129883
2935,1001,13,5,0.65,0.2,1000,restricted_20,aggregation,0.8763175184324138,,,0.7782714157293326
2936,1001,13,5,0.65,0.2,1000,restricted_20,aggregation,0.8753467463068486,,,0.7775832240059324
2937,1001,13,5,0.65,0.2,1000,restricted_20,aggregation,0.8759518988079776,,,0.7781623492479744
2938,1001,13,5,0.65,0.2,1000,restricted_20,aggregation,0.8768900891194528,,,0.7782680933803852
2939,1001,13,5,0.65,0.2,1000,restricted_20,aggregation,0.8757700056204446,,,0.7781234631417965
2940,1001,13,5,0.65,0.2,1000,restricted_20,aggregation,0.8752560085960492,,,0.7776057681670183
2941,1001,13,5,0.65,0.2,1000,restricted_20,aggregation,0.8746658758200696,,,0.7774789347149765
2942,1001,13,5,0.65,0.2,1000,restricted_20,aggregation,0.8773867682462526,,,0.7790191314549648
2943,1001,13,5,0.65,0.2,1000,restricted_20,aggregation,0.876425625813729,,,0.7783157960712128
2944,1001,13,5,0.65,0.2,1000,restricted_20,aggregation,0.8766997770669792,,,0.7787469615338366
2945,1001,13,5,0.65,0.2,1000,restricted_20,aggregation,0.8745554816950325,,,0.7775712551800052
2946,1001,13,5,0.65,0.2,1000,restricted_20,aggregation,0.8785781564982538,,,0.779878785573994
2947,1001,13,5,0.65,0.2,1000,restricted_20,aggregation,0.8767932798382689,,,0.7787554182391684
2948,1001,13,5,0.65,0.2,1000,restricted_20,aggregation,0.8735766190614587,,,0.7764670836493753
2949,1001,13,5,0.65,0.2,1000,restricted_20,aggregation,0.8749076221026147,,,0.7777044573482074
2950,1001,13,5,0.65,0.2,1000,restricted_20,aggregation,0.8746562889185433,,,0.77747108830213
2951,1001,13,5,0.65,0.2,1000,restricted_20,aggregation,0.8748287430031462,,,0.7777857375726126
2952,1001,13,5,0.65,0.2,1000,restricted_20,aggregation,0.8772518189893296,,,0.7788142132019216
2953,1001,13,5,0.65,0.2,1000,restricted_20,aggregation,0.8760214733054267,,,0.7779127547992132
2954,1001,13,5,0.65,0.2,1000,restricted_20,aggregation,0.8750425301957768,,,0.7776052878217462
2955,1001,13,5,0.65,0.2,1000,restricted_20,aggregation,0.878066160214965,,,0.779680869354411
2956,1001,13,5,0.65,0.2,1000,restricted_20,aggregation,0.8774885372275747,,,0.7786596649184151
2957,1001,13,5,0.65,0.2,1000,restricted_20,aggregation,0.875245023890868,,,0.7775500076081326
2958,1001,13,5,0.65,0.2,1000,restricted_20,aggregation,0.8737262729380201,,,0.7766817737432321
2959,1001,13,5,0.65,0.2,1000,restricted_20,aggregation,0.8757748963065005,,,0.7778230744795329
2960,1001,13,5,0.65,0.2,1000,restricted_20,aggregation,0.8776143534849209,,,0.778936609015984
2961,1001,13,5,0.65,0.2,1000,restricted_20,aggregation,0.875952304863851,,,0.7783121350640101
2962,1001,13,5,0.65,0.2,1000,restricted_20,aggregation,0.8788071156944319,,,0.7799003401536736
2963,1001,13,5,0.65,0.2,1000,restricted_20,aggregation,0.8751453630648526,,,0.7779638787524206
2964,1001,13,5,0.65,0.2,1000,restricted_20,aggregation,0.8762903296011192,,,0.7784935554877221
2965,1001,13,5,0.65,0.2,1000,restricted_20,aggregation,0.8748808220016556,,,0.7776525514223431
2966,1001,13,5,0.65,0.2,1000,restricted_20,aggregation,0.8775461043904351,,,0.7790277423271174
2967,1001,13,5,0.65,0.2,1000,restricted_20,aggregation,0.8763102276302333,,,0.7783346154694072
2968,1001,13,5,0.65,0.2,1000,restricted_20,aggregation,0.8770449465887998,,,0.7783389151434985
2969,1001,13,5,0.65,0.2,1000,restricted_20,aggregation,0.8769617836185915,,,0.7790683642129477
2970,1001,13,5,0.65,0.2,1000,restricted_20,aggregation,0.8757967575357635,,,0.7778343863852198
2971,1001,13,5,0.65,0.2,1000,restricted_20,aggregation,0.8781068879235316,,,0.7798007633647218
2972,1001,13,5,0.65,0.2,1000,restricted_20,aggregation,0.8744031270918895,,,0.7768932021373689
2973,1001,13,5,0.65,0.2,1000,restricted_20,aggregation,0.8774466537166119,,,0.7793756083731085
2974,1001,13,5,0.65,0.2,1000,restricted_20,aggregation,0.8796080402827875,,,0.7808315050612968
2975,1001,13,5,0.65,0.2,1000,restricted_20,aggregation,0.8792466713026122,,,0.7803578504828506
2976,1001,13,5,0.65,0.2,1000,restricted_20,aggregation,0.8786548676802344,,,0.7798476992837411
2977,1001,13,5,0.65,0.2,1000,restricted_20,aggregation,0.8755482347526509,,,0.7781299079007413
2978,1001,13,5,0.65,0.2,1000,restricted_20,aggregation,0.8751330931835383,,,0.777031508792134
2979,1001,13,5,0.65,0.2,1000,restricted_20,aggregation,0.8768113635436122,,,0.7788449380943131
2980,1001,13,5,0.65,0.2,1000,restricted_20,aggregation,0.8777180907185186,,,0.7791295420243338
2981,1001,13,5,0.65,0.2,1000,restricted_20,aggregation,0.8745311565938311,,,0.7775164337745588
2982,1001,13,5,0.65,0.2,1000,restricted_20,aggregation,0.8741407205586456,,,0.7767238824909659
2983,1001,13,5,0.65,0.2,1000,restricted_20,aggregation,0.8776240814814595,,,0.7790870715087382
2984,1001,13,5,0.65,0.2,1000,restricted_20,aggregation,0.8804796826733242,,,0.7809978955997707
2985,1001,13,5,0.65,0.2,1000,restricted_20,aggregation,0.8775966966773076,,,0.7794663135938137
2986,1001,13,5,0.65,0.2,1000,restricted_20,aggregation,0.8753386998187078,,,0.7781810835229587
2987,1001,13,5,0.65,0.2,1000,restricted_20,aggregation,0.8778176217228935,,,0.7789888304904972
2988,1001,13,5,0.65,0.2,1000,restricted_20,aggregation,0.8770211298049996,,,0.778609537530371
2989,1001,13,5,0.65,0.2,1000,restricted_20,aggregation,0.8762218848949467,,,0.7784669820303154
2990,1001,13,5,0.65,0.2,1000,restricted_20,aggregation,0.877100766046012,,,0.7783939561133312
2991,1001,13,5,0.65,0.2,1000,restricted_20,aggregation,0.8770280176380877,,,0.7784251643957895
2992,1001,13,5,0.65,0.2,1000,restricted_20,aggregation,0.87650817576447,,,0.7785535344285345
2993,1001,13,5,0.65,0.2,1000,restricted_20,aggregation,0.8766598952511416,,,0.7783049129342879
2994,1001,13,5,0.65,0.2,1000,restricted_20,aggregation,0.8749704470872831,,,0.7773797096422097
2995,1001,13,5,0.65,0.2,1000,restricted_20,aggregation,0.875933868114094,,,0.7784088854509689
2996,1001,13,5,0.65,0.2,1000,restricted_20,aggregation,0.8769659288230507,,,0.7786585494675079
2997,1001,13,5,0.65,0.2,1000,restricted_20,aggregation,0.8786664800608565,,,0.7796892056785808
2998,1001,13,5,0.65,0.2,1000,restricted_20,aggregation,0.876978425252413,,,0.7787317394488228
2999,1001,13,5,0.65,0.2,1000,restricted_20,aggregation,0.8777839246802753,,,0.7792375752488253
3000,1001,13,5,0.65,0.2,1000,restricted_30,aggregation,0.8815741936372288,,,0.782304169703753
3001,1001,13,5,0.65,0.2,1000,restricted_30,aggregation,0.8838300309399837,,,0.7843925532569284
3002,1001,13,5,0.65,0.2,1000,restricted_30,aggregation,0.8824877625705295,,,0.7833932905057907
3003,1001,13,5,0.65,0.2,1000,restricted_30,aggregation,0.8835148041189238,,,0.7842997113842948
3004,1001,13,5,0.65,0.2,1000,restricted_30,aggregation,0.8818532050735197,,,0.7826144172956674
3005,1001,13,5,0.65,0.2,1000,restricted_30,aggregation,0.8828324320036155,,,0.7838450258923176
3006,1001,13,5,0.65,0.2,1000,restricted_30,aggregation,0.8830401158500657,,,0.7833829930717431
3007,1001,13,5,0.65,0.2,1000,restricted_30,aggregation,0.8823832338258165,,,0.783291742840493
3008,1001,13,5,0.65,0.2,1000,restricted_30,aggregation,0.8844240130797694,,,0.7848778412867997
3009,1001,13,5,0.65,0.2,1000,restricted_30,aggregation,0.8830149047430262,,,0.7837543060026395
3010,1001,13,5,0.65,0.2,1000,restricted_30,aggregation,0.8836216484904532,,,0.7844452217766802
3011,1001,13,5,0.65,0.2,1000,restricted_30,aggregation,0.8829040229957474,,,0.7835026134513635
3012,1001,13,5,0.65,0.2,1000,restricted_30,aggregation,0.880694430078782,,,0.7813875106760524
3013,1001,13,5,0.65,0.2,1000,restricted_30,aggregation,0.8830563159961833,,,0.7839472287280622
3014,1001,13,5,0.65,0.2,1000,restricted_30,aggregation,0.8834254252674859,,,0.7839241092395262
3015,1001,13,5,0.65,0.2,1000,restricted_30,aggregation,0.8833344046366495,,,0.7838553449482617
3016,1001,13,5,0.65,0.2,1000,restricted_30,aggregation,0.8833387106812481,,,0.7841700234025235
3017,1001,13,5,0.65,0.2,1000,restricted_30,aggregation,0.8840344402704452,,,0.7844843914341831
3018,1001,13,5,0.65,0.2,1000,restricted_30,aggregation,0.8827021239946998,,,0.7835148621517373
3019,1001,13,5,0.65,0.2,1000,restricted_30,aggregation,0.8840294783527157,,,0.7849070652033153
3020,1001,13,5,0.65,0.2,1000,restricted_30,aggregation,0.8826092966273315,,,0.7834467991576326
3021,1001,13,5,0.65,0.2,1000,restricted_30,aggregation,0.8826551548834165,,,0.7833861100781936
3022,1001,13,5,0.65,0.2,1000,restricted_30,aggregation,0.8831800901919608,,,0.7839790076590077
3023,1001,13,5,0.65,0.2,1000,restricted_30,aggregation,0.8825971184520801,,,0.7829075770448687
3024,1001,13,5,0.65,0.2,1000,restricted_30,aggregation,0.8827987834098985,,,0.7834044329358913
3025,1001,13,5,0.65,0.2,1000,restricted_30,aggregation,0.88397063305685,,,0.7848225181300182
3026,1001,13,5,0.65,0.2,1000,restricted_30,aggregation,0.8831681534179074,,,0.7836083728000395
3027,1001,13,5,0.65,0.2,1000,restricted_30,aggregation,0.8836441527387049,,,0.7847484797763965
3028,1001,13,5,0.65,0.2,1000,restricted_30,aggregation,0.8822930352087807,,,0.7833644176348343
3029,1001,13,5,0.65,0.2,1000,restricted_30,aggregation,0.8814718152784659,,,0.7823620240716074
3030,1001,13,5,0.65,0.2,1000,restricted_30,aggregation,0.8821376732232415,,,0.7829254487333654
3031,1001,13,5,0.65,0.2,1000,restricted_30,aggregation,0.8830299886901554,,,0.7839080188176022
3032,1001,13,5,0.65,0.2,1000,restricted_30,aggregation,0.883609908030474,,,0.7841126740157991
3033,1001,13,5,0.65,0.2,1000,restricted_30,aggregation,0.8813862041158774,,,0.7826068350014184
3034,1001,13,5,0.65,0.2,1000,restricted_30,aggregation,0.8844536837275258,,,0.7849626416407668
3035,1001,13,5,0.65,0.2,1000,restricted_30,aggregation,0.8828413702801832,,,0.7834432514630433
3036,1001,13,5,0.65,0.2,1000,restricted_30,aggregation,0.8821604956553248,,,0.7831708884788052
3037,1001,13,5,0.65,0.2,1000,restricted_30,aggregation,0.8830393835129993,,,0.7840372261611845
3038,1001,13,5,0.65,0.2,1000,restricted_30,aggregation,0.8823392037014148,,,0.7827972166259668
3039,1001,13,5,0.65,0.2,1000,restricted_30,aggregation,0.8836078478289878,,,0.7841696490469406
3040,1001,13,5,0.65,0.2,1000,restricted_30,aggregation,0.8830508255408027,,,0.7836444958590792
3041,1001,13,5,0.65,0.2,1000,restricted_30,aggregation,0.8823010412864591,,,0.7830594323423491
3042,1001,13,5,0.65,0.2,1000,restricted_30,aggregation,0.8827434839632605,,,0.7831644317333901
3043,1001,13,5,0.65,0.2,1000,restricted_30,aggregation,0.8835328131532798,,,0.7839585287937372
3044,1001,13,5,0.65,0.2,1000,restricted_30,aggregation,0.8833864274859818,,,0.7840077509604594
3045,1001,13,5,0.65,0.2,1000,restricted_30,aggregation,0.8820660547090485,,,0.7831698490167242
3046,1001,13,5,0.65,0.2,1000,restricted_30,aggregation,0.8835593683188815,,,0.7841098255448256
3047,1001,13,5,0.65,0.2,1000,restricted_30,aggregation,0.8822652796297618,,,0.782662655184322
3048,1001,13,5,0.65,0.2,1000,restricted_30,aggregation,0.8828819454702184,,,0.7837991152211987
3049,1001,13,5,0.65,0.2,1000,restricted_30,aggregation,0.8810564849503444,,,0.782065020974396
3050,1001,13,5,0.65,0.2,1000,restricted_30,aggregation,0.8816366697273261,,,0.7827759856424441
3051,1001,13,5,0.65,0.2,1000,restricted_30,aggregation,0.8833809969071096,,,0.7842349437291105
3052,1001,13,5,0.65,0.2,1000,restricted_30,aggregation,0.8831695034092403,,,0.783431450231867
3053,1001,13,5,0.65,0.2,1000,restricted_30,aggregation,0.8826168193016758,,,0.7835802040706208
3054,1001,13,5,0.65,0.2,1000,restricted_30,aggregation,0.8825943530532925,,,0.7833553424353425
3055,1001,13,5,0.65,0.2,1000,restricted_30,aggregation,0.8829422396547355,,,0.7832222514907933
3056,1001,13,5,0.65,0.2,1000,restricted_30,aggregation,0.8841546001044963,,,0.78471053327845
3057,1001,13,5,0.65,0.2,1000,restricted_30,aggregation,0.8839573475866664,,,0.7842170977787646
3058,1001,13,5,0.65,0.2,1000,restricted_30,aggregation,0.8814054222742198,,,0.7823403271728272
3059,1001,13,5,0.65,0.2,1000,restricted_30,aggregation,0.8820134804077053,,,0.7828432278215612
3060,1001,13,5,0.65,0.2,1000,restricted_30,aggregation,0.8823822046655669,,,0.7832350683344435
3061,1001,13,5,0.65,0.2,1000,restricted_30,aggregation,0.8827164742938591,,,0.7832549227701313
3062,1001,13,5,0.65,0.2,1000,restricted_30,aggregation,0.8832608700240513,,,0.7838766586345753
3063,1001,13,5,0.65,0.2,1000,restricted_30,aggregation,0.8827665020802666,,,0.7829032782495282
3064,1001,13,5,0.65,0.2,1000,restricted_30,aggregation,0.8822277801558502,,,0.7829895499253833
3065,1001,13,5,0.65,0.2,1000,restricted_30,aggregation,0.8840161278194917,,,0.7845581161893663
3066,1001,13,5,0.65,0.2,1000,restricted_30,aggregation,0.8815286183941892,,,0.7824712755300257
3067,1001,13,5,0.65,0.2,1000,restricted_30,aggregation,0.8822904224449789,,,0.7834193727645812
3068,1001,13,5,0.65,0.2,1000,restricted_30,aggregation,0.8826162929085596,,,0.7832489133551634
3069,1001,13,5,0.65,0.2,1000,restricted_30,aggregation,0.8831380913943371,,,0.7835898579429831
3070,1001,13,5,0.65,0.2,1000,restricted_30,aggregation,0.8818151125603984,,,0.7826765863457532
3071,1001,13,5,0.65,0.2,1000,restricted_30,aggregation,0.8833131283639516,,,0.7837660968352635
3072,1001,13,5,0.65,0.2,1000,restricted_30,aggregation,0.8829280858685928,,,0.7835778944589361
3073,1001,13,5,0.65,0.2,1000,restricted_30,aggregation,0.8815263747674328,,,0.7821411389150973
3074,1001,13,5,0.65,0.2,1000,restricted_30,aggregation,0.8825741571758169,,,0.7835345607478942
3075,1001,13,5,0.65,0.2,1000,restricted_30,aggregation,0.8828250254634932,,,0.7834402987059238
3076,1001,13,5,0.65,0.2,1000,restricted_30,aggregation,0.8825434062642337,,,0.7833269526923695
3077,1001,13,5,0.65,0.2,1000,restricted_30,aggregation,0.8815684038501521,,,0.782542734449193
3078,1001,13,5,0.65,0.2,1000,restricted_30,aggregation,0.8840810333153671,,,0.7844939218882969
3079,1001,13,5,0.65,0.2,1000,restricted_30,aggregation,0.8829055249743196,,,0.7836661347911348
3080,1001,13,5,0.65,0.2,1000,restricted_30,aggregation,0.8820026005361168,,,0.7830493834483419
3081,1001,13,5,0.65,0.2,1000,restricted_30,aggregation,0.8822427592927633,,,0.7833688217184052
3082,1001,13,5,0.65,0.2,1000,restricted_30,aggregation,0.8845236420435412,,,0.784793129632713
3083,1001,13,5,0.65,0.2,1000,restricted_30,aggregation,0.883207125559336,,,0.7835419505648673
3084,1001,13,5,0.65,0.2,1000,restricted_30,aggregation,0.8829109512744292,,,0.7832855432299183
3085,1001,13,5,0.65,0.2,1000,restricted_30,aggregation,0.8837157639745691,,,0.7844908147870648
3086,1001,13,5,0.65,0.2,1000,restricted_30,aggregation,0.8836984645632849,,,0.7844469963832464
3087,1001,13,5,0.65,0.2,1000,restricted_30,aggregation,0.8829681477319132,,,0.7835917430100764
3088,1001,13,5,0.65,0.2,1000,restricted_30,aggregation,0.8829081341486553,,,0.7834803811466312
3089,1001,13,5,0.65,0.2,1000,restricted_30,aggregation,0.8825365878271269,,,0.7836006685212936
3090,1001,13,5,0.65,0.2,1000,restricted_30,aggregation,0.8841875870675904,,,0.7846902944663362
3091,1001,13,5,0.65,0.2,1000,restricted_30,aggregation,0.8817399714322011,,,0.7829454595404596
3092,1001,13,5,0.65,0.2,1000,restricted_30,aggregation,0.8830030466852128,,,0.783817737077737
3093,1001,13,5,0.65,0.2,1000,restricted_30,aggregation,0.8823466481009743,,,0.7826099608647527
3094,1001,13,5,0.65,0.2,1000,restricted_30,aggregation,0.8830390062920632,,,0.7835864860987779
3095,1001,13,5,0.65,0.2,1000,restricted_30,aggregation,0.8837338404884221,,,0.7842567409827828
3096,1001,13,5,0.65,0.2,1000,restricted_30,aggregation,0.8827876631760508,,,0.783634012322554
3097,1001,13,5,0.65,0.2,1000,restricted_30,aggregation,0.8824391838284469,,,0.7833923646646563
3098,1001,13,5,0.65,0.2,1000,restricted_30,aggregation,0.884153750437162,,,0.785106753239045
3099,1001,13,5,0.65,0.2,1000,restricted_30,aggregation,0.8842392125891642,,,0.7848367438657023
3100,1001,13,5,0.65,0.2,1000,restricted_30,aggregation,0.8834686249686315,,,0.7842870780299948
3101,1001,13,5,0.65,0.2,1000,restricted_30,aggregation,0.882529832261851,,,0.7834566142884893
3102,1001,13,5,0.65,0.2,1000,restricted_30,aggregation,0.8832438827976108,,,0.78356730164126
3103,1001,13,5,0.65,0.2,1000,restricted_30,aggregation,0.8820835753004276,,,0.7828861505238589
3104,1001,13,5,0.65,0.2,1000,restricted_30,aggregation,0.8811837461896774,,,0.782270386881637
3105,1001,13,5,0.65,0.2,1000,restricted_30,aggregation,0.8832791837748681,,,0.7838881276362528
3106,1001,13,5,0.65,0.2,1000,restricted_30,aggregation,0.8824852880435148,,,0.7830967497317498
3107,1001,13,5,0.65,0.2,1000,restricted_30,aggregation,0.881319772113885,,,0.7823460572066823
3108,1001,13,5,0.65,0.2,1000,restricted_30,aggregation,0.8830602925770863,,,0.7837144101808686
3109,1001,13,5,0.65,0.2,1000,restricted_30,aggregation,0.8821541370228532,,,0.7830350970634306
3110,1001,13,5,0.65,0.2,1000,restricted_30,aggregation,0.8827185700951502,,,0.7836354415106499
3111,1001,13,5,0.65,0.2,1000,restricted_30,aggregation,0.8837927988185055,,,0.7841238798392965
3112,1001,13,5,0.65,0.2,1000,restricted_30,aggregation,0.883035086343346,,,0.7838165795007463
3113,1001,13,5,0.65,0.2,1000,restricted_30,aggregation,0.8831490107145787,,,0.7839155333324084
3114,1001,13,5,0.65,0.2,1000,restricted_30,aggregation,0.8835147814497885,,,0.7844102086725003
3115,1001,13,5,0.65,0.2,1000,restricted_30,aggregation,0.8829536837450257,,,0.7835080113559282
3116,1001,13,5,0.65,0.2,1000,restricted_30,aggregation,0.8832991386244816,,,0.7839476293382545
3117,1001,13,5,0.65,0.2,1000,restricted_30,aggregation,0.8833072694268688,,,0.7837604579294162
3118,1001,13,5,0.65,0.2,1000,restricted_30,aggregation,0.8823914954782962,,,0.7831684066627818
3119,1001,13,5,0.65,0.2,1000,restricted_30,aggregation,0.8819025163931136,,,0.7827086190352859
3120,1001,13,5,0.65,0.2,1000,restricted_30,aggregation,0.8829964037416074,,,0.7834358306431223
3121,1001,13,5,0.65,0.2,1000,restricted_30,aggregation,0.8824682116938468,,,0.7834247957675041
3122,1001,13,5,0.65,0.2,1000,restricted_30,aggregation,0.8832611921322913,,,0.7839884821043155
3123,1001,13,5,0.65,0.2,1000,restricted_30,aggregation,0.8840976318124804,,,0.7849637598589682
3124,1001,13,5,0.65,0.2,1000,restricted_30,aggregation,0.8825213259381193,,,0.7833540234456902
3125,1001,13,5,0.65,0.2,1000,restricted_30,aggregation,0.8823428847848801,,,0.7830822434201601
3126,1001,13,5,0.65,0.2,1000,restricted_30,aggregation,0.8829035431242257,,,0.7837939577089578
3127,1001,13,5,0.65,0.2,1000,restricted_30,aggregation,0.8813855202898183,,,0.782115740856366
3128,1001,13,5,0.65,0.2,1000,restricted_30,aggregation,0.8841398076402801,,,0.7845482263415596
3129,1001,13,5,0.65,0.2,1000,restricted_30,aggregation,0.8825342529006932,,,0.7833797684106019
3130,1001,13,5,0.65,0.2,1000,restricted_30,aggregation,0.8819218654205374,,,0.7827825558623477
3131,1001,13,5,0.65,0.2,1000,restricted_30,aggregation,0.8813598274139058,,,0.7827525536963038
3132,1001,13,5,0.65,0.2,1000,restricted_30,aggregation,0.8822595980424542,,,0.7831120794560379
3133,1001,13,5,0.65,0.2,1000,restricted_30,aggregation,0.883145673157313,,,0.7839498289827458
3134,1001,13,5,0.65,0.2,1000,restricted_30,aggregation,0.8840397791880892,,,0.7844760119201787
3135,1001,13,5,0.65,0.2,1000,restricted_30,aggregation,0.8827972917580904,,,0.7837312853967021
3136,1001,13,5,0.65,0.2,1000,restricted_30,aggregation,0.8825349786284858,,,0.7834254129820797
3137,1001,13,5,0.65,0.2,1000,restricted_30,aggregation,0.8826815179601059,,,0.7834534894426561
3138,1001,13,5,0.65,0.2,1000,restricted_30,aggregation,0.882860946679275,,,0.7834427723973558
3139,1001,13,5,0.65,0.2,1000,restricted_30,aggregation,0.882646262834988,,,0.7833114200382951
3140,1001,13,5,0.65,0.2,1000,restricted_30,aggregation,0.8826720396303438,,,0.783307004284296
3141,1001,13,5,0.65,0.2,1000,restricted_30,aggregation,0.8841327343044371,,,0.7845168105659772
3142,1001,13,5,0.65,0.2,1000,restricted_30,aggregation,0.8842062361307679,,,0.7851334895814063
3143,1001,13,5,0.65,0.2,1000,restricted_30,aggregation,0.8822965422438148,,,0.783141465078132
3144,1001,13,5,0.65,0.2,1000,restricted_30,aggregation,0.8834777391629848,,,0.783934240967366
3145,1001,13,5,0.65,0.2,1000,restricted_30,aggregation,0.8825836022341925,,,0.783177366576325
3146,1001,13,5,0.65,0.2,1000,restricted_30,aggregation,0.8828080346113322,,,0.7835009022227772
3147,1001,13,5,0.65,0.2,1000,restricted_30,aggregation,0.8810800060466029,,,0.7824333315449982
3148,1001,13,5,0.65,0.2,1000,restricted_30,aggregation,0.8828729039747995,,,0.7836915410592494
3149,1001,13,5,0.65,0.2,1000,restricted_30,aggregation,0.8823328312525565,,,0.7832724894704063
3150,1001,13,5,0.65,0.2,1000,restricted_30,aggregation,0.8819911668236807,,,0.7830862234601819
3151,1001,13,5,0.65,0.2,1000,restricted_30,aggregation,0.8833236657105449,,,0.7837520305389055
3152,1001,13,5,0.65,0.2,1000,restricted_30,aggregation,0.8817662430455813,,,0.7829578540595208
3153,1001,13,5,0.65,0.2,1000,restricted_30,aggregation,0.8826646841121634,,,0.7831498517608935
3154,1001,13,5,0.65,0.2,1000,restricted_30,aggregation,0.8836998879789405,,,0.7844557099536266
3155,1001,13,5,0.65,0.2,1000,restricted_30,aggregation,0.8831506720090554,,,0.784117314660648
3156,1001,13,5,0.65,0.2,1000,restricted_30,aggregation,0.8837622788566581,,,0.7843423985736486
3157,1001,13,5,0.65,0.2,1000,restricted_30,aggregation,0.8818321728413954,,,0.7829257771395273
3158,1001,13,5,0.65,0.2,1000,restricted_30,aggregation,0.882865352090718,,,0.7839065570540572
3159,1001,13,5,0.65,0.2,1000,restricted_30,aggregation,0.8814154322803043,,,0.7818796610488278
3160,1001,13,5,0.65,0.2,1000,restricted_30,aggregation,0.8845298414375475,,,0.7846629857719443
3161,1001,13,5,0.65,0.2,1000,restricted_30,aggregation,0.8829939956414542,,,0.7835248915128081
3162,1001,13,5,0.65,0.2,1000,restricted_30,aggregation,0.883402216968998,,,0.7838258532748117
3163,1001,13,5,0.65,0.2,1000,restricted_30,aggregation,0.8838122597325347,,,0.7844462003428672
3164,1001,13,5,0.65,0.2,1000,restricted_30,aggregation,0.8830835212508084,,,0.7838914169010005
3165,1001,13,5,0.65,0.2,1000,restricted_30,aggregation,0.8829147876086568,,,0.7832784853649437
3166,1001,13,5,0.65,0.2,1000,restricted_30,aggregation,0.8830875640700792,,,0.7838031439162689
3167,1001,13,5,0.65,0.2,1000,restricted_30,aggregation,0.8834800377188075,,,0.7842544219823386
3168,1001,13,5,0.65,0.2,1000,restricted_30,aggregation,0.8830948550050034,,,0.7837275814540399
3169,1001,13,5,0.65,0.2,1000,restricted_30,aggregation,0.8831203469881204,,,0.783796710927961
3170,1001,13,5,0.65,0.2,1000,restricted_30,aggregation,0.8817951705993536,,,0.7829976187624105
3171,1001,13,5,0.65,0.2,1000,restricted_30,aggregation,0.8830174289784133,,,0.783606167158459
3172,1001,13,5,0.65,0.2,1000,restricted_30,aggregation,0.8822978406723279,,,0.7833088819976319
3173,1001,13,5,0.65,0.2,1000,restricted_30,aggregation,0.882336056124156,,,0.7833622400747401
3174,1001,13,5,0.65,0.2,1000,restricted_30,aggregation,0.8827420830453346,,,0.7835484145638312
3175,1001,13,5,0.65,0.2,1000,restricted_30,aggregation,0.883485711648403,,,0.7843962600670934
3176,1001,13,5,0.65,0.2,1000,restricted_30,aggregation,0.8825468831260939,,,0.7833677115245866
3177,1001,13,5,0.65,0.2,1000,restricted_30,aggregation,0.8838288348181458,,,0.7849079684204684
3178,1001,13,5,0.65,0.2,1000,restricted_30,aggregation,0.8835430760084468,,,0.7841895916275083
3179,1001,13,5,0.65,0.2,1000,restricted_30,aggregation,0.8831701826415806,,,0.7838706847781848
3180,1001,13,5,0.65,0.2,1000,restricted_30,aggregation,0.8833456092951949,,,0.7836023984580235
3181,1001,13,5,0.65,0.2,1000,restricted_30,aggregation,0.882544888578692,,,0.783290819720403
3182,1001,13,5,0.65,0.2,1000,restricted_30,aggregation,0.8828221660350438,,,0.784141586954712
3183,1001,13,5,0.65,0.2,1000,restricted_30,aggregation,0.882740114409949,,,0.7833165339675756
3184,1001,13,5,0.65,0.2,1000,restricted_30,aggregation,0.8831282817514209,,,0.7836593362887114
3185,1001,13,5,0.65,0.2,1000,restricted_30,aggregation,0.8834688175841161,,,0.7839394043302377
3186,1001,13,5,0.65,0.2,1000,restricted_30,aggregation,0.8829902225733062,,,0.783407180628014
3187,1001,13,5,0.65,0.2,1000,restricted_30,aggregation,0.8832830214801426,,,0.7836952196183447
3188,1001,13,5,0.65,0.2,1000,restricted_30,aggregation,0.8838949999775386,,,0.7847068093249343
3189,1001,13,5,0.65,0.2,1000,restricted_30,aggregation,0.8840581378820531,,,0.7847083894577644
3190,1001,13,5,0.65,0.2,1000,restricted_30,aggregation,0.8839006995931786,,,0.7846157448878284
3191,1001,13,5,0.65,0.2,1000,restricted_30,aggregation,0.8836613126245813,,,0.7840318766958351
3192,1001,13,5,0.65,0.2,1000,restricted_30,aggregation,0.882533441368261,,,0.7831150172821008
3193,1001,13,5,0.65,0.2,1000,restricted_30,aggregation,0.8818900872046037,,,0.7827023290521209
3194,1001,13,5,0.65,0.2,1000,restricted_30,aggregation,0.8834805698461169,,,0.7840215733571985
3195,1001,13,5,0.65,0.2,1000,restricted_30,aggregation,0.8825618578160056,,,0.783335206313748
3196,1001,13,5,0.65,0.2,1000,restricted_30,aggregation,0.8809042356740723,,,0.7818980939739274
3197,1001,13,5,0.65,0.2,1000,restricted_30,aggregation,0.8831410287108761,,,0.7837308985613154
3198,1001,13,5,0.65,0.2,1000,restricted_30,aggregation,0.8827554322838553,,,0.7835485703494037
3199,1001,13,5,0.65,0.2,1000,restricted_30,aggregation,0.8831861939516066,,,0.7838795523535107
3200,1001,13,5,0.65,0.2,1000,restricted_30,aggregation,0.8833510602830581,,,0.7844583952621453
3201,1001,13,5,0.65,0.2,1000,restricted_30,aggregation,0.8828346322559658,,,0.7835819950959536
3202,1001,13,5,0.65,0.2,1000,restricted_30,aggregation,0.8815618884146247,,,0.782737486733945
3203,1001,13,5,0.65,0.2,1000,restricted_30,aggregation,0.8821946298284673,,,0.782826637922263
3204,1001,13,5,0.65,0.2,1000,restricted_30,aggregation,0.8812144682339507,,,0.7824461796613881
3205,1001,13,5,0.65,0.2,1000,restricted_30,aggregation,0.8826366448504004,,,0.7835041284410035
3206,1001,13,5,0.65,0.2,1000,restricted_30,aggregation,0.8818672889015945,,,0.782662897549981
3207,1001,13,5,0.65,0.2,1000,restricted_30,aggregation,0.8844059040030396,,,0.7848493926521011
3208,1001,13,5,0.65,0.2,1000,restricted_30,aggregation,0.8837668775051176,,,0.7840531911067329
3209,1001,13,5,0.65,0.2,1000,restricted_30,aggregation,0.8837488314657803,,,0.7846798749475834
3210,1001,13,5,0.65,0.2,1000,restricted_30,aggregation,0.8820519017358867,,,0.7829122656047657
3211,1001,13,5,0.65,0.2,1000,restricted_30,aggregation,0.8817924032969316,,,0.782893300935176
3212,1001,13,5,0.65,0.2,1000,restricted_30,aggregation,0.8818064992961787,,,0.7827207293940627
3213,1001,13,5,0.65,0.2,1000,restricted_30,aggregation,0.8844515695344688,,,0.7846675872969624
3214,1001,13,5,0.65,0.2,1000,restricted_30,aggregation,0.8832307779633634,,,0.7837966156914075
3215,1001,13,5,0.65,0.2,1000,restricted_30,aggregation,0.8819275079395238,,,0.7829804578831663
3216,1001,13,5,0.65,0.2,1000,restricted_30,aggregation,0.8817243161091111,,,0.7825395806508307
3217,1001,13,5,0.65,0.2,1000,restricted_30,aggregation,0.8847322656922662,,,0.7853090005442089
3218,1001,13,5,0.65,0.2,1000,restricted_30,aggregation,0.8840147564087332,,,0.7844347561697561
3219,1001,13,5,0.65,0.2,1000,restricted_30,aggregation,0.8822149936911897,,,0.7830891520516522
3220,1001,13,5,0.65,0.2,1000,restricted_30,aggregation,0.8818784694422908,,,0.7826684616540868
3221,1001,13,5,0.65,0.2,1000,restricted_30,aggregation,0.8829807470411141,,,0.7836126951674869
3222,1001,13,5,0.65,0.2,1000,restricted_30,aggregation,0.8824097286069298,,,0.7836304651675485
3223,1001,13,5,0.65,0.2,1000,restricted_30,aggregation,0.8821367357685423,,,0.7821460572220988
3224,1001,13,5,0.65,0.2,1000,restricted_30,aggregation,0.8835676193823286,,,0.7844166709833377
3225,1001,13,5,0.65,0.2,1000,restricted_30,aggregation,0.8826104010087917,,,0.7835628896643481
3226,1001,13,5,0.65,0.2,1000,restricted_30,aggregation,0.8832043641846081,,,0.7839408510702262
3227,1001,13,5,0.65,0.2,1000,restricted_30,aggregation,0.8827303261148498,,,0.7836129268570935
3228,1001,13,5,0.65,0.2,1000,restricted_30,aggregation,0.8832834531740739,,,0.7837398786784204
3229,1001,13,5,0.65,0.2,1000,restricted_30,aggregation,0.8822452686658186,,,0.7831293976316894
3230,1001,13,5,0.65,0.2,1000,restricted_30,aggregation,0.881438833816508,,,0.782427681608515
3231,1001,13,5,0.65,0.2,1000,restricted_30,aggregation,0.8843204495663426,,,0.7853650768444519
3232,1001,13,5,0.65,0.2,1000,restricted_30,aggregation,0.8825283826868743,,,0.7832240133477634
3233,1001,13,5,0.65,0.2,1000,restricted_30,aggregation,0.8831017528072796,,,0.7836579425666926
3234,1001,13,5,0.65,0.2,1000,restricted_30,aggregation,0.8814396490920394,,,0.7827070539028873
3235,1001,13,5,0.65,0.2,1000,restricted_30,aggregation,0.8839150384076876,,,0.7841838071033905
3236,1001,13,5,0.65,0.2,1000,restricted_30,aggregation,0.8831287268482421,,,0.7837646650186235
3237,1001,13,5,0.65,0.2,1000,restricted_30,aggregation,0.8834140488927504,,,0.7841649523855775
3238,1001,13,5,0.65,0.2,1000,restricted_30,aggregation,0.8828701945757738,,,0.7836526989599907
3239,1001,13,5,0.65,0.2,1000,restricted_30,aggregation,0.8811619432347654,,,0.782319724588683
3240,1001,13,5,0.65,0.2,1000,restricted_30,aggregation,0.8833680880782196,,,0.7834964301670553
3241,1001,13,5,0.65,0.2,1000,restricted_30,aggregation,0.8833064678829542,,,0.7840408061614312
3242,1001,13,5,0.65,0.2,1000,restricted_30,aggregation,0.882394303646654,,,0.7832129449871118
3243,1001,13,5,0.65,0.2,1000,restricted_30,aggregation,0.8827772344921723,,,0.7834253552003553
3244,1001,13,5,0.65,0.2,1000,restricted_30,aggregation,0.884358285312909,,,0.78461578163349
3245,1001,13,5,0.65,0.2,1000,restricted_30,aggregation,0.8821919364051055,,,0.7827432159892578
3246,1001,13,5,0.65,0.2,1000,restricted_30,aggregation,0.882590142900822,,,0.7836389207012124
3247,1001,13,5,0.65,0.2,1000,restricted_30,aggregation,0.8815916594316319,,,0.7825645969848054
3248,1001,13,5,0.65,0.2,1000,restricted_30,aggregation,0.8831726200516831,,,0.7838161283623785
3249,1001,13,5,0.65,0.2,1000,restricted_30,aggregation,0.8816234487560481,,,0.7825610057226725
3250,1001,13,5,0.65,0.2,1000,restricted_30,aggregation,0.8824717470134603,,,0.783075187482271
3251,1001,13,5,0.65,0.2,1000,restricted_30,aggregation,0.8830561391776068,,,0.7840032864820365
3252,1001,13,5,0.65,0.2,1000,restricted_30,aggregation,0.8834717285622703,,,0.7841457234509318
3253,1001,13,5,0.65,0.2,1000,restricted_30,aggregation,0.8807810139625171,,,0.7820181602039936
3254,1001,13,5,0.65,0.2,1000,restricted_30,aggregation,0.8842087602743885,,,0.784731322689656
3255,1001,13,5,0.65,0.2,1000,restricted_30,aggregation,0.883209102836599,,,0.7838912940531692
3256,1001,13,5,0.65,0.2,1000,restricted_30,aggregation,0.8825496854227075,,,0.7835829609433776
3257,1001,13,5,0.65,0.2,1000,restricted_30,aggregation,0.8832008668976313,,,0.7839724185459602
3258,1001,13,5,0.65,0.2,1000,restricted_30,aggregation,0.883377119940104,,,0.7840816535933204
3259,1001,13,5,0.65,0.2,1000,restricted_30,aggregation,0.8814908647870641,,,0.7827712285091452
3260,1001,13,5,0.65,0.2,1000,restricted_30,aggregation,0.8833746205814133,,,0.7843246072060656
3261,1001,13,5,0.65,0.2,1000,restricted_30,aggregation,0.8812060606525417,,,0.782063418217585
3262,1001,13,5,0.65,0.2,1000,restricted_30,aggregation,0.8834507746337793,,,0.7836298271635772
3263,1001,13,5,0.65,0.2,1000,restricted_30,aggregation,0.8829458177362257,,,0.7839926907428992
3264,1001,13,5,0.65,0.2,1000,restricted_30,aggregation,0.8829281475671412,,,0.7837360996950581
3265,1001,13,5,0.65,0.2,1000,restricted_30,aggregation,0.8830336357745854,,,0.7835618503718504
3266,1001,13,5,0.65,0.2,1000,restricted_30,aggregation,0.8839440640240201,,,0.7844590564373898
3267,1001,13,5,0.65,0.2,1000,restricted_30,aggregation,0.8837509530578338,,,0.7844565016850434
3268,1001,13,5,0.65,0.2,1000,restricted_30,aggregation,0.8825394357951051,,,0.7833035230278981
3269,1001,13,5,0.65,0.2,1000,restricted_30,aggregation,0.8838984713599828,,,0.7846736382907216
3270,1001,13,5,0.65,0.2,1000,restricted_30,aggregation,0.8830840473011132,,,0.7836375240114823
3271,1001,13,5,0.65,0.2,1000,restricted_30,aggregation,0.8838935518767426,,,0.784430608565817
3272,1001,13,5,0.65,0.2,1000,restricted_30,aggregation,0.8827679881163644,,,0.783164329682663
3273,1001,13,5,0.65,0.2,1000,restricted_30,aggregation,0.881648487820807,,,0.7828266951798202
3274,1001,13,5,0.65,0.2,1000,restricted_30,aggregation,0.8827842446493378,,,0.7837352336089836
3275,1001,13,5,0.65,0.2,1000,restricted_30,aggregation,0.8824302454342139,,,0.7831263483044734
3276,1001,13,5,0.65,0.2,1000,restricted_30,aggregation,0.8823310723670482,,,0.7832413231598648
3277,1001,13,5,0.65,0.2,1000,restricted_30,aggregation,0.8839940654980013,,,0.7843763986476486
3278,1001,13,5,0.65,0.2,1000,restricted_30,aggregation,0.8834072085873304,,,0.7841322285122285
3279,1001,13,5,0.65,0.2,1000,restricted_30,aggregation,0.8820814346170959,,,0.7829476080940664
3280,1001,13,5,0.65,0.2,1000,restricted_30,aggregation,0.8838118178628648,,,0.7845838007208842
3281,1001,13,5,0.65,0.2,1000,restricted_30,aggregation,0.8820406880158638,,,0.7828492246719331
3282,1001,13,5,0.65,0.2,1000,restricted_30,aggregation,0.8821824930911244,,,0.7830028822103823
3283,1001,13,5,0.65,0.2,1000,restricted_30,aggregation,0.8824588550624547,,,0.7831349620672539
3284,1001,13,5,0.65,0.2,1000,restricted_30,aggregation,0.8830941887886872,,,0.7837098259610761
3285,1001,13,5,0.65,0.2,1000,restricted_30,aggregation,0.8832664897697617,,,0.7838156650217066
3286,1001,13,5,0.65,0.2,1000,restricted_30,aggregation,0.8839518142631662,,,0.7842581563498231
3287,1001,13,5,0.65,0.2,1000,restricted_30,aggregation,0.8822920318913704,,,0.7830581397306399
3288,1001,13,5,0.65,0.2,1000,restricted_30,aggregation,0.8829338635956105,,,0.783677740623574
3289,1001,13,5,0.65,0.2,1000,restricted_30,aggregation,0.8842683266472376,,,0.784294290917416
3290,1001,13,5,0.65,0.2,1000,restricted_30,aggregation,0.8848077982298113,,,0.7849893794631294
3291,1001,13,5,0.65,0.2,1000,restricted_30,aggregation,0.8834576703812724,,,0.7840772595305928
3292,1001,13,5,0.65,0.2,1000,restricted_30,aggregation,0.8845497590171992,,,0.7851529470529471
3293,1001,13,5,0.65,0.2,1000,restricted_30,aggregation,0.8837448281704502,,,0.7843269638386307
3294,1001,13,5,0.65,0.2,1000,restricted_30,aggregation,0.8832201823059745,,,0.7841439153670404
3295,1001,13,5,0.65,0.2,1000,restricted_30,aggregation,0.8823028415022106,,,0.7833368917348085
3296,1001,13,5,0.65,0.2,1000,restricted_30,aggregation,0.8823219935450057,,,0.7835184371955206
3297,1001,13,5,0.65,0.2,1000,restricted_30,aggregation,0.8828369801418028,,,0.7835586138938224
3298,1001,13,5,0.65,0.2,1000,restricted_30,aggregation,0.8839639559726209,,,0.7843323128106463
3299,1001,13,5,0.65,0.2,1000,restricted_30,aggregation,0.8817722050839705,,,0.7826888739655408
3300,1001,13,5,0.65,0.2,1000,restricted_30,aggregation,0.8841418126455473,,,0.7849483775021275
3301,1001,13,5,0.65,0.2,1000,restricted_30,aggregation,0.8827953674777633,,,0.7832078409784661
3302,1001,13,5,0.65,0.2,1000,restricted_30,aggregation,0.8821656875410371,,,0.7831223268012852
3303,1001,13,5,0.65,0.2,1000,restricted_30,aggregation,0.8848542651930112,,,0.7856056382891802
3304,1001,13,5,0.65,0.2,1000,restricted_30,aggregation,0.8832152210871695,,,0.7841834295796797
3305,1001,13,5,0.65,0.2,1000,restricted_30,aggregation,0.8825517080124847,,,0.7835860469237553
3306,1001,13,5,0.65,0.2,1000,restricted_30,aggregation,0.8834941698211712,,,0.784099323438907
3307,1001,13,5,0.65,0.2,1000,restricted_30,aggregation,0.8828110600711988,,,0.7834674977722895
3308,1001,13,5,0.65,0.2,1000,restricted_30,aggregation,0.8828208325694662,,,0.783612492268534
3309,1001,13,5,0.65,0.2,1000,restricted_30,aggregation,0.883491681129448,,,0.7843685836231671
3310,1001,13,5,0.65,0.2,1000,restricted_30,aggregation,0.8817690928747833,,,0.7832625489710907
3311,1001,13,5,0.65,0.2,1000,restricted_30,aggregation,0.8831339610752672,,,0.7838582413651165
3312,1001,13,5,0.65,0.2,1000,restricted_30,aggregation,0.8837356894732874,,,0.7840978607734858
3313,1001,13,5,0.65,0.2,1000,restricted_30,aggregation,0.8833186814475026,,,0.7843656638037887
3314,1001,13,5,0.65,0.2,1000,restricted_30,aggregation,0.8822505605137398,,,0.7830294467106967
3315,1001,13,5,0.65,0.2,1000,restricted_30,aggregation,0.8831572567865918,,,0.7835865898761731
3316,1001,13,5,0.65,0.2,1000,restricted_30,aggregation,0.8828025634854663,,,0.7834133708421208
3317,1001,13,5,0.65,0.2,1000,restricted_30,aggregation,0.8827172448164807,,,0.7835097805589473
3318,1001,13,5,0.65,0.2,1000,restricted_30,aggregation,0.8836052930446924,,,0.7843674286824288
3319,1001,13,5,0.65,0.2,1000,restricted_30,aggregation,0.8821472266305268,,,0.7832171452081869
3320,1001,13,5,0.65,0.2,1000,restricted_30,aggregation,0.8839510100253023,,,0.7844428511843097
3321,1001,13,5,0.65,0.2,1000,restricted_30,aggregation,0.8820627150167059,,,0.782931972595306
3322,1001,13,5,0.65,0.2,1000,restricted_30,aggregation,0.8825349696486605,,,0.7834345424791258
3323,1001,13,5,0.65,0.2,1000,restricted_30,aggregation,0.8823083568742613,,,0.7829270929687596
3324,1001,13,5,0.65,0.2,1000,restricted_30,aggregation,0.8821520705745431,,,0.7825308421825089
3325,1001,13,5,0.65,0.2,1000,restricted_30,aggregation,0.8839604227732331,,,0.7842154838371506
3326,1001,13,5,0.65,0.2,1000,restricted_30,aggregation,0.882877085535527,,,0.7836233429841764
3327,1001,13,5,0.65,0.2,1000,restricted_30,aggregation,0.8826951900643637,,,0.7832726571114071
3328,1001,13,5,0.65,0.2,1000,restricted_30,aggregation,0.8817034498390959,,,0.7828473276492027
3329,1001,13,5,0.65,0.2,1000,restricted_30,aggregation,0.8835229634273288,,,0.7840932890720392
3330,1001,13,5,0.65,0.2,1000,restricted_30,aggregation,0.8844689386280744,,,0.7848580828970413
3331,1001,13,5,0.65,0.2,1000,restricted_30,aggregation,0.8827235393671352,,,0.7835103074548908
3332,1001,13,5,0.65,0.2,1000,restricted_30,aggregation,0.8835195380285505,,,0.7840737896825398
3333,1001,13,5,0.65,0.2,1000,restricted_30,aggregation,0.8843081449066762,,,0.7848270113451363
3334,1001,13,5,0.65,0.2,1000,restricted_30,aggregation,0.8822743116452906,,,0.7830012102557937
3335,1001,13,5,0.65,0.2,1000,restricted_30,aggregation,0.8840684743040305,,,0.7843168754239588
3336,1001,13,5,0.65,0.2,1000,restricted_30,aggregation,0.8840304189071239,,,0.7852001719037137
3337,1001,13,5,0.65,0.2,1000,restricted_30,aggregation,0.8836322093481126,,,0.7841845490928825
3338,1001,13,5,0.65,0.2,1000,restricted_30,aggregation,0.8829440701598471,,,0.7836264201693369
3339,1001,13,5,0.65,0.2,1000,restricted_30,aggregation,0.8826644791266918,,,0.7835816442122693
3340,1001,13,5,0.65,0.2,1000,restricted_30,aggregation,0.8830239445018104,,,0.7835569354411023
3341,1001,13,5,0.65,0.2,1000,restricted_30,aggregation,0.8819076423412253,,,0.7831625109304277
3342,1001,13,5,0.65,0.2,1000,restricted_30,aggregation,0.8831343525245404,,,0.78328196992822
3343,1001,13,5,0.65,0.2,1000,restricted_30,aggregation,0.8831439727803585,,,0.7836138961809795
3344,1001,13,5,0.65,0.2,1000,restricted_30,aggregation,0.8834931321479979,,,0.7838686847566015
3345,1001,13,5,0.65,0.2,1000,restricted_30,aggregation,0.8828776197724333,,,0.7834224021426105
3346,1001,13,5,0.65,0.2,1000,restricted_30,aggregation,0.8824924887362472,,,0.7836804937732023
3347,1001,13,5,0.65,0.2,1000,restricted_30,aggregation,0.8831073495919665,,,0.7838259436396937
3348,1001,13,5,0.65,0.2,1000,restricted_30,aggregation,0.8836997065230311,,,0.7843199044319878
3349,1001,13,5,0.65,0.2,1000,restricted_30,aggregation,0.8826885340762125,,,0.7832080773701608
3350,1001,13,5,0.65,0.2,1000,restricted_30,aggregation,0.8841850239213699,,,0.7852396200635785
3351,1001,13,5,0.65,0.2,1000,restricted_30,aggregation,0.8814944977117601,,,0.7824298253752422
3352,1001,13,5,0.65,0.2,1000,restricted_30,aggregation,0.8821291011117482,,,0.7833591209716211
3353,1001,13,5,0.65,0.2,1000,restricted_30,aggregation,0.883038291924556,,,0.7840022839814508
3354,1001,13,5,0.65,0.2,1000,restricted_30,aggregation,0.882799595878493,,,0.7834181215389548
3355,1001,13,5,0.65,0.2,1000,restricted_30,aggregation,0.8813823223881398,,,0.7823704627933795
3356,1001,13,5,0.65,0.2,1000,restricted_30,aggregation,0.8837868935662548,,,0.7843451631547466
3357,1001,13,5,0.65,0.2,1000,restricted_30,aggregation,0.8814825252264888,,,0.7827631694308779
3358,1001,13,5,0.65,0.2,1000,restricted_30,aggregation,0.8824549669393912,,,0.7836108464991799
3359,1001,13,5,0.65,0.2,1000,restricted_30,aggregation,0.8807297215432969,,,0.7820379904431989
3360,1001,13,5,0.65,0.2,1000,restricted_30,aggregation,0.8840294045678149,,,0.7847223594461095
3361,1001,13,5,0.65,0.2,1000,restricted_30,aggregation,0.8811962493956362,,,0.7823624125642876
3362,1001,13,5,0.65,0.2,1000,restricted_30,aggregation,0.8813039364743877,,,0.7823915926511761
3363,1001,13,5,0.65,0.2,1000,restricted_30,aggregation,0.8834369905135238,,,0.7842200723042392
3364,1001,13,5,0.65,0.2,1000,restricted_30,aggregation,0.8831806843258198,,,0.7839743714310382
3365,1001,13,5,0.65,0.2,1000,restricted_30,aggregation,0.8827872186391633,,,0.7834150700842368
3366,1001,13,5,0.65,0.2,1000,restricted_30,aggregation,0.8832303585436773,,,0.783751732557566
3367,1001,13,5,0.65,0.2,1000,restricted_30,aggregation,0.8825372799007937,,,0.7833380928099679
3368,1001,13,5,0.65,0.2,1000,restricted_30,aggregation,0.8826356202485047,,,0.7835473792719627
3369,1001,13,5,0.65,0.2,1000,restricted_30,aggregation,0.8823803872399958,,,0.7834148395277563
3370,1001,13,5,0.65,0.2,1000,restricted_30,aggregation,0.8837834932080275,,,0.7841979117564536
3371,1001,13,5,0.65,0.2,1000,restricted_30,aggregation,0.8824511403584059,,,0.7831852344491929
3372,1001,13,5,0.65,0.2,1000,restricted_30,aggregation,0.8829420290672237,,,0.7836947308786893
3373,1001,13,5,0.65,0.2,1000,restricted_30,aggregation,0.8817775070960729,,,0.7828690881803382
3374,1001,13,5,0.65,0.2,1000,restricted_30,aggregation,0.8833627092175633,,,0.7838753147392732
3375,1001,13,5,0.65,0.2,1000,restricted_30,aggregation,0.8823720382625984,,,0.7830731111943613
3376,1001,13,5,0.65,0.2,1000,restricted_30,aggregation,0.8833909160285254,,,0.7835347235865986
3377,1001,13,5,0.65,0.2,1000,restricted_30,aggregation,0.8818350681194156,,,0.7826766190753692
3378,1001,13,5,0.65,0.2,1000,restricted_30,aggregation,0.8828986092707236,,,0.7834702637948472
3379,1001,13,5,0.65,0.2,1000,restricted_30,aggregation,0.8822658159892165,,,0.783053952898953
3380,1001,13,5,0.65,0.2,1000,restricted_30,aggregation,0.8820311648121018,,,0.7830976116399034
3381,1001,13,5,0.65,0.2,1000,restricted_30,aggregation,0.882168178489679,,,0.783200711857587
3382,1001,13,5,0.65,0.2,1000,restricted_30,aggregation,0.8835087984525741,,,0.7840788157136074
3383,1001,13,5,0.65,0.2,1000,restricted_30,aggregation,0.8825670282094399,,,0.7834184817188985
3384,1001,13,5,0.65,0.2,1000,restricted_30,aggregation,0.8823138317672072,,,0.7831995754939506
3385,1001,13,5,0.65,0.2,1000,restricted_30,aggregation,0.882019532660779,,,0.7828275579975581
3386,1001,13,5,0.65,0.2,1000,restricted_30,aggregation,0.8817516567310535,,,0.7827020304618222
3387,1001,13,5,0.65,0.2,1000,restricted_30,aggregation,0.8821349173372706,,,0.7831005687599438
3388,1001,13,5,0.65,0.2,1000,restricted_30,aggregation,0.8812011109893425,,,0.7826780564574315
3389,1001,13,5,0.65,0.2,1000,restricted_30,aggregation,0.8832086418898314,,,0.7839664389776891
3390,1001,13,5,0.65,0.2,1000,restricted_30,aggregation,0.8819667087012449,,,0.7827556175537427
3391,1001,13,5,0.65,0.2,1000,restricted_30,aggregation,0.8836382253870358,,,0.7841826091963593
3392,1001,13,5,0.65,0.2,1000,restricted_30,aggregation,0.8832807470651965,,,0.784004402210444
3393,1001,13,5,0.65,0.2,1000,restricted_30,aggregation,0.8815836697130358,,,0.7827927249910585
3394,1001,13,5,0.65,0.2,1000,restricted_30,aggregation,0.8820610970260875,,,0.7831871809517644
3395,1001,13,5,0.65,0.2,1000,restricted_30,aggregation,0.8827628836257041,,,0.7837019023106523
3396,1001,13,5,0.65,0.2,1000,restricted_30,aggregation,0.8824581163226803,,,0.7832450520852605
3397,1001,13,5,0.65,0.2,1000,restricted_30,aggregation,0.8818983993860179,,,0.7828245312943231
3398,1001,13,5,0.65,0.2,1000,restricted_30,aggregation,0.8822914627524685,,,0.7831457880853715
3399,1001,13,5,0.65,0.2,1000,restricted_30,aggregation,0.8811358812122331,,,0.7822328495578498
3400,1001,13,5,0.65,0.2,1000,restricted_30,aggregation,0.8824596061889476,,,0.7831247149532566
3401,1001,13,5,0.65,0.2,1000,restricted_30,aggregation,0.8841539298711041,,,0.7845842402273654
3402,1001,13,5,0.65,0.2,1000,restricted_30,aggregation,0.883001659373924,,,0.7837095882820883
3403,1001,13,5,0.65,0.2,1000,restricted_30,aggregation,0.8823517241495425,,,0.7832333065699733
3404,1001,13,5,0.65,0.2,1000,restricted_30,aggregation,0.8815465427653779,,,0.7826992427788261
3405,1001,13,5,0.65,0.2,1000,restricted_30,aggregation,0.8839815137191681,,,0.784289197638781
3406,1001,13,5,0.65,0.2,1000,restricted_30,aggregation,0.8831832836881326,,,0.7839887923419173
3407,1001,13,5,0.65,0.2,1000,restricted_30,aggregation,0.884071125307274,,,0.7844103769532937
3408,1001,13,5,0.65,0.2,1000,restricted_30,aggregation,0.8835327670797034,,,0.7841878988835239
3409,1001,13,5,0.65,0.2,1000,restricted_30,aggregation,0.8826110514266703,,,0.7832687089993341
3410,1001,13,5,0.65,0.2,1000,restricted_30,aggregation,0.8819768001910236,,,0.7830372991283409
3411,1001,13,5,0.65,0.2,1000,restricted_30,aggregation,0.8822740862848203,,,0.7832023571798572
3412,1001,13,5,0.65,0.2,1000,restricted_30,aggregation,0.8828513800903101,,,0.7834302039549957
3413,1001,13,5,0.65,0.2,1000,restricted_30,aggregation,0.8826728119638819,,,0.7834462659639743
3414,1001,13,5,0.65,0.2,1000,restricted_30,aggregation,0.8833615536088936,,,0.7839445105434689
3415,1001,13,5,0.65,0.2,1000,restricted_30,aggregation,0.8837611939330129,,,0.7843591227291228
3416,1001,13,5,0.65,0.2,1000,restricted_30,aggregation,0.8830846428989425,,,0.7840046792328043
3417,1001,13,5,0.65,0.2,1000,restricted_30,aggregation,0.8838922958351739,,,0.784497212833463
3418,1001,13,5,0.65,0.2,1000,restricted_30,aggregation,0.88222759064724,,,0.7829649015336515
3419,1001,13,5,0.65,0.2,1000,restricted_30,aggregation,0.8830386467726975,,,0.7837655979899731
3420,1001,13,5,0.65,0.2,1000,restricted_30,aggregation,0.881672644398138,,,0.7824207675734761
3421,1001,13,5,0.65,0.2,1000,restricted_30,aggregation,0.8843964791380576,,,0.7850484872149457
3422,1001,13,5,0.65,0.2,1000,restricted_30,aggregation,0.8814380648865953,,,0.7825580297788632
3423,1001,13,5,0.65,0.2,1000,restricted_30,aggregation,0.8825460922240703,,,0.7833879010110262
3424,1001,13,5,0.65,0.2,1000,restricted_30,aggregation,0.8819490382747455,,,0.7829993149288983
3425,1001,13,5,0.65,0.2,1000,restricted_30,aggregation,0.8837695405780319,,,0.7845747090717925
3426,1001,13,5,0.65,0.2,1000,restricted_30,aggregation,0.8821272423290295,,,0.7833169843505261
3427,1001,13,5,0.65,0.2,1000,restricted_30,aggregation,0.8820054203385959,,,0.7827677337939839
3428,1001,13,5,0.65,0.2,1000,restricted_30,aggregation,0.8830763170387832,,,0.7838997825014492
3429,1001,13,5,0.65,0.2,1000,restricted_30,aggregation,0.8815317740945983,,,0.782573291692875
3430,1001,13,5,0.65,0.2,1000,restricted_30,aggregation,0.8819262948164838,,,0.7828635930967182
3431,1001,13,5,0.65,0.2,1000,restricted_30,aggregation,0.8827845610451406,,,0.7834123428038012
3432,1001,13,5,0.65,0.2,1000,restricted_30,aggregation,0.883484547752295,,,0.7836155263024013
3433,1001,13,5,0.65,0.2,1000,restricted_30,aggregation,0.8835680353020127,,,0.7839442362575697
3434,1001,13,5,0.65,0.2,1000,restricted_30,aggregation,0.8830443309424867,,,0.7836336149036149
3435,1001,13,5,0.65,0.2,1000,restricted_30,aggregation,0.8837039883085759,,,0.7845600540817208
3436,1001,13,5,0.65,0.2,1000,restricted_30,aggregation,0.8821518385159509,,,0.7830923704150788
3437,1001,13,5,0.65,0.2,1000,restricted_30,aggregation,0.8828478527293335,,,0.7834349239032573
3438,1001,13,5,0.65,0.2,1000,restricted_30,aggregation,0.882547544088133,,,0.7835847867179119
3439,1001,13,5,0.65,0.2,1000,restricted_30,aggregation,0.8838515751955419,,,0.7843091780827197
3440,1001,13,5,0.65,0.2,1000,restricted_30,aggregation,0.8831663502683093,,,0.7838446575800744
3441,1001,13,5,0.65,0.2,1000,restricted_30,aggregation,0.8834308680873115,,,0.7842255244446911
3442,1001,13,5,0.65,0.2,1000,restricted_30,aggregation,0.8838742089385342,,,0.7847808598423182
3443,1001,13,5,0.65,0.2,1000,restricted_30,aggregation,0.8813164921960609,,,0.7823480993620578
3444,1001,13,5,0.65,0.2,1000,restricted_30,aggregation,0.8821316734156976,,,0.7833418238705739
3445,1001,13,5,0.65,0.2,1000,restricted_30,aggregation,0.8828469248278038,,,0.7834878154253155
3446,1001,13,5,0.65,0.2,1000,restricted_30,aggregation,0.8833684168325797,,,0.7841598257298258
3447,1001,13,5,0.65,0.2,1000,restricted_30,aggregation,0.8833610354515617,,,0.7840198003539671
3448,1001,13,5,0.65,0.2,1000,restricted_30,aggregation,0.8827684785916585,,,0.783600618602077
3449,1001,13,5,0.65,0.2,1000,restricted_30,aggregation,0.8827946008306362,,,0.7836769618498786
3450,1001,13,5,0.65,0.2,1000,restricted_30,aggregation,0.8815716615211003,,,0.7825079752346421
3451,1001,13,5,0.65,0.2,1000,restricted_30,aggregation,0.883514364891453,,,0.7839087553110471
3452,1001,13,5,0.65,0.2,1000,restricted_30,aggregation,0.8836024278294542,,,0.7841685637279387
3453,1001,13,5,0.65,0.2,1000,restricted_30,aggregation,0.8829829253515046,,,0.7837887740037741
3454,1001,13,5,0.65,0.2,1000,restricted_30,aggregation,0.8828845076974609,,,0.7837906886786055
3455,1001,13,5,0.65,0.2,1000,restricted_30,aggregation,0.8810453629054652,,,0.7820834994866246
3456,1001,13,5,0.65,0.2,1000,restricted_30,aggregation,0.8839758669732862,,,0.7846725395052478
3457,1001,13,5,0.65,0.2,1000,restricted_30,aggregation,0.8827643734047198,,,0.7835011995334912
3458,1001,13,5,0.65,0.2,1000,restricted_30,aggregation,0.8835583608686516,,,0.7840244889524056
3459,1001,13,5,0.65,0.2,1000,restricted_30,aggregation,0.8826090713251239,,,0.7834288611234447
3460,1001,13,5,0.65,0.2,1000,restricted_30,aggregation,0.8823393643159275,,,0.7829343820531321
3461,1001,13,5,0.65,0.2,1000,restricted_30,aggregation,0.8825961774843365,,,0.7830030352517853
3462,1001,13,5,0.65,0.2,1000,restricted_30,aggregation,0.8819686716705434,,,0.7829386194900778
3463,1001,13,5,0.65,0.2,1000,restricted_30,aggregation,0.8826227786105836,,,0.7836644434500685
3464,1001,13,5,0.65,0.2,1000,restricted_30,aggregation,0.88140273668276,,,0.7825488802709636
3465,1001,13,5,0.65,0.2,1000,restricted_30,aggregation,0.8812824914540935,,,0.7823748434590102
3466,1001,13,5,0.65,0.2,1000,restricted_30,aggregation,0.8824788778179995,,,0.7832409891959892
3467,1001,13,5,0.65,0.2,1000,restricted_30,aggregation,0.8834056453748056,,,0.7837211523430274
3468,1001,13,5,0.65,0.2,1000,restricted_30,aggregation,0.882808117989638,,,0.7831098212127379
3469,1001,13,5,0.65,0.2,1000,restricted_30,aggregation,0.8841903801224151,,,0.7845070533170534
3470,1001,13,5,0.65,0.2,1000,restricted_30,aggregation,0.8830418703693659,,,0.7838304751498502
3471,1001,13,5,0.65,0.2,1000,restricted_30,aggregation,0.8815580685922678,,,0.7828646188842023
3472,1001,13,5,0.65,0.2,1000,restricted_30,aggregation,0.8822379323397705,,,0.7832980486951321
3473,1001,13,5,0.65,0.2,1000,restricted_30,aggregation,0.8831221960801792,,,0.7837284219638387
3474,1001,13,5,0.65,0.2,1000,restricted_30,aggregation,0.8820009077017742,,,0.7827903368390868
3475,1001,13,5,0.65,0.2,1000,restricted_30,aggregation,0.8819079443925596,,,0.7831261147725732
3476,1001,13,5,0.65,0.2,1000,restricted_30,aggregation,0.8846507554640077,,,0.7850421342392178
3477,1001,13,5,0.65,0.2,1000,restricted_30,aggregation,0.883634286716144,,,0.7845089051997387
3478,1001,13,5,0.65,0.2,1000,restricted_30,aggregation,0.8830342509712157,,,0.7838132204446788
3479,1001,13,5,0.65,0.2,1000,restricted_30,aggregation,0.8832746921344425,,,0.7840356572362822
3480,1001,13,5,0.65,0.2,1000,restricted_30,aggregation,0.8834478101835617,,,0.7842095749543668
3481,1001,13,5,0.65,0.2,1000,restricted_30,aggregation,0.8824964385677654,,,0.7833152324527324
3482,1001,13,5,0.65,0.2,1000,restricted_30,aggregation,0.8826148790287831,,,0.7834356286306287
3483,1001,13,5,0.65,0.2,1000,restricted_30,aggregation,0.8829430115569562,,,0.7839398868878036
3484,1001,13,5,0.65,0.2,1000,restricted_30,aggregation,0.8832404208716875,,,0.7836601575122409
3485,1001,13,5,0.65,0.2,1000,restricted_30,aggregation,0.8827877122114215,,,0.783664889855515
3486,1001,13,5,0.65,0.2,1000,restricted_30,aggregation,0.8821962264504142,,,0.7830146682330016
3487,1001,13,5,0.65,0.2,1000,restricted_30,aggregation,0.8822250209574158,,,0.7832735437710439
3488,1001,13,5,0.65,0.2,1000,restricted_30,aggregation,0.882242356580338,,,0.782969640714224
3489,1001,13,5,0.65,0.2,1000,restricted_30,aggregation,0.8818915414898321,,,0.7825363269523687
3490,1001,13,5,0.65,0.2,1000,restricted_30,aggregation,0.8832466262351852,,,0.7841726427893094
3491,1001,13,5,0.65,0.2,1000,restricted_30,aggregation,0.8820986336361564,,,0.7828264392551894
3492,1001,13,5,0.65,0.2,1000,restricted_30,aggregation,0.8825319094997595,,,0.7832849869729037
3493,1001,13,5,0.65,0.2,1000,restricted_30,aggregation,0.8812633882196559,,,0.7824413098090183
3494,1001,13,5,0.65,0.2,1000,restricted_30,aggregation,0.8831208426762269,,,0.7841312456447873
3495,1001,13,5,0.65,0.2,1000,restricted_30,aggregation,0.8817609209849798,,,0.7827546957903209
3496,1001,13,5,0.65,0.2,1000,restricted_30,aggregation,0.8833492636153479,,,0.7839692578177996
3497,1001,13,5,0.65,0.2,1000,restricted_30,aggregation,0.881343186112301,,,0.7824793134720218
3498,1001,13,5,0.65,0.2,1000,restricted_30,aggregation,0.8834850312958816,,,0.7845774523701609
3499,1001,13,5,0.65,0.2,1000,restricted_30,aggregation,0.8816073728729221,,,0.7821794800030217
3500,1001,13,5,0.65,0.2,1000,restricted_30,aggregation,0.8826090372869736,,,0.7833998086404337
3501,1001,13,5,0.65,0.2,1000,restricted_30,aggregation,0.883895194871276,,,0.784528980587314
3502,1001,13,5,0.65,0.2,1000,restricted_30,aggregation,0.8820064495397074,,,0.7826739336589338
3503,1001,13,5,0.65,0.2,1000,restricted_30,aggregation,0.8840137816168195,,,0.7845419884667801
3504,1001,13,5,0.65,0.2,1000,restricted_30,aggregation,0.8822419966577003,,,0.7829763382219633
3505,1001,13,5,0.65,0.2,1000,restricted_30,aggregation,0.882220877831215,,,0.7832048725348726
3506,1001,13,5,0.65,0.2,1000,restricted_30,aggregation,0.8834694152710715,,,0.7845647533407951
3507,1001,13,5,0.65,0.2,1000,restricted_30,aggregation,0.8825962777519499,,,0.7833801762589263
3508,1001,13,5,0.65,0.2,1000,restricted_30,aggregation,0.8840926826428,,,0.7844279178075012
3509,1001,13,5,0.65,0.2,1000,restricted_30,aggregation,0.8837489422479455,,,0.7840163066331818
3510,1001,13,5,0.65,0.2,1000,restricted_30,aggregation,0.8843401280741109,,,0.7848754679040096
3511,1001,13,5,0.65,0.2,1000,restricted_30,aggregation,0.8825307033418782,,,0.783112539667123
3512,1001,13,5,0.65,0.2,1000,restricted_30,aggregation,0.8824871115292844,,,0.7834242470184137
3513,1001,13,5,0.65,0.2,1000,restricted_30,aggregation,0.8830056384911824,,,0.7838471924603175
3514,1001,13,5,0.65,0.2,1000,restricted_30,aggregation,0.8816455469542013,,,0.7828270896850066
3515,1001,13,5,0.65,0.2,1000,restricted_30,aggregation,0.8840200553946164,,,0.7843006646054562
3516,1001,13,5,0.65,0.2,1000,restricted_30,aggregation,0.8831409704541355,,,0.7839408449498034
3517,1001,13,5,0.65,0.2,1000,restricted_30,aggregation,0.8826292210734101,,,0.7832386161754913
3518,1001,13,5,0.65,0.2,1000,restricted_30,aggregation,0.8839120383914499,,,0.7844186888343139
3519,1001,13,5,0.65,0.2,1000,restricted_30,aggregation,0.8817937700991743,,,0.7822362217720552
3520,1001,13,5,0.65,0.2,1000,restricted_30,aggregation,0.883058586870525,,,0.783901756175923
3521,1001,13,5,0.65,0.2,1000,restricted_30,aggregation,0.8840398424528625,,,0.7843355025607109
3522,1001,13,5,0.65,0.2,1000,restricted_30,aggregation,0.8832446145995596,,,0.7841427773692358
3523,1001,13,5,0.65,0.2,1000,restricted_30,aggregation,0.8823483795376874,,,0.7833533654000321
3524,1001,13,5,0.65,0.2,1000,restricted_30,aggregation,0.8838254775513809,,,0.7844028431676349
3525,1001,13,5,0.65,0.2,1000,restricted_30,aggregation,0.8836959821594649,,,0.7842269430800681
3526,1001,13,5,0.65,0.2,1000,restricted_30,aggregation,0.8825060035648552,,,0.7833947094263761
3527,1001,13,5,0.65,0.2,1000,restricted_30,aggregation,0.8828930065830686,,,0.7836673066670984
3528,1001,13,5,0.65,0.2,1000,restricted_30,aggregation,0.882504407505431,,,0.7827644417079834
3529,1001,13,5,0.65,0.2,1000,restricted_30,aggregation,0.8821965646353813,,,0.7830555203438537
3530,1001,13,5,0.65,0.2,1000,restricted_30,aggregation,0.8812107196944307,,,0.7822653112088529
3531,1001,13,5,0.65,0.2,1000,restricted_30,aggregation,0.882386997632596,,,0.7829701751874669
3532,1001,13,5,0.65,0.2,1000,restricted_30,aggregation,0.8829696212247611,,,0.7833643847279265
3533,1001,13,5,0.65,0.2,1000,restricted_30,aggregation,0.8828150357961947,,,0.7837963247940333
3534,1001,13,5,0.65,0.2,1000,restricted_30,aggregation,0.8821254726469765,,,0.7830782248615582
3535,1001,13,5,0.65,0.2,1000,restricted_30,aggregation,0.8823486235066875,,,0.7835319658582159
3536,1001,13,5,0.65,0.2,1000,restricted_30,aggregation,0.8837286538239145,,,0.7842245244261912
3537,1001,13,5,0.65,0.2,1000,restricted_30,aggregation,0.8831792628743553,,,0.7835769445754864
3538,1001,13,5,0.65,0.2,1000,restricted_30,aggregation,0.8816736551082638,,,0.7827748511365178
3539,1001,13,5,0.65,0.2,1000,restricted_30,aggregation,0.8830917065435414,,,0.7837904449177366
3540,1001,13,5,0.65,0.2,1000,restricted_30,aggregation,0.8811894505557657,,,0.7824252508217092
3541,1001,13,5,0.65,0.2,1000,restricted_30,aggregation,0.8836034065790892,,,0.7840971836342671
3542,1001,13,5,0.65,0.2,1000,restricted_30,aggregation,0.8812643717743319,,,0.7821419229998396
3543,1001,13,5,0.65,0.2,1000,restricted_30,aggregation,0.8816228075606498,,,0.7824497411539079
3544,1001,13,5,0.65,0.2,1000,restricted_30,aggregation,0.8837903037239228,,,0.7841994157848325
3545,1001,13,5,0.65,0.2,1000,restricted_30,aggregation,0.8827692293954466,,,0.7839031626475377
3546,1001,13,5,0.65,0.2,1000,restricted_30,aggregation,0.8837253902891606,,,0.7842810017837102
3547,1001,13,5,0.65,0.2,1000,restricted_30,aggregation,0.8833261181488975,,,0.7840950331921166
3548,1001,13,5,0.65,0.2,1000,restricted_30,aggregation,0.8824039076783275,,,0.7832311095617347
3549,1001,13,5,0.65,0.2,1000,restricted_30,aggregation,0.8824050916880241,,,0.7833518449451784
3550,1001,13,5,0.65,0.2,1000,restricted_30,aggregation,0.8840105540610976,,,0.7844848756952926
3551,1001,13,5,0.65,0.2,1000,restricted_30,aggregation,0.8833175777429983,,,0.7838712694404362
3552,1001,13,5,0.65,0.2,1000,restricted_30,aggregation,0.883242048833065,,,0.7835667243713077
3553,1001,13,5,0.65,0.2,1000,restricted_30,aggregation,0.8827617941885278,,,0.7832602523787942
3554,1001,13,5,0.65,0.2,1000,restricted_30,aggregation,0.8834308775288202,,,0.7839470163247247
3555,1001,13,5,0.65,0.2,1000,restricted_30,aggregation,0.8840013094911243,,,0.7845700101287603
3556,1001,13,5,0.65,0.2,1000,restricted_30,aggregation,0.881390604703955,,,0.7823927454567038
3557,1001,13,5,0.65,0.2,1000,restricted_30,aggregation,0.8835002517165973,,,0.7842261278382111
3558,1001,13,5,0.65,0.2,1000,restricted_30,aggregation,0.8838313608099311,,,0.7846671105437772
3559,1001,13,5,0.65,0.2,1000,restricted_30,aggregation,0.8805124383209983,,,0.7818288332886251
3560,1001,13,5,0.65,0.2,1000,restricted_30,aggregation,0.8831113422263154,,,0.7836885006120423
3561,1001,13,5,0.65,0.2,1000,restricted_30,aggregation,0.8832502022169053,,,0.7840641580641582
3562,1001,13,5,0.65,0.2,1000,restricted_30,aggregation,0.88280021739233,,,0.7839576671399588
3563,1001,13,5,0.65,0.2,1000,restricted_30,aggregation,0.8833897433634422,,,0.7839794882278216
3564,1001,13,5,0.65,0.2,1000,restricted_30,aggregation,0.8839065066816469,,,0.7848614558974978
3565,1001,13,5,0.65,0.2,1000,restricted_30,aggregation,0.8827994948074495,,,0.7835502379487798
3566,1001,13,5,0.65,0.2,1000,restricted_30,aggregation,0.8814538796965393,,,0.7825637341285259
3567,1001,13,5,0.65,0.2,1000,restricted_30,aggregation,0.8828210938672805,,,0.7833113298198715
3568,1001,13,5,0.65,0.2,1000,restricted_30,aggregation,0.8833926316966145,,,0.7837731600883685
3569,1001,13,5,0.65,0.2,1000,restricted_30,aggregation,0.8831679482352159,,,0.783715690613399
3570,1001,13,5,0.65,0.2,1000,restricted_30,aggregation,0.8807958846080672,,,0.7818021889838557
3571,1001,13,5,0.65,0.2,1000,restricted_30,aggregation,0.8834276328418846,,,0.7843654258935511
3572,1001,13,5,0.65,0.2,1000,restricted_30,aggregation,0.8807273581031756,,,0.781897121003996
3573,1001,13,5,0.65,0.2,1000,restricted_30,aggregation,0.8832060589805678,,,0.7837778780016281
3574,1001,13,5,0.65,0.2,1000,restricted_30,aggregation,0.8823988952619112,,,0.7832565821678323
3575,1001,13,5,0.65,0.2,1000,restricted_30,aggregation,0.8837969235091364,,,0.7841930556403475
3576,1001,13,5,0.65,0.2,1000,restricted_30,aggregation,0.882932083574425,,,0.7837880475234643
3577,1001,13,5,0.65,0.2,1000,restricted_30,aggregation,0.8817159310325875,,,0.7825064156676658
3578,1001,13,5,0.65,0.2,1000,restricted_30,aggregation,0.8832546305447339,,,0.7838400326216992
3579,1001,13,5,0.65,0.2,1000,restricted_30,aggregation,0.8836671582480862,,,0.7841920413459997
3580,1001,13,5,0.65,0.2,1000,restricted_30,aggregation,0.8832994397836035,,,0.783972049624758
3581,1001,13,5,0.65,0.2,1000,restricted_30,aggregation,0.8828910525267583,,,0.7835586557115725
3582,1001,13,5,0.65,0.2,1000,restricted_30,aggregation,0.8797039073216377,,,0.7812062572843824
3583,1001,13,5,0.65,0.2,1000,restricted_30,aggregation,0.8829431429766564,,,0.7833497175432593
3584,1001,13,5,0.65,0.2,1000,restricted_30,aggregation,0.8816459038071333,,,0.7825056472462724
3585,1001,13,5,0.65,0.2,1000,restricted_30,aggregation,0.8825827799541731,,,0.7832018324807908
3586,1001,13,5,0.65,0.2,1000,restricted_30,aggregation,0.8830608733138334,,,0.7835201708168376
3587,1001,13,5,0.65,0.2,1000,restricted_30,aggregation,0.8817227537896236,,,0.7826746035446036
3588,1001,13,5,0.65,0.2,1000,restricted_30,aggregation,0.8832060995223614,,,0.7839605001557085
3589,1001,13,5,0.65,0.2,1000,restricted_30,aggregation,0.8832514403625031,,,0.783639777614361
3590,1001,13,5,0.65,0.2,1000,restricted_30,aggregation,0.8808626771100055,,,0.7818316636064553
3591,1001,13,5,0.65,0.2,1000,restricted_30,aggregation,0.8821146026006109,,,0.7832253456420124
3592,1001,13,5,0.65,0.2,1000,restricted_30,aggregation,0.8829770572010942,,,0.7836906897654815
3593,1001,13,5,0.65,0.2,1000,restricted_30,aggregation,0.8825101506391327,,,0.7836470575797659
3594,1001,13,5,0.65,0.2,1000,restricted_30,aggregation,0.8834513999926916,,,0.7839977788492372
3595,1001,13,5,0.65,0.2,1000,restricted_30,aggregation,0.8819857278663711,,,0.7828437007745341
3596,1001,13,5,0.65,0.2,1000,restricted_30,aggregation,0.8841632427261608,,,0.78443929494117
3597,1001,13,5,0.65,0.2,1000,restricted_30,aggregation,0.8827094736272638,,,0.7833030189948941
3598,1001,13,5,0.65,0.2,1000,restricted_30,aggregation,0.8830537222447352,,,0.7839871971007388
3599,1001,13,5,0.65,0.2,1000,restricted_30,aggregation,0.8824910040326477,,,0.7833139641377141
3600,1001,13,5,0.65,0.2,1000,restricted_30,aggregation,0.8833155317705068,,,0.7838875643029811
3601,1001,13,5,0.65,0.2,1000,restricted_30,aggregation,0.8831857287152216,,,0.7840180067617568
3602,1001,13,5,0.65,0.2,1000,restricted_30,aggregation,0.8818287528777244,,,0.782718815567149
3603,1001,13,5,0.65,0.2,1000,restricted_30,aggregation,0.8838705818729081,,,0.7843358439862608
3604,1001,13,5,0.65,0.2,1000,restricted_30,aggregation,0.8829608584720041,,,0.7839074995606246
3605,1001,13,5,0.65,0.2,1000,restricted_30,aggregation,0.8847051213205713,,,0.7852168190374441
3606,1001,13,5,0.65,0.2,1000,restricted_30,aggregation,0.882065865077292,,,0.7827807442172027
3607,1001,13,5,0.65,0.2,1000,restricted_30,aggregation,0.8838506415177512,,,0.7841973350183767
3608,1001,13,5,0.65,0.2,1000,restricted_30,aggregation,0.8823010588367792,,,0.7831513522588524
3609,1001,13,5,0.65,0.2,1000,restricted_30,aggregation,0.8813228380300268,,,0.7824790587961421
3610,1001,13,5,0.65,0.2,1000,restricted_30,aggregation,0.8819378498455764,,,0.7831562282085199
3611,1001,13,5,0.65,0.2,1000,restricted_30,aggregation,0.8840274674290441,,,0.7847575462500462
3612,1001,13,5,0.65,0.2,1000,restricted_30,aggregation,0.8831731334053224,,,0.7834505155955156
3613,1001,13,5,0.65,0.2,1000,restricted_30,aggregation,0.8827735535567236,,,0.7835906098068599
3614,1001,13,5,0.65,0.2,1000,restricted_30,aggregation,0.8838341513291013,,,0.7843952027062444
3615,1001,13,5,0.65,0.2,1000,restricted_30,aggregation,0.8835755767796464,,,0.7841436567213652
3616,1001,13,5,0.65,0.2,1000,restricted_30,aggregation,0.8831605007314451,,,0.7839724902412403
3617,1001,13,5,0.65,0.2,1000,restricted_30,aggregation,0.8842458182854829,,,0.7849538184731935
3618,1001,13,5,0.65,0.2,1000,restricted_30,aggregation,0.8831600272760729,,,0.7835752227710562
3619,1001,13,5,0.65,0.2,1000,restricted_30,aggregation,0.8828761417790153,,,0.783976253977504
3620,1001,13,5,0.65,0.2,1000,restricted_30,aggregation,0.8838853425946919,,,0.784671437212479
3621,1001,13,5,0.65,0.2,1000,restricted_30,aggregation,0.88345578684066,,,0.7837957841618258
3622,1001,13,5,0.65,0.2,1000,restricted_30,aggregation,0.8819221206183823,,,0.7826573403910905
3623,1001,13,5,0.65,0.2,1000,restricted_30,aggregation,0.8832208501147346,,,0.7836184491434491
3624,1001,13,5,0.65,0.2,1000,restricted_30,aggregation,0.8822965817824238,,,0.7830520616883117
3625,1001,13,5,0.65,0.2,1000,restricted_30,aggregation,0.8830178236537813,,,0.7839411251942503
3626,1001,13,5,0.65,0.2,1000,restricted_30,aggregation,0.8819772369322056,,,0.782609217526301
3627,1001,13,5,0.65,0.2,1000,restricted_30,aggregation,0.8844587106159395,,,0.784985231196273
3628,1001,13,5,0.65,0.2,1000,restricted_30,aggregation,0.8841795498236595,,,0.7847366202007868
3629,1001,13,5,0.65,0.2,1000,restricted_30,aggregation,0.883629741999368,,,0.7842237729477314
3630,1001,13,5,0.65,0.2,1000,restricted_30,aggregation,0.8836296402731741,,,0.7843859707653459
3631,1001,13,5,0.65,0.2,1000,restricted_30,aggregation,0.8818484293507982,,,0.7828343789158373
3632,1001,13,5,0.65,0.2,1000,restricted_30,aggregation,0.8821292593057187,,,0.7830001323367991
3633,1001,13,5,0.65,0.2,1000,restricted_30,aggregation,0.8824893302994491,,,0.7834658760837929
3634,1001,13,5,0.65,0.2,1000,restricted_30,aggregation,0.883928573497329,,,0.7846041017855601
3635,1001,13,5,0.65,0.2,1000,restricted_30,aggregation,0.8839028729281331,,,0.7848012388383222
3636,1001,13,5,0.65,0.2,1000,restricted_30,aggregation,0.8829849381118744,,,0.783489111999112
3637,1001,13,5,0.65,0.2,1000,restricted_30,aggregation,0.8839151663312459,,,0.7845357699553533
3638,1001,13,5,0.65,0.2,1000,restricted_30,aggregation,0.8822582183709724,,,0.7829546280879615
3639,1001,13,5,0.65,0.2,1000,restricted_30,aggregation,0.8839809348942688,,,0.7849962563670897
3640,1001,13,5,0.65,0.2,1000,restricted_30,aggregation,0.883876931301028,,,0.7841385096539264
3641,1001,13,5,0.65,0.2,1000,restricted_30,aggregation,0.8844100672354063,,,0.785037280643739
3642,1001,13,5,0.65,0.2,1000,restricted_30,aggregation,0.8843666000036013,,,0.784816287292954
3643,1001,13,5,0.65,0.2,1000,restricted_30,aggregation,0.8819561602400529,,,0.7830262577391746
3644,1001,13,5,0.65,0.2,1000,restricted_30,aggregation,0.8821916337853069,,,0.78289275332692
3645,1001,13,5,0.65,0.2,1000,restricted_30,aggregation,0.8827752665208122,,,0.7833414747906415
3646,1001,13,5,0.65,0.2,1000,restricted_30,aggregation,0.8817391673192202,,,0.7828155565499316
3647,1001,13,5,0.65,0.2,1000,restricted_30,aggregation,0.883857660895242,,,0.7844000590921426
3648,1001,13,5,0.65,0.2,1000,restricted_30,aggregation,0.8825063529379064,,,0.7840365563757231
3649,1001,13,5,0.65,0.2,1000,restricted_30,aggregation,0.8836230366346903,,,0.7842540479042563
3650,1001,13,5,0.65,0.2,1000,restricted_30,aggregation,0.8826046504519276,,,0.7833723498723499
3651,1001,13,5,0.65,0.2,1000,restricted_30,aggregation,0.8829328475366304,,,0.7837737741810659
3652,1001,13,5,0.65,0.2,1000,restricted_30,aggregation,0.8819529513614346,,,0.7825489249099665
3653,1001,13,5,0.65,0.2,1000,restricted_30,aggregation,0.8824156692069527,,,0.7832086654086655
3654,1001,13,5,0.65,0.2,1000,restricted_30,aggregation,0.8815693390200137,,,0.7824698315650399
3655,1001,13,5,0.65,0.2,1000,restricted_30,aggregation,0.8829623592015512,,,0.7834387488514571
3656,1001,13,5,0.65,0.2,1000,restricted_30,aggregation,0.8835892660609499,,,0.7839850589379758
3657,1001,13,5,0.65,0.2,1000,restricted_30,aggregation,0.8821371172261159,,,0.7828228701622453
3658,1001,13,5,0.65,0.2,1000,restricted_30,aggregation,0.8830791999385507,,,0.7838119780682281
3659,1001,13,5,0.65,0.2,1000,restricted_30,aggregation,0.8831960859022177,,,0.7837324845679012
3660,1001,13,5,0.65,0.2,1000,restricted_30,aggregation,0.8826599161217458,,,0.7832079187247938
3661,1001,13,5,0.65,0.2,1000,restricted_30,aggregation,0.8815504176814353,,,0.7823129455421123
3662,1001,13,5,0.65,0.2,1000,restricted_30,aggregation,0.8818268934190416,,,0.7824828648357817
3663,1001,13,5,0.65,0.2,1000,restricted_30,aggregation,0.8815212194827549,,,0.7828715818209568
3664,1001,13,5,0.65,0.2,1000,restricted_30,aggregation,0.8826360545884234,,,0.7836076352197187
3665,1001,13,5,0.65,0.2,1000,restricted_30,aggregation,0.8843463592180666,,,0.7847192307383974
3666,1001,13,5,0.65,0.2,1000,restricted_30,aggregation,0.883163795751547,,,0.7836459076263244
3667,1001,13,5,0.65,0.2,1000,restricted_30,aggregation,0.8816729950567493,,,0.782696959013209
3668,1001,13,5,0.65,0.2,1000,restricted_30,aggregation,0.8833272411932908,,,0.7839793998131499
3669,1001,13,5,0.65,0.2,1000,restricted_30,aggregation,0.88216313725231,,,0.7831545331905749
3670,1001,13,5,0.65,0.2,1000,restricted_30,aggregation,0.8824706698565152,,,0.7830367296438131
3671,1001,13,5,0.65,0.2,1000,restricted_30,aggregation,0.8832419682589543,,,0.7839497547205881
3672,1001,13,5,0.65,0.2,1000,restricted_30,aggregation,0.8838634219202824,,,0.7844244539873708
3673,1001,13,5,0.65,0.2,1000,restricted_30,aggregation,0.8827755876538903,,,0.7836254821875657
3674,1001,13,5,0.65,0.2,1000,restricted_30,aggregation,0.8825951673116921,,,0.7832357257326008
3675,1001,13,5,0.65,0.2,1000,restricted_30,aggregation,0.8836099388806512,,,0.7845528716576633
3676,1001,13,5,0.65,0.2,1000,restricted_30,aggregation,0.8818632265980851,,,0.7828346520531939
3677,1001,13,5,0.65,0.2,1000,restricted_30,aggregation,0.8836442837882833,,,0.7840340453682121
3678,1001,13,5,0.65,0.2,1000,restricted_30,aggregation,0.8812501912420275,,,0.7821449456716123
3679,1001,13,5,0.65,0.2,1000,restricted_30,aggregation,0.8840444589894765,,,0.784214832736708
3680,1001,13,5,0.65,0.2,1000,restricted_30,aggregation,0.8830693604032764,,,0.7840463336586253
3681,1001,13,5,0.65,0.2,1000,restricted_30,aggregation,0.8822659925820765,,,0.78312636988012
3682,1001,13,5,0.65,0.2,1000,restricted_30,aggregation,0.883626456855552,,,0.7841385749667
3683,1001,13,5,0.65,0.2,1000,restricted_30,aggregation,0.8825810522291347,,,0.7836585727775311
3684,1001,13,5,0.65,0.2,1000,restricted_30,aggregation,0.8812025447045359,,,0.7827008460520961
3685,1001,13,5,0.65,0.2,1000,restricted_30,aggregation,0.8825003043388462,,,0.7829165634134384
3686,1001,13,5,0.65,0.2,1000,restricted_30,aggregation,0.8829400468133184,,,0.7838745250428585
3687,1001,13,5,0.65,0.2,1000,restricted_30,aggregation,0.8838062271548439,,,0.7844446837653087
3688,1001,13,5,0.65,0.2,1000,restricted_30,aggregation,0.8833850377699056,,,0.7841284730007648
3689,1001,13,5,0.65,0.2,1000,restricted_30,aggregation,0.8840286858593694,,,0.7846793372522539
3690,1001,13,5,0.65,0.2,1000,restricted_30,aggregation,0.883028102245099,,,0.7840131498671083
3691,1001,13,5,0.65,0.2,1000,restricted_30,aggregation,0.8822543018730252,,,0.7833194443134027
3692,1001,13,5,0.65,0.2,1000,restricted_30,aggregation,0.8841506391094318,,,0.7849253552543136
3693,1001,13,5,0.65,0.2,1000,restricted_30,aggregation,0.8817952650731193,,,0.7827481387593888
3694,1001,13,5,0.65,0.2,1000,restricted_30,aggregation,0.8825486230298186,,,0.7835957530201281
3695,1001,13,5,0.65,0.2,1000,restricted_30,aggregation,0.8847824146425259,,,0.785263192147359
3696,1001,13,5,0.65,0.2,1000,restricted_30,aggregation,0.8816453872061661,,,0.7828502713027714
3697,1001,13,5,0.65,0.2,1000,restricted_30,aggregation,0.8829965703798335,,,0.7836782346434431
3698,1001,13,5,0.65,0.2,1000,restricted_30,aggregation,0.882492062492084,,,0.783292181352598
3699,1001,13,5,0.65,0.2,1000,restricted_30,aggregation,0.8822377169886394,,,0.7826360117505953
3700,1001,13,5,0.65,0.2,1000,restricted_30,aggregation,0.8812849272919985,,,0.7825380769616187
3701,1001,13,5,0.65,0.2,1000,restricted_30,aggregation,0.8832420888380009,,,0.7839257043650795
3702,1001,13,5,0.65,0.2,1000,restricted_30,aggregation,0.8824957889490653,,,0.7831089257887176
3703,1001,13,5,0.65,0.2,1000,restricted_30,aggregation,0.8820763184949593,,,0.7830786751134667
3704,1001,13,5,0.65,0.2,1000,restricted_30,aggregation,0.8814670039142278,,,0.7825630670409838
3705,1001,13,5,0.65,0.2,1000,restricted_30,aggregation,0.8845624147848373,,,0.785247504632713
3706,1001,13,5,0.65,0.2,1000,restricted_30,aggregation,0.8817328163370258,,,0.7828723386490054
3707,1001,13,5,0.65,0.2,1000,restricted_30,aggregation,0.8835794497321341,,,0.7843491600220768
3708,1001,13,5,0.65,0.2,1000,restricted_30,aggregation,0.8829829772800584,,,0.7840376402918069
3709,1001,13,5,0.65,0.2,1000,restricted_30,aggregation,0.8813592926606175,,,0.7826209253940505
3710,1001,13,5,0.65,0.2,1000,restricted_30,aggregation,0.8832828896963608,,,0.7839150829879997
3711,1001,13,5,0.65,0.2,1000,restricted_30,aggregation,0.8842532131550283,,,0.7848781977744478
3712,1001,13,5,0.65,0.2,1000,restricted_30,aggregation,0.8831789258229203,,,0.7838574022505272
3713,1001,13,5,0.65,0.2,1000,restricted_30,aggregation,0.8828781119968062,,,0.7837727294850213
3714,1001,13,5,0.65,0.2,1000,restricted_30,aggregation,0.8827872384638605,,,0.7833526737922573
3715,1001,13,5,0.65,0.2,1000,restricted_30,aggregation,0.884041693834413,,,0.7844443269847438
3716,1001,13,5,0.65,0.2,1000,restricted_30,aggregation,0.8822797503108118,,,0.7831763735261652
3717,1001,13,5,0.65,0.2,1000,restricted_30,aggregation,0.8830770809482097,,,0.7834832668797254
3718,1001,13,5,0.65,0.2,1000,restricted_30,aggregation,0.8802003619476813,,,0.7817484265040516
3719,1001,13,5,0.65,0.2,1000,restricted_30,aggregation,0.8829801223538225,,,0.7838987366568617
3720,1001,13,5,0.65,0.2,1000,restricted_30,aggregation,0.8820885996663153,,,0.7829748886453054
3721,1001,13,5,0.65,0.2,1000,restricted_30,aggregation,0.8819224875827956,,,0.782962195111987
3722,1001,13,5,0.65,0.2,1000,restricted_30,aggregation,0.8842687474731505,,,0.7849705565268066
3723,1001,13,5,0.65,0.2,1000,restricted_30,aggregation,0.8819595756926263,,,0.7831422157163825
3724,1001,13,5,0.65,0.2,1000,restricted_30,aggregation,0.8824606329484995,,,0.7828895579651831
3725,1001,13,5,0.65,0.2,1000,restricted_30,aggregation,0.8829188276940191,,,0.7836648248125333
3726,1001,13,5,0.65,0.2,1000,restricted_30,aggregation,0.8833206357724745,,,0.7838054136758305
3727,1001,13,5,0.65,0.2,1000,restricted_30,aggregation,0.8824286367344137,,,0.7833559650380484
3728,1001,13,5,0.65,0.2,1000,restricted_30,aggregation,0.8824008293168055,,,0.7832708867598452
3729,1001,13,5,0.65,0.2,1000,restricted_30,aggregation,0.8826978149872694,,,0.7833882365782366
3730,1001,13,5,0.65,0.2,1000,restricted_30,aggregation,0.882471141025841,,,0.78310362821592
3731,1001,13,5,0.65,0.2,1000,restricted_30,aggregation,0.8822388382854236,,,0.7834537862523279
3732,1001,13,5,0.65,0.2,1000,restricted_30,aggregation,0.882386431305409,,,0.783048713046213
3733,1001,13,5,0.65,0.2,1000,restricted_30,aggregation,0.8832140847192693,,,0.7843153244826162
3734,1001,13,5,0.65,0.2,1000,restricted_30,aggregation,0.8821116699462823,,,0.782905930920931
3735,1001,13,5,0.65,0.2,1000,restricted_30,aggregation,0.8818216997423874,,,0.7825074990749992
3736,1001,13,5,0.65,0.2,1000,restricted_30,aggregation,0.8821807227810895,,,0.7829659990395408
3737,1001,13,5,0.65,0.2,1000,restricted_30,aggregation,0.8810141703691992,,,0.7821063213484047
3738,1001,13,5,0.65,0.2,1000,restricted_30,aggregation,0.8832584148299638,,,0.7838610546552214
3739,1001,13,5,0.65,0.2,1000,restricted_30,aggregation,0.8825209284165237,,,0.7831730121807206
3740,1001,13,5,0.65,0.2,1000,restricted_30,aggregation,0.883906520202998,,,0.784669532650991
3741,1001,13,5,0.65,0.2,1000,restricted_30,aggregation,0.8842399868401987,,,0.7849189216801717
3742,1001,13,5,0.65,0.2,1000,restricted_30,aggregation,0.8813266972096798,,,0.7823595915350083
3743,1001,13,5,0.65,0.2,1000,restricted_30,aggregation,0.8817473586897369,,,0.7825501256690841
3744,1001,13,5,0.65,0.2,1000,restricted_30,aggregation,0.8838173458514099,,,0.7842910487352155
3745,1001,13,5,0.65,0.2,1000,restricted_30,aggregation,0.8818962232643526,,,0.7830106734931735
3746,1001,13,5,0.65,0.2,1000,restricted_30,aggregation,0.8829423164927349,,,0.7835867419848671
3747,1001,13,5,0.65,0.2,1000,restricted_30,aggregation,0.8835616080216248,,,0.783905453805454
3748,1001,13,5,0.65,0.2,1000,restricted_30,aggregation,0.8816867613291645,,,0.7830122017565767
3749,1001,13,5,0.65,0.2,1000,restricted_30,aggregation,0.8824696542742976,,,0.783156427268719
3750,1001,13,5,0.65,0.2,1000,restricted_30,aggregation,0.8845223217657873,,,0.7845538990022324
3751,1001,13,5,0.65,0.2,1000,restricted_30,aggregation,0.8817365321703677,,,0.7824237742812744
3752,1001,13,5,0.65,0.2,1000,restricted_30,aggregation,0.88184265217549,,,0.7827828700774535
3753,1001,13,5,0.65,0.2,1000,restricted_30,aggregation,0.8832888532562538,,,0.7841654306804308
3754,1001,13,5,0.65,0.2,1000,restricted_30,aggregation,0.8842660156960325,,,0.7848954739858907
3755,1001,13,5,0.65,0.2,1000,restricted_30,aggregation,0.8819465805516553,,,0.7831507549240884
3756,1001,13,5,0.65,0.2,1000,restricted_30,aggregation,0.8827382207583128,,,0.7835343037903456
3757,1001,13,5,0.65,0.2,1000,restricted_30,aggregation,0.8846281747502128,,,0.7850799247280498
3758,1001,13,5,0.65,0.2,1000,restricted_30,aggregation,0.8835135782559539,,,0.7839895298991133
3759,1001,13,5,0.65,0.2,1000,restricted_30,aggregation,0.8839722998718332,,,0.784452108955859
3760,1001,13,5,0.65,0.2,1000,restricted_30,aggregation,0.8826897210731404,,,0.783268877364919
3761,1001,13,5,0.65,0.2,1000,restricted_30,aggregation,0.8832610867780577,,,0.7838793289889124
3762,1001,13,5,0.65,0.2,1000,restricted_30,aggregation,0.8832917241316787,,,0.7839827813698648
3763,1001,13,5,0.65,0.2,1000,restricted_30,aggregation,0.8836108134022349,,,0.7843685791214959
3764,1001,13,5,0.65,0.2,1000,restricted_30,aggregation,0.8840688940269683,,,0.7840177244129328
3765,1001,13,5,0.65,0.2,1000,restricted_30,aggregation,0.8813931182201932,,,0.7823168944943946
3766,1001,13,5,0.65,0.2,1000,restricted_30,aggregation,0.8838052146675952,,,0.7846347957289626
3767,1001,13,5,0.65,0.2,1000,restricted_30,aggregation,0.8831151120315277,,,0.7835255356680357
3768,1001,13,5,0.65,0.2,1000,restricted_30,aggregation,0.8834515724615245,,,0.7842082266807266
3769,1001,13,5,0.65,0.2,1000,restricted_30,aggregation,0.8831303638860752,,,0.783555369206411
3770,1001,13,5,0.65,0.2,1000,restricted_30,aggregation,0.8832170718710552,,,0.7836455132521799
3771,1001,13,5,0.65,0.2,1000,restricted_30,aggregation,0.8824386774977807,,,0.783623633912384
3772,1001,13,5,0.65,0.2,1000,restricted_30,aggregation,0.8829910649060955,,,0.7837497653889322
3773,1001,13,5,0.65,0.2,1000,restricted_30,aggregation,0.8840668174259505,,,0.7846312509018759
3774,1001,13,5,0.65,0.2,1000,restricted_30,aggregation,0.8835038692423781,,,0.7843712969437969
3775,1001,13,5,0.65,0.2,1000,restricted_30,aggregation,0.8828632371195524,,,0.7836866815129316
3776,1001,13,5,0.65,0.2,1000,restricted_30,aggregation,0.8840781066677388,,,0.7844569564232065
3777,1001,13,5,0.65,0.2,1000,restricted_30,aggregation,0.8845371958563297,,,0.7854398359510861
3778,1001,13,5,0.65,0.2,1000,restricted_30,aggregation,0.8843727435329432,,,0.7849778986522737
3779,1001,13,5,0.65,0.2,1000,restricted_30,aggregation,0.8832909224201512,,,0.7838465755463673
3780,1001,13,5,0.65,0.2,1000,restricted_30,aggregation,0.883363632269645,,,0.7840466840412674
3781,1001,13,5,0.65,0.2,1000,restricted_30,aggregation,0.8831267163570891,,,0.7837315765947017
3782,1001,13,5,0.65,0.2,1000,restricted_30,aggregation,0.8810519863655624,,,0.7820074438986939
3783,1001,13,5,0.65,0.2,1000,restricted_30,aggregation,0.8819301090188829,,,0.7827528058438475
3784,1001,13,5,0.65,0.2,1000,restricted_30,aggregation,0.8850575507477478,,,0.7855276365147198
3785,1001,13,5,0.65,0.2,1000,restricted_30,aggregation,0.8840857500976707,,,0.7843166133172383
3786,1001,13,5,0.65,0.2,1000,restricted_30,aggregation,0.8819041652448263,,,0.7832978386890888
3787,1001,13,5,0.65,0.2,1000,restricted_30,aggregation,0.8834709323630024,,,0.7842855934651769
3788,1001,13,5,0.65,0.2,1000,restricted_30,aggregation,0.8807048716584369,,,0.7819687563670896
3789,1001,13,5,0.65,0.2,1000,restricted_30,aggregation,0.8823794523136584,,,0.7834182198280115
3790,1001,13,5,0.65,0.2,1000,restricted_30,aggregation,0.8819288295648777,,,0.7825677120872956
3791,1001,13,5,0.65,0.2,1000,restricted_30,aggregation,0.8826280421925381,,,0.7835423165646084
3792,1001,13,5,0.65,0.2,1000,restricted_30,aggregation,0.8848650338946743,,,0.785509923263465
3793,1001,13,5,0.65,0.2,1000,restricted_30,aggregation,0.8837766243216317,,,0.7846046959676127
3794,1001,13,5,0.65,0.2,1000,restricted_30,aggregation,0.881650627696028,,,0.7828462192668443
3795,1001,13,5,0.65,0.2,1000,restricted_30,aggregation,0.8831748291121754,,,0.7838016632210383
3796,1001,13,5,0.65,0.2,1000,restricted_30,aggregation,0.8839966559709648,,,0.7840588503857254
3797,1001,13,5,0.65,0.2,1000,restricted_30,aggregation,0.8822733610265333,,,0.7829208314602065
3798,1001,13,5,0.65,0.2,1000,restricted_30,aggregation,0.8834629605704802,,,0.7841558581310666
3799,1001,13,5,0.65,0.2,1000,restricted_30,aggregation,0.8839099725152879,,,0.7842719085698253
3800,1001,13,5,0.65,0.2,1000,restricted_30,aggregation,0.8816151058211893,,,0.7829111091531925
3801,1001,13,5,0.65,0.2,1000,restricted_30,aggregation,0.8826547823047144,,,0.7832933853415104
3802,1001,13,5,0.65,0.2,1000,restricted_30,aggregation,0.8817427900815878,,,0.7826801885151887
3803,1001,13,5,0.65,0.2,1000,restricted_30,aggregation,0.8835801334806165,,,0.7839207355299023
3804,1001,13,5,0.65,0.2,1000,restricted_30,aggregation,0.8826977693278638,,,0.783448819953195
3805,1001,13,5,0.65,0.2,1000,restricted_30,aggregation,0.883187724136634,,,0.7836276859097693
3806,1001,13,5,0.65,0.2,1000,restricted_30,aggregation,0.8837929356354629,,,0.7844696877351045
3807,1001,13,5,0.65,0.2,1000,restricted_30,aggregation,0.8826998545888531,,,0.7829997219370137
3808,1001,13,5,0.65,0.2,1000,restricted_30,aggregation,0.884066770694865,,,0.784801880357297
3809,1001,13,5,0.65,0.2,1000,restricted_30,aggregation,0.8826692971591805,,,0.7839307183557185
3810,1001,13,5,0.65,0.2,1000,restricted_30,aggregation,0.8839347229721964,,,0.7843285744887829
3811,1001,13,5,0.65,0.2,1000,restricted_30,aggregation,0.8842045711429449,,,0.7849075821709155
3812,1001,13,5,0.65,0.2,1000,restricted_30,aggregation,0.880867972891705,,,0.7820421779532197
3813,1001,13,5,0.65,0.2,1000,restricted_30,aggregation,0.8826378309588837,,,0.7836317333361085
3814,1001,13,5,0.65,0.2,1000,restricted_30,aggregation,0.8828876181069129,,,0.7836521311635897
3815,1001,13,5,0.65,0.2,1000,restricted_30,aggregation,0.8837570547992857,,,0.784151805000555
3816,1001,13,5,0.65,0.2,1000,restricted_30,aggregation,0.8825739552239452,,,0.7833167473344557
3817,1001,13,5,0.65,0.2,1000,restricted_30,aggregation,0.8817999212756811,,,0.7823513681072015
3818,1001,13,5,0.65,0.2,1000,restricted_30,aggregation,0.8838177563321413,,,0.7840830803687054
3819,1001,13,5,0.65,0.2,1000,restricted_30,aggregation,0.8828132204701967,,,0.7831991141497392
3820,1001,13,5,0.65,0.2,1000,restricted_30,aggregation,0.8821488948207438,,,0.78319409319076
3821,1001,13,5,0.65,0.2,1000,restricted_30,aggregation,0.8831362867756053,,,0.783668333325625
3822,1001,13,5,0.65,0.2,1000,restricted_30,aggregation,0.8830214450668515,,,0.7834657443636611
3823,1001,13,5,0.65,0.2,1000,restricted_30,aggregation,0.8842052982535592,,,0.7845416645622897
3824,1001,13,5,0.65,0.2,1000,restricted_30,aggregation,0.8825960907550227,,,0.7830401020815605
3825,1001,13,5,0.65,0.2,1000,restricted_30,aggregation,0.8822132420204403,,,0.7829669588205006
3826,1001,13,5,0.65,0.2,1000,restricted_30,aggregation,0.8840474406729053,,,0.7850168863158447
3827,1001,13,5,0.65,0.2,1000,restricted_30,aggregation,0.8818700470716435,,,0.7827335324474908
3828,1001,13,5,0.65,0.2,1000,restricted_30,aggregation,0.880662742479478,,,0.7817619263760932
3829,1001,13,5,0.65,0.2,1000,restricted_30,aggregation,0.8833262535452088,,,0.78407626328918
3830,1001,13,5,0.65,0.2,1000,restricted_30,aggregation,0.8830246786470359,,,0.7839519167406669
3831,1001,13,5,0.65,0.2,1000,restricted_30,aggregation,0.8815904725318155,,,0.782935569577028
3832,1001,13,5,0.65,0.2,1000,restricted_30,aggregation,0.8821460519743398,,,0.782904257894883
3833,1001,13,5,0.65,0.2,1000,restricted_30,aggregation,0.8817734987458007,,,0.7826534649917983
3834,1001,13,5,0.65,0.2,1000,restricted_30,aggregation,0.8822763891070924,,,0.7828644145283729
3835,1001,13,5,0.65,0.2,1000,restricted_30,aggregation,0.8828967530483356,,,0.7832752689286023
3836,1001,13,5,0.65,0.2,1000,restricted_30,aggregation,0.8832391859997163,,,0.7843413831307583
3837,1001,13,5,0.65,0.2,1000,restricted_30,aggregation,0.883758605472445,,,0.7845911488357323
3838,1001,13,5,0.65,0.2,1000,restricted_30,aggregation,0.8828753996660156,,,0.7839734982147483
3839,1001,13,5,0.65,0.2,1000,restricted_30,aggregation,0.8826487591116273,,,0.7827168350939184
3840,1001,13,5,0.65,0.2,1000,restricted_30,aggregation,0.883217089378757,,,0.7837157427526179
3841,1001,13,5,0.65,0.2,1000,restricted_30,aggregation,0.8816384898367119,,,0.7825924247588831
3842,1001,13,5,0.65,0.2,1000,restricted_30,aggregation,0.8828445299374147,,,0.7837229739473491
3843,1001,13,5,0.65,0.2,1000,restricted_30,aggregation,0.8821395981205996,,,0.7832476023667692
3844,1001,13,5,0.65,0.2,1000,restricted_30,aggregation,0.8829491932525703,,,0.7832915235227736
3845,1001,13,5,0.65,0.2,1000,restricted_30,aggregation,0.8832938657851291,,,0.784152977608811
3846,1001,13,5,0.65,0.2,1000,restricted_30,aggregation,0.8826484400105599,,,0.7836989320555988
3847,1001,13,5,0.65,0.2,1000,restricted_30,aggregation,0.8832266371180708,,,0.7841849299620133
3848,1001,13,5,0.65,0.2,1000,restricted_30,aggregation,0.8820075306346498,,,0.7828470009080427
3849,1001,13,5,0.65,0.2,1000,restricted_30,aggregation,0.8836952478331305,,,0.7847098542738127
3850,1001,13,5,0.65,0.2,1000,restricted_30,aggregation,0.8828004019556116,,,0.7832255638188973
3851,1001,13,5,0.65,0.2,1000,restricted_30,aggregation,0.8832781421958981,,,0.7838024554534972
3852,1001,13,5,0.65,0.2,1000,restricted_30,aggregation,0.8831971243825103,,,0.7841434232896733
3853,1001,13,5,0.65,0.2,1000,restricted_30,aggregation,0.8810338539990809,,,0.7820803180230265
3854,1001,13,5,0.65,0.2,1000,restricted_30,aggregation,0.882424912083496,,,0.7832538966588968
3855,1001,13,5,0.65,0.2,1000,restricted_30,aggregation,0.8835731342035436,,,0.7844581120114454
3856,1001,13,5,0.65,0.2,1000,restricted_30,aggregation,0.883895262653701,,,0.7840234327863496
3857,1001,13,5,0.65,0.2,1000,restricted_30,aggregation,0.8835973018729133,,,0.7844768648326983
3858,1001,13,5,0.65,0.2,1000,restricted_30,aggregation,0.8815875301103113,,,0.7825090286719454
3859,1001,13,5,0.65,0.2,1000,restricted_30,aggregation,0.882448573475511,,,0.7831305352594936
3860,1001,13,5,0.65,0.2,1000,restricted_30,aggregation,0.8822683289221802,,,0.7828270227226478
3861,1001,13,5,0.65,0.2,1000,restricted_30,aggregation,0.882891393446699,,,0.7830873930776016
3862,1001,13,5,0.65,0.2,1000,restricted_30,aggregation,0.8828328374288889,,,0.7838807423440758
3863,1001,13,5,0.65,0.2,1000,restricted_30,aggregation,0.8829167915453534,,,0.7834077166737584
3864,1001,13,5,0.65,0.2,1000,restricted_30,aggregation,0.8824444755553559,,,0.7829263087067255
3865,1001,13,5,0.65,0.2,1000,restricted_30,aggregation,0.8833402619373926,,,0.7838993335676671
3866,1001,13,5,0.65,0.2,1000,restricted_30,aggregation,0.88247744631287,,,0.7833789245399664
3867,1001,13,5,0.65,0.2,1000,restricted_30,aggregation,0.883844748316886,,,0.7845113113661031
3868,1001,13,5,0.65,0.2,1000,restricted_30,aggregation,0.8830997421863773,,,0.7834933204835288
3869,1001,13,5,0.65,0.2,1000,restricted_30,aggregation,0.8835378687876673,,,0.7842335416127083
3870,1001,13,5,0.65,0.2,1000,restricted_30,aggregation,0.8836540707325703,,,0.7840701770914272
3871,1001,13,5,0.65,0.2,1000,restricted_30,aggregation,0.88275370655942,,,0.7833723059579312
3872,1001,13,5,0.65,0.2,1000,restricted_30,aggregation,0.883871544053782,,,0.784216550702384
3873,1001,13,5,0.65,0.2,1000,restricted_30,aggregation,0.8829463890046103,,,0.7836193155455655
3874,1001,13,5,0.65,0.2,1000,restricted_30,aggregation,0.8809256243324577,,,0.7823231275591693
3875,1001,13,5,0.65,0.2,1000,restricted_30,aggregation,0.8815650823788852,,,0.7825206522181523
3876,1001,13,5,0.65,0.2,1000,restricted_30,aggregation,0.8827433843851399,,,0.7833809957172458
3877,1001,13,5,0.65,0.2,1000,restricted_30,aggregation,0.8848450443169872,,,0.7852563740117908
3878,1001,13,5,0.65,0.2,1000,restricted_30,aggregation,0.8842822446734308,,,0.7847584675278426
3879,1001,13,5,0.65,0.2,1000,restricted_30,aggregation,0.8827700121454922,,,0.7833680314130315
3880,1001,13,5,0.65,0.2,1000,restricted_30,aggregation,0.8832210320692325,,,0.7841409686224271
3881,1001,13,5,0.65,0.2,1000,restricted_30,aggregation,0.8824493387494184,,,0.7833487069103737
3882,1001,13,5,0.65,0.2,1000,restricted_30,aggregation,0.8814421973018993,,,0.7827787904302488
3883,1001,13,5,0.65,0.2,1000,restricted_30,aggregation,0.8841286363566173,,,0.7848532964335048
3884,1001,13,5,0.65,0.2,1000,restricted_30,aggregation,0.8838842324447027,,,0.7844707314598982
3885,1001,13,5,0.65,0.2,1000,restricted_30,aggregation,0.8828630385740979,,,0.783324456955082
3886,1001,13,5,0.65,0.2,1000,restricted_30,aggregation,0.8840696487439896,,,0.7847439024401525
3887,1001,13,5,0.65,0.2,1000,restricted_30,aggregation,0.8823566986280409,,,0.7832604545377463
3888,1001,13,5,0.65,0.2,1000,restricted_30,aggregation,0.8826684248230964,,,0.7833291263212097
3889,1001,13,5,0.65,0.2,1000,restricted_30,aggregation,0.8836395458983982,,,0.7840103953453954
3890,1001,13,5,0.65,0.2,1000,restricted_30,aggregation,0.8816111867570057,,,0.7827970107978443
3891,1001,13,5,0.65,0.2,1000,restricted_30,aggregation,0.8824259136236727,,,0.7829719237398405
3892,1001,13,5,0.65,0.2,1000,restricted_30,aggregation,0.8828455684056763,,,0.7834705587545172
3893,1001,13,5,0.65,0.2,1000,restricted_30,aggregation,0.8824506106099165,,,0.7833266980319065
3894,1001,13,5,0.65,0.2,1000,restricted_30,aggregation,0.882760100911028,,,0.7831827484244153
3895,1001,13,5,0.65,0.2,1000,restricted_30,aggregation,0.8831785544623925,,,0.7840088230519481
3896,1001,13,5,0.65,0.2,1000,restricted_30,aggregation,0.8835897409323075,,,0.7839671690115441
3897,1001,13,5,0.65,0.2,1000,restricted_30,aggregation,0.882882662273301,,,0.7838769105431606
3898,1001,13,5,0.65,0.2,1000,restricted_30,aggregation,0.8813859610321948,,,0.7821609003265255
3899,1001,13,5,0.65,0.2,1000,restricted_30,aggregation,0.8822439538742904,,,0.7832348286204538
3900,1001,13,5,0.65,0.2,1000,restricted_30,aggregation,0.883352790750365,,,0.7838844174190008
3901,1001,13,5,0.65,0.2,1000,restricted_30,aggregation,0.8828386959633919,,,0.7834026952676953
3902,1001,13,5,0.65,0.2,1000,restricted_30,aggregation,0.8827846301180062,,,0.7832838291029958
3903,1001,13,5,0.65,0.2,1000,restricted_30,aggregation,0.8830432539358526,,,0.7837385207770625
3904,1001,13,5,0.65,0.2,1000,restricted_30,aggregation,0.8816375392064837,,,0.7826058820731738
3905,1001,13,5,0.65,0.2,1000,restricted_30,aggregation,0.8828719829850261,,,0.7834398623444456
3906,1001,13,5,0.65,0.2,1000,restricted_30,aggregation,0.8819880586116587,,,0.7828549789022706
3907,1001,13,5,0.65,0.2,1000,restricted_30,aggregation,0.8839547312931317,,,0.7840444824619826
3908,1001,13,5,0.65,0.2,1000,restricted_30,aggregation,0.8848837857217562,,,0.7853520473739224
3909,1001,13,5,0.65,0.2,1000,restricted_30,aggregation,0.8823346344491863,,,0.7833389573081241
3910,1001,13,5,0.65,0.2,1000,restricted_30,aggregation,0.8824963308719513,,,0.7833492825153242
3911,1001,13,5,0.65,0.2,1000,restricted_30,aggregation,0.8819458395835124,,,0.7826813075735993
3912,1001,13,5,0.65,0.2,1000,restricted_30,aggregation,0.8828009713250079,,,0.7838197360664028
3913,1001,13,5,0.65,0.2,1000,restricted_30,aggregation,0.8831141075460864,,,0.7835406527037777
3914,1001,13,5,0.65,0.2,1000,restricted_30,aggregation,0.8842508387067992,,,0.7845354674106758
3915,1001,13,5,0.65,0.2,1000,restricted_30,aggregation,0.883396194026265,,,0.7838745401126652
3916,1001,13,5,0.65,0.2,1000,restricted_30,aggregation,0.8830416188203519,,,0.7838249725660144
3917,1001,13,5,0.65,0.2,1000,restricted_30,aggregation,0.883831012403499,,,0.7840512007976592
3918,1001,13,5,0.65,0.2,1000,restricted_30,aggregation,0.8832528625632077,,,0.7834819549971633
3919,1001,13,5,0.65,0.2,1000,restricted_30,aggregation,0.882484648264679,,,0.7832227957459208
3920,1001,13,5,0.65,0.2,1000,restricted_30,aggregation,0.8822672799743525,,,0.7832047150072151
3921,1001,13,5,0.65,0.2,1000,restricted_30,aggregation,0.883942359342629,,,0.7843580579682664
3922,1001,13,5,0.65,0.2,1000,restricted_30,aggregation,0.8817421512996745,,,0.7823405832207916
3923,1001,13,5,0.65,0.2,1000,restricted_30,aggregation,0.8823986745529462,,,0.7829649822168573
3924,1001,13,5,0.65,0.2,1000,restricted_30,aggregation,0.8804370482605239,,,0.7818660940217191
3925,1001,13,5,0.65,0.2,1000,restricted_30,aggregation,0.8818260178874437,,,0.7828530675574426
3926,1001,13,5,0.65,0.2,1000,restricted_30,aggregation,0.8830915153474266,,,0.7834856708954626
3927,1001,13,5,0.65,0.2,1000,restricted_30,aggregation,0.8822529860903615,,,0.7831276705470456
3928,1001,13,5,0.65,0.2,1000,restricted_30,aggregation,0.8836594210685065,,,0.7845964193985028
3929,1001,13,5,0.65,0.2,1000,restricted_30,aggregation,0.8815308992064496,,,0.7824373794261295
3930,1001,13,5,0.65,0.2,1000,restricted_30,aggregation,0.881912165286235,,,0.7831672592839259
3931,1001,13,5,0.65,0.2,1000,restricted_30,aggregation,0.8819378733868326,,,0.7830055168596837
3932,1001,13,5,0.65,0.2,1000,restricted_30,aggregation,0.8824854528782622,,,0.7831147235865987
3933,1001,13,5,0.65,0.2,1000,restricted_30,aggregation,0.8818009019635129,,,0.7831189752146003
3934,1001,13,5,0.65,0.2,1000,restricted_30,aggregation,0.8833647263918875,,,0.7843020621662288
3935,1001,13,5,0.65,0.2,1000,restricted_30,aggregation,0.8829808576565753,,,0.7841914656793825
3936,1001,13,5,0.65,0.2,1000,restricted_30,aggregation,0.8838624312977531,,,0.7844673168652336
3937,1001,13,5,0.65,0.2,1000,restricted_30,aggregation,0.8828741605171885,,,0.783888957554791
3938,1001,13,5,0.65,0.2,1000,restricted_30,aggregation,0.8832509834397593,,,0.7836650568798488
3939,1001,13,5,0.65,0.2,1000,restricted_30,aggregation,0.8823889152293152,,,0.7832017142656725
3940,1001,13,5,0.65,0.2,1000,restricted_30,aggregation,0.8843210654879857,,,0.7847328855789273
3941,1001,13,5,0.65,0.2,1000,restricted_30,aggregation,0.8832288576374273,,,0.783810607417274
3942,1001,13,5,0.65,0.2,1000,restricted_30,aggregation,0.8825597261840551,,,0.7831357066004984
3943,1001,13,5,0.65,0.2,1000,restricted_30,aggregation,0.8822442139578899,,,0.7829733519952272
3944,1001,13,5,0.65,0.2,1000,restricted_30,aggregation,0.8816413300798468,,,0.7828563545405213
3945,1001,13,5,0.65,0.2,1000,restricted_30,aggregation,0.8845516397569246,,,0.7850421072291907
3946,1001,13,5,0.65,0.2,1000,restricted_30,aggregation,0.8826808386434787,,,0.7830964083062
3947,1001,13,5,0.65,0.2,1000,restricted_30,aggregation,0.8828369433261952,,,0.7833084436242771
3948,1001,13,5,0.65,0.2,1000,restricted_30,aggregation,0.8826577621657411,,,0.7833591692412527
3949,1001,13,5,0.65,0.2,1000,restricted_30,aggregation,0.8817845969551649,,,0.7824789761550178
3950,1001,13,5,0.65,0.2,1000,restricted_30,aggregation,0.8822495658057716,,,0.7829283388756306
3951,1001,13,5,0.65,0.2,1000,restricted_30,aggregation,0.883086301484134,,,0.7836026323290908
3952,1001,13,5,0.65,0.2,1000,restricted_30,aggregation,0.8820377927275573,,,0.7824701336857588
3953,1001,13,5,0.65,0.2,1000,restricted_30,aggregation,0.880198145479661,,,0.7816365859757527
3954,1001,13,5,0.65,0.2,1000,restricted_30,aggregation,0.8828966298350213,,,0.7837656047424798
3955,1001,13,5,0.65,0.2,1000,restricted_30,aggregation,0.8831717563746391,,,0.7839308469616804
3956,1001,13,5,0.65,0.2,1000,restricted_30,aggregation,0.8814160752628961,,,0.7826893622812374
3957,1001,13,5,0.65,0.2,1000,restricted_30,aggregation,0.8832930705630229,,,0.7842248687115355
3958,1001,13,5,0.65,0.2,1000,restricted_30,aggregation,0.8822375636914873,,,0.782613290898916
3959,1001,13,5,0.65,0.2,1000,restricted_30,aggregation,0.8841071522069631,,,0.7846186023775609
3960,1001,13,5,0.65,0.2,1000,restricted_30,aggregation,0.8817851481198539,,,0.7826467037283705
3961,1001,13,5,0.65,0.2,1000,restricted_30,aggregation,0.8823956799056497,,,0.7835049797116465
3962,1001,13,5,0.65,0.2,1000,restricted_30,aggregation,0.8828410388687122,,,0.7834615222046473
3963,1001,13,5,0.65,0.2,1000,restricted_30,aggregation,0.8823683942928752,,,0.7826207563886732
3964,1001,13,5,0.65,0.2,1000,restricted_30,aggregation,0.8821494410317691,,,0.7831410305666556
3965,1001,13,5,0.65,0.2,1000,restricted_30,aggregation,0.8821443347280581,,,0.7831482892647477
3966,1001,13,5,0.65,0.2,1000,restricted_30,aggregation,0.8840371801367127,,,0.7849246562542397
3967,1001,13,5,0.65,0.2,1000,restricted_30,aggregation,0.8824067547824606,,,0.7831959647451315
3968,1001,13,5,0.65,0.2,1000,restricted_30,aggregation,0.8827725937632859,,,0.7831665891747143
3969,1001,13,5,0.65,0.2,1000,restricted_30,aggregation,0.8833257402169883,,,0.7838535571527239
3970,1001,13,5,0.65,0.2,1000,restricted_30,aggregation,0.8823096200805192,,,0.783054299982425
3971,1001,13,5,0.65,0.2,1000,restricted_30,aggregation,0.8820546657399913,,,0.7827538737805405
3972,1001,13,5,0.65,0.2,1000,restricted_30,aggregation,0.8814209377203108,,,0.7826742056400389
3973,1001,13,5,0.65,0.2,1000,restricted_30,aggregation,0.8822982283274696,,,0.7831753767528769
3974,1001,13,5,0.65,0.2,1000,restricted_30,aggregation,0.8809109909791956,,,0.7824168854448023
3975,1001,13,5,0.65,0.2,1000,restricted_30,aggregation,0.8823831630752753,,,0.7828731536210704
3976,1001,13,5,0.65,0.2,1000,restricted_30,aggregation,0.8838737556580091,,,0.7845313348842516
3977,1001,13,5,0.65,0.2,1000,restricted_30,aggregation,0.8831814243531472,,,0.7841458429225097
3978,1001,13,5,0.65,0.2,1000,restricted_30,aggregation,0.882088182785343,,,0.782680674518383
3979,1001,13,5,0.65,0.2,1000,restricted_30,aggregation,0.8841316542192968,,,0.7848987159060077
3980,1001,13,5,0.65,0.2,1000,restricted_30,aggregation,0.8824870151552024,,,0.7831309810482728
3981,1001,13,5,0.65,0.2,1000,restricted_30,aggregation,0.8822253646192105,,,0.7831279862729864
3982,1001,13,5,0.65,0.2,1000,restricted_30,aggregation,0.8832967006677473,,,0.7838387070028738
3983,1001,13,5,0.65,0.2,1000,restricted_30,aggregation,0.88432618049458,,,0.7850028869124703
3984,1001,13,5,0.65,0.2,1000,restricted_30,aggregation,0.8818555674419755,,,0.782944063197605
3985,1001,13,5,0.65,0.2,1000,restricted_30,aggregation,0.8833414479819162,,,0.784063156280448
3986,1001,13,5,0.65,0.2,1000,restricted_30,aggregation,0.8839852834260817,,,0.7843894221210889
3987,1001,13,5,0.65,0.2,1000,restricted_30,aggregation,0.8824861212614242,,,0.7833248112998114
3988,1001,13,5,0.65,0.2,1000,restricted_30,aggregation,0.8830307012107862,,,0.7837877182462599
3989,1001,13,5,0.65,0.2,1000,restricted_30,aggregation,0.8810190979725397,,,0.7819661883949385
3990,1001,13,5,0.65,0.2,1000,restricted_30,aggregation,0.8827425870712635,,,0.7835161975447392
3991,1001,13,5,0.65,0.2,1000,restricted_30,aggregation,0.8829525288292134,,,0.7836507866439116
3992,1001,13,5,0.65,0.2,1000,restricted_30,aggregation,0.8824192601015283,,,0.7827365127079711
3993,1001,13,5,0.65,0.2,1000,restricted_30,aggregation,0.8838186686516603,,,0.7845878314201232
3994,1001,13,5,0.65,0.2,1000,restricted_30,aggregation,0.8816089854127527,,,0.7825200213675215
3995,1001,13,5,0.65,0.2,1000,restricted_30,aggregation,0.8832803722705738,,,0.7835676447626448
3996,1001,13,5,0.65,0.2,1000,restricted_30,aggregation,0.8840040894296234,,,0.7844551985437404
3997,1001,13,5,0.65,0.2,1000,restricted_30,aggregation,0.8835954398894653,,,0.7842717156840073
3998,1001,13,5,0.65,0.2,1000,restricted_30,aggregation,0.8827672401389102,,,0.7837328846153846
3999,1001,13,5,0.65,0.2,1000,restricted_30,aggregation,0.8820650719172926,,,0.7828348582281917
4000,1001,13,5,0.65,0.2,1000,restricted_40,aggregation,0.8873107583758906,,,0.7888023497258915
4001,1001,13,5,0.65,0.2,1000,restricted_40,aggregation,0.8863804523385597,,,0.7881593553899805
4002,1001,13,5,0.65,0.2,1000,restricted_40,aggregation,0.8875605517383661,,,0.7894428015965518
4003,1001,13,5,0.65,0.2,1000,restricted_40,aggregation,0.8875709016377442,,,0.7899581241906243
4004,1001,13,5,0.65,0.2,1000,restricted_40,aggregation,0.8867154524647503,,,0.7883832029929949
4005,1001,13,5,0.65,0.2,1000,restricted_40,aggregation,0.8872010336508144,,,0.7890586098469432
4006,1001,13,5,0.65,0.2,1000,restricted_40,aggregation,0.8870076348251767,,,0.7889254636567138
4007,1001,13,5,0.65,0.2,1000,restricted_40,aggregation,0.8873320203544608,,,0.7891929227562562
4008,1001,13,5,0.65,0.2,1000,restricted_40,aggregation,0.8859340817370477,,,0.7876863137865223
4009,1001,13,5,0.65,0.2,1000,restricted_40,aggregation,0.8862341520943795,,,0.7876522159553411
4010,1001,13,5,0.65,0.2,1000,restricted_40,aggregation,0.8870782523063763,,,0.788957488314155
4011,1001,13,5,0.65,0.2,1000,restricted_40,aggregation,0.887214477967662,,,0.7899063724855392
4012,1001,13,5,0.65,0.2,1000,restricted_40,aggregation,0.8861040860950657,,,0.7874676579207831
4013,1001,13,5,0.65,0.2,1000,restricted_40,aggregation,0.8861552870318231,,,0.7880270445757946
4014,1001,13,5,0.65,0.2,1000,restricted_40,aggregation,0.8868554115608865,,,0.7891310255099839
4015,1001,13,5,0.65,0.2,1000,restricted_40,aggregation,0.8874686661633567,,,0.7890649121094956
4016,1001,13,5,0.65,0.2,1000,restricted_40,aggregation,0.8870648010728835,,,0.7887560531058448
4017,1001,13,5,0.65,0.2,1000,restricted_40,aggregation,0.8870768375535977,,,0.788795254275046
4018,1001,13,5,0.65,0.2,1000,restricted_40,aggregation,0.8867006540683348,,,0.7881521083469001
4019,1001,13,5,0.65,0.2,1000,restricted_40,aggregation,0.8876745357152371,,,0.7895292047689965
4020,1001,13,5,0.65,0.2,1000,restricted_40,aggregation,0.8861763936887439,,,0.7877229454958623
4021,1001,13,5,0.65,0.2,1000,restricted_40,aggregation,0.8869727831677172,,,0.7886383535446037
4022,1001,13,5,0.65,0.2,1000,restricted_40,aggregation,0.88822160692507,,,0.7910020083543002
4023,1001,13,5,0.65,0.2,1000,restricted_40,aggregation,0.8872500585855473,,,0.789109729583688
4024,1001,13,5,0.65,0.2,1000,restricted_40,aggregation,0.8870840842282294,,,0.789190729309271
4025,1001,13,5,0.65,0.2,1000,restricted_40,aggregation,0.8869072104858369,,,0.7886088040200541
4026,1001,13,5,0.65,0.2,1000,restricted_40,aggregation,0.8874638560168651,,,0.7892630762755762
4027,1001,13,5,0.65,0.2,1000,restricted_40,aggregation,0.8876385170920683,,,0.7894262372272789
4028,1001,13,5,0.65,0.2,1000,restricted_40,aggregation,0.8861601480481264,,,0.7875195420243338
4029,1001,13,5,0.65,0.2,1000,restricted_40,aggregation,0.8873532075670042,,,0.7891957904980822
4030,1001,13,5,0.65,0.2,1000,restricted_40,aggregation,0.8869456768112891,,,0.7885485456133373
4031,1001,13,5,0.65,0.2,1000,restricted_40,aggregation,0.887493045540599,,,0.7895787466777052
4032,1001,13,5,0.65,0.2,1000,restricted_40,aggregation,0.8875504888463466,,,0.7899894722638474
4033,1001,13,5,0.65,0.2,1000,restricted_40,aggregation,0.886917909645782,,,0.7886817838257423
4034,1001,13,5,0.65,0.2,1000,restricted_40,aggregation,0.8862359453687558,,,0.7878156661625413
4035,1001,13,5,0.65,0.2,1000,restricted_40,aggregation,0.886234878242669,,,0.7878878200117784
4036,1001,13,5,0.65,0.2,1000,restricted_40,aggregation,0.8863553514129735,,,0.7881671731200899
4037,1001,13,5,0.65,0.2,1000,restricted_40,aggregation,0.887068796724702,,,0.7889766658649991
4038,1001,13,5,0.65,0.2,1000,restricted_40,aggregation,0.8867911720378058,,,0.788754219175886
4039,1001,13,5,0.65,0.2,1000,restricted_40,aggregation,0.8871240353509996,,,0.7892929661387995
4040,1001,13,5,0.65,0.2,1000,restricted_40,aggregation,0.8871690904684494,,,0.7888962611616779
4041,1001,13,5,0.65,0.2,1000,restricted_40,aggregation,0.8869978594039206,,,0.7889283434158435
4042,1001,13,5,0.65,0.2,1000,restricted_40,aggregation,0.8864831969627914,,,0.7881684091679925
4043,1001,13,5,0.65,0.2,1000,restricted_40,aggregation,0.8873124177848246,,,0.7891947845827013
4044,1001,13,5,0.65,0.2,1000,restricted_40,aggregation,0.8874110404532187,,,0.7893383835608837
4045,1001,13,5,0.65,0.2,1000,restricted_40,aggregation,0.88790005199665,,,0.7902658233664485
4046,1001,13,5,0.65,0.2,1000,restricted_40,aggregation,0.8870944686755005,,,0.7888215011917096
4047,1001,13,5,0.65,0.2,1000,restricted_40,aggregation,0.8875753764506136,,,0.7896140495846747
4048,1001,13,5,0.65,0.2,1000,restricted_40,aggregation,0.8865354720446372,,,0.7880571653732071
4049,1001,13,5,0.65,0.2,1000,restricted_40,aggregation,0.8867256577366234,,,0.7887042658884326
4050,1001,13,5,0.65,0.2,1000,restricted_40,aggregation,0.8867292429645367,,,0.7888454330777247
4051,1001,13,5,0.65,0.2,1000,restricted_40,aggregation,0.8861933167149325,,,0.7873368237780739
4052,1001,13,5,0.65,0.2,1000,restricted_40,aggregation,0.8867049937251966,,,0.7881177028449946
4053,1001,13,5,0.65,0.2,1000,restricted_40,aggregation,0.8878729979710095,,,0.7894985514100098
4054,1001,13,5,0.65,0.2,1000,restricted_40,aggregation,0.8873930133503364,,,0.7895199177597095
4055,1001,13,5,0.65,0.2,1000,restricted_40,aggregation,0.8864731795733144,,,0.788431042961668
4056,1001,13,5,0.65,0.2,1000,restricted_40,aggregation,0.8873937276071893,,,0.7891004907515325
4057,1001,13,5,0.65,0.2,1000,restricted_40,aggregation,0.8877729763021706,,,0.7898401184309518
4058,1001,13,5,0.65,0.2,1000,restricted_40,aggregation,0.8863947308588602,,,0.7881534802080636
4059,1001,13,5,0.65,0.2,1000,restricted_40,aggregation,0.8866802620296742,,,0.7886110595346012
4060,1001,13,5,0.65,0.2,1000,restricted_40,aggregation,0.8867621614982609,,,0.7887846845901013
4061,1001,13,5,0.65,0.2,1000,restricted_40,aggregation,0.8868473096967759,,,0.7883492760094843
4062,1001,13,5,0.65,0.2,1000,restricted_40,aggregation,0.8866098253072121,,,0.7879556020291437
4063,1001,13,5,0.65,0.2,1000,restricted_40,aggregation,0.8868486050999734,,,0.7885432087434172
4064,1001,13,5,0.65,0.2,1000,restricted_40,aggregation,0.8873200302651055,,,0.7894703383730468
4065,1001,13,5,0.65,0.2,1000,restricted_40,aggregation,0.8870369527868471,,,0.7894338398715482
4066,1001,13,5,0.65,0.2,1000,restricted_40,aggregation,0.8870578625877256,,,0.7887949961843712
4067,1001,13,5,0.65,0.2,1000,restricted_40,aggregation,0.8867763282090072,,,0.7881427607269275
4068,1001,13,5,0.65,0.2,1000,restricted_40,aggregation,0.8869961980328196,,,0.788525468836719
4069,1001,13,5,0.65,0.2,1000,restricted_40,aggregation,0.886407604591979,,,0.7880659473011556
4070,1001,13,5,0.65,0.2,1000,restricted_40,aggregation,0.8868309160671392,,,0.7885121967461551
4071,1001,13,5,0.65,0.2,1000,restricted_40,aggregation,0.8874169717202858,,,0.7894742694651028
4072,1001,13,5,0.65,0.2,1000,restricted_40,aggregation,0.8869254896938168,,,0.7887646347942182
4073,1001,13,5,0.65,0.2,1000,restricted_40,aggregation,0.8870561615019655,,,0.7886647185222185
4074,1001,13,5,0.65,0.2,1000,restricted_40,aggregation,0.8871745775494062,,,0.7892709548322049
4075,1001,13,5,0.65,0.2,1000,restricted_40,aggregation,0.8846295837799929,,,0.7862289566991651
4076,1001,13,5,0.65,0.2,1000,restricted_40,aggregation,0.8872570111506811,,,0.7897513196217364
4077,1001,13,5,0.65,0.2,1000,restricted_40,aggregation,0.8873049819389489,,,0.788994874847375
4078,1001,13,5,0.65,0.2,1000,restricted_40,aggregation,0.8871951282626365,,,0.789279798658132
4079,1001,13,5,0.65,0.2,1000,restricted_40,aggregation,0.8868418643992164,,,0.7887297025351192
4080,1001,13,5,0.65,0.2,1000,restricted_40,aggregation,0.8858390903359517,,,0.7874640551732219
4081,1001,13,5,0.65,0.2,1000,restricted_40,aggregation,0.8868881841663881,,,0.7887794621505039
4082,1001,13,5,0.65,0.2,1000,restricted_40,aggregation,0.887574317258483,,,0.789994050856551
4083,1001,13,5,0.65,0.2,1000,restricted_40,aggregation,0.8873306228258131,,,0.7894152998005082
4084,1001,13,5,0.65,0.2,1000,restricted_40,aggregation,0.8868975666187989,,,0.7886674421026504
4085,1001,13,5,0.65,0.2,1000,restricted_40,aggregation,0.8875096023186028,,,0.7893341508645676
4086,1001,13,5,0.65,0.2,1000,restricted_40,aggregation,0.8868463110146367,,,0.7886303429055513
4087,1001,13,5,0.65,0.2,1000,restricted_40,aggregation,0.8870610742294326,,,0.7888043273239108
4088,1001,13,5,0.65,0.2,1000,restricted_40,aggregation,0.8874767654742819,,,0.7893559671115922
4089,1001,13,5,0.65,0.2,1000,restricted_40,aggregation,0.887238764702029,,,0.7889565670209422
4090,1001,13,5,0.65,0.2,1000,restricted_40,aggregation,0.8876477296017034,,,0.7898070184907686
4091,1001,13,5,0.65,0.2,1000,restricted_40,aggregation,0.8869916232169324,,,0.7883905356294941
4092,1001,13,5,0.65,0.2,1000,restricted_40,aggregation,0.8861198917944171,,,0.7877453429595097
4093,1001,13,5,0.65,0.2,1000,restricted_40,aggregation,0.8869149490656164,,,0.7883339513649931
4094,1001,13,5,0.65,0.2,1000,restricted_40,aggregation,0.8869486398512659,,,0.7889389838864839
4095,1001,13,5,0.65,0.2,1000,restricted_40,aggregation,0.8873326686551767,,,0.7893513634051135
4096,1001,13,5,0.65,0.2,1000,restricted_40,aggregation,0.8857842870614198,,,0.786966123876124
4097,1001,13,5,0.65,0.2,1000,restricted_40,aggregation,0.8874059921507379,,,0.7895030635259801
4098,1001,13,5,0.65,0.2,1000,restricted_40,aggregation,0.8874194065723957,,,0.7891936985159903
4099,1001,13,5,0.65,0.2,1000,restricted_40,aggregation,0.8863789610890461,,,0.787655103314895
4100,1001,13,5,0.65,0.2,1000,restricted_40,aggregation,0.8871339809086057,,,0.7889316917264835
4101,1001,13,5,0.65,0.2,1000,restricted_40,aggregation,0.8869887144584253,,,0.7887879086808254
4102,1001,13,5,0.65,0.2,1000,restricted_40,aggregation,0.8876698844406827,,,0.7897627475456642
4103,1001,13,5,0.65,0.2,1000,restricted_40,aggregation,0.8865805376144136,,,0.7883492775896943
4104,1001,13,5,0.65,0.2,1000,restricted_40,aggregation,0.8871427266181146,,,0.7891439121834956
4105,1001,13,5,0.65,0.2,1000,restricted_40,aggregation,0.8869394752073354,,,0.7884952402227403
4106,1001,13,5,0.65,0.2,1000,restricted_40,aggregation,0.8879628881406157,,,0.790216974021349
4107,1001,13,5,0.65,0.2,1000,restricted_40,aggregation,0.887931908701333,,,0.7898785074030908
4108,1001,13,5,0.65,0.2,1000,restricted_40,aggregation,0.8870393698970336,,,0.7886042065958733
4109,1001,13,5,0.65,0.2,1000,restricted_40,aggregation,0.8875787925711147,,,0.7894244442902777
4110,1001,13,5,0.65,0.2,1000,restricted_40,aggregation,0.8872265281303101,,,0.7889303548226465
4111,1001,13,5,0.65,0.2,1000,restricted_40,aggregation,0.8874199804536371,,,0.789307007383049
4112,1001,13,5,0.65,0.2,1000,restricted_40,aggregation,0.8867112528768002,,,0.7881887370731122
4113,1001,13,5,0.65,0.2,1000,restricted_40,aggregation,0.8874389872875065,,,0.7891757504763756
4114,1001,13,5,0.65,0.2,1000,restricted_40,aggregation,0.887817000878901,,,0.7897893151216068
4115,1001,13,5,0.65,0.2,1000,restricted_40,aggregation,0.887762002826859,,,0.7896248559156893
4116,1001,13,5,0.65,0.2,1000,restricted_40,aggregation,0.8870854151725244,,,0.7888196429573514
4117,1001,13,5,0.65,0.2,1000,restricted_40,aggregation,0.8868004581902496,,,0.7886548030364697
4118,1001,13,5,0.65,0.2,1000,restricted_40,aggregation,0.8866153384377682,,,0.7886222552370469
4119,1001,13,5,0.65,0.2,1000,restricted_40,aggregation,0.8873603717946397,,,0.7896912241462242
4120,1001,13,5,0.65,0.2,1000,restricted_40,aggregation,0.8872680883750178,,,0.7894634244921747
4121,1001,13,5,0.65,0.2,1000,restricted_40,aggregation,0.8882947855773424,,,0.7911389872087788
4122,1001,13,5,0.65,0.2,1000,restricted_40,aggregation,0.8872147894881101,,,0.7889753273038691
4123,1001,13,5,0.65,0.2,1000,restricted_40,aggregation,0.8869104942999866,,,0.7886465607694776
4124,1001,13,5,0.65,0.2,1000,restricted_40,aggregation,0.8875729170767153,,,0.7895556488033572
4125,1001,13,5,0.65,0.2,1000,restricted_40,aggregation,0.886567029338103,,,0.7881312984931735
4126,1001,13,5,0.65,0.2,1000,restricted_40,aggregation,0.8868769830140818,,,0.7886997976483394
4127,1001,13,5,0.65,0.2,1000,restricted_40,aggregation,0.8873432776461533,,,0.7890219241021326
4128,1001,13,5,0.65,0.2,1000,restricted_40,aggregation,0.8869631667462673,,,0.7888113980772314
4129,1001,13,5,0.65,0.2,1000,restricted_40,aggregation,0.8866962828869219,,,0.7882468547039381
4130,1001,13,5,0.65,0.2,1000,restricted_40,aggregation,0.8876414929118511,,,0.7898290243861077
4131,1001,13,5,0.65,0.2,1000,restricted_40,aggregation,0.8865372898164072,,,0.7885261874699375
4132,1001,13,5,0.65,0.2,1000,restricted_40,aggregation,0.8868979948850135,,,0.7888176951751953
4133,1001,13,5,0.65,0.2,1000,restricted_40,aggregation,0.8872619278250979,,,0.7889833309591644
4134,1001,13,5,0.65,0.2,1000,restricted_40,aggregation,0.8870448675747828,,,0.7887732881932882
4135,1001,13,5,0.65,0.2,1000,restricted_40,aggregation,0.8867663108614458,,,0.788686202670786
4136,1001,13,5,0.65,0.2,1000,restricted_40,aggregation,0.8876967581916169,,,0.7896452803523638
4137,1001,13,5,0.65,0.2,1000,restricted_40,aggregation,0.8882079196694067,,,0.7904703134828135
4138,1001,13,5,0.65,0.2,1000,restricted_40,aggregation,0.8867982493926096,,,0.7888019744761412
4139,1001,13,5,0.65,0.2,1000,restricted_40,aggregation,0.8866560674259514,,,0.7885586849416018
4140,1001,13,5,0.65,0.2,1000,restricted_40,aggregation,0.8860415699002023,,,0.7881163707511625
4141,1001,13,5,0.65,0.2,1000,restricted_40,aggregation,0.8876231328512872,,,0.7897919717473884
4142,1001,13,5,0.65,0.2,1000,restricted_40,aggregation,0.8871611209341304,,,0.7889219790857291
4143,1001,13,5,0.65,0.2,1000,restricted_40,aggregation,0.8872441450835307,,,0.7893466238082906
4144,1001,13,5,0.65,0.2,1000,restricted_40,aggregation,0.8879774314317407,,,0.7898488583099
4145,1001,13,5,0.65,0.2,1000,restricted_40,aggregation,0.8861102001025364,,,0.7874755292161544
4146,1001,13,5,0.65,0.2,1000,restricted_40,aggregation,0.887121905146292,,,0.789187585593419
4147,1001,13,5,0.65,0.2,1000,restricted_40,aggregation,0.8873045056551147,,,0.7886014720002222
4148,1001,13,5,0.65,0.2,1000,restricted_40,aggregation,0.8870732531072372,,,0.7889131794440127
4149,1001,13,5,0.65,0.2,1000,restricted_40,aggregation,0.8872858593147848,,,0.7892472558537142
4150,1001,13,5,0.65,0.2,1000,restricted_40,aggregation,0.8867524955992971,,,0.7886105199738533
4151,1001,13,5,0.65,0.2,1000,restricted_40,aggregation,0.88616736234564,,,0.7880483630335714
4152,1001,13,5,0.65,0.2,1000,restricted_40,aggregation,0.8869654260742086,,,0.7887547619124703
4153,1001,13,5,0.65,0.2,1000,restricted_40,aggregation,0.8862993332538858,,,0.7879227263631431
4154,1001,13,5,0.65,0.2,1000,restricted_40,aggregation,0.8865630765508181,,,0.7882069723023891
4155,1001,13,5,0.65,0.2,1000,restricted_40,aggregation,0.8865087626753216,,,0.7879352626694295
4156,1001,13,5,0.65,0.2,1000,restricted_40,aggregation,0.8878572276567822,,,0.7901396664754999
4157,1001,13,5,0.65,0.2,1000,restricted_40,aggregation,0.8869605545766921,,,0.7890288916638918
4158,1001,13,5,0.65,0.2,1000,restricted_40,aggregation,0.8862966446882757,,,0.7877288751757503
4159,1001,13,5,0.65,0.2,1000,restricted_40,aggregation,0.8872564808362675,,,0.7893887675518926
4160,1001,13,5,0.65,0.2,1000,restricted_40,aggregation,0.8863995892239946,,,0.7880030660311911
4161,1001,13,5,0.65,0.2,1000,restricted_40,aggregation,0.887101652488183,,,0.7885601842216426
4162,1001,13,5,0.65,0.2,1000,restricted_40,aggregation,0.8865220502637409,,,0.7880489611777113
4163,1001,13,5,0.65,0.2,1000,restricted_40,aggregation,0.8879136612584078,,,0.7903387719610636
4164,1001,13,5,0.65,0.2,1000,restricted_40,aggregation,0.8866311194065808,,,0.7883431920394421
4165,1001,13,5,0.65,0.2,1000,restricted_40,aggregation,0.8870349777143621,,,0.7886083592796094
4166,1001,13,5,0.65,0.2,1000,restricted_40,aggregation,0.8865561053270851,,,0.7883066196457864
4167,1001,13,5,0.65,0.2,1000,restricted_40,aggregation,0.8866983246430205,,,0.7883972744076911
4168,1001,13,5,0.65,0.2,1000,restricted_40,aggregation,0.8869341137161681,,,0.7884631150716568
4169,1001,13,5,0.65,0.2,1000,restricted_40,aggregation,0.8865232228326064,,,0.7885149313032647
4170,1001,13,5,0.65,0.2,1000,restricted_40,aggregation,0.8867577178950554,,,0.7885097391574475
4171,1001,13,5,0.65,0.2,1000,restricted_40,aggregation,0.8869731576125949,,,0.7888283407872992
4172,1001,13,5,0.65,0.2,1000,restricted_40,aggregation,0.8871392160650465,,,0.7891613354777939
4173,1001,13,5,0.65,0.2,1000,restricted_40,aggregation,0.8874088310291651,,,0.789594078860954
4174,1001,13,5,0.65,0.2,1000,restricted_40,aggregation,0.8880095143243623,,,0.7899681980673648
4175,1001,13,5,0.65,0.2,1000,restricted_40,aggregation,0.8866934400601734,,,0.7886955211994796
4176,1001,13,5,0.65,0.2,1000,restricted_40,aggregation,0.8864295652060351,,,0.788196054192721
4177,1001,13,5,0.65,0.2,1000,restricted_40,aggregation,0.8869763335619599,,,0.7888375523088024
4178,1001,13,5,0.65,0.2,1000,restricted_40,aggregation,0.8872067988234689,,,0.789309992831243
4179,1001,13,5,0.65,0.2,1000,restricted_40,aggregation,0.8873974488044222,,,0.7894479519785771
4180,1001,13,5,0.65,0.2,1000,restricted_40,aggregation,0.8881859552453499,,,0.7905344857071941
4181,1001,13,5,0.65,0.2,1000,restricted_40,aggregation,0.8866542774986016,,,0.7882633568437736
4182,1001,13,5,0.65,0.2,1000,restricted_40,aggregation,0.8872599680868137,,,0.788959366659575
4183,1001,13,5,0.65,0.2,1000,restricted_40,aggregation,0.8877068732169234,,,0.7901071810365561
4184,1001,13,5,0.65,0.2,1000,restricted_40,aggregation,0.8872958162870617,,,0.7888287979767147
4185,1001,13,5,0.65,0.2,1000,restricted_40,aggregation,0.8869164726380673,,,0.7887165521746772
4186,1001,13,5,0.65,0.2,1000,restricted_40,aggregation,0.8867772492465645,,,0.7884615724630308
4187,1001,13,5,0.65,0.2,1000,restricted_40,aggregation,0.8874539072042169,,,0.7889045317645318
4188,1001,13,5,0.65,0.2,1000,restricted_40,aggregation,0.8869541504537234,,,0.7887725344177428
4189,1001,13,5,0.65,0.2,1000,restricted_40,aggregation,0.8871159718297913,,,0.788839582647291
4190,1001,13,5,0.65,0.2,1000,restricted_40,aggregation,0.886648521395471,,,0.7885279419654421
4191,1001,13,5,0.65,0.2,1000,restricted_40,aggregation,0.8860632293624758,,,0.7877014376364377
4192,1001,13,5,0.65,0.2,1000,restricted_40,aggregation,0.8863051404381713,,,0.7881271714627965
4193,1001,13,5,0.65,0.2,1000,restricted_40,aggregation,0.88611312031621,,,0.7878437411662412
4194,1001,13,5,0.65,0.2,1000,restricted_40,aggregation,0.8871934079829228,,,0.7888150164264748
4195,1001,13,5,0.65,0.2,1000,restricted_40,aggregation,0.886882646210672,,,0.7885453727445395
4196,1001,13,5,0.65,0.2,1000,restricted_40,aggregation,0.886926311559783,,,0.7888501808145558
4197,1001,13,5,0.65,0.2,1000,restricted_40,aggregation,0.8871065774802386,,,0.788703382281299
4198,1001,13,5,0.65,0.2,1000,restricted_40,aggregation,0.8854225428849731,,,0.7868611129071547
4199,1001,13,5,0.65,0.2,1000,restricted_40,aggregation,0.8863315732879877,,,0.7881463292109125
4200,1001,13,5,0.65,0.2,1000,restricted_40,aggregation,0.8870480303295303,,,0.7889420723489474
4201,1001,13,5,0.65,0.2,1000,restricted_40,aggregation,0.8868123907409851,,,0.7886060983769317
4202,1001,13,5,0.65,0.2,1000,restricted_40,aggregation,0.8874776202109371,,,0.7891632668334752
4203,1001,13,5,0.65,0.2,1000,restricted_40,aggregation,0.8864831830679397,,,0.7880519308238059
4204,1001,13,5,0.65,0.2,1000,restricted_40,aggregation,0.8867536702595102,,,0.7888623514679765
4205,1001,13,5,0.65,0.2,1000,restricted_40,aggregation,0.8862934156144155,,,0.7875320002682502
4206,1001,13,5,0.65,0.2,1000,restricted_40,aggregation,0.887385537233155,,,0.7893598995680247
4207,1001,13,5,0.65,0.2,1000,restricted_40,aggregation,0.8877503367446592,,,0.7896724220609638
4208,1001,13,5,0.65,0.2,1000,restricted_40,aggregation,0.8874560449534528,,,0.7896540644309394
4209,1001,13,5,0.65,0.2,1000,restricted_40,aggregation,0.8868110247177631,,,0.7887156099841517
4210,1001,13,5,0.65,0.2,1000,restricted_40,aggregation,0.8879966460239777,,,0.7903856817025567
4211,1001,13,5,0.65,0.2,1000,restricted_40,aggregation,0.8876987078941923,,,0.789641087893588
4212,1001,13,5,0.65,0.2,1000,restricted_40,aggregation,0.8867138964743791,,,0.7884200927313428
4213,1001,13,5,0.65,0.2,1000,restricted_40,aggregation,0.8874813163555827,,,0.7892661337350922
4214,1001,13,5,0.65,0.2,1000,restricted_40,aggregation,0.8867104116038769,,,0.7888302621067206
4215,1001,13,5,0.65,0.2,1000,restricted_40,aggregation,0.8865873557832707,,,0.7880796363975532
4216,1001,13,5,0.65,0.2,1000,restricted_40,aggregation,0.8862804749176407,,,0.7878731795210963
4217,1001,13,5,0.65,0.2,1000,restricted_40,aggregation,0.8870737335911003,,,0.7888673979878147
4218,1001,13,5,0.65,0.2,1000,restricted_40,aggregation,0.8861406306043723,,,0.787981424917675
4219,1001,13,5,0.65,0.2,1000,restricted_40,aggregation,0.8870985204597972,,,0.7888173688888274
4220,1001,13,5,0.65,0.2,1000,restricted_40,aggregation,0.8869611664903785,,,0.7888603139067722
4221,1001,13,5,0.65,0.2,1000,restricted_40,aggregation,0.8871696142200236,,,0.7887521411458912
4222,1001,13,5,0.65,0.2,1000,restricted_40,aggregation,0.887212697728248,,,0.7890382659778494
4223,1001,13,5,0.65,0.2,1000,restricted_40,aggregation,0.8866404116805323,,,0.7884269929067845
4224,1001,13,5,0.65,0.2,1000,restricted_40,aggregation,0.8870619586375197,,,0.7888853003863421
4225,1001,13,5,0.65,0.2,1000,restricted_40,aggregation,0.8871621308646208,,,0.7891205539522207
4226,1001,13,5,0.65,0.2,1000,restricted_40,aggregation,0.8872916929634834,,,0.7885349748014333
4227,1001,13,5,0.65,0.2,1000,restricted_40,aggregation,0.8872107903651496,,,0.7891234650920068
4228,1001,13,5,0.65,0.2,1000,restricted_40,aggregation,0.8867799437568885,,,0.7885259321080156
4229,1001,13,5,0.65,0.2,1000,restricted_40,aggregation,0.8873008076725165,,,0.789064091178883
4230,1001,13,5,0.65,0.2,1000,restricted_40,aggregation,0.8863050836247153,,,0.7878787318083152
4231,1001,13,5,0.65,0.2,1000,restricted_40,aggregation,0.8874538883554767,,,0.7894547663216415
4232,1001,13,5,0.65,0.2,1000,restricted_40,aggregation,0.8869930374554326,,,0.7893715938151356
4233,1001,13,5,0.65,0.2,1000,restricted_40,aggregation,0.887744381771476,,,0.7901364192520444
4234,1001,13,5,0.65,0.2,1000,restricted_40,aggregation,0.8870870570062662,,,0.7890071457477709
4235,1001,13,5,0.65,0.2,1000,restricted_40,aggregation,0.8864076620886565,,,0.7881255095290512
4236,1001,13,5,0.65,0.2,1000,restricted_40,aggregation,0.8860154847072989,,,0.7879692401040318
4237,1001,13,5,0.65,0.2,1000,restricted_40,aggregation,0.8866352539259491,,,0.7885025904573822
4238,1001,13,5,0.65,0.2,1000,restricted_40,aggregation,0.8868141261515262,,,0.7886780512543013
4239,1001,13,5,0.65,0.2,1000,restricted_40,aggregation,0.8865306372258445,,,0.7884435950315117
4240,1001,13,5,0.65,0.2,1000,restricted_40,aggregation,0.8860313411206788,,,0.7873520491391326
4241,1001,13,5,0.65,0.2,1000,restricted_40,aggregation,0.8865864392298348,,,0.7880794255513006
4242,1001,13,5,0.65,0.2,1000,restricted_40,aggregation,0.8869565306005042,,,0.7886732157117574
4243,1001,13,5,0.65,0.2,1000,restricted_40,aggregation,0.886403683054887,,,0.7880483005805924
4244,1001,13,5,0.65,0.2,1000,restricted_40,aggregation,0.8874177196598813,,,0.7895185218947719
4245,1001,13,5,0.65,0.2,1000,restricted_40,aggregation,0.8867182257799724,,,0.788259456006956
4246,1001,13,5,0.65,0.2,1000,restricted_40,aggregation,0.8871827879421676,,,0.7892056661317078
4247,1001,13,5,0.65,0.2,1000,restricted_40,aggregation,0.8868971025897823,,,0.7882711397861398
4248,1001,13,5,0.65,0.2,1000,restricted_40,aggregation,0.8871674769336291,,,0.7893535868915036
4249,1001,13,5,0.65,0.2,1000,restricted_40,aggregation,0.8869532867638533,,,0.7886079737777655
4250,1001,13,5,0.65,0.2,1000,restricted_40,aggregation,0.8869550920546654,,,0.7885011578853246
4251,1001,13,5,0.65,0.2,1000,restricted_40,aggregation,0.8874332754731104,,,0.7888289800014802
4252,1001,13,5,0.65,0.2,1000,restricted_40,aggregation,0.8871457875449945,,,0.7891649544976629
4253,1001,13,5,0.65,0.2,1000,restricted_40,aggregation,0.8872763167531273,,,0.7890648212204463
4254,1001,13,5,0.65,0.2,1000,restricted_40,aggregation,0.8868134195273578,,,0.788777246310788
4255,1001,13,5,0.65,0.2,1000,restricted_40,aggregation,0.8871436675134448,,,0.7885112073497491
4256,1001,13,5,0.65,0.2,1000,restricted_40,aggregation,0.8878811291082843,,,0.7898081759290094
4257,1001,13,5,0.65,0.2,1000,restricted_40,aggregation,0.8872001022796739,,,0.788650069906945
4258,1001,13,5,0.65,0.2,1000,restricted_40,aggregation,0.8867479341695759,,,0.7881458302268719
4259,1001,13,5,0.65,0.2,1000,restricted_40,aggregation,0.8875318568747546,,,0.7889521779994698
4260,1001,13,5,0.65,0.2,1000,restricted_40,aggregation,0.8870917404049784,,,0.788682699915825
4261,1001,13,5,0.65,0.2,1000,restricted_40,aggregation,0.8870872986267496,,,0.7889232037175788
4262,1001,13,5,0.65,0.2,1000,restricted_40,aggregation,0.8865603525259904,,,0.7882753519166019
4263,1001,13,5,0.65,0.2,1000,restricted_40,aggregation,0.8865199427333831,,,0.7878083136462304
4264,1001,13,5,0.65,0.2,1000,restricted_40,aggregation,0.887801949487012,,,0.7898880388515807
4265,1001,13,5,0.65,0.2,1000,restricted_40,aggregation,0.8864837998672244,,,0.7884820351484937
4266,1001,13,5,0.65,0.2,1000,restricted_40,aggregation,0.8873118232260209,,,0.7892731783417201
4267,1001,13,5,0.65,0.2,1000,restricted_40,aggregation,0.8876072034835802,,,0.78933967655801
4268,1001,13,5,0.65,0.2,1000,restricted_40,aggregation,0.8862572324770023,,,0.7881038829380497
4269,1001,13,5,0.65,0.2,1000,restricted_40,aggregation,0.8866512913761307,,,0.7881204292852211
4270,1001,13,5,0.65,0.2,1000,restricted_40,aggregation,0.8872097837173776,,,0.7893301790801791
4271,1001,13,5,0.65,0.2,1000,restricted_40,aggregation,0.8869877266393413,,,0.7888564174174592
4272,1001,13,5,0.65,0.2,1000,restricted_40,aggregation,0.8878925770875237,,,0.7900242831551166
4273,1001,13,5,0.65,0.2,1000,restricted_40,aggregation,0.8868870818875207,,,0.7884302568110902
4274,1001,13,5,0.65,0.2,1000,restricted_40,aggregation,0.887847811414072,,,0.7899681137149888
4275,1001,13,5,0.65,0.2,1000,restricted_40,aggregation,0.887694483801455,,,0.7898176536811955
4276,1001,13,5,0.65,0.2,1000,restricted_40,aggregation,0.8876889169199177,,,0.7895207480328315
4277,1001,13,5,0.65,0.2,1000,restricted_40,aggregation,0.8869175972665506,,,0.7887818006607591
4278,1001,13,5,0.65,0.2,1000,restricted_40,aggregation,0.8865514153616778,,,0.7886491189057856
4279,1001,13,5,0.65,0.2,1000,restricted_40,aggregation,0.8864655381559297,,,0.7882394581575832
4280,1001,13,5,0.65,0.2,1000,restricted_40,aggregation,0.8865020108768954,,,0.7878554323608491
4281,1001,13,5,0.65,0.2,1000,restricted_40,aggregation,0.8874355770190424,,,0.78983506491194
4282,1001,13,5,0.65,0.2,1000,restricted_40,aggregation,0.8876051650005382,,,0.7897423778613363
4283,1001,13,5,0.65,0.2,1000,restricted_40,aggregation,0.8868444665820672,,,0.7882211391694726
4284,1001,13,5,0.65,0.2,1000,restricted_40,aggregation,0.8879713911355944,,,0.790367133545467
4285,1001,13,5,0.65,0.2,1000,restricted_40,aggregation,0.8868481093020788,,,0.7892296653654988
4286,1001,13,5,0.65,0.2,1000,restricted_40,aggregation,0.887792625900828,,,0.7897120561768478
4287,1001,13,5,0.65,0.2,1000,restricted_40,aggregation,0.8875312367345314,,,0.7894256003101838
4288,1001,13,5,0.65,0.2,1000,restricted_40,aggregation,0.8873018675382761,,,0.7897580766609933
4289,1001,13,5,0.65,0.2,1000,restricted_40,aggregation,0.8862823633748087,,,0.7878511647842898
4290,1001,13,5,0.65,0.2,1000,restricted_40,aggregation,0.88722358077137,,,0.789044601363143
4291,1001,13,5,0.65,0.2,1000,restricted_40,aggregation,0.8871606282845079,,,0.7891773737913322
4292,1001,13,5,0.65,0.2,1000,restricted_40,aggregation,0.8863719122987249,,,0.7881865331273666
4293,1001,13,5,0.65,0.2,1000,restricted_40,aggregation,0.8875120094947825,,,0.789745623913124
4294,1001,13,5,0.65,0.2,1000,restricted_40,aggregation,0.887275994742002,,,0.7882687860827444
4295,1001,13,5,0.65,0.2,1000,restricted_40,aggregation,0.8867432777633584,,,0.7887225994992663
4296,1001,13,5,0.65,0.2,1000,restricted_40,aggregation,0.8867140808952791,,,0.7881645944564696
4297,1001,13,5,0.65,0.2,1000,restricted_40,aggregation,0.8876101964305763,,,0.7895835226424811
4298,1001,13,5,0.65,0.2,1000,restricted_40,aggregation,0.88682509220693,,,0.7887111335346754
4299,1001,13,5,0.65,0.2,1000,restricted_40,aggregation,0.8872346695476151,,,0.7889073918057252
4300,1001,13,5,0.65,0.2,1000,restricted_40,aggregation,0.8868611427917592,,,0.7888063021392189
4301,1001,13,5,0.65,0.2,1000,restricted_40,aggregation,0.8872898447802184,,,0.7888712666268917
4302,1001,13,5,0.65,0.2,1000,restricted_40,aggregation,0.8874290472587822,,,0.7889635011516262
4303,1001,13,5,0.65,0.2,1000,restricted_40,aggregation,0.8871032376095713,,,0.7887547892231227
4304,1001,13,5,0.65,0.2,1000,restricted_40,aggregation,0.8873469778634282,,,0.7887913736417904
4305,1001,13,5,0.65,0.2,1000,restricted_40,aggregation,0.8869369909917366,,,0.7885154820333987
4306,1001,13,5,0.65,0.2,1000,restricted_40,aggregation,0.8867482660444092,,,0.7887193358801692
4307,1001,13,5,0.65,0.2,1000,restricted_40,aggregation,0.8873002728973802,,,0.7890155536593038
4308,1001,13,5,0.65,0.2,1000,restricted_40,aggregation,0.8872998603517638,,,0.7892835604056438
4309,1001,13,5,0.65,0.2,1000,restricted_40,aggregation,0.88730487760204,,,0.789589096944722
4310,1001,13,5,0.65,0.2,1000,restricted_40,aggregation,0.8867145170278343,,,0.7883803835516336
4311,1001,13,5,0.65,0.2,1000,restricted_40,aggregation,0.8873295620358149,,,0.7889296017254351
4312,1001,13,5,0.65,0.2,1000,restricted_40,aggregation,0.8870835898837899,,,0.7887591424393509
4313,1001,13,5,0.65,0.2,1000,restricted_40,aggregation,0.8861131627939426,,,0.7878791023097274
4314,1001,13,5,0.65,0.2,1000,restricted_40,aggregation,0.8876112960828486,,,0.7903072761806096
4315,1001,13,5,0.65,0.2,1000,restricted_40,aggregation,0.8869637931321898,,,0.7885071782153034
4316,1001,13,5,0.65,0.2,1000,restricted_40,aggregation,0.886946921212255,,,0.7882753380647133
4317,1001,13,5,0.65,0.2,1000,restricted_40,aggregation,0.8872806248669133,,,0.7891265833549168
4318,1001,13,5,0.65,0.2,1000,restricted_40,aggregation,0.8864275912581865,,,0.7881454304337638
4319,1001,13,5,0.65,0.2,1000,restricted_40,aggregation,0.8876201312054424,,,0.7896261583632418
4320,1001,13,5,0.65,0.2,1000,restricted_40,aggregation,0.8877534531032385,,,0.7893548516452684
4321,1001,13,5,0.65,0.2,1000,restricted_40,aggregation,0.8868270966625211,,,0.7884714560979145
4322,1001,13,5,0.65,0.2,1000,restricted_40,aggregation,0.8878449919764828,,,0.7899566317324651
4323,1001,13,5,0.65,0.2,1000,restricted_40,aggregation,0.8873550064076121,,,0.7885808124899792
4324,1001,13,5,0.65,0.2,1000,restricted_40,aggregation,0.8867687214676154,,,0.7879461155511157
4325,1001,13,5,0.65,0.2,1000,restricted_40,aggregation,0.8877898165575433,,,0.7900913851118019
4326,1001,13,5,0.65,0.2,1000,restricted_40,aggregation,0.8869561722768116,,,0.7890910903833821
4327,1001,13,5,0.65,0.2,1000,restricted_40,aggregation,0.8871312423896467,,,0.789268834190501
4328,1001,13,5,0.65,0.2,1000,restricted_40,aggregation,0.8875711669737466,,,0.7895287685308519
4329,1001,13,5,0.65,0.2,1000,restricted_40,aggregation,0.8868745761611049,,,0.7884988775190859
4330,1001,13,5,0.65,0.2,1000,restricted_40,aggregation,0.8868000582368188,,,0.7881713030025531
4331,1001,13,5,0.65,0.2,1000,restricted_40,aggregation,0.887126882490857,,,0.7886986783586784
4332,1001,13,5,0.65,0.2,1000,restricted_40,aggregation,0.8858566674902008,,,0.7871189945085779
4333,1001,13,5,0.65,0.2,1000,restricted_40,aggregation,0.8871159704469674,,,0.789240843022718
4334,1001,13,5,0.65,0.2,1000,restricted_40,aggregation,0.8865888975192917,,,0.7884248770057105
4335,1001,13,5,0.65,0.2,1000,restricted_40,aggregation,0.8872303911217546,,,0.7883785322393656
4336,1001,13,5,0.65,0.2,1000,restricted_40,aggregation,0.8870563896378275,,,0.7892243188216105
4337,1001,13,5,0.65,0.2,1000,restricted_40,aggregation,0.8873441981764719,,,0.7892417286725619
4338,1001,13,5,0.65,0.2,1000,restricted_40,aggregation,0.8872802502996888,,,0.7892152131587549
4339,1001,13,5,0.65,0.2,1000,restricted_40,aggregation,0.8882068087518741,,,0.7904871281265032
4340,1001,13,5,0.65,0.2,1000,restricted_40,aggregation,0.8862689035205343,,,0.7872982455892873
4341,1001,13,5,0.65,0.2,1000,restricted_40,aggregation,0.8858066547984556,,,0.7876244671609256
4342,1001,13,5,0.65,0.2,1000,restricted_40,aggregation,0.8872218942927395,,,0.7893300168735585
4343,1001,13,5,0.65,0.2,1000,restricted_40,aggregation,0.8876067752339877,,,0.7898124552145386
4344,1001,13,5,0.65,0.2,1000,restricted_40,aggregation,0.8868281400893736,,,0.7882375638404806
4345,1001,13,5,0.65,0.2,1000,restricted_40,aggregation,0.8869721780546378,,,0.7887279400614818
4346,1001,13,5,0.65,0.2,1000,restricted_40,aggregation,0.8866247939058036,,,0.7883192595984263
4347,1001,13,5,0.65,0.2,1000,restricted_40,aggregation,0.8868036662472346,,,0.7883912054226638
4348,1001,13,5,0.65,0.2,1000,restricted_40,aggregation,0.8869184106616055,,,0.7884043364968366
4349,1001,13,5,0.65,0.2,1000,restricted_40,aggregation,0.8865632818971766,,,0.788473403571737
4350,1001,13,5,0.65,0.2,1000,restricted_40,aggregation,0.8861364844399606,,,0.7878128161190662
4351,1001,13,5,0.65,0.2,1000,restricted_40,aggregation,0.8872764789209712,,,0.7890681027074777
4352,1001,13,5,0.65,0.2,1000,restricted_40,aggregation,0.8862928199728861,,,0.7876783462139711
4353,1001,13,5,0.65,0.2,1000,restricted_40,aggregation,0.8869072455981627,,,0.7892974158634576
4354,1001,13,5,0.65,0.2,1000,restricted_40,aggregation,0.8873614666907306,,,0.7891243658964493
4355,1001,13,5,0.65,0.2,1000,restricted_40,aggregation,0.8873112137739805,,,0.789453429834055
4356,1001,13,5,0.65,0.2,1000,restricted_40,aggregation,0.8871072889969381,,,0.7892694724180142
4357,1001,13,5,0.65,0.2,1000,restricted_40,aggregation,0.8870203770853552,,,0.7888691289112124
4358,1001,13,5,0.65,0.2,1000,restricted_40,aggregation,0.8870949248742437,,,0.7888773494869329
4359,1001,13,5,0.65,0.2,1000,restricted_40,aggregation,0.8863406802162062,,,0.7876629459583626
4360,1001,13,5,0.65,0.2,1000,restricted_40,aggregation,0.8870030096208604,,,0.7888944464409048
4361,1001,13,5,0.65,0.2,1000,restricted_40,aggregation,0.8873824276259278,,,0.7890019737438488
4362,1001,13,5,0.65,0.2,1000,restricted_40,aggregation,0.8874478111670865,,,0.7899140977386812
4363,1001,13,5,0.65,0.2,1000,restricted_40,aggregation,0.8873082621280483,,,0.7890220899625068
4364,1001,13,5,0.65,0.2,1000,restricted_40,aggregation,0.8873436821777623,,,0.78921046990047
4365,1001,13,5,0.65,0.2,1000,restricted_40,aggregation,0.8875965603088326,,,0.7893737644145977
4366,1001,13,5,0.65,0.2,1000,restricted_40,aggregation,0.8869801444498038,,,0.7890091909093992
4367,1001,13,5,0.65,0.2,1000,restricted_40,aggregation,0.8870325571737472,,,0.7890251927779011
4368,1001,13,5,0.65,0.2,1000,restricted_40,aggregation,0.8860339701327796,,,0.7877048979569814
4369,1001,13,5,0.65,0.2,1000,restricted_40,aggregation,0.886707035264677,,,0.7876483062693481
4370,1001,13,5,0.65,0.2,1000,restricted_40,aggregation,0.8871982661202918,,,0.7889243950493952
4371,1001,13,5,0.65,0.2,1000,restricted_40,aggregation,0.8871226895969805,,,0.7886549104984523
4372,1001,13,5,0.65,0.2,1000,restricted_40,aggregation,0.8874218419980175,,,0.7891676184694935
4373,1001,13,5,0.65,0.2,1000,restricted_40,aggregation,0.8867420289862524,,,0.7883603625232792
4374,1001,13,5,0.65,0.2,1000,restricted_40,aggregation,0.8872364545910346,,,0.7891139964202465
4375,1001,13,5,0.65,0.2,1000,restricted_40,aggregation,0.8869607749701554,,,0.7891737513566681
4376,1001,13,5,0.65,0.2,1000,restricted_40,aggregation,0.8878763794855318,,,0.7900192438040354
4377,1001,13,5,0.65,0.2,1000,restricted_40,aggregation,0.8866223290540219,,,0.7881078341797093
4378,1001,13,5,0.65,0.2,1000,restricted_40,aggregation,0.8875244243921111,,,0.7899381611289945
4379,1001,13,5,0.65,0.2,1000,restricted_40,aggregation,0.8877463321473765,,,0.7899421579038247
4380,1001,13,5,0.65,0.2,1000,restricted_40,aggregation,0.8860764990292923,,,0.7878648310562895
4381,1001,13,5,0.65,0.2,1000,restricted_40,aggregation,0.8871988641193892,,,0.7889935207770625
4382,1001,13,5,0.65,0.2,1000,restricted_40,aggregation,0.8878260291800453,,,0.7901688307448724
4383,1001,13,5,0.65,0.2,1000,restricted_40,aggregation,0.8869768080782804,,,0.7891470943639693
4384,1001,13,5,0.65,0.2,1000,restricted_40,aggregation,0.8874764004977644,,,0.7894391936766938
4385,1001,13,5,0.65,0.2,1000,restricted_40,aggregation,0.887297341174839,,,0.7893572004924089
4386,1001,13,5,0.65,0.2,1000,restricted_40,aggregation,0.8862857572085776,,,0.788102044652878
4387,1001,13,5,0.65,0.2,1000,restricted_40,aggregation,0.8869268310643958,,,0.7881713855357606
4388,1001,13,5,0.65,0.2,1000,restricted_40,aggregation,0.8868282211909136,,,0.7881843599224851
4389,1001,13,5,0.65,0.2,1000,restricted_40,aggregation,0.8866910830392851,,,0.7879863639909475
4390,1001,13,5,0.65,0.2,1000,restricted_40,aggregation,0.8863733792349643,,,0.7878369200706701
4391,1001,13,5,0.65,0.2,1000,restricted_40,aggregation,0.8870645594573816,,,0.7895793014778432
4392,1001,13,5,0.65,0.2,1000,restricted_40,aggregation,0.8863807610849391,,,0.7883906633489968
4393,1001,13,5,0.65,0.2,1000,restricted_40,aggregation,0.8865428536560265,,,0.788074087902838
4394,1001,13,5,0.65,0.2,1000,restricted_40,aggregation,0.8877207215884639,,,0.7899943906633491
4395,1001,13,5,0.65,0.2,1000,restricted_40,aggregation,0.8862857481295952,,,0.7877893991348158
4396,1001,13,5,0.65,0.2,1000,restricted_40,aggregation,0.8867098748105355,,,0.7885012144491311
4397,1001,13,5,0.65,0.2,1000,restricted_40,aggregation,0.887299767534776,,,0.7894774087640755
4398,1001,13,5,0.65,0.2,1000,restricted_40,aggregation,0.8871956453782894,,,0.7891980900426735
4399,1001,13,5,0.65,0.2,1000,restricted_40,aggregation,0.8863483715876964,,,0.788434977645811
4400,1001,13,5,0.65,0.2,1000,restricted_40,aggregation,0.8871490422178056,,,0.7891017127471294
4401,1001,13,5,0.65,0.2,1000,restricted_40,aggregation,0.8873455043251247,,,0.7897762906537907
4402,1001,13,5,0.65,0.2,1000,restricted_40,aggregation,0.8870260063048532,,,0.7888861617626203
4403,1001,13,5,0.65,0.2,1000,restricted_40,aggregation,0.8871585869998311,,,0.7895573921294755
4404,1001,13,5,0.65,0.2,1000,restricted_40,aggregation,0.8868339710652705,,,0.7887884553178304
4405,1001,13,5,0.65,0.2,1000,restricted_40,aggregation,0.886894123734303,,,0.7887826479307729
4406,1001,13,5,0.65,0.2,1000,restricted_40,aggregation,0.8877485435090711,,,0.789921573642407
4407,1001,13,5,0.65,0.2,1000,restricted_40,aggregation,0.8869764488286812,,,0.7885891153830737
4408,1001,13,5,0.65,0.2,1000,restricted_40,aggregation,0.8875321112726752,,,0.7896723194937779
4409,1001,13,5,0.65,0.2,1000,restricted_40,aggregation,0.8875526843200422,,,0.789237484583318
4410,1001,13,5,0.65,0.2,1000,restricted_40,aggregation,0.8877470846566388,,,0.7899839022397356
4411,1001,13,5,0.65,0.2,1000,restricted_40,aggregation,0.8869592637074216,,,0.7889939680381348
4412,1001,13,5,0.65,0.2,1000,restricted_40,aggregation,0.8870304104907611,,,0.7885682695313946
4413,1001,13,5,0.65,0.2,1000,restricted_40,aggregation,0.8863216693987628,,,0.7880835843169177
4414,1001,13,5,0.65,0.2,1000,restricted_40,aggregation,0.8870701261305823,,,0.788845757992008
4415,1001,13,5,0.65,0.2,1000,restricted_40,aggregation,0.8874849270395374,,,0.7897312331881082
4416,1001,13,5,0.65,0.2,1000,restricted_40,aggregation,0.8874831201007161,,,0.7894186754603422
4417,1001,13,5,0.65,0.2,1000,restricted_40,aggregation,0.8871540396124062,,,0.7884348699911201
4418,1001,13,5,0.65,0.2,1000,restricted_40,aggregation,0.8869279902037174,,,0.7885141570774905
4419,1001,13,5,0.65,0.2,1000,restricted_40,aggregation,0.8867384994033181,,,0.7886026460961878
4420,1001,13,5,0.65,0.2,1000,restricted_40,aggregation,0.8867973453549668,,,0.7887947096113763
4421,1001,13,5,0.65,0.2,1000,restricted_40,aggregation,0.8867811659429721,,,0.7886662957721292
4422,1001,13,5,0.65,0.2,1000,restricted_40,aggregation,0.8867705138349002,,,0.7883629467754468
4423,1001,13,5,0.65,0.2,1000,restricted_40,aggregation,0.8866181463272264,,,0.7883091896298148
4424,1001,13,5,0.65,0.2,1000,restricted_40,aggregation,0.8877217137857922,,,0.7899360674896093
4425,1001,13,5,0.65,0.2,1000,restricted_40,aggregation,0.8876672320527889,,,0.7898512577006327
4426,1001,13,5,0.65,0.2,1000,restricted_40,aggregation,0.8870810808749822,,,0.7890104401385652
4427,1001,13,5,0.65,0.2,1000,restricted_40,aggregation,0.8876153629739423,,,0.7897379638879639
4428,1001,13,5,0.65,0.2,1000,restricted_40,aggregation,0.8873703215819527,,,0.7894470247113999
4429,1001,13,5,0.65,0.2,1000,restricted_40,aggregation,0.8863590486681063,,,0.7881600704542372
4430,1001,13,5,0.65,0.2,1000,restricted_40,aggregation,0.8873370093048598,,,0.7890591627893712
4431,1001,13,5,0.65,0.2,1000,restricted_40,aggregation,0.8868263437179603,,,0.7880865935684687
4432,1001,13,5,0.65,0.2,1000,restricted_40,aggregation,0.8869784538412081,,,0.7886713448048865
4433,1001,13,5,0.65,0.2,1000,restricted_40,aggregation,0.8869678722893768,,,0.7891144455544457
4434,1001,13,5,0.65,0.2,1000,restricted_40,aggregation,0.8873433446506986,,,0.788849665326957
4435,1001,13,5,0.65,0.2,1000,restricted_40,aggregation,0.8867075039519844,,,0.788147554582763
4436,1001,13,5,0.65,0.2,1000,restricted_40,aggregation,0.8860379332602657,,,0.7876841430406014
4437,1001,13,5,0.65,0.2,1000,restricted_40,aggregation,0.8868278205911054,,,0.788630937542396
4438,1001,13,5,0.65,0.2,1000,restricted_40,aggregation,0.8869810706026255,,,0.7890336911930662
4439,1001,13,5,0.65,0.2,1000,restricted_40,aggregation,0.8870840995846818,,,0.7886870744995745
4440,1001,13,5,0.65,0.2,1000,restricted_40,aggregation,0.8865780851513391,,,0.7878286727084645
4441,1001,13,5,0.65,0.2,1000,restricted_40,aggregation,0.8871102524526943,,,0.7889045647947732
4442,1001,13,5,0.65,0.2,1000,restricted_40,aggregation,0.8861521417482446,,,0.7875578285526204
4443,1001,13,5,0.65,0.2,1000,restricted_40,aggregation,0.8875617286902586,,,0.7897555111786363
4444,1001,13,5,0.65,0.2,1000,restricted_40,aggregation,0.8881590581043319,,,0.7908886974830727
4445,1001,13,5,0.65,0.2,1000,restricted_40,aggregation,0.8872856978277804,,,0.7893850333077417
4446,1001,13,5,0.65,0.2,1000,restricted_40,aggregation,0.8875983566178639,,,0.790024701332618
4447,1001,13,5,0.65,0.2,1000,restricted_40,aggregation,0.8867890325773585,,,0.7884742214960966
4448,1001,13,5,0.65,0.2,1000,restricted_40,aggregation,0.8865293490170146,,,0.7881073407071325
4449,1001,13,5,0.65,0.2,1000,restricted_40,aggregation,0.8865420965022469,,,0.7886402847075764
4450,1001,13,5,0.65,0.2,1000,restricted_40,aggregation,0.8873653905679076,,,0.78938973152619
4451,1001,13,5,0.65,0.2,1000,restricted_40,aggregation,0.8866837563777514,,,0.7882613621332373
4452,1001,13,5,0.65,0.2,1000,restricted_40,aggregation,0.8870485116267729,,,0.7889836921180673
4453,1001,13,5,0.65,0.2,1000,restricted_40,aggregation,0.8870005463230416,,,0.7888755588084755
4454,1001,13,5,0.65,0.2,1000,restricted_40,aggregation,0.8872353273804269,,,0.7887434223261307
4455,1001,13,5,0.65,0.2,1000,restricted_40,aggregation,0.887183483816228,,,0.7889363082211
4456,1001,13,5,0.65,0.2,1000,restricted_40,aggregation,0.8873527162532496,,,0.7893690723319892
4457,1001,13,5,0.65,0.2,1000,restricted_40,aggregation,0.8870564376434246,,,0.7888968774127108
4458,1001,13,5,0.65,0.2,1000,restricted_40,aggregation,0.8871708811633603,,,0.7888864910706579
4459,1001,13,5,0.65,0.2,1000,restricted_40,aggregation,0.8872930697739131,,,0.7892560871690039
4460,1001,13,5,0.65,0.2,1000,restricted_40,aggregation,0.8872973153731664,,,0.7891309926339094
4461,1001,13,5,0.65,0.2,1000,restricted_40,aggregation,0.8869087277604505,,,0.7885320864397948
4462,1001,13,5,0.65,0.2,1000,restricted_40,aggregation,0.886757020308578,,,0.7886343713693714
4463,1001,13,5,0.65,0.2,1000,restricted_40,aggregation,0.8870389765112577,,,0.7889811970359888
4464,1001,13,5,0.65,0.2,1000,restricted_40,aggregation,0.8864654857331357,,,0.7878115734111567
4465,1001,13,5,0.65,0.2,1000,restricted_40,aggregation,0.8864820965510425,,,0.7882285468235468
4466,1001,13,5,0.65,0.2,1000,restricted_40,aggregation,0.8870388198035629,,,0.7886005805151639
4467,1001,13,5,0.65,0.2,1000,restricted_40,aggregation,0.8865206119797318,,,0.7879804588235839
4468,1001,13,5,0.65,0.2,1000,restricted_40,aggregation,0.8873344053232084,,,0.7893666716616717
4469,1001,13,5,0.65,0.2,1000,restricted_40,aggregation,0.8864493085660664,,,0.7879847289207706
4470,1001,13,5,0.65,0.2,1000,restricted_40,aggregation,0.887624373102694,,,0.789333280546614
4471,1001,13,5,0.65,0.2,1000,restricted_40,aggregation,0.8871947438590522,,,0.7892209725845143
4472,1001,13,5,0.65,0.2,1000,restricted_40,aggregation,0.8873616554965168,,,0.789425268897769
4473,1001,13,5,0.65,0.2,1000,restricted_40,aggregation,0.8869294642523969,,,0.7885357880082882
4474,1001,13,5,0.65,0.2,1000,restricted_40,aggregation,0.886377729722989,,,0.7881159312215562
4475,1001,13,5,0.65,0.2,1000,restricted_40,aggregation,0.886607468053414,,,0.7883387915017083
4476,1001,13,5,0.65,0.2,1000,restricted_40,aggregation,0.8876124696759767,,,0.7892911816732651
4477,1001,13,5,0.65,0.2,1000,restricted_40,aggregation,0.8873633599926668,,,0.7891872274022275
4478,1001,13,5,0.65,0.2,1000,restricted_40,aggregation,0.8871468528190607,,,0.7893191653793737
4479,1001,13,5,0.65,0.2,1000,restricted_40,aggregation,0.8861498194393163,,,0.788272164694873
4480,1001,13,5,0.65,0.2,1000,restricted_40,aggregation,0.8870800489531533,,,0.7889130262946931
4481,1001,13,5,0.65,0.2,1000,restricted_40,aggregation,0.8871260356601679,,,0.7887164507791592
4482,1001,13,5,0.65,0.2,1000,restricted_40,aggregation,0.8874249649044688,,,0.7895263916484752
4483,1001,13,5,0.65,0.2,1000,restricted_40,aggregation,0.8873195207928773,,,0.7896975477608812
4484,1001,13,5,0.65,0.2,1000,restricted_40,aggregation,0.8876889093718596,,,0.7898778041325959
4485,1001,13,5,0.65,0.2,1000,restricted_40,aggregation,0.8866898327016428,,,0.7883283159356076
4486,1001,13,5,0.65,0.2,1000,restricted_40,aggregation,0.8867399991743796,,,0.7880535627104378
4487,1001,13,5,0.65,0.2,1000,restricted_40,aggregation,0.8873765501493623,,,0.78958786001036
4488,1001,13,5,0.65,0.2,1000,restricted_40,aggregation,0.887288432126164,,,0.7889049607105858
4489,1001,13,5,0.65,0.2,1000,restricted_40,aggregation,0.8875608124297752,,,0.7896534131763299
4490,1001,13,5,0.65,0.2,1000,restricted_40,aggregation,0.8872827010644859,,,0.7887689261510096
4491,1001,13,5,0.65,0.2,1000,restricted_40,aggregation,0.8868016505011376,,,0.7881427550304635
4492,1001,13,5,0.65,0.2,1000,restricted_40,aggregation,0.8868694639805615,,,0.7881489678531346
4493,1001,13,5,0.65,0.2,1000,restricted_40,aggregation,0.8868557047696362,,,0.7883315759780344
4494,1001,13,5,0.65,0.2,1000,restricted_40,aggregation,0.8864699391918487,,,0.7883498361360862
4495,1001,13,5,0.65,0.2,1000,restricted_40,aggregation,0.8861592430674188,,,0.7879396664523749
4496,1001,13,5,0.65,0.2,1000,restricted_40,aggregation,0.8863530779253153,,,0.7883435037416288
4497,1001,13,5,0.65,0.2,1000,restricted_40,aggregation,0.8865233024671353,,,0.7885260116041367
4498,1001,13,5,0.65,0.2,1000,restricted_40,aggregation,0.8855389493396084,,,0.7871078761439179
4499,1001,13,5,0.65,0.2,1000,restricted_40,aggregation,0.8875186300053746,,,0.789481037943538
4500,1001,13,5,0.65,0.2,1000,restricted_40,aggregation,0.8864734389008291,,,0.7879842100569185
4501,1001,13,5,0.65,0.2,1000,restricted_40,aggregation,0.8861164043277224,,,0.7878071735440487
4502,1001,13,5,0.65,0.2,1000,restricted_40,aggregation,0.8870033243083636,,,0.7885750235412736
4503,1001,13,5,0.65,0.2,1000,restricted_40,aggregation,0.8859992408003475,,,0.7879232665636832
4504,1001,13,5,0.65,0.2,1000,restricted_40,aggregation,0.8877498129892354,,,0.7903330599647267
4505,1001,13,5,0.65,0.2,1000,restricted_40,aggregation,0.8880127881295322,,,0.7906769497400749
4506,1001,13,5,0.65,0.2,1000,restricted_40,aggregation,0.8874983582305057,,,0.7894355113713448
4507,1001,13,5,0.65,0.2,1000,restricted_40,aggregation,0.8864760384567516,,,0.7878467275548527
4508,1001,13,5,0.65,0.2,1000,restricted_40,aggregation,0.8876870860246396,,,0.789528855796981
4509,1001,13,5,0.65,0.2,1000,restricted_40,aggregation,0.8869166576165164,,,0.7883964669281336
4510,1001,13,5,0.65,0.2,1000,restricted_40,aggregation,0.887352954269035,,,0.789417854044104
4511,1001,13,5,0.65,0.2,1000,restricted_40,aggregation,0.8869932757871583,,,0.7885540977463894
4512,1001,13,5,0.65,0.2,1000,restricted_40,aggregation,0.8873581234988509,,,0.7893196316569234
4513,1001,13,5,0.65,0.2,1000,restricted_40,aggregation,0.8872939016868449,,,0.7887733830521332
4514,1001,13,5,0.65,0.2,1000,restricted_40,aggregation,0.8877402188958329,,,0.7897233752590004
4515,1001,13,5,0.65,0.2,1000,restricted_40,aggregation,0.8873362568016295,,,0.7888589060476561
4516,1001,13,5,0.65,0.2,1000,restricted_40,aggregation,0.8873082594910496,,,0.7891206149020733
4517,1001,13,5,0.65,0.2,1000,restricted_40,aggregation,0.8870718990391746,,,0.7887319638617555
4518,1001,13,5,0.65,0.2,1000,restricted_40,aggregation,0.8867476733596048,,,0.7885791278628779
4519,1001,13,5,0.65,0.2,1000,restricted_40,aggregation,0.8871457077221635,,,0.7891703749876668
4520,1001,13,5,0.65,0.2,1000,restricted_40,aggregation,0.8862422772422399,,,0.7883182271509356
4521,1001,13,5,0.65,0.2,1000,restricted_40,aggregation,0.8878315729499444,,,0.7900687371347789
4522,1001,13,5,0.65,0.2,1000,restricted_40,aggregation,0.8867086595462951,,,0.7882687964812966
4523,1001,13,5,0.65,0.2,1000,restricted_40,aggregation,0.8866449454769314,,,0.7882799311028479
4524,1001,13,5,0.65,0.2,1000,restricted_40,aggregation,0.8872117832329173,,,0.7886739062172395
4525,1001,13,5,0.65,0.2,1000,restricted_40,aggregation,0.8875266947320477,,,0.7895571634769553
4526,1001,13,5,0.65,0.2,1000,restricted_40,aggregation,0.8871980888580141,,,0.7890445199553534
4527,1001,13,5,0.65,0.2,1000,restricted_40,aggregation,0.8868873614144097,,,0.789017170930921
4528,1001,13,5,0.65,0.2,1000,restricted_40,aggregation,0.8862553614911466,,,0.7882019659738411
4529,1001,13,5,0.65,0.2,1000,restricted_40,aggregation,0.8870703962269199,,,0.7891554656685907
4530,1001,13,5,0.65,0.2,1000,restricted_40,aggregation,0.8874551670142172,,,0.789434144181436
4531,1001,13,5,0.65,0.2,1000,restricted_40,aggregation,0.8865193550706373,,,0.7883709614228365
4532,1001,13,5,0.65,0.2,1000,restricted_40,aggregation,0.8868411873229924,,,0.7882628021284273
4533,1001,13,5,0.65,0.2,1000,restricted_40,aggregation,0.8875073779144633,,,0.7891389834471085
4534,1001,13,5,0.65,0.2,1000,restricted_40,aggregation,0.8870857212245583,,,0.7886719375994378
4535,1001,13,5,0.65,0.2,1000,restricted_40,aggregation,0.886828051005899,,,0.7885488535076035
4536,1001,13,5,0.65,0.2,1000,restricted_40,aggregation,0.8874125647565068,,,0.7891921224685807
4537,1001,13,5,0.65,0.2,1000,restricted_40,aggregation,0.8876411726128275,,,0.7894169384781885
4538,1001,13,5,0.65,0.2,1000,restricted_40,aggregation,0.8868053763937134,,,0.7883916756083422
4539,1001,13,5,0.65,0.2,1000,restricted_40,aggregation,0.8873335227254383,,,0.7889057798143215
4540,1001,13,5,0.65,0.2,1000,restricted_40,aggregation,0.8868323306978182,,,0.7886432170838422
4541,1001,13,5,0.65,0.2,1000,restricted_40,aggregation,0.8863904467158261,,,0.7880970651108151
4542,1001,13,5,0.65,0.2,1000,restricted_40,aggregation,0.886923868792168,,,0.7888130458122126
4543,1001,13,5,0.65,0.2,1000,restricted_40,aggregation,0.8867351282403765,,,0.7883812820358655
4544,1001,13,5,0.65,0.2,1000,restricted_40,aggregation,0.8875748892830435,,,0.7890215583336417
4545,1001,13,5,0.65,0.2,1000,restricted_40,aggregation,0.8870300972917382,,,0.7886615908242993
4546,1001,13,5,0.65,0.2,1000,restricted_40,aggregation,0.8870358805257581,,,0.7886622211045129
4547,1001,13,5,0.65,0.2,1000,restricted_40,aggregation,0.887091375603558,,,0.7887526341020092
4548,1001,13,5,0.65,0.2,1000,restricted_40,aggregation,0.8870271041522261,,,0.7890358350600019
4549,1001,13,5,0.65,0.2,1000,restricted_40,aggregation,0.8869368686541226,,,0.788518286312453
4550,1001,13,5,0.65,0.2,1000,restricted_40,aggregation,0.8864955124302504,,,0.7883384127832045
4551,1001,13,5,0.65,0.2,1000,restricted_40,aggregation,0.8876820605723514,,,0.7895773000456334
4552,1001,13,5,0.65,0.2,1000,restricted_40,aggregation,0.8865475218830096,,,0.7882601242199159
4553,1001,13,5,0.65,0.2,1000,restricted_40,aggregation,0.8873930478240118,,,0.7898550684423602
4554,1001,13,5,0.65,0.2,1000,restricted_40,aggregation,0.8873875861395191,,,0.7890458223489475
4555,1001,13,5,0.65,0.2,1000,restricted_40,aggregation,0.8880901444906083,,,0.7906791847966849
4556,1001,13,5,0.65,0.2,1000,restricted_40,aggregation,0.8872512778566851,,,0.7894471164175331
4557,1001,13,5,0.65,0.2,1000,restricted_40,aggregation,0.8869999954323645,,,0.7884622995291746
4558,1001,13,5,0.65,0.2,1000,restricted_40,aggregation,0.8871429065231894,,,0.7889939396483148
4559,1001,13,5,0.65,0.2,1000,restricted_40,aggregation,0.8875224933132173,,,0.7895430472767974
4560,1001,13,5,0.65,0.2,1000,restricted_40,aggregation,0.8864968603585326,,,0.7878444037444038
4561,1001,13,5,0.65,0.2,1000,restricted_40,aggregation,0.8870178312781773,,,0.7886434549786634
4562,1001,13,5,0.65,0.2,1000,restricted_40,aggregation,0.8870620184058331,,,0.78870165322332
4563,1001,13,5,0.65,0.2,1000,restricted_40,aggregation,0.8866714268128075,,,0.7887225000231252
4564,1001,13,5,0.65,0.2,1000,restricted_40,aggregation,0.8872916123900134,,,0.7889706581073248
4565,1001,13,5,0.65,0.2,1000,restricted_40,aggregation,0.8872716306401208,,,0.7888835798383715
4566,1001,13,5,0.65,0.2,1000,restricted_40,aggregation,0.8864350846783897,,,0.7881483087283089
4567,1001,13,5,0.65,0.2,1000,restricted_40,aggregation,0.8875118611881062,,,0.7890131786500538
4568,1001,13,5,0.65,0.2,1000,restricted_40,aggregation,0.887163230387992,,,0.7887772499182917
4569,1001,13,5,0.65,0.2,1000,restricted_40,aggregation,0.8870879162186749,,,0.7892007060069562
4570,1001,13,5,0.65,0.2,1000,restricted_40,aggregation,0.8874339388122804,,,0.7891303978506063
4571,1001,13,5,0.65,0.2,1000,restricted_40,aggregation,0.8876943933524651,,,0.7900651376555544
4572,1001,13,5,0.65,0.2,1000,restricted_40,aggregation,0.8875472027829371,,,0.7895078251224085
4573,1001,13,5,0.65,0.2,1000,restricted_40,aggregation,0.8867322321677168,,,0.7880906613602447
4574,1001,13,5,0.65,0.2,1000,restricted_40,aggregation,0.8871546958491551,,,0.7891568828085496
4575,1001,13,5,0.65,0.2,1000,restricted_40,aggregation,0.8869475106340727,,,0.7888894742988494
4576,1001,13,5,0.65,0.2,1000,restricted_40,aggregation,0.8870473555385775,,,0.7886214562212479
4577,1001,13,5,0.65,0.2,1000,restricted_40,aggregation,0.8866609343335043,,,0.7880403434374268
4578,1001,13,5,0.65,0.2,1000,restricted_40,aggregation,0.8870523886283476,,,0.7889854058826976
4579,1001,13,5,0.65,0.2,1000,restricted_40,aggregation,0.8866109356285379,,,0.7882903202121953
4580,1001,13,5,0.65,0.2,1000,restricted_40,aggregation,0.8867128599000564,,,0.788471458325625
4581,1001,13,5,0.65,0.2,1000,restricted_40,aggregation,0.8871693571873189,,,0.7891730982289317
4582,1001,13,5,0.65,0.2,1000,restricted_40,aggregation,0.8869955003906147,,,0.7890377112470863
4583,1001,13,5,0.65,0.2,1000,restricted_40,aggregation,0.8869449609331527,,,0.7885436721457555
4584,1001,13,5,0.65,0.2,1000,restricted_40,aggregation,0.8875660512495098,,,0.7892525803979971
4585,1001,13,5,0.65,0.2,1000,restricted_40,aggregation,0.8872561868113374,,,0.7894181676502511
4586,1001,13,5,0.65,0.2,1000,restricted_40,aggregation,0.8872410474465585,,,0.7893118510193511
4587,1001,13,5,0.65,0.2,1000,restricted_40,aggregation,0.8867245917845153,,,0.788174324325366
4588,1001,13,5,0.65,0.2,1000,restricted_40,aggregation,0.886370122389182,,,0.7885643978552312
4589,1001,13,5,0.65,0.2,1000,restricted_40,aggregation,0.8873107184342497,,,0.7893593958664793
4590,1001,13,5,0.65,0.2,1000,restricted_40,aggregation,0.8871460958826807,,,0.7890121231392065
4591,1001,13,5,0.65,0.2,1000,restricted_40,aggregation,0.886862039510112,,,0.7886083231814482
4592,1001,13,5,0.65,0.2,1000,restricted_40,aggregation,0.8866615156301012,,,0.7883424375084793
4593,1001,13,5,0.65,0.2,1000,restricted_40,aggregation,0.8880233420898169,,,0.7898724230938814
4594,1001,13,5,0.65,0.2,1000,restricted_40,aggregation,0.886792958159309,,,0.7881812818662821
4595,1001,13,5,0.65,0.2,1000,restricted_40,aggregation,0.8879188757505331,,,0.7901707012740347
4596,1001,13,5,0.65,0.2,1000,restricted_40,aggregation,0.8862113457755612,,,0.7876040446667532
4597,1001,13,5,0.65,0.2,1000,restricted_40,aggregation,0.8868158525571677,,,0.788631624586833
4598,1001,13,5,0.65,0.2,1000,restricted_40,aggregation,0.8869133924842459,,,0.7884257969037136
4599,1001,13,5,0.65,0.2,1000,restricted_40,aggregation,0.8863300941914595,,,0.788085895030895
4600,1001,13,5,0.65,0.2,1000,restricted_40,aggregation,0.887335772781307,,,0.7889064165618332
4601,1001,13,5,0.65,0.2,1000,restricted_40,aggregation,0.8871551593043181,,,0.7890921371375538
4602,1001,13,5,0.65,0.2,1000,restricted_40,aggregation,0.8870739570543794,,,0.7891988531221865
4603,1001,13,5,0.65,0.2,1000,restricted_40,aggregation,0.8866289253040668,,,0.7883918914958499
4604,1001,13,5,0.65,0.2,1000,restricted_40,aggregation,0.8872177526262033,,,0.789107063954564
4605,1001,13,5,0.65,0.2,1000,restricted_40,aggregation,0.886553967164808,,,0.7883015826688744
4606,1001,13,5,0.65,0.2,1000,restricted_40,aggregation,0.8868340019999202,,,0.7883350074462575
4607,1001,13,5,0.65,0.2,1000,restricted_40,aggregation,0.8874449264443804,,,0.7891893122618124
4608,1001,13,5,0.65,0.2,1000,restricted_40,aggregation,0.8868840395683827,,,0.7883699383486883
4609,1001,13,5,0.65,0.2,1000,restricted_40,aggregation,0.8870054816275807,,,0.7889999154934573
4610,1001,13,5,0.65,0.2,1000,restricted_40,aggregation,0.8871101494479087,,,0.7886227897565398
4611,1001,13,5,0.65,0.2,1000,restricted_40,aggregation,0.8873862730356369,,,0.7894606245991663
4612,1001,13,5,0.65,0.2,1000,restricted_40,aggregation,0.88668316742495,,,0.7884408798685882
4613,1001,13,5,0.65,0.2,1000,restricted_40,aggregation,0.8868636790042702,,,0.7882556972271557
4614,1001,13,5,0.65,0.2,1000,restricted_40,aggregation,0.8863592927961418,,,0.7878202030839532
4615,1001,13,5,0.65,0.2,1000,restricted_40,aggregation,0.887291213928273,,,0.788703303895179
4616,1001,13,5,0.65,0.2,1000,restricted_40,aggregation,0.8869356463686427,,,0.7886332541532541
4617,1001,13,5,0.65,0.2,1000,restricted_40,aggregation,0.8859013661781077,,,0.7874437859439943
4618,1001,13,5,0.65,0.2,1000,restricted_40,aggregation,0.8865481041525513,,,0.7885804058981143
4619,1001,13,5,0.65,0.2,1000,restricted_40,aggregation,0.8877495452322195,,,0.7902570942714694
4620,1001,13,5,0.65,0.2,1000,restricted_40,aggregation,0.8873065399778644,,,0.7895674656285073
4621,1001,13,5,0.65,0.2,1000,restricted_40,aggregation,0.8867852992440503,,,0.7887530002173754
4622,1001,13,5,0.65,0.2,1000,restricted_40,aggregation,0.8868494159815747,,,0.7884559667570086
4623,1001,13,5,0.65,0.2,1000,restricted_40,aggregation,0.8876781053228538,,,0.7896356744644245
4624,1001,13,5,0.65,0.2,1000,restricted_40,aggregation,0.8876808044858081,,,0.7899552076549994
4625,1001,13,5,0.65,0.2,1000,restricted_40,aggregation,0.8871927313879855,,,0.7891059820272321
4626,1001,13,5,0.65,0.2,1000,restricted_40,aggregation,0.8864184888965871,,,0.7881223031289698
4627,1001,13,5,0.65,0.2,1000,restricted_40,aggregation,0.8881729746867387,,,0.7901760560812645
4628,1001,13,5,0.65,0.2,1000,restricted_40,aggregation,0.8861998472772546,,,0.7880000015647933
4629,1001,13,5,0.65,0.2,1000,restricted_40,aggregation,0.8873089794182192,,,0.7891687399791568
4630,1001,13,5,0.65,0.2,1000,restricted_40,aggregation,0.8862688928337533,,,0.7876784382284383
4631,1001,13,5,0.65,0.2,1000,restricted_40,aggregation,0.886512705031902,,,0.7883248571798572
4632,1001,13,5,0.65,0.2,1000,restricted_40,aggregation,0.8871071873743849,,,0.788588292186209
4633,1001,13,5,0.65,0.2,1000,restricted_40,aggregation,0.8862954942649053,,,0.7879230570047236
4634,1001,13,5,0.65,0.2,1000,restricted_40,aggregation,0.8866221226529003,,,0.7884004822029823
4635,1001,13,5,0.65,0.2,1000,restricted_40,aggregation,0.8869988314619126,,,0.7886703201428203
4636,1001,13,5,0.65,0.2,1000,restricted_40,aggregation,0.8866730441432827,,,0.7880476296080463
4637,1001,13,5,0.65,0.2,1000,restricted_40,aggregation,0.8865429031514652,,,0.7885480222632306
4638,1001,13,5,0.65,0.2,1000,restricted_40,aggregation,0.8879103186485323,,,0.7898011567907401
4639,1001,13,5,0.65,0.2,1000,restricted_40,aggregation,0.8873461038244291,,,0.7898519582038332
4640,1001,13,5,0.65,0.2,1000,restricted_40,aggregation,0.8871475817704247,,,0.7892101145151146
4641,1001,13,5,0.65,0.2,1000,restricted_40,aggregation,0.8873453714857548,,,0.7890974196405447
4642,1001,13,5,0.65,0.2,1000,restricted_40,aggregation,0.8868207112912122,,,0.7885787550875052
4643,1001,13,5,0.65,0.2,1000,restricted_40,aggregation,0.8871570162061059,,,0.7889517476196642
4644,1001,13,5,0.65,0.2,1000,restricted_40,aggregation,0.887219452250946,,,0.7890226050030218
4645,1001,13,5,0.65,0.2,1000,restricted_40,aggregation,0.8863955999986621,,,0.7878858176854011
4646,1001,13,5,0.65,0.2,1000,restricted_40,aggregation,0.8868375604934203,,,0.7886711356775942
4647,1001,13,5,0.65,0.2,1000,restricted_40,aggregation,0.8870504718833094,,,0.78875158668492
4648,1001,13,5,0.65,0.2,1000,restricted_40,aggregation,0.887158124746446,,,0.788931034937285
4649,1001,13,5,0.65,0.2,1000,restricted_40,aggregation,0.8869993852309793,,,0.7889517437654938
4650,1001,13,5,0.65,0.2,1000,restricted_40,aggregation,0.8873924743843136,,,0.7897053300403302
4651,1001,13,5,0.65,0.2,1000,restricted_40,aggregation,0.8866385250872566,,,0.7881278564568147
4652,1001,13,5,0.65,0.2,1000,restricted_40,aggregation,0.8867603427439981,,,0.7886942959047126
4653,1001,13,5,0.65,0.2,1000,restricted_40,aggregation,0.8863000050047306,,,0.788220808751434
4654,1001,13,5,0.65,0.2,1000,restricted_40,aggregation,0.886493440233856,,,0.7880106367475118
4655,1001,13,5,0.65,0.2,1000,restricted_40,aggregation,0.8870053958845354,,,0.7888679846156931
4656,1001,13,5,0.65,0.2,1000,restricted_40,aggregation,0.886793111361575,,,0.7888694998828332
4657,1001,13,5,0.65,0.2,1000,restricted_40,aggregation,0.8868896181339433,,,0.7887492186671354
4658,1001,13,5,0.65,0.2,1000,restricted_40,aggregation,0.8863566128383967,,,0.7880975190087691
4659,1001,13,5,0.65,0.2,1000,restricted_40,aggregation,0.8874898801154576,,,0.7893043587585254
4660,1001,13,5,0.65,0.2,1000,restricted_40,aggregation,0.8870456937677615,,,0.7888439632435467
4661,1001,13,5,0.65,0.2,1000,restricted_40,aggregation,0.8875233706660736,,,0.7895627566492149
4662,1001,13,5,0.65,0.2,1000,restricted_40,aggregation,0.887004817848722,,,0.7884727376944045
4663,1001,13,5,0.65,0.2,1000,restricted_40,aggregation,0.8879847106529003,,,0.7901349581437082
4664,1001,13,5,0.65,0.2,1000,restricted_40,aggregation,0.8875004340978455,,,0.7892443069122237
4665,1001,13,5,0.65,0.2,1000,restricted_40,aggregation,0.8876540134537664,,,0.789316715267757
4666,1001,13,5,0.65,0.2,1000,restricted_40,aggregation,0.8866220847863695,,,0.7886779407398158
4667,1001,13,5,0.65,0.2,1000,restricted_40,aggregation,0.8873092268062539,,,0.7893069832019832
4668,1001,13,5,0.65,0.2,1000,restricted_40,aggregation,0.8877067215538036,,,0.790000188592272
4669,1001,13,5,0.65,0.2,1000,restricted_40,aggregation,0.8866412527198732,,,0.7883068797560465
4670,1001,13,5,0.65,0.2,1000,restricted_40,aggregation,0.8871853044301315,,,0.7886423783623785
4671,1001,13,5,0.65,0.2,1000,restricted_40,aggregation,0.88714774710566,,,0.7890167726255227
4672,1001,13,5,0.65,0.2,1000,restricted_40,aggregation,0.8860175819421428,,,0.7877257075332076
4673,1001,13,5,0.65,0.2,1000,restricted_40,aggregation,0.8864771405802234,,,0.7879932593718011
4674,1001,13,5,0.65,0.2,1000,restricted_40,aggregation,0.8864150244353921,,,0.7880866299055883
4675,1001,13,5,0.65,0.2,1000,restricted_40,aggregation,0.8877599892145417,,,0.7896864200460035
4676,1001,13,5,0.65,0.2,1000,restricted_40,aggregation,0.8870280193572523,,,0.7887330520482604
4677,1001,13,5,0.65,0.2,1000,restricted_40,aggregation,0.8860968389750657,,,0.7877843476045561
4678,1001,13,5,0.65,0.2,1000,restricted_40,aggregation,0.8872809531965126,,,0.7890404945748697
4679,1001,13,5,0.65,0.2,1000,restricted_40,aggregation,0.8878584612808939,,,0.7903848112998115
4680,1001,13,5,0.65,0.2,1000,restricted_40,aggregation,0.8875667206118101,,,0.7895368068813903
4681,1001,13,5,0.65,0.2,1000,restricted_40,aggregation,0.8866651689520177,,,0.7881351792497626
4682,1001,13,5,0.65,0.2,1000,restricted_40,aggregation,0.8869453166047433,,,0.788865227172519
4683,1001,13,5,0.65,0.2,1000,restricted_40,aggregation,0.8874114637880239,,,0.7896299051565719
4684,1001,13,5,0.65,0.2,1000,restricted_40,aggregation,0.8863966994509734,,,0.7881172309711892
4685,1001,13,5,0.65,0.2,1000,restricted_40,aggregation,0.8872765216216292,,,0.7891797572874657
4686,1001,13,5,0.65,0.2,1000,restricted_40,aggregation,0.8873777380500766,,,0.7895818792550043
4687,1001,13,5,0.65,0.2,1000,restricted_40,aggregation,0.8870001004112951,,,0.7887855347661599
4688,1001,13,5,0.65,0.2,1000,restricted_40,aggregation,0.8866566825575842,,,0.788451604198271
4689,1001,13,5,0.65,0.2,1000,restricted_40,aggregation,0.8861893881488235,,,0.7876795950885535
4690,1001,13,5,0.65,0.2,1000,restricted_40,aggregation,0.8879346118368329,,,0.7900344730269732
4691,1001,13,5,0.65,0.2,1000,restricted_40,aggregation,0.8872226148200748,,,0.7890417484136235
4692,1001,13,5,0.65,0.2,1000,restricted_40,aggregation,0.8871695538589555,,,0.7890809741878492
4693,1001,13,5,0.65,0.2,1000,restricted_40,aggregation,0.8865278329209538,,,0.788287991915492
4694,1001,13,5,0.65,0.2,1000,restricted_40,aggregation,0.8867773337047108,,,0.7891527204431372
4695,1001,13,5,0.65,0.2,1000,restricted_40,aggregation,0.8865561030456228,,,0.7879962888808721
4696,1001,13,5,0.65,0.2,1000,restricted_40,aggregation,0.887570491256194,,,0.789903102576436
4697,1001,13,5,0.65,0.2,1000,restricted_40,aggregation,0.8874732048590176,,,0.7894304173450009
4698,1001,13,5,0.65,0.2,1000,restricted_40,aggregation,0.8868715333070855,,,0.78824811826291
4699,1001,13,5,0.65,0.2,1000,restricted_40,aggregation,0.8873509465654271,,,0.7891229373789791
4700,1001,13,5,0.65,0.2,1000,restricted_40,aggregation,0.8869374045516494,,,0.7887684096613263
4701,1001,13,5,0.65,0.2,1000,restricted_40,aggregation,0.8868572774898835,,,0.7888750930242598
4702,1001,13,5,0.65,0.2,1000,restricted_40,aggregation,0.8870328771072868,,,0.7887170565314316
4703,1001,13,5,0.65,0.2,1000,restricted_40,aggregation,0.886728014846507,,,0.7881296732048816
4704,1001,13,5,0.65,0.2,1000,restricted_40,aggregation,0.8869077779612355,,,0.7888302005093673
4705,1001,13,5,0.65,0.2,1000,restricted_40,aggregation,0.886582233766769,,,0.7881366458541459
4706,1001,13,5,0.65,0.2,1000,restricted_40,aggregation,0.8869393353226948,,,0.7889620838497922
4707,1001,13,5,0.65,0.2,1000,restricted_40,aggregation,0.8874250909222818,,,0.7896763855897191
4708,1001,13,5,0.65,0.2,1000,restricted_40,aggregation,0.8876678096806325,,,0.789483383815259
4709,1001,13,5,0.65,0.2,1000,restricted_40,aggregation,0.8861282258785634,,,0.7878281547233631
4710,1001,13,5,0.65,0.2,1000,restricted_40,aggregation,0.887332383535127,,,0.788871823647032
4711,1001,13,5,0.65,0.2,1000,restricted_40,aggregation,0.8871730466920131,,,0.788894065618024
4712,1001,13,5,0.65,0.2,1000,restricted_40,aggregation,0.8871995555934181,,,0.78890773836503
4713,1001,13,5,0.65,0.2,1000,restricted_40,aggregation,0.8864427771623932,,,0.7882822489007907
4714,1001,13,5,0.65,0.2,1000,restricted_40,aggregation,0.8871737348985483,,,0.7886919549894551
4715,1001,13,5,0.65,0.2,1000,restricted_40,aggregation,0.886539817149455,,,0.7879546027429362
4716,1001,13,5,0.65,0.2,1000,restricted_40,aggregation,0.8866808344288932,,,0.7881564768410603
4717,1001,13,5,0.65,0.2,1000,restricted_40,aggregation,0.8871421076350371,,,0.7892708008812176
4718,1001,13,5,0.65,0.2,1000,restricted_40,aggregation,0.8861773794045025,,,0.7877011828140996
4719,1001,13,5,0.65,0.2,1000,restricted_40,aggregation,0.8872717519001978,,,0.7892678997468581
4720,1001,13,5,0.65,0.2,1000,restricted_40,aggregation,0.8874727975811141,,,0.7893503623614042
4721,1001,13,5,0.65,0.2,1000,restricted_40,aggregation,0.8859767956066265,,,0.7874767877801212
4722,1001,13,5,0.65,0.2,1000,restricted_40,aggregation,0.8878110359982017,,,0.7895835782735783
4723,1001,13,5,0.65,0.2,1000,restricted_40,aggregation,0.8868146192705008,,,0.7884865011762929
4724,1001,13,5,0.65,0.2,1000,restricted_40,aggregation,0.8866017490775119,,,0.7882178004480089
4725,1001,13,5,0.65,0.2,1000,restricted_40,aggregation,0.8861953003541793,,,0.7874617099490017
4726,1001,13,5,0.65,0.2,1000,restricted_40,aggregation,0.8874461403518297,,,0.7893975861638363
4727,1001,13,5,0.65,0.2,1000,restricted_40,aggregation,0.88717969239876,,,0.7893640284561119
4728,1001,13,5,0.65,0.2,1000,restricted_40,aggregation,0.8876472733350979,,,0.789294344914345
4729,1001,13,5,0.65,0.2,1000,restricted_40,aggregation,0.887191107545649,,,0.78882709821814
4730,1001,13,5,0.65,0.2,1000,restricted_40,aggregation,0.8872421834394204,,,0.7892696077764828
4731,1001,13,5,0.65,0.2,1000,restricted_40,aggregation,0.8877850370635598,,,0.789375208818959
4732,1001,13,5,0.65,0.2,1000,restricted_40,aggregation,0.8864171188624376,,,0.7884625195637696
4733,1001,13,5,0.65,0.2,1000,restricted_40,aggregation,0.8867347708700484,,,0.7888201609193277
4734,1001,13,5,0.65,0.2,1000,restricted_40,aggregation,0.8864250934604897,,,0.7877193293203709
4735,1001,13,5,0.65,0.2,1000,restricted_40,aggregation,0.8870486818674882,,,0.7887605736393238
4736,1001,13,5,0.65,0.2,1000,restricted_40,aggregation,0.8863317781597239,,,0.7878784807399392
4737,1001,13,5,0.65,0.2,1000,restricted_40,aggregation,0.8871939909370764,,,0.7892198700682035
4738,1001,13,5,0.65,0.2,1000,restricted_40,aggregation,0.8868633035844379,,,0.788901281665865
4739,1001,13,5,0.65,0.2,1000,restricted_40,aggregation,0.8861512594265598,,,0.7872110462916713
4740,1001,13,5,0.65,0.2,1000,restricted_40,aggregation,0.8866979390486344,,,0.7884312773723192
4741,1001,13,5,0.65,0.2,1000,restricted_40,aggregation,0.8872498327056079,,,0.7895000580515164
4742,1001,13,5,0.65,0.2,1000,restricted_40,aggregation,0.8867912035658687,,,0.7885966537474873
4743,1001,13,5,0.65,0.2,1000,restricted_40,aggregation,0.886776639077962,,,0.7882216254424589
4744,1001,13,5,0.65,0.2,1000,restricted_40,aggregation,0.8875906351155033,,,0.7895390231065231
4745,1001,13,5,0.65,0.2,1000,restricted_40,aggregation,0.8878040411821673,,,0.7895455741943243
4746,1001,13,5,0.65,0.2,1000,restricted_40,aggregation,0.8871642451912157,,,0.7892295812520813
4747,1001,13,5,0.65,0.2,1000,restricted_40,aggregation,0.8876507424085582,,,0.7898765384923719
4748,1001,13,5,0.65,0.2,1000,restricted_40,aggregation,0.8868101767998819,,,0.7885383926258926
4749,1001,13,5,0.65,0.2,1000,restricted_40,aggregation,0.8868159227252385,,,0.7883457506536674
4750,1001,13,5,0.65,0.2,1000,restricted_40,aggregation,0.8875554761237714,,,0.7891517095558763
4751,1001,13,5,0.65,0.2,1000,restricted_40,aggregation,0.8865272215113518,,,0.7877600674788175
4752,1001,13,5,0.65,0.2,1000,restricted_40,aggregation,0.8866500796660616,,,0.7884553094744762
4753,1001,13,5,0.65,0.2,1000,restricted_40,aggregation,0.8868457191584381,,,0.78829372500185
4754,1001,13,5,0.65,0.2,1000,restricted_40,aggregation,0.8869119957756866,,,0.7887331154724906
4755,1001,13,5,0.65,0.2,1000,restricted_40,aggregation,0.887679663711153,,,0.7894490270917356
4756,1001,13,5,0.65,0.2,1000,restricted_40,aggregation,0.8868932521211844,,,0.7886009341738509
4757,1001,13,5,0.65,0.2,1000,restricted_40,aggregation,0.8870349346801675,,,0.7888762445116613
4758,1001,13,5,0.65,0.2,1000,restricted_40,aggregation,0.8873000289376239,,,0.7891482142625894
4759,1001,13,5,0.65,0.2,1000,restricted_40,aggregation,0.8869257552354975,,,0.7888194327200577
4760,1001,13,5,0.65,0.2,1000,restricted_40,aggregation,0.8866441022911291,,,0.7884478291692875
4761,1001,13,5,0.65,0.2,1000,restricted_40,aggregation,0.8875023050834441,,,0.7900132260794762
4762,1001,13,5,0.65,0.2,1000,restricted_40,aggregation,0.8874639433227394,,,0.7900385603285605
4763,1001,13,5,0.65,0.2,1000,restricted_40,aggregation,0.8870093001776042,,,0.7888631801223468
4764,1001,13,5,0.65,0.2,1000,restricted_40,aggregation,0.8870222288452593,,,0.7892617972382557
4765,1001,13,5,0.65,0.2,1000,restricted_40,aggregation,0.8861462618576497,,,0.7873463138558972
4766,1001,13,5,0.65,0.2,1000,restricted_40,aggregation,0.8870179488344963,,,0.789397514892515
4767,1001,13,5,0.65,0.2,1000,restricted_40,aggregation,0.8877539934782087,,,0.7896535013443347
4768,1001,13,5,0.65,0.2,1000,restricted_40,aggregation,0.8866426780690624,,,0.7885790398490399
4769,1001,13,5,0.65,0.2,1000,restricted_40,aggregation,0.8874176926087005,,,0.7892336731555482
4770,1001,13,5,0.65,0.2,1000,restricted_40,aggregation,0.8876508027264424,,,0.7893823408304659
4771,1001,13,5,0.65,0.2,1000,restricted_40,aggregation,0.8871471184885985,,,0.7891515183196434
4772,1001,13,5,0.65,0.2,1000,restricted_40,aggregation,0.8877814548782148,,,0.789567076681035
4773,1001,13,5,0.65,0.2,1000,restricted_40,aggregation,0.8869253151322091,,,0.7886186012290181
4774,1001,13,5,0.65,0.2,1000,restricted_40,aggregation,0.8876007447049024,,,0.7893536250477917
4775,1001,13,5,0.65,0.2,1000,restricted_40,aggregation,0.887278525506365,,,0.7890435652618987
4776,1001,13,5,0.65,0.2,1000,restricted_40,aggregation,0.8875425604223304,,,0.7895828845228846
4777,1001,13,5,0.65,0.2,1000,restricted_40,aggregation,0.8873422658413215,,,0.7892826705470456
4778,1001,13,5,0.65,0.2,1000,restricted_40,aggregation,0.8864213296838273,,,0.7878141636449971
4779,1001,13,5,0.65,0.2,1000,restricted_40,aggregation,0.8874734297744739,,,0.7891825769215353
4780,1001,13,5,0.65,0.2,1000,restricted_40,aggregation,0.8863442325731155,,,0.7877173351725435
4781,1001,13,5,0.65,0.2,1000,restricted_40,aggregation,0.8871209735584811,,,0.7884553015425934
4782,1001,13,5,0.65,0.2,1000,restricted_40,aggregation,0.88646085112744,,,0.7883398246352413
4783,1001,13,5,0.65,0.2,1000,restricted_40,aggregation,0.8878679519342019,,,0.7903917686788521
4784,1001,13,5,0.65,0.2,1000,restricted_40,aggregation,0.8873092473466532,,,0.7890607661243079
4785,1001,13,5,0.65,0.2,1000,restricted_40,aggregation,0.8874844354739899,,,0.7894718547501882
4786,1001,13,5,0.65,0.2,1000,restricted_40,aggregation,0.8866106940165492,,,0.7882618776825028
4787,1001,13,5,0.65,0.2,1000,restricted_40,aggregation,0.8877038899240093,,,0.7893297194009694
4788,1001,13,5,0.65,0.2,1000,restricted_40,aggregation,0.8866345586358095,,,0.7882520277099444
4789,1001,13,5,0.65,0.2,1000,restricted_40,aggregation,0.8875641799403197,,,0.7898081710110877
4790,1001,13,5,0.65,0.2,1000,restricted_40,aggregation,0.8868921606216204,,,0.788788468938469
4791,1001,13,5,0.65,0.2,1000,restricted_40,aggregation,0.8863584804129216,,,0.7880743187136937
4792,1001,13,5,0.65,0.2,1000,restricted_40,aggregation,0.8873210876055511,,,0.7897234223955059
4793,1001,13,5,0.65,0.2,1000,restricted_40,aggregation,0.8867921869788984,,,0.7884264894981563
4794,1001,13,5,0.65,0.2,1000,restricted_40,aggregation,0.8870366131763046,,,0.7886277950907119
4795,1001,13,5,0.65,0.2,1000,restricted_40,aggregation,0.8871590630132798,,,0.7887248614965282
4796,1001,13,5,0.65,0.2,1000,restricted_40,aggregation,0.8876051051103502,,,0.7897808254399922
4797,1001,13,5,0.65,0.2,1000,restricted_40,aggregation,0.8874098538339298,,,0.7892247460872461
4798,1001,13,5,0.65,0.2,1000,restricted_40,aggregation,0.8866316579177572,,,0.78847042654876
4799,1001,13,5,0.65,0.2,1000,restricted_40,aggregation,0.8876295492215879,,,0.7896092490842491
4800,1001,13,5,0.65,0.2,1000,restricted_40,aggregation,0.886897076524257,,,0.7888025872275873
4801,1001,13,5,0.65,0.2,1000,restricted_40,aggregation,0.8877061874237789,,,0.7897920192770194
4802,1001,13,5,0.65,0.2,1000,restricted_40,aggregation,0.8872838042117784,,,0.7893006898348566
4803,1001,13,5,0.65,0.2,1000,restricted_40,aggregation,0.8872386445237678,,,0.7893264901996153
4804,1001,13,5,0.65,0.2,1000,restricted_40,aggregation,0.8878139536269275,,,0.789668438151355
4805,1001,13,5,0.65,0.2,1000,restricted_40,aggregation,0.8866895862696869,,,0.788363419574253
4806,1001,13,5,0.65,0.2,1000,restricted_40,aggregation,0.8868256735293784,,,0.7885829961550794
4807,1001,13,5,0.65,0.2,1000,restricted_40,aggregation,0.8871737318605856,,,0.7891407378578214
4808,1001,13,5,0.65,0.2,1000,restricted_40,aggregation,0.8866445594678599,,,0.788453517847893
4809,1001,13,5,0.65,0.2,1000,restricted_40,aggregation,0.8874009022546775,,,0.7895323643100727
4810,1001,13,5,0.65,0.2,1000,restricted_40,aggregation,0.886618602415881,,,0.7888630322301157
4811,1001,13,5,0.65,0.2,1000,restricted_40,aggregation,0.8864984245944744,,,0.7887529137297888
4812,1001,13,5,0.65,0.2,1000,restricted_40,aggregation,0.8864155935466336,,,0.7882782529738779
4813,1001,13,5,0.65,0.2,1000,restricted_40,aggregation,0.88701081421804,,,0.7888981355604273
4814,1001,13,5,0.65,0.2,1000,restricted_40,aggregation,0.8875614306177159,,,0.7895613811420062
4815,1001,13,5,0.65,0.2,1000,restricted_40,aggregation,0.8879480182024282,,,0.7900182511315845
4816,1001,13,5,0.65,0.2,1000,restricted_40,aggregation,0.8867334048755443,,,0.7883884208538375
4817,1001,13,5,0.65,0.2,1000,restricted_40,aggregation,0.8867153353540727,,,0.788342688006438
4818,1001,13,5,0.65,0.2,1000,restricted_40,aggregation,0.8874213565990353,,,0.7895121124939876
4819,1001,13,5,0.65,0.2,1000,restricted_40,aggregation,0.8869392126831948,,,0.7887672129567964
4820,1001,13,5,0.65,0.2,1000,restricted_40,aggregation,0.8867607931382585,,,0.7889299778693529
4821,1001,13,5,0.65,0.2,1000,restricted_40,aggregation,0.8871277258107546,,,0.789195014144806
4822,1001,13,5,0.65,0.2,1000,restricted_40,aggregation,0.8854164946141232,,,0.7869016629974964
4823,1001,13,5,0.65,0.2,1000,restricted_40,aggregation,0.8860715650340715,,,0.787958415550499
4824,1001,13,5,0.65,0.2,1000,restricted_40,aggregation,0.8871009102027138,,,0.788657626979502
4825,1001,13,5,0.65,0.2,1000,restricted_40,aggregation,0.8877243408402106,,,0.7894488851040935
4826,1001,13,5,0.65,0.2,1000,restricted_40,aggregation,0.8877491710383442,,,0.7901275067370902
4827,1001,13,5,0.65,0.2,1000,restricted_40,aggregation,0.886278511123039,,,0.7880086087523589
4828,1001,13,5,0.65,0.2,1000,restricted_40,aggregation,0.8869313895905281,,,0.7885793877650128
4829,1001,13,5,0.65,0.2,1000,restricted_40,aggregation,0.8882082382304031,,,0.7906950501735919
4830,1001,13,5,0.65,0.2,1000,restricted_40,aggregation,0.8874055641225478,,,0.7894371691040442
4831,1001,13,5,0.65,0.2,1000,restricted_40,aggregation,0.8869299752312599,,,0.7890214515037433
4832,1001,13,5,0.65,0.2,1000,restricted_40,aggregation,0.886823525628658,,,0.7883226536041119
4833,1001,13,5,0.65,0.2,1000,restricted_40,aggregation,0.8864693160759746,,,0.7877411761386762
4834,1001,13,5,0.65,0.2,1000,restricted_40,aggregation,0.8867702079156083,,,0.788213855257397
4835,1001,13,5,0.65,0.2,1000,restricted_40,aggregation,0.886992336882368,,,0.7887453813162146
4836,1001,13,5,0.65,0.2,1000,restricted_40,aggregation,0.8872920283192969,,,0.7894053122109372
4837,1001,13,5,0.65,0.2,1000,restricted_40,aggregation,0.8871619927867068,,,0.7889476163034497
4838,1001,13,5,0.65,0.2,1000,restricted_40,aggregation,0.887349434990007,,,0.7895641312853814
4839,1001,13,5,0.65,0.2,1000,restricted_40,aggregation,0.8870396473521674,,,0.7891263110115194
4840,1001,13,5,0.65,0.2,1000,restricted_40,aggregation,0.8866585489983221,,,0.7882905007646676
4841,1001,13,5,0.65,0.2,1000,restricted_40,aggregation,0.8869657560041527,,,0.7885023537342287
4842,1001,13,5,0.65,0.2,1000,restricted_40,aggregation,0.8869663475479475,,,0.7888965619642703
4843,1001,13,5,0.65,0.2,1000,restricted_40,aggregation,0.887266467252343,,,0.7888094943019943
4844,1001,13,5,0.65,0.2,1000,restricted_40,aggregation,0.8876435628215461,,,0.7896971982492816
4845,1001,13,5,0.65,0.2,1000,restricted_40,aggregation,0.8868743531454172,,,0.788600560989936
4846,1001,13,5,0.65,0.2,1000,restricted_40,aggregation,0.8870576452873185,,,0.7891273079929331
4847,1001,13,5,0.65,0.2,1000,restricted_40,aggregation,0.8873206068074356,,,0.7896622254057671
4848,1001,13,5,0.65,0.2,1000,restricted_40,aggregation,0.8872707005743248,,,0.789058368313785
4849,1001,13,5,0.65,0.2,1000,restricted_40,aggregation,0.8873132512863733,,,0.7891095606631024
4850,1001,13,5,0.65,0.2,1000,restricted_40,aggregation,0.8878469776180246,,,0.7898467146665064
4851,1001,13,5,0.65,0.2,1000,restricted_40,aggregation,0.8878087884108634,,,0.7896423874890542
4852,1001,13,5,0.65,0.2,1000,restricted_40,aggregation,0.8874974708398928,,,0.7897346984496985
4853,1001,13,5,0.65,0.2,1000,restricted_40,aggregation,0.8869952477565901,,,0.7885141011457679
4854,1001,13,5,0.65,0.2,1000,restricted_40,aggregation,0.8874271719676647,,,0.7893413106723525
4855,1001,13,5,0.65,0.2,1000,restricted_40,aggregation,0.887132358449013,,,0.788894729105771
4856,1001,13,5,0.65,0.2,1000,restricted_40,aggregation,0.8871707608519207,,,0.7888654611669195
4857,1001,13,5,0.65,0.2,1000,restricted_40,aggregation,0.8861243571553641,,,0.7874474767362268
4858,1001,13,5,0.65,0.2,1000,restricted_40,aggregation,0.8877748493145386,,,0.7893956144318646
4859,1001,13,5,0.65,0.2,1000,restricted_40,aggregation,0.8861162129935573,,,0.7873816957579458
4860,1001,13,5,0.65,0.2,1000,restricted_40,aggregation,0.8863803197359624,,,0.7883593074286825
4861,1001,13,5,0.65,0.2,1000,restricted_40,aggregation,0.8863691699272542,,,0.7882245306776557
4862,1001,13,5,0.65,0.2,1000,restricted_40,aggregation,0.8881992232608626,,,0.7905691412445579
4863,1001,13,5,0.65,0.2,1000,restricted_40,aggregation,0.8870108666465457,,,0.7888003920616422
4864,1001,13,5,0.65,0.2,1000,restricted_40,aggregation,0.886845200381152,,,0.7886305231265649
4865,1001,13,5,0.65,0.2,1000,restricted_40,aggregation,0.8877591357551466,,,0.7899107460903294
4866,1001,13,5,0.65,0.2,1000,restricted_40,aggregation,0.8871468204630332,,,0.7888912205695541
4867,1001,13,5,0.65,0.2,1000,restricted_40,aggregation,0.8876872857502975,,,0.7897343959898127
4868,1001,13,5,0.65,0.2,1000,restricted_40,aggregation,0.8868184586404968,,,0.7886070363509948
4869,1001,13,5,0.65,0.2,1000,restricted_40,aggregation,0.8863167208337912,,,0.7879684882786967
4870,1001,13,5,0.65,0.2,1000,restricted_40,aggregation,0.8873296879215211,,,0.7890207242140577
4871,1001,13,5,0.65,0.2,1000,restricted_40,aggregation,0.8871039697335956,,,0.7888575409467076
4872,1001,13,5,0.65,0.2,1000,restricted_40,aggregation,0.8879989787407117,,,0.7903367608703026
4873,1001,13,5,0.65,0.2,1000,restricted_40,aggregation,0.8862249875678708,,,0.7877296080231498
4874,1001,13,5,0.65,0.2,1000,restricted_40,aggregation,0.8861065826050664,,,0.7876337101247519
4875,1001,13,5,0.65,0.2,1000,restricted_40,aggregation,0.8866782888521334,,,0.7884886706734625
4876,1001,13,5,0.65,0.2,1000,restricted_40,aggregation,0.8877912444314003,,,0.7893598784240452
4877,1001,13,5,0.65,0.2,1000,restricted_40,aggregation,0.8877350262373029,,,0.7895286104867355
4878,1001,13,5,0.65,0.2,1000,restricted_40,aggregation,0.8868262438251441,,,0.7886542032967033
4879,1001,13,5,0.65,0.2,1000,restricted_40,aggregation,0.8870387209169007,,,0.7885180842305843
4880,1001,13,5,0.65,0.2,1000,restricted_40,aggregation,0.8874839492100831,,,0.7894900836817503
4881,1001,13,5,0.65,0.2,1000,restricted_40,aggregation,0.8872471247445848,,,0.7890155289001124
4882,1001,13,5,0.65,0.2,1000,restricted_40,aggregation,0.8867627691741938,,,0.78848422826402
4883,1001,13,5,0.65,0.2,1000,restricted_40,aggregation,0.8865152266243246,,,0.7880955355909524
4884,1001,13,5,0.65,0.2,1000,restricted_40,aggregation,0.8866737804386436,,,0.7884394687025937
4885,1001,13,5,0.65,0.2,1000,restricted_40,aggregation,0.8863555149612261,,,0.7874902619140121
4886,1001,13,5,0.65,0.2,1000,restricted_40,aggregation,0.8867480409144624,,,0.7883760409189576
4887,1001,13,5,0.65,0.2,1000,restricted_40,aggregation,0.8867667103114147,,,0.7885592786688621
4888,1001,13,5,0.65,0.2,1000,restricted_40,aggregation,0.8875298076832424,,,0.7894165813815814
4889,1001,13,5,0.65,0.2,1000,restricted_40,aggregation,0.8868554571059365,,,0.7888408816723401
4890,1001,13,5,0.65,0.2,1000,restricted_40,aggregation,0.8871412976557334,,,0.7885314427779012
4891,1001,13,5,0.65,0.2,1000,restricted_40,aggregation,0.887292560526231,,,0.7888085292947794
4892,1001,13,5,0.65,0.2,1000,restricted_40,aggregation,0.8870885566124622,,,0.7884404840684007
4893,1001,13,5,0.65,0.2,1000,restricted_40,aggregation,0.8864498256398219,,,0.7882181695465029
4894,1001,13,5,0.65,0.2,1000,restricted_40,aggregation,0.8874901909534493,,,0.7896418043838879
4895,1001,13,5,0.65,0.2,1000,restricted_40,aggregation,0.8863658265897741,,,0.7881265937303438
4896,1001,13,5,0.65,0.2,1000,restricted_40,aggregation,0.8871223047196145,,,0.7889724008321926
4897,1001,13,5,0.65,0.2,1000,restricted_40,aggregation,0.8868282329578075,,,0.7883438017460935
4898,1001,13,5,0.65,0.2,1000,restricted_40,aggregation,0.8866633359141385,,,0.7879493804112555
4899,1001,13,5,0.65,0.2,1000,restricted_40,aggregation,0.887204627145279,,,0.7891117150827569
4900,1001,13,5,0.65,0.2,1000,restricted_40,aggregation,0.8871554483698909,,,0.7888209664409666
4901,1001,13,5,0.65,0.2,1000,restricted_40,aggregation,0.8862591561320958,,,0.7878666012074346
4902,1001,13,5,0.65,0.2,1000,restricted_40,aggregation,0.8868229481284093,,,0.7885804242054243
4903,1001,13,5,0.65,0.2,1000,restricted_40,aggregation,0.8864042572293384,,,0.7880972948964616
4904,1001,13,5,0.65,0.2,1000,restricted_40,aggregation,0.8865624912277151,,,0.7884109600276268
4905,1001,13,5,0.65,0.2,1000,restricted_40,aggregation,0.8871652349809155,,,0.7887693197851532
4906,1001,13,5,0.65,0.2,1000,restricted_40,aggregation,0.8873509070151501,,,0.7887346331523415
4907,1001,13,5,0.65,0.2,1000,restricted_40,aggregation,0.8862104247664438,,,0.7877371199942034
4908,1001,13,5,0.65,0.2,1000,restricted_40,aggregation,0.8877295670699741,,,0.7896879309656394
4909,1001,13,5,0.65,0.2,1000,restricted_40,aggregation,0.886615819259714,,,0.7879769952115786
4910,1001,13,5,0.65,0.2,1000,restricted_40,aggregation,0.8871996243962221,,,0.7889939079361997
4911,1001,13,5,0.65,0.2,1000,restricted_40,aggregation,0.8864086514788336,,,0.7886261091454843
4912,1001,13,5,0.65,0.2,1000,restricted_40,aggregation,0.8875643907578917,,,0.7892016519129019
4913,1001,13,5,0.65,0.2,1000,restricted_40,aggregation,0.8871692017960207,,,0.7890307473544974
4914,1001,13,5,0.65,0.2,1000,restricted_40,aggregation,0.8873266965214612,,,0.7893383552866887
4915,1001,13,5,0.65,0.2,1000,restricted_40,aggregation,0.8865170810599707,,,0.7886089852508603
4916,1001,13,5,0.65,0.2,1000,restricted_40,aggregation,0.8855240315317818,,,0.7867837820358654
4917,1001,13,5,0.65,0.2,1000,restricted_40,aggregation,0.8874549706586844,,,0.7895990571465571
4918,1001,13,5,0.65,0.2,1000,restricted_40,aggregation,0.8860483885308212,,,0.7872129593400427
4919,1001,13,5,0.65,0.2,1000,restricted_40,aggregation,0.8864295924919755,,,0.7881866756700091
4920,1001,13,5,0.65,0.2,1000,restricted_40,aggregation,0.8864407929896604,,,0.787647993156535
4921,1001,13,5,0.65,0.2,1000,restricted_40,aggregation,0.8879573355402695,,,0.7900165043829627
4922,1001,13,5,0.65,0.2,1000,restricted_40,aggregation,0.8878495771461095,,,0.7901729650519234
4923,1001,13,5,0.65,0.2,1000,restricted_40,aggregation,0.8866238070425502,,,0.788671654217696
4924,1001,13,5,0.65,0.2,1000,restricted_40,aggregation,0.8866414026228084,,,0.788322335434627
4925,1001,13,5,0.65,0.2,1000,restricted_40,aggregation,0.8877817192112506,,,0.7900278067996819
4926,1001,13,5,0.65,0.2,1000,restricted_40,aggregation,0.8869303061474872,,,0.7885029769150602
4927,1001,13,5,0.65,0.2,1000,restricted_40,aggregation,0.8868777504352299,,,0.7883418473964309
4928,1001,13,5,0.65,0.2,1000,restricted_40,aggregation,0.8858834831524317,,,0.7879758812792147
4929,1001,13,5,0.65,0.2,1000,restricted_40,aggregation,0.8881893177196979,,,0.7912126758272593
4930,1001,13,5,0.65,0.2,1000,restricted_40,aggregation,0.8877893492407984,,,0.7901243360420445
4931,1001,13,5,0.65,0.2,1000,restricted_40,aggregation,0.8870175469224715,,,0.7884551665232916
4932,1001,13,5,0.65,0.2,1000,restricted_40,aggregation,0.8872487917818531,,,0.7890300843677929
4933,1001,13,5,0.65,0.2,1000,restricted_40,aggregation,0.8874334741922074,,,0.7894025838667507
4934,1001,13,5,0.65,0.2,1000,restricted_40,aggregation,0.8875339282151207,,,0.7898492979551314
4935,1001,13,5,0.65,0.2,1000,restricted_40,aggregation,0.8869758563571329,,,0.7883431616685785
4936,1001,13,5,0.65,0.2,1000,restricted_40,aggregation,0.8870252347116933,,,0.7891172522616272
4937,1001,13,5,0.65,0.2,1000,restricted_40,aggregation,0.8866988190726406,,,0.7883319303844305
4938,1001,13,5,0.65,0.2,1000,restricted_40,aggregation,0.8867597343163892,,,0.7882962824521158
4939,1001,13,5,0.65,0.2,1000,restricted_40,aggregation,0.887785146409599,,,0.7895135741264909
4940,1001,13,5,0.65,0.2,1000,restricted_40,aggregation,0.8869861375555378,,,0.7888024511984929
4941,1001,13,5,0.65,0.2,1000,restricted_40,aggregation,0.8868855389573683,,,0.7887019769659354
4942,1001,13,5,0.65,0.2,1000,restricted_40,aggregation,0.8875792740965003,,,0.7893483063849731
4943,1001,13,5,0.65,0.2,1000,restricted_40,aggregation,0.886697219595654,,,0.7887026675099592
4944,1001,13,5,0.65,0.2,1000,restricted_40,aggregation,0.8877924326242631,,,0.7895835553335554
4945,1001,13,5,0.65,0.2,1000,restricted_40,aggregation,0.8873719984061417,,,0.7890827100600017
4946,1001,13,5,0.65,0.2,1000,restricted_40,aggregation,0.887407345634482,,,0.7895644419084004
4947,1001,13,5,0.65,0.2,1000,restricted_40,aggregation,0.8864003315840142,,,0.7882152235264736
4948,1001,13,5,0.65,0.2,1000,restricted_40,aggregation,0.8870946194118835,,,0.7889771565394482
4949,1001,13,5,0.65,0.2,1000,restricted_40,aggregation,0.8873405909836838,,,0.7890965168242252
4950,1001,13,5,0.65,0.2,1000,restricted_40,aggregation,0.8879431879532733,,,0.7902846497175664
4951,1001,13,5,0.65,0.2,1000,restricted_40,aggregation,0.8870172378130627,,,0.7885927498273333
4952,1001,13,5,0.65,0.2,1000,restricted_40,aggregation,0.8871190821088201,,,0.7887458803310888
4953,1001,13,5,0.65,0.2,1000,restricted_40,aggregation,0.8871729617262316,,,0.7890314195680862
4954,1001,13,5,0.65,0.2,1000,restricted_40,aggregation,0.8863643617123876,,,0.7876353924008092
4955,1001,13,5,0.65,0.2,1000,restricted_40,aggregation,0.8878792164886706,,,0.7901723337927505
4956,1001,13,5,0.65,0.2,1000,restricted_40,aggregation,0.8869673346344656,,,0.7892878729526647
4957,1001,13,5,0.65,0.2,1000,restricted_40,aggregation,0.8870776304030635,,,0.7888988227281978
4958,1001,13,5,0.65,0.2,1000,restricted_40,aggregation,0.8865143544956768,,,0.7882175032452118
4959,1001,13,5,0.65,0.2,1000,restricted_40,aggregation,0.8877988878403521,,,0.789600480931106
4960,1001,13,5,0.65,0.2,1000,restricted_40,aggregation,0.8875631891112713,,,0.78946404161425
4961,1001,13,5,0.65,0.2,1000,restricted_40,aggregation,0.8872061819738126,,,0.7887184137082054
4962,1001,13,5,0.65,0.2,1000,restricted_40,aggregation,0.8867299855334656,,,0.7883621205646206
4963,1001,13,5,0.65,0.2,1000,restricted_40,aggregation,0.8875232104784808,,,0.7894828634791137
4964,1001,13,5,0.65,0.2,1000,restricted_40,aggregation,0.8864516288940241,,,0.7880513308450808
4965,1001,13,5,0.65,0.2,1000,restricted_40,aggregation,0.8880499786162459,,,0.7908006036401869
4966,1001,13,5,0.65,0.2,1000,restricted_40,aggregation,0.8861386121283567,,,0.7874934805009806
4967,1001,13,5,0.65,0.2,1000,restricted_40,aggregation,0.8879404325200637,,,0.7899182191882194
4968,1001,13,5,0.65,0.2,1000,restricted_40,aggregation,0.8862523917903914,,,0.7886127463508713
4969,1001,13,5,0.65,0.2,1000,restricted_40,aggregation,0.8875178643452911,,,0.7895572142517976
4970,1001,13,5,0.65,0.2,1000,restricted_40,aggregation,0.8879511199849466,,,0.7901455754122421
4971,1001,13,5,0.65,0.2,1000,restricted_40,aggregation,0.8872986257954015,,,0.7893270972545974
4972,1001,13,5,0.65,0.2,1000,restricted_40,aggregation,0.8873318433560412,,,0.7894051833428917
4973,1001,13,5,0.65,0.2,1000,restricted_40,aggregation,0.8872881078954495,,,0.7890479048651966
4974,1001,13,5,0.65,0.2,1000,restricted_40,aggregation,0.8865986112473703,,,0.788260140584724
4975,1001,13,5,0.65,0.2,1000,restricted_40,aggregation,0.8871605478495194,,,0.7891511694324195
4976,1001,13,5,0.65,0.2,1000,restricted_40,aggregation,0.8867855212539847,,,0.7883829266720933
4977,1001,13,5,0.65,0.2,1000,restricted_40,aggregation,0.8868168544414318,,,0.7891038593119843
4978,1001,13,5,0.65,0.2,1000,restricted_40,aggregation,0.886811111658714,,,0.7886583046274713
4979,1001,13,5,0.65,0.2,1000,restricted_40,aggregation,0.8877610502901819,,,0.7898989632435467
4980,1001,13,5,0.65,0.2,1000,restricted_40,aggregation,0.8870288300430313,,,0.7886891129857798
4981,1001,13,5,0.65,0.2,1000,restricted_40,aggregation,0.8862789303895691,,,0.7879337164070498
4982,1001,13,5,0.65,0.2,1000,restricted_40,aggregation,0.8868326088460371,,,0.7886060169383086
4983,1001,13,5,0.65,0.2,1000,restricted_40,aggregation,0.8874067234884713,,,0.7893215885580469
4984,1001,13,5,0.65,0.2,1000,restricted_40,aggregation,0.885981529962745,,,0.7870874384180635
4985,1001,13,5,0.65,0.2,1000,restricted_40,aggregation,0.8860539380272315,,,0.7877101713949631
4986,1001,13,5,0.65,0.2,1000,restricted_40,aggregation,0.8873286931714713,,,0.7889850993682245
4987,1001,13,5,0.65,0.2,1000,restricted_40,aggregation,0.8872684098553868,,,0.7896624612655863
4988,1001,13,5,0.65,0.2,1000,restricted_40,aggregation,0.8869835393823899,,,0.7886849938487438
4989,1001,13,5,0.65,0.2,1000,restricted_40,aggregation,0.8874731724866141,,,0.7895803213607381
4990,1001,13,5,0.65,0.2,1000,restricted_40,aggregation,0.8867849272380396,,,0.7886379970569555
4991,1001,13,5,0.65,0.2,1000,restricted_40,aggregation,0.8866306110970106,,,0.7884510599046016
4992,1001,13,5,0.65,0.2,1000,restricted_40,aggregation,0.8872286109635683,,,0.7893115397642482
4993,1001,13,5,0.65,0.2,1000,restricted_40,aggregation,0.8872550805357492,,,0.7893775963619715
4994,1001,13,5,0.65,0.2,1000,restricted_40,aggregation,0.8879340442942479,,,0.7900346051710636
4995,1001,13,5,0.65,0.2,1000,restricted_40,aggregation,0.8872379770619979,,,0.7891531941361108
4996,1001,13,5,0.65,0.2,1000,restricted_40,aggregation,0.8879486191337937,,,0.7904949471824473
4997,1001,13,5,0.65,0.2,1000,restricted_40,aggregation,0.8873022977879976,,,0.789147726000851
4998,1001,13,5,0.65,0.2,1000,restricted_40,aggregation,0.8875134938456462,,,0.7895164202310037
4999,1001,13,5,0.65,0.2,1000,restricted_40,aggregation,0.886633129152728,,,0.7882147253672255
5000,1001,13,5,0.65,0.2,1000,restricted_50,aggregation,0.8892172209188628,,,0.7939303029223863
5001,1001,13,5,0.65,0.2,1000,restricted_50,aggregation,0.8894087237838438,,,0.7939901112544863
5002,1001,13,5,0.65,0.2,1000,restricted_50,aggregation,0.8897096768361652,,,0.7946419336450588
5003,1001,13,5,0.65,0.2,1000,restricted_50,aggregation,0.8889800991896564,,,0.7931711383292634
5004,1001,13,5,0.65,0.2,1000,restricted_50,aggregation,0.8895034025394762,,,0.7945936645838729
5005,1001,13,5,0.65,0.2,1000,restricted_50,aggregation,0.8893947431008805,,,0.7944893777672944
5006,1001,13,5,0.65,0.2,1000,restricted_50,aggregation,0.8894387032294626,,,0.794118836202378
5007,1001,13,5,0.65,0.2,1000,restricted_50,aggregation,0.8892009764916503,,,0.7939260840008758
5008,1001,13,5,0.65,0.2,1000,restricted_50,aggregation,0.8896795332050617,,,0.7948745501720503
5009,1001,13,5,0.65,0.2,1000,restricted_50,aggregation,0.8889156210637129,,,0.7935292621421789
5010,1001,13,5,0.65,0.2,1000,restricted_50,aggregation,0.889366718849746,,,0.7944599244967996
5011,1001,13,5,0.65,0.2,1000,restricted_50,aggregation,0.8897068432236076,,,0.7951074740305992
5012,1001,13,5,0.65,0.2,1000,restricted_50,aggregation,0.8894964636154964,,,0.794585121575955
5013,1001,13,5,0.65,0.2,1000,restricted_50,aggregation,0.8893525546229989,,,0.7937533372260457
5014,1001,13,5,0.65,0.2,1000,restricted_50,aggregation,0.8891881313573144,,,0.7934986183261183
5015,1001,13,5,0.65,0.2,1000,restricted_50,aggregation,0.889425181574294,,,0.794103138512722
5016,1001,13,5,0.65,0.2,1000,restricted_50,aggregation,0.889213258499491,,,0.7937813206854873
5017,1001,13,5,0.65,0.2,1000,restricted_50,aggregation,0.8892911623675106,,,0.7938481585929503
5018,1001,13,5,0.65,0.2,1000,restricted_50,aggregation,0.8898691893778026,,,0.7956166982169066
5019,1001,13,5,0.65,0.2,1000,restricted_50,aggregation,0.8896774420588863,,,0.7946517874717876
5020,1001,13,5,0.65,0.2,1000,restricted_50,aggregation,0.8892420212354144,,,0.7940106487956489
5021,1001,13,5,0.65,0.2,1000,restricted_50,aggregation,0.8896021878634915,,,0.7946109709349294
5022,1001,13,5,0.65,0.2,1000,restricted_50,aggregation,0.8890538443297414,,,0.7938383172074839
5023,1001,13,5,0.65,0.2,1000,restricted_50,aggregation,0.8900202242585447,,,0.7957894407058991
5024,1001,13,5,0.65,0.2,1000,restricted_50,aggregation,0.8897318268468706,,,0.7951717835790754
5025,1001,13,5,0.65,0.2,1000,restricted_50,aggregation,0.8892616452762973,,,0.7944911574305326
5026,1001,13,5,0.65,0.2,1000,restricted_50,aggregation,0.889677788579677,,,0.7950172443528694
5027,1001,13,5,0.65,0.2,1000,restricted_50,aggregation,0.8897088782213248,,,0.7947711003040171
5028,1001,13,5,0.65,0.2,1000,restricted_50,aggregation,0.8892736846850707,,,0.7942895379003712
5029,1001,13,5,0.65,0.2,1000,restricted_50,aggregation,0.8894698119271863,,,0.7942639641608392
5030,1001,13,5,0.65,0.2,1000,restricted_50,aggregation,0.8891840286417739,,,0.7932800199877285
5031,1001,13,5,0.65,0.2,1000,restricted_50,aggregation,0.8892317748844025,,,0.7938412938604605
5032,1001,13,5,0.65,0.2,1000,restricted_50,aggregation,0.8891518180068553,,,0.7939898778536278
5033,1001,13,5,0.65,0.2,1000,restricted_50,aggregation,0.8893828030930953,,,0.794008431213848
5034,1001,13,5,0.65,0.2,1000,restricted_50,aggregation,0.8888341586380748,,,0.793170127881378
5035,1001,13,5,0.65,0.2,1000,restricted_50,aggregation,0.889404461909247,,,0.7944565275388193
5036,1001,13,5,0.65,0.2,1000,restricted_50,aggregation,0.8896178717503421,,,0.7943484388528139
5037,1001,13,5,0.65,0.2,1000,restricted_50,aggregation,0.8890932790371898,,,0.7933345312172397
5038,1001,13,5,0.65,0.2,1000,restricted_50,aggregation,0.8892310690050026,,,0.7935061968201552
5039,1001,13,5,0.65,0.2,1000,restricted_50,aggregation,0.8890913479553384,,,0.7929845865400033
5040,1001,13,5,0.65,0.2,1000,restricted_50,aggregation,0.889266746289403,,,0.7939361206386207
5041,1001,13,5,0.65,0.2,1000,restricted_50,aggregation,0.8896826561420491,,,0.7950467520288355
5042,1001,13,5,0.65,0.2,1000,restricted_50,aggregation,0.8893330174684324,,,0.7938845318493235
5043,1001,13,5,0.65,0.2,1000,restricted_50,aggregation,0.8895211640740794,,,0.793986739294656
5044,1001,13,5,0.65,0.2,1000,restricted_50,aggregation,0.8888816985005892,,,0.7931400976338477
5045,1001,13,5,0.65,0.2,1000,restricted_50,aggregation,0.8892037495686321,,,0.7941234504538671
5046,1001,13,5,0.65,0.2,1000,restricted_50,aggregation,0.8895618005431364,,,0.7942403423274257
5047,1001,13,5,0.65,0.2,1000,restricted_50,aggregation,0.8893461002119047,,,0.793997782957783
5048,1001,13,5,0.65,0.2,1000,restricted_50,aggregation,0.8893431719410558,,,0.7938083629719047
5049,1001,13,5,0.65,0.2,1000,restricted_50,aggregation,0.8893934086211103,,,0.7943009343126011
5050,1001,13,5,0.65,0.2,1000,restricted_50,aggregation,0.8890153072963003,,,0.7938615431790433
5051,1001,13,5,0.65,0.2,1000,restricted_50,aggregation,0.8899545976573703,,,0.7954970807202058
5052,1001,13,5,0.65,0.2,1000,restricted_50,aggregation,0.8894371031708608,,,0.7945695441826692
5053,1001,13,5,0.65,0.2,1000,restricted_50,aggregation,0.8890773761315586,,,0.7939560187806021
5054,1001,13,5,0.65,0.2,1000,restricted_50,aggregation,0.8897530243507836,,,0.7952152317512735
5055,1001,13,5,0.65,0.2,1000,restricted_50,aggregation,0.8891836215457316,,,0.7933383941906859
5056,1001,13,5,0.65,0.2,1000,restricted_50,aggregation,0.8895731592407756,,,0.7947749684420518
5057,1001,13,5,0.65,0.2,1000,restricted_50,aggregation,0.8894683885410553,,,0.7940484743882662
5058,1001,13,5,0.65,0.2,1000,restricted_50,aggregation,0.8897079449444384,,,0.7949366041597292
5059,1001,13,5,0.65,0.2,1000,restricted_50,aggregation,0.8892549965493508,,,0.7936478606964024
5060,1001,13,5,0.65,0.2,1000,restricted_50,aggregation,0.8888154327190634,,,0.7929558923252674
5061,1001,13,5,0.65,0.2,1000,restricted_50,aggregation,0.8893452373745605,,,0.7944404062526979
5062,1001,13,5,0.65,0.2,1000,restricted_50,aggregation,0.8892105034897243,,,0.7943404258318842
5063,1001,13,5,0.65,0.2,1000,restricted_50,aggregation,0.8893803450727417,,,0.7943371873034373
5064,1001,13,5,0.65,0.2,1000,restricted_50,aggregation,0.8896556320773809,,,0.795016388619097
5065,1001,13,5,0.65,0.2,1000,restricted_50,aggregation,0.8887255620808105,,,0.7931592156146323
5066,1001,13,5,0.65,0.2,1000,restricted_50,aggregation,0.8890549268568417,,,0.7938839913635748
5067,1001,13,5,0.65,0.2,1000,restricted_50,aggregation,0.8891753357538751,,,0.7938144818376069
5068,1001,13,5,0.65,0.2,1000,restricted_50,aggregation,0.8892310787956421,,,0.793789527000777
5069,1001,13,5,0.65,0.2,1000,restricted_50,aggregation,0.8888722637857547,,,0.7930861278613363
5070,1001,13,5,0.65,0.2,1000,restricted_50,aggregation,0.8895045992427515,,,0.7940812406035324
5071,1001,13,5,0.65,0.2,1000,restricted_50,aggregation,0.8890876170763914,,,0.7931765080521331
5072,1001,13,5,0.65,0.2,1000,restricted_50,aggregation,0.8892373035049793,,,0.7936609758220176
5073,1001,13,5,0.65,0.2,1000,restricted_50,aggregation,0.8891987789424651,,,0.7930570463795463
5074,1001,13,5,0.65,0.2,1000,restricted_50,aggregation,0.8895008218993957,,,0.7945075495492163
5075,1001,13,5,0.65,0.2,1000,restricted_50,aggregation,0.8892950922837153,,,0.7937455119571788
5076,1001,13,5,0.65,0.2,1000,restricted_50,aggregation,0.8894120666171806,,,0.7945182020757021
5077,1001,13,5,0.65,0.2,1000,restricted_50,aggregation,0.8894117331381663,,,0.7940144394340228
5078,1001,13,5,0.65,0.2,1000,restricted_50,aggregation,0.8892372436858565,,,0.7943257013588265
5079,1001,13,5,0.65,0.2,1000,restricted_50,aggregation,0.8896015810899447,,,0.794930670540879
5080,1001,13,5,0.65,0.2,1000,restricted_50,aggregation,0.8895733113953087,,,0.7945674459799461
5081,1001,13,5,0.65,0.2,1000,restricted_50,aggregation,0.888869073859876,,,0.7932366714535465
5082,1001,13,5,0.65,0.2,1000,restricted_50,aggregation,0.889340323742478,,,0.7943589294501795
5083,1001,13,5,0.65,0.2,1000,restricted_50,aggregation,0.8897504951316453,,,0.7951284235671737
5084,1001,13,5,0.65,0.2,1000,restricted_50,aggregation,0.8894470029331247,,,0.7942827193408445
5085,1001,13,5,0.65,0.2,1000,restricted_50,aggregation,0.8898301565299099,,,0.7951712075116243
5086,1001,13,5,0.65,0.2,1000,restricted_50,aggregation,0.8890444292687579,,,0.793529530323072
5087,1001,13,5,0.65,0.2,1000,restricted_50,aggregation,0.8894030468789277,,,0.7940973374002542
5088,1001,13,5,0.65,0.2,1000,restricted_50,aggregation,0.8892435620342618,,,0.7941030988533072
5089,1001,13,5,0.65,0.2,1000,restricted_50,aggregation,0.8894795728344098,,,0.7941910795069129
5090,1001,13,5,0.65,0.2,1000,restricted_50,aggregation,0.889379082940942,,,0.7940534572217907
5091,1001,13,5,0.65,0.2,1000,restricted_50,aggregation,0.8892726619284815,,,0.7935609337421838
5092,1001,13,5,0.65,0.2,1000,restricted_50,aggregation,0.8896463237896759,,,0.7945289640606308
5093,1001,13,5,0.65,0.2,1000,restricted_50,aggregation,0.8893441275023216,,,0.7941617113827533
5094,1001,13,5,0.65,0.2,1000,restricted_50,aggregation,0.88918300119065,,,0.7938861890347307
5095,1001,13,5,0.65,0.2,1000,restricted_50,aggregation,0.8893816614154312,,,0.7941434595111679
5096,1001,13,5,0.65,0.2,1000,restricted_50,aggregation,0.8893004585622081,,,0.794175519603853
5097,1001,13,5,0.65,0.2,1000,restricted_50,aggregation,0.8897476459521326,,,0.7947497913506247
5098,1001,13,5,0.65,0.2,1000,restricted_50,aggregation,0.8893764897951969,,,0.7945092736661488
5099,1001,13,5,0.65,0.2,1000,restricted_50,aggregation,0.8897208680472648,,,0.7945874569103736
5100,1001,13,5,0.65,0.2,1000,restricted_50,aggregation,0.8897054199978734,,,0.7951702703315204
5101,1001,13,5,0.65,0.2,1000,restricted_50,aggregation,0.8889994570357188,,,0.7932209792599377
5102,1001,13,5,0.65,0.2,1000,restricted_50,aggregation,0.8891250317831474,,,0.7937585099237182
5103,1001,13,5,0.65,0.2,1000,restricted_50,aggregation,0.8892274359626856,,,0.793984845239637
5104,1001,13,5,0.65,0.2,1000,restricted_50,aggregation,0.889597348558305,,,0.795068398915899
5105,1001,13,5,0.65,0.2,1000,restricted_50,aggregation,0.8893047036731799,,,0.793819110280152
5106,1001,13,5,0.65,0.2,1000,restricted_50,aggregation,0.8888753742130574,,,0.793104985870611
5107,1001,13,5,0.65,0.2,1000,restricted_50,aggregation,0.8895079838131688,,,0.794179666837792
5108,1001,13,5,0.65,0.2,1000,restricted_50,aggregation,0.8891496545326709,,,0.7937442154990073
5109,1001,13,5,0.65,0.2,1000,restricted_50,aggregation,0.8893540350424329,,,0.7943614426083176
5110,1001,13,5,0.65,0.2,1000,restricted_50,aggregation,0.8895440293121081,,,0.794883106330398
5111,1001,13,5,0.65,0.2,1000,restricted_50,aggregation,0.8894236394697183,,,0.7940182521105438
5112,1001,13,5,0.65,0.2,1000,restricted_50,aggregation,0.8896074558989658,,,0.7947430913993415
5113,1001,13,5,0.65,0.2,1000,restricted_50,aggregation,0.8897411326504482,,,0.7942933017753852
5114,1001,13,5,0.65,0.2,1000,restricted_50,aggregation,0.8895837278859898,,,0.7952532158736325
5115,1001,13,5,0.65,0.2,1000,restricted_50,aggregation,0.8893017442891756,,,0.7936693038674288
5116,1001,13,5,0.65,0.2,1000,restricted_50,aggregation,0.8896209516737454,,,0.7947303070771822
5117,1001,13,5,0.65,0.2,1000,restricted_50,aggregation,0.8889191458848542,,,0.7927138634128218
5118,1001,13,5,0.65,0.2,1000,restricted_50,aggregation,0.8889338003464198,,,0.79298556831286
5119,1001,13,5,0.65,0.2,1000,restricted_50,aggregation,0.8893952652278122,,,0.7941628620607788
5120,1001,13,5,0.65,0.2,1000,restricted_50,aggregation,0.8894323927861868,,,0.7942092744369829
5121,1001,13,5,0.65,0.2,1000,restricted_50,aggregation,0.8890958974365097,,,0.7935201313886732
5122,1001,13,5,0.65,0.2,1000,restricted_50,aggregation,0.8890901016831879,,,0.7936401898101899
5123,1001,13,5,0.65,0.2,1000,restricted_50,aggregation,0.8890751537677688,,,0.7934468253582837
5124,1001,13,5,0.65,0.2,1000,restricted_50,aggregation,0.8892094361374691,,,0.7940231968571553
5125,1001,13,5,0.65,0.2,1000,restricted_50,aggregation,0.8892446581134633,,,0.7936801683964184
5126,1001,13,5,0.65,0.2,1000,restricted_50,aggregation,0.8891079258386129,,,0.7937372694820614
5127,1001,13,5,0.65,0.2,1000,restricted_50,aggregation,0.8894054105895217,,,0.7944725635244385
5128,1001,13,5,0.65,0.2,1000,restricted_50,aggregation,0.8896167556657321,,,0.7949741007141009
5129,1001,13,5,0.65,0.2,1000,restricted_50,aggregation,0.8896867525769876,,,0.7949695092484677
5130,1001,13,5,0.65,0.2,1000,restricted_50,aggregation,0.8896632742651088,,,0.7944192785146952
5131,1001,13,5,0.65,0.2,1000,restricted_50,aggregation,0.8892278258213469,,,0.7940110509552176
5132,1001,13,5,0.65,0.2,1000,restricted_50,aggregation,0.8893306337575815,,,0.7938593439122607
5133,1001,13,5,0.65,0.2,1000,restricted_50,aggregation,0.8896209451869609,,,0.7947735018299602
5134,1001,13,5,0.65,0.2,1000,restricted_50,aggregation,0.8893858025294868,,,0.7946323829334246
5135,1001,13,5,0.65,0.2,1000,restricted_50,aggregation,0.8884266422218952,,,0.7925343935693937
5136,1001,13,5,0.65,0.2,1000,restricted_50,aggregation,0.8887892211089481,,,0.7930029100914519
5137,1001,13,5,0.65,0.2,1000,restricted_50,aggregation,0.8896193045699906,,,0.7946583739562907
5138,1001,13,5,0.65,0.2,1000,restricted_50,aggregation,0.8891060556984443,,,0.793528145858771
5139,1001,13,5,0.65,0.2,1000,restricted_50,aggregation,0.8888690948690988,,,0.7933807031934116
5140,1001,13,5,0.65,0.2,1000,restricted_50,aggregation,0.8894460718092404,,,0.7938461555265722
5141,1001,13,5,0.65,0.2,1000,restricted_50,aggregation,0.8894356591587267,,,0.7943938508405176
5142,1001,13,5,0.65,0.2,1000,restricted_50,aggregation,0.8892090490979615,,,0.7942212771487771
5143,1001,13,5,0.65,0.2,1000,restricted_50,aggregation,0.8897651501895066,,,0.7953330870132953
5144,1001,13,5,0.65,0.2,1000,restricted_50,aggregation,0.8891763920033577,,,0.7938351922151923
5145,1001,13,5,0.65,0.2,1000,restricted_50,aggregation,0.8895463183249683,,,0.7948435845250429
5146,1001,13,5,0.65,0.2,1000,restricted_50,aggregation,0.88940403696542,,,0.7942346664138331
5147,1001,13,5,0.65,0.2,1000,restricted_50,aggregation,0.8890283758105717,,,0.7929066356097606
5148,1001,13,5,0.65,0.2,1000,restricted_50,aggregation,0.8891751373649011,,,0.7934676198878283
5149,1001,13,5,0.65,0.2,1000,restricted_50,aggregation,0.8892617480713438,,,0.7945010503000086
5150,1001,13,5,0.65,0.2,1000,restricted_50,aggregation,0.8893680713317799,,,0.7939648491785992
5151,1001,13,5,0.65,0.2,1000,restricted_50,aggregation,0.8893381435894061,,,0.7949348299462883
5152,1001,13,5,0.65,0.2,1000,restricted_50,aggregation,0.8894777827517282,,,0.7939176608884942
5153,1001,13,5,0.65,0.2,1000,restricted_50,aggregation,0.8889381490575062,,,0.792965988964739
5154,1001,13,5,0.65,0.2,1000,restricted_50,aggregation,0.8895933738902763,,,0.7944892038208706
5155,1001,13,5,0.65,0.2,1000,restricted_50,aggregation,0.8891654533378189,,,0.7931165828461663
5156,1001,13,5,0.65,0.2,1000,restricted_50,aggregation,0.8893575035991248,,,0.7938048434281767
5157,1001,13,5,0.65,0.2,1000,restricted_50,aggregation,0.8894369832906616,,,0.7946026332309667
5158,1001,13,5,0.65,0.2,1000,restricted_50,aggregation,0.8896278539961895,,,0.7950696558919477
5159,1001,13,5,0.65,0.2,1000,restricted_50,aggregation,0.8895435169254545,,,0.7944341692027109
5160,1001,13,5,0.65,0.2,1000,restricted_50,aggregation,0.8896943137633321,,,0.7948936612538696
5161,1001,13,5,0.65,0.2,1000,restricted_50,aggregation,0.8890935568343866,,,0.793530230024605
5162,1001,13,5,0.65,0.2,1000,restricted_50,aggregation,0.8894467094363759,,,0.7942876825103908
5163,1001,13,5,0.65,0.2,1000,restricted_50,aggregation,0.889665076855744,,,0.7946957647368066
5164,1001,13,5,0.65,0.2,1000,restricted_50,aggregation,0.8893682366504209,,,0.7938095810593728
5165,1001,13,5,0.65,0.2,1000,restricted_50,aggregation,0.8895985409303416,,,0.7942950561090145
5166,1001,13,5,0.65,0.2,1000,restricted_50,aggregation,0.88978819200863,,,0.7955374831495666
5167,1001,13,5,0.65,0.2,1000,restricted_50,aggregation,0.8887381700327578,,,0.7932810455516707
5168,1001,13,5,0.65,0.2,1000,restricted_50,aggregation,0.8894414363135583,,,0.7939357024071608
5169,1001,13,5,0.65,0.2,1000,restricted_50,aggregation,0.8894418310364123,,,0.7943473950817702
5170,1001,13,5,0.65,0.2,1000,restricted_50,aggregation,0.8893834701814372,,,0.7940320640162307
5171,1001,13,5,0.65,0.2,1000,restricted_50,aggregation,0.8891991024612695,,,0.7934638913478497
5172,1001,13,5,0.65,0.2,1000,restricted_50,aggregation,0.8892333900559489,,,0.7940461126296544
5173,1001,13,5,0.65,0.2,1000,restricted_50,aggregation,0.8889156601999184,,,0.7932485889881724
5174,1001,13,5,0.65,0.2,1000,restricted_50,aggregation,0.8896189048361827,,,0.7943355227642729
5175,1001,13,5,0.65,0.2,1000,restricted_50,aggregation,0.889134224499178,,,0.7934606214233298
5176,1001,13,5,0.65,0.2,1000,restricted_50,aggregation,0.8896706835604746,,,0.7949016721164638
5177,1001,13,5,0.65,0.2,1000,restricted_50,aggregation,0.8894708959033754,,,0.794118307309974
5178,1001,13,5,0.65,0.2,1000,restricted_50,aggregation,0.8891392294367414,,,0.7939808614841949
5179,1001,13,5,0.65,0.2,1000,restricted_50,aggregation,0.8893833834655084,,,0.7945673814380064
5180,1001,13,5,0.65,0.2,1000,restricted_50,aggregation,0.8894824308767156,,,0.7948228580447331
5181,1001,13,5,0.65,0.2,1000,restricted_50,aggregation,0.8896994126192809,,,0.7947479005254006
5182,1001,13,5,0.65,0.2,1000,restricted_50,aggregation,0.889602153184708,,,0.7946815802561636
5183,1001,13,5,0.65,0.2,1000,restricted_50,aggregation,0.8891992394144544,,,0.7941932799916134
5184,1001,13,5,0.65,0.2,1000,restricted_50,aggregation,0.8892714857477011,,,0.7939693942939777
5185,1001,13,5,0.65,0.2,1000,restricted_50,aggregation,0.8893709462767136,,,0.7936604207289625
5186,1001,13,5,0.65,0.2,1000,restricted_50,aggregation,0.8894539140696796,,,0.7943471391725558
5187,1001,13,5,0.65,0.2,1000,restricted_50,aggregation,0.8891544924605531,,,0.7935155599801434
5188,1001,13,5,0.65,0.2,1000,restricted_50,aggregation,0.8894317159512394,,,0.7944685422525007
5189,1001,13,5,0.65,0.2,1000,restricted_50,aggregation,0.8895764930211435,,,0.7946690181038097
5190,1001,13,5,0.65,0.2,1000,restricted_50,aggregation,0.8891298391108828,,,0.7938315799401217
5191,1001,13,5,0.65,0.2,1000,restricted_50,aggregation,0.889335724128054,,,0.7937552452871204
5192,1001,13,5,0.65,0.2,1000,restricted_50,aggregation,0.8894080879677297,,,0.7940991272847524
5193,1001,13,5,0.65,0.2,1000,restricted_50,aggregation,0.8891729731572349,,,0.794179120925371
5194,1001,13,5,0.65,0.2,1000,restricted_50,aggregation,0.8893641172007629,,,0.7940872407916159
5195,1001,13,5,0.65,0.2,1000,restricted_50,aggregation,0.889669012845471,,,0.7942181509771093
5196,1001,13,5,0.65,0.2,1000,restricted_50,aggregation,0.8887116855931575,,,0.7926965158529743
5197,1001,13,5,0.65,0.2,1000,restricted_50,aggregation,0.8892211402872932,,,0.7936837232443483
5198,1001,13,5,0.65,0.2,1000,restricted_50,aggregation,0.8895716623364092,,,0.794470140854516
5199,1001,13,5,0.65,0.2,1000,restricted_50,aggregation,0.8890476614304159,,,0.7931215455223789
5200,1001,13,5,0.65,0.2,1000,restricted_50,aggregation,0.889179295100632,,,0.7932351730368398
5201,1001,13,5,0.65,0.2,1000,restricted_50,aggregation,0.889432518924964,,,0.7936222877739545
5202,1001,13,5,0.65,0.2,1000,restricted_50,aggregation,0.8893349631555572,,,0.7938100903340487
5203,1001,13,5,0.65,0.2,1000,restricted_50,aggregation,0.8893215378380988,,,0.7942572645101812
5204,1001,13,5,0.65,0.2,1000,restricted_50,aggregation,0.8892955700262208,,,0.7942707474392892
5205,1001,13,5,0.65,0.2,1000,restricted_50,aggregation,0.8890519533816155,,,0.7936256071397738
5206,1001,13,5,0.65,0.2,1000,restricted_50,aggregation,0.8899721474279201,,,0.7956183820731738
5207,1001,13,5,0.65,0.2,1000,restricted_50,aggregation,0.8896486315458644,,,0.794228974397516
5208,1001,13,5,0.65,0.2,1000,restricted_50,aggregation,0.8895701165570914,,,0.7948274883526967
5209,1001,13,5,0.65,0.2,1000,restricted_50,aggregation,0.8894319346466215,,,0.7945555165205166
5210,1001,13,5,0.65,0.2,1000,restricted_50,aggregation,0.8890075110930379,,,0.7930595646251897
5211,1001,13,5,0.65,0.2,1000,restricted_50,aggregation,0.8892115877598137,,,0.7939571209885794
5212,1001,13,5,0.65,0.2,1000,restricted_50,aggregation,0.8892836922675496,,,0.7942636396242646
5213,1001,13,5,0.65,0.2,1000,restricted_50,aggregation,0.8892160762813716,,,0.7937523881750965
5214,1001,13,5,0.65,0.2,1000,restricted_50,aggregation,0.8894614226591623,,,0.7943518679391596
5215,1001,13,5,0.65,0.2,1000,restricted_50,aggregation,0.88948959743081,,,0.7944053793660044
5216,1001,13,5,0.65,0.2,1000,restricted_50,aggregation,0.8883186609426564,,,0.792204303574512
5217,1001,13,5,0.65,0.2,1000,restricted_50,aggregation,0.8892012069374399,,,0.7941497453549538
5218,1001,13,5,0.65,0.2,1000,restricted_50,aggregation,0.8892690061284451,,,0.7937042877030377
5219,1001,13,5,0.65,0.2,1000,restricted_50,aggregation,0.889201023694552,,,0.7936869114450366
5220,1001,13,5,0.65,0.2,1000,restricted_50,aggregation,0.8894195659401747,,,0.7941817484444568
5221,1001,13,5,0.65,0.2,1000,restricted_50,aggregation,0.8894640290020625,,,0.7944401314272148
5222,1001,13,5,0.65,0.2,1000,restricted_50,aggregation,0.8892992391832835,,,0.7939454283679285
5223,1001,13,5,0.65,0.2,1000,restricted_50,aggregation,0.8894993132407896,,,0.7944844757480174
5224,1001,13,5,0.65,0.2,1000,restricted_50,aggregation,0.8893384152674035,,,0.7943439537545789
5225,1001,13,5,0.65,0.2,1000,restricted_50,aggregation,0.8896770929431767,,,0.7948256950996536
5226,1001,13,5,0.65,0.2,1000,restricted_50,aggregation,0.8891065194312616,,,0.7939508587014837
5227,1001,13,5,0.65,0.2,1000,restricted_50,aggregation,0.8893579900042405,,,0.7938219590132091
5228,1001,13,5,0.65,0.2,1000,restricted_50,aggregation,0.8895249891510643,,,0.7942248162485663
5229,1001,13,5,0.65,0.2,1000,restricted_50,aggregation,0.8896132985719799,,,0.7952428597868182
5230,1001,13,5,0.65,0.2,1000,restricted_50,aggregation,0.8891031691239336,,,0.7940220414307916
5231,1001,13,5,0.65,0.2,1000,restricted_50,aggregation,0.888874997062673,,,0.793323248541582
5232,1001,13,5,0.65,0.2,1000,restricted_50,aggregation,0.8890242695664027,,,0.7939155659386911
5233,1001,13,5,0.65,0.2,1000,restricted_50,aggregation,0.8894833128710872,,,0.7944553301482469
5234,1001,13,5,0.65,0.2,1000,restricted_50,aggregation,0.8894197050474507,,,0.7939972202411787
5235,1001,13,5,0.65,0.2,1000,restricted_50,aggregation,0.8895370209021518,,,0.794666888266055
5236,1001,13,5,0.65,0.2,1000,restricted_50,aggregation,0.8894622632192442,,,0.7950691381226799
5237,1001,13,5,0.65,0.2,1000,restricted_50,aggregation,0.889412728631507,,,0.7942531531971118
5238,1001,13,5,0.65,0.2,1000,restricted_50,aggregation,0.8897351810309951,,,0.7944751947743615
5239,1001,13,5,0.65,0.2,1000,restricted_50,aggregation,0.8896608920017637,,,0.7948323305012889
5240,1001,13,5,0.65,0.2,1000,restricted_50,aggregation,0.889012409229546,,,0.7934175480306731
5241,1001,13,5,0.65,0.2,1000,restricted_50,aggregation,0.8893460623050272,,,0.7944844917736585
5242,1001,13,5,0.65,0.2,1000,restricted_50,aggregation,0.889187498470344,,,0.7938650304016972
5243,1001,13,5,0.65,0.2,1000,restricted_50,aggregation,0.8893555849911197,,,0.7943708841390091
5244,1001,13,5,0.65,0.2,1000,restricted_50,aggregation,0.8892403032908343,,,0.7939139460385295
5245,1001,13,5,0.65,0.2,1000,restricted_50,aggregation,0.8894487855775767,,,0.7938869532627868
5246,1001,13,5,0.65,0.2,1000,restricted_50,aggregation,0.889318540122931,,,0.7944028762364179
5247,1001,13,5,0.65,0.2,1000,restricted_50,aggregation,0.8890760776874048,,,0.7941894324425575
5248,1001,13,5,0.65,0.2,1000,restricted_50,aggregation,0.8892888286921575,,,0.7942171939249023
5249,1001,13,5,0.65,0.2,1000,restricted_50,aggregation,0.8896172500766628,,,0.7950486559813644
5250,1001,13,5,0.65,0.2,1000,restricted_50,aggregation,0.8889752303705004,,,0.7936440077823411
5251,1001,13,5,0.65,0.2,1000,restricted_50,aggregation,0.8895514394885626,,,0.7945872089022089
5252,1001,13,5,0.65,0.2,1000,restricted_50,aggregation,0.8891089959138828,,,0.7936511285011285
5253,1001,13,5,0.65,0.2,1000,restricted_50,aggregation,0.8896603849000156,,,0.7947580225021892
5254,1001,13,5,0.65,0.2,1000,restricted_50,aggregation,0.8892000518005612,,,0.7936639743358495
5255,1001,13,5,0.65,0.2,1000,restricted_50,aggregation,0.8895312356708432,,,0.7944511576540744
5256,1001,13,5,0.65,0.2,1000,restricted_50,aggregation,0.8900898803328516,,,0.7957489967439968
5257,1001,13,5,0.65,0.2,1000,restricted_50,aggregation,0.8893973742967884,,,0.7940097912272913
5258,1001,13,5,0.65,0.2,1000,restricted_50,aggregation,0.8894565121936128,,,0.7942460699639867
5259,1001,13,5,0.65,0.2,1000,restricted_50,aggregation,0.8894750140640104,,,0.7945390420073754
5260,1001,13,5,0.65,0.2,1000,restricted_50,aggregation,0.8890333315769511,,,0.7932191864231447
5261,1001,13,5,0.65,0.2,1000,restricted_50,aggregation,0.8892239539778173,,,0.7941758842623428
5262,1001,13,5,0.65,0.2,1000,restricted_50,aggregation,0.8888614205225324,,,0.7933185804319139
5263,1001,13,5,0.65,0.2,1000,restricted_50,aggregation,0.8888964300124833,,,0.7938044315098483
5264,1001,13,5,0.65,0.2,1000,restricted_50,aggregation,0.8892043363257848,,,0.7936935151962237
5265,1001,13,5,0.65,0.2,1000,restricted_50,aggregation,0.8891449874931635,,,0.7941659647220064
5266,1001,13,5,0.65,0.2,1000,restricted_50,aggregation,0.8893129033089815,,,0.7945442277552696
5267,1001,13,5,0.65,0.2,1000,restricted_50,aggregation,0.8892807956477489,,,0.7938424765435182
5268,1001,13,5,0.65,0.2,1000,restricted_50,aggregation,0.8894558586107838,,,0.7940607608903444
5269,1001,13,5,0.65,0.2,1000,restricted_50,aggregation,0.8898322121928337,,,0.7950859865289033
5270,1001,13,5,0.65,0.2,1000,restricted_50,aggregation,0.8896443820339791,,,0.7947559368948952
5271,1001,13,5,0.65,0.2,1000,restricted_50,aggregation,0.8895542108775534,,,0.7942705704326538
5272,1001,13,5,0.65,0.2,1000,restricted_50,aggregation,0.8894339798861213,,,0.7945658748350415
5273,1001,13,5,0.65,0.2,1000,restricted_50,aggregation,0.8892378857932907,,,0.7939450021120855
5274,1001,13,5,0.65,0.2,1000,restricted_50,aggregation,0.8897222293391629,,,0.7951623937019772
5275,1001,13,5,0.65,0.2,1000,restricted_50,aggregation,0.8890312157213581,,,0.7940843138651472
5276,1001,13,5,0.65,0.2,1000,restricted_50,aggregation,0.8889795842741428,,,0.7932143642160309
5277,1001,13,5,0.65,0.2,1000,restricted_50,aggregation,0.8898519949274409,,,0.7955962435481188
5278,1001,13,5,0.65,0.2,1000,restricted_50,aggregation,0.8895931673847025,,,0.7948154893794478
5279,1001,13,5,0.65,0.2,1000,restricted_50,aggregation,0.8893504503636153,,,0.7940960320929071
5280,1001,13,5,0.65,0.2,1000,restricted_50,aggregation,0.8891360992867869,,,0.7937305110938445
5281,1001,13,5,0.65,0.2,1000,restricted_50,aggregation,0.889572858373759,,,0.7948361835772254
5282,1001,13,5,0.65,0.2,1000,restricted_50,aggregation,0.8891595964028828,,,0.7935567669136421
5283,1001,13,5,0.65,0.2,1000,restricted_50,aggregation,0.8893910478163838,,,0.7945384474938643
5284,1001,13,5,0.65,0.2,1000,restricted_50,aggregation,0.8892319415391601,,,0.7939466280941282
5285,1001,13,5,0.65,0.2,1000,restricted_50,aggregation,0.8890158887079299,,,0.7933895092176342
5286,1001,13,5,0.65,0.2,1000,restricted_50,aggregation,0.8892750022254756,,,0.7939443982946066
5287,1001,13,5,0.65,0.2,1000,restricted_50,aggregation,0.8895573055165636,,,0.7943481694385862
5288,1001,13,5,0.65,0.2,1000,restricted_50,aggregation,0.8892792574644899,,,0.7944862125220459
5289,1001,13,5,0.65,0.2,1000,restricted_50,aggregation,0.8894613251061869,,,0.7942328787416288
5290,1001,13,5,0.65,0.2,1000,restricted_50,aggregation,0.8893188293769562,,,0.7941169619655036
5291,1001,13,5,0.65,0.2,1000,restricted_50,aggregation,0.8896620081232843,,,0.7950016883116883
5292,1001,13,5,0.65,0.2,1000,restricted_50,aggregation,0.8892829507277303,,,0.7937804382962717
5293,1001,13,5,0.65,0.2,1000,restricted_50,aggregation,0.889331046023159,,,0.794299944577028
5294,1001,13,5,0.65,0.2,1000,restricted_50,aggregation,0.8890874913972446,,,0.7931120586512255
5295,1001,13,5,0.65,0.2,1000,restricted_50,aggregation,0.8890566402548841,,,0.7934798426110926
5296,1001,13,5,0.65,0.2,1000,restricted_50,aggregation,0.889338096431229,,,0.7937070262993181
5297,1001,13,5,0.65,0.2,1000,restricted_50,aggregation,0.8894048090807298,,,0.7952009511938679
5298,1001,13,5,0.65,0.2,1000,restricted_50,aggregation,0.8893727539540005,,,0.7935936806788891
5299,1001,13,5,0.65,0.2,1000,restricted_50,aggregation,0.8888958792980023,,,0.7927572302928554
5300,1001,13,5,0.65,0.2,1000,restricted_50,aggregation,0.8894354174176703,,,0.7943206805154722
5301,1001,13,5,0.65,0.2,1000,restricted_50,aggregation,0.8890793383375365,,,0.7938998313877481
5302,1001,13,5,0.65,0.2,1000,restricted_50,aggregation,0.8892871092945475,,,0.7936785668035669
5303,1001,13,5,0.65,0.2,1000,restricted_50,aggregation,0.8896657506159172,,,0.7948460678210678
5304,1001,13,5,0.65,0.2,1000,restricted_50,aggregation,0.8891316777988295,,,0.7937685153812237
5305,1001,13,5,0.65,0.2,1000,restricted_50,aggregation,0.8896189793996001,,,0.794677848185765
5306,1001,13,5,0.65,0.2,1000,restricted_50,aggregation,0.8890884995389978,,,0.7933472175740927
5307,1001,13,5,0.65,0.2,1000,restricted_50,aggregation,0.8893320275705073,,,0.7934352726979812
5308,1001,13,5,0.65,0.2,1000,restricted_50,aggregation,0.8894336683814624,,,0.7939741513964432
5309,1001,13,5,0.65,0.2,1000,restricted_50,aggregation,0.8892071595902613,,,0.7940057976282977
5310,1001,13,5,0.65,0.2,1000,restricted_50,aggregation,0.8893608815836278,,,0.7940458050976802
5311,1001,13,5,0.65,0.2,1000,restricted_50,aggregation,0.8892849512507148,,,0.7936224246740914
5312,1001,13,5,0.65,0.2,1000,restricted_50,aggregation,0.8894927366813709,,,0.7943339627425045
5313,1001,13,5,0.65,0.2,1000,restricted_50,aggregation,0.889386424847515,,,0.7945852616904701
5314,1001,13,5,0.65,0.2,1000,restricted_50,aggregation,0.8891857542041424,,,0.793557275509984
5315,1001,13,5,0.65,0.2,1000,restricted_50,aggregation,0.8890729402754572,,,0.7936525153858488
5316,1001,13,5,0.65,0.2,1000,restricted_50,aggregation,0.8895047148255899,,,0.7948581703250452
5317,1001,13,5,0.65,0.2,1000,restricted_50,aggregation,0.8894872561758159,,,0.7944304667400501
5318,1001,13,5,0.65,0.2,1000,restricted_50,aggregation,0.8895319604632088,,,0.7942508435623019
5319,1001,13,5,0.65,0.2,1000,restricted_50,aggregation,0.8891821980271145,,,0.794442643837644
5320,1001,13,5,0.65,0.2,1000,restricted_50,aggregation,0.8890834811635531,,,0.7932675253604421
5321,1001,13,5,0.65,0.2,1000,restricted_50,aggregation,0.889235262348288,,,0.7940505951918452
5322,1001,13,5,0.65,0.2,1000,restricted_50,aggregation,0.889436296387337,,,0.7943121894694811
5323,1001,13,5,0.65,0.2,1000,restricted_50,aggregation,0.8896772587719157,,,0.7947690477346728
5324,1001,13,5,0.65,0.2,1000,restricted_50,aggregation,0.8895873352887196,,,0.7948739843335678
5325,1001,13,5,0.65,0.2,1000,restricted_50,aggregation,0.8892274380025019,,,0.7947077482317066
5326,1001,13,5,0.65,0.2,1000,restricted_50,aggregation,0.88973895542285,,,0.7954596692119609
5327,1001,13,5,0.65,0.2,1000,restricted_50,aggregation,0.8891741029292257,,,0.793951797677631
5328,1001,13,5,0.65,0.2,1000,restricted_50,aggregation,0.8889074294856463,,,0.792714435163602
5329,1001,13,5,0.65,0.2,1000,restricted_50,aggregation,0.8892078038636223,,,0.7936756658079575
5330,1001,13,5,0.65,0.2,1000,restricted_50,aggregation,0.8893787886692825,,,0.7940350074154242
5331,1001,13,5,0.65,0.2,1000,restricted_50,aggregation,0.8888461735287985,,,0.7926847193778443
5332,1001,13,5,0.65,0.2,1000,restricted_50,aggregation,0.8893507093936952,,,0.794278222325514
5333,1001,13,5,0.65,0.2,1000,restricted_50,aggregation,0.8892669037809187,,,0.7942156936890271
5334,1001,13,5,0.65,0.2,1000,restricted_50,aggregation,0.8891677487784269,,,0.7938272171347172
5335,1001,13,5,0.65,0.2,1000,restricted_50,aggregation,0.8893119276050323,,,0.7940738386536303
5336,1001,13,5,0.65,0.2,1000,restricted_50,aggregation,0.8895037662246514,,,0.7942955454267955
5337,1001,13,5,0.65,0.2,1000,restricted_50,aggregation,0.8888998208643307,,,0.7932384125057043
5338,1001,13,5,0.65,0.2,1000,restricted_50,aggregation,0.8898998009305463,,,0.7949109702026369
5339,1001,13,5,0.65,0.2,1000,restricted_50,aggregation,0.8891149822974039,,,0.7936440513498848
5340,1001,13,5,0.65,0.2,1000,restricted_50,aggregation,0.8891678933952281,,,0.7938874003851089
5341,1001,13,5,0.65,0.2,1000,restricted_50,aggregation,0.8893105016560066,,,0.7939394584196668
5342,1001,13,5,0.65,0.2,1000,restricted_50,aggregation,0.8893264127590277,,,0.7940616577326995
5343,1001,13,5,0.65,0.2,1000,restricted_50,aggregation,0.8890084181932538,,,0.7934353361222112
5344,1001,13,5,0.65,0.2,1000,restricted_50,aggregation,0.8899126505204834,,,0.795114703976579
5345,1001,13,5,0.65,0.2,1000,restricted_50,aggregation,0.8892472490690785,,,0.7939408613762781
5346,1001,13,5,0.65,0.2,1000,restricted_50,aggregation,0.8893860429862163,,,0.7943491388010139
5347,1001,13,5,0.65,0.2,1000,restricted_50,aggregation,0.8891900524174433,,,0.7941028850008017
5348,1001,13,5,0.65,0.2,1000,restricted_50,aggregation,0.8888316059908483,,,0.7931392855601189
5349,1001,13,5,0.65,0.2,1000,restricted_50,aggregation,0.8889900211725148,,,0.7937401331153415
5350,1001,13,5,0.65,0.2,1000,restricted_50,aggregation,0.8898313384344388,,,0.795444104676188
5351,1001,13,5,0.65,0.2,1000,restricted_50,aggregation,0.8896511049800434,,,0.7946481182012431
5352,1001,13,5,0.65,0.2,1000,restricted_50,aggregation,0.8890635827722104,,,0.793126714496923
5353,1001,13,5,0.65,0.2,1000,restricted_50,aggregation,0.88960481448391,,,0.794680385933511
5354,1001,13,5,0.65,0.2,1000,restricted_50,aggregation,0.889148821737383,,,0.7942942789849041
5355,1001,13,5,0.65,0.2,1000,restricted_50,aggregation,0.889684828419119,,,0.7947821210425378
5356,1001,13,5,0.65,0.2,1000,restricted_50,aggregation,0.8893394505865541,,,0.7938948569563153
5357,1001,13,5,0.65,0.2,1000,restricted_50,aggregation,0.8891393834731957,,,0.7937289584181251
5358,1001,13,5,0.65,0.2,1000,restricted_50,aggregation,0.8896013793256925,,,0.7950503656066157
5359,1001,13,5,0.65,0.2,1000,restricted_50,aggregation,0.8891906784730159,,,0.7944885136391389
5360,1001,13,5,0.65,0.2,1000,restricted_50,aggregation,0.8894666324153689,,,0.7937094567161236
5361,1001,13,5,0.65,0.2,1000,restricted_50,aggregation,0.8893559910952389,,,0.794185893920894
5362,1001,13,5,0.65,0.2,1000,restricted_50,aggregation,0.8893760471112703,,,0.7946478447015947
5363,1001,13,5,0.65,0.2,1000,restricted_50,aggregation,0.8890722963059394,,,0.7941092362961113
5364,1001,13,5,0.65,0.2,1000,restricted_50,aggregation,0.8895517881996934,,,0.7943557631103465
5365,1001,13,5,0.65,0.2,1000,restricted_50,aggregation,0.8891835026960822,,,0.7937973717871635
5366,1001,13,5,0.65,0.2,1000,restricted_50,aggregation,0.8892747474534716,,,0.7941343187445272
5367,1001,13,5,0.65,0.2,1000,restricted_50,aggregation,0.8892253521329385,,,0.7938625407925408
5368,1001,13,5,0.65,0.2,1000,restricted_50,aggregation,0.8895077069415702,,,0.7944641006755591
5369,1001,13,5,0.65,0.2,1000,restricted_50,aggregation,0.8897554626312661,,,0.7948559482107399
5370,1001,13,5,0.65,0.2,1000,restricted_50,aggregation,0.8889006199944822,,,0.7934156780025532
5371,1001,13,5,0.65,0.2,1000,restricted_50,aggregation,0.889233625504726,,,0.7939372159476327
5372,1001,13,5,0.65,0.2,1000,restricted_50,aggregation,0.8889801462814917,,,0.7933623619281953
5373,1001,13,5,0.65,0.2,1000,restricted_50,aggregation,0.8891034471704361,,,0.793348461299503
5374,1001,13,5,0.65,0.2,1000,restricted_50,aggregation,0.8892904787000381,,,0.7940798761269595
5375,1001,13,5,0.65,0.2,1000,restricted_50,aggregation,0.8890791354196489,,,0.7939516814435564
5376,1001,13,5,0.65,0.2,1000,restricted_50,aggregation,0.88973787704601,,,0.7948844220979638
5377,1001,13,5,0.65,0.2,1000,restricted_50,aggregation,0.8893002392275244,,,0.7941630998014333
5378,1001,13,5,0.65,0.2,1000,restricted_50,aggregation,0.8895853426551981,,,0.7947199240574242
5379,1001,13,5,0.65,0.2,1000,restricted_50,aggregation,0.8893507157007775,,,0.793831552506136
5380,1001,13,5,0.65,0.2,1000,restricted_50,aggregation,0.8892340671897284,,,0.7934423341781675
5381,1001,13,5,0.65,0.2,1000,restricted_50,aggregation,0.8888909981787048,,,0.7932770163093081
5382,1001,13,5,0.65,0.2,1000,restricted_50,aggregation,0.8895845377813538,,,0.794793061352228
5383,1001,13,5,0.65,0.2,1000,restricted_50,aggregation,0.8893460779574548,,,0.794324619554828
5384,1001,13,5,0.65,0.2,1000,restricted_50,aggregation,0.8894980106930832,,,0.7948344027191945
5385,1001,13,5,0.65,0.2,1000,restricted_50,aggregation,0.8888590673456698,,,0.7939646838809339
5386,1001,13,5,0.65,0.2,1000,restricted_50,aggregation,0.889467637102418,,,0.7944656004335171
5387,1001,13,5,0.65,0.2,1000,restricted_50,aggregation,0.8888994151620432,,,0.7928516760323011
5388,1001,13,5,0.65,0.2,1000,restricted_50,aggregation,0.8899485640698075,,,0.7957459844707763
5389,1001,13,5,0.65,0.2,1000,restricted_50,aggregation,0.8889921434125183,,,0.7933001140217807
5390,1001,13,5,0.65,0.2,1000,restricted_50,aggregation,0.8895196104929756,,,0.7946971374150541
5391,1001,13,5,0.65,0.2,1000,restricted_50,aggregation,0.889655354205654,,,0.7949920653035236
5392,1001,13,5,0.65,0.2,1000,restricted_50,aggregation,0.8893096017473564,,,0.7942302761204846
5393,1001,13,5,0.65,0.2,1000,restricted_50,aggregation,0.8895903767398403,,,0.7951104755661007
5394,1001,13,5,0.65,0.2,1000,restricted_50,aggregation,0.8889898861754387,,,0.7939221363975532
5395,1001,13,5,0.65,0.2,1000,restricted_50,aggregation,0.8896849540788453,,,0.7947636475561477
5396,1001,13,5,0.65,0.2,1000,restricted_50,aggregation,0.8893888942424718,,,0.7940627849388266
5397,1001,13,5,0.65,0.2,1000,restricted_50,aggregation,0.8890422790962342,,,0.7938248965926051
5398,1001,13,5,0.65,0.2,1000,restricted_50,aggregation,0.8892261897820685,,,0.7935185783583701
5399,1001,13,5,0.65,0.2,1000,restricted_50,aggregation,0.8888997240150639,,,0.79355032980908
5400,1001,13,5,0.65,0.2,1000,restricted_50,aggregation,0.8897892073628897,,,0.7951190014692098
5401,1001,13,5,0.65,0.2,1000,restricted_50,aggregation,0.8893134953323627,,,0.793912358891109
5402,1001,13,5,0.65,0.2,1000,restricted_50,aggregation,0.8893935469383037,,,0.7944332180936348
5403,1001,13,5,0.65,0.2,1000,restricted_50,aggregation,0.8896759279645147,,,0.7951093587816506
5404,1001,13,5,0.65,0.2,1000,restricted_50,aggregation,0.8892809360760578,,,0.7939199903722821
5405,1001,13,5,0.65,0.2,1000,restricted_50,aggregation,0.8899022068682427,,,0.7956306206679123
5406,1001,13,5,0.65,0.2,1000,restricted_50,aggregation,0.8893969971627029,,,0.7934010138087222
5407,1001,13,5,0.65,0.2,1000,restricted_50,aggregation,0.8897019113885528,,,0.7948225745704914
5408,1001,13,5,0.65,0.2,1000,restricted_50,aggregation,0.889009649314637,,,0.7936496117694036
5409,1001,13,5,0.65,0.2,1000,restricted_50,aggregation,0.8895619957344748,,,0.7944803918149752
5410,1001,13,5,0.65,0.2,1000,restricted_50,aggregation,0.8895076499780007,,,0.7945780042796711
5411,1001,13,5,0.65,0.2,1000,restricted_50,aggregation,0.8891353082506236,,,0.7942454137452054
5412,1001,13,5,0.65,0.2,1000,restricted_50,aggregation,0.8891688255586535,,,0.7935086420909339
5413,1001,13,5,0.65,0.2,1000,restricted_50,aggregation,0.8891400240802456,,,0.7943316334591335
5414,1001,13,5,0.65,0.2,1000,restricted_50,aggregation,0.8890944328981655,,,0.7933559301115553
5415,1001,13,5,0.65,0.2,1000,restricted_50,aggregation,0.8891514124143894,,,0.7935988015225515
5416,1001,13,5,0.65,0.2,1000,restricted_50,aggregation,0.8887290939427119,,,0.7932363337511256
5417,1001,13,5,0.65,0.2,1000,restricted_50,aggregation,0.8894072449188616,,,0.7942721059418978
5418,1001,13,5,0.65,0.2,1000,restricted_50,aggregation,0.8892158754409485,,,0.7943527800286134
5419,1001,13,5,0.65,0.2,1000,restricted_50,aggregation,0.8897826107782832,,,0.7949218956429375
5420,1001,13,5,0.65,0.2,1000,restricted_50,aggregation,0.8884087106463092,,,0.793343176846302
5421,1001,13,5,0.65,0.2,1000,restricted_50,aggregation,0.8894665896573961,,,0.7942288769717937
5422,1001,13,5,0.65,0.2,1000,restricted_50,aggregation,0.8891531359207884,,,0.7935453282674118
5423,1001,13,5,0.65,0.2,1000,restricted_50,aggregation,0.8891618376985766,,,0.7938753990993574
5424,1001,13,5,0.65,0.2,1000,restricted_50,aggregation,0.8895327257856891,,,0.7945446384788052
5425,1001,13,5,0.65,0.2,1000,restricted_50,aggregation,0.8897134847482852,,,0.7949368568853986
5426,1001,13,5,0.65,0.2,1000,restricted_50,aggregation,0.8893670643718744,,,0.7948438088146422
5427,1001,13,5,0.65,0.2,1000,restricted_50,aggregation,0.8893434381809359,,,0.7940825658600659
5428,1001,13,5,0.65,0.2,1000,restricted_50,aggregation,0.8896281069583585,,,0.7947614086530753
5429,1001,13,5,0.65,0.2,1000,restricted_50,aggregation,0.8890542530602161,,,0.7935254852246519
5430,1001,13,5,0.65,0.2,1000,restricted_50,aggregation,0.8895763709381701,,,0.7949181083731084
5431,1001,13,5,0.65,0.2,1000,restricted_50,aggregation,0.8893833150043258,,,0.7944848575190243
5432,1001,13,5,0.65,0.2,1000,restricted_50,aggregation,0.8894015794335474,,,0.7940616626043709
5433,1001,13,5,0.65,0.2,1000,restricted_50,aggregation,0.8895675316413358,,,0.7943912958877543
5434,1001,13,5,0.65,0.2,1000,restricted_50,aggregation,0.889211880925421,,,0.7933766296820464
5435,1001,13,5,0.65,0.2,1000,restricted_50,aggregation,0.8892267546960214,,,0.7945412885262886
5436,1001,13,5,0.65,0.2,1000,restricted_50,aggregation,0.8895322365933372,,,0.7947146672463339
5437,1001,13,5,0.65,0.2,1000,restricted_50,aggregation,0.8890483772005215,,,0.7930973379012963
5438,1001,13,5,0.65,0.2,1000,restricted_50,aggregation,0.8891520720242168,,,0.7940392714846883
5439,1001,13,5,0.65,0.2,1000,restricted_50,aggregation,0.8897515054288615,,,0.7950025590227674
5440,1001,13,5,0.65,0.2,1000,restricted_50,aggregation,0.8895100963304546,,,0.7943607943060028
5441,1001,13,5,0.65,0.2,1000,restricted_50,aggregation,0.8892558654468206,,,0.7936478867891369
5442,1001,13,5,0.65,0.2,1000,restricted_50,aggregation,0.8895369624774846,,,0.7946887640831392
5443,1001,13,5,0.65,0.2,1000,restricted_50,aggregation,0.8899587965335503,,,0.7953153431136765
5444,1001,13,5,0.65,0.2,1000,restricted_50,aggregation,0.8890947412427528,,,0.7942825703540288
5445,1001,13,5,0.65,0.2,1000,restricted_50,aggregation,0.8888848307871314,,,0.7924649401447319
5446,1001,13,5,0.65,0.2,1000,restricted_50,aggregation,0.8895182815634375,,,0.7942018601074851
5447,1001,13,5,0.65,0.2,1000,restricted_50,aggregation,0.889680365441508,,,0.7951194518444519
5448,1001,13,5,0.65,0.2,1000,restricted_50,aggregation,0.8890784822233643,,,0.7933150608342276
5449,1001,13,5,0.65,0.2,1000,restricted_50,aggregation,0.8890997289569265,,,0.793249024139441
5450,1001,13,5,0.65,0.2,1000,restricted_50,aggregation,0.889303366297004,,,0.7943611840936843
5451,1001,13,5,0.65,0.2,1000,restricted_50,aggregation,0.8896281190979595,,,0.7947064881260715
5452,1001,13,5,0.65,0.2,1000,restricted_50,aggregation,0.8891089141499355,,,0.7940257409103243
5453,1001,13,5,0.65,0.2,1000,restricted_50,aggregation,0.8892709119380087,,,0.7938324920372837
5454,1001,13,5,0.65,0.2,1000,restricted_50,aggregation,0.8891312715395786,,,0.7941199028903196
5455,1001,13,5,0.65,0.2,1000,restricted_50,aggregation,0.8889004252125912,,,0.792972170614879
5456,1001,13,5,0.65,0.2,1000,restricted_50,aggregation,0.8894083370522055,,,0.794060696040071
5457,1001,13,5,0.65,0.2,1000,restricted_50,aggregation,0.8893939105984772,,,0.7944033817108818
5458,1001,13,5,0.65,0.2,1000,restricted_50,aggregation,0.8895627999012085,,,0.7948321867098951
5459,1001,13,5,0.65,0.2,1000,restricted_50,aggregation,0.8890700065034909,,,0.7929004271500106
5460,1001,13,5,0.65,0.2,1000,restricted_50,aggregation,0.8895227138851192,,,0.7946606738092157
5461,1001,13,5,0.65,0.2,1000,restricted_50,aggregation,0.8893303003520778,,,0.7942319135108719
5462,1001,13,5,0.65,0.2,1000,restricted_50,aggregation,0.8889190474411149,,,0.7932074945193696
5463,1001,13,5,0.65,0.2,1000,restricted_50,aggregation,0.8891401991948873,,,0.7936195092407593
5464,1001,13,5,0.65,0.2,1000,restricted_50,aggregation,0.889518272985658,,,0.7944336660407494
5465,1001,13,5,0.65,0.2,1000,restricted_50,aggregation,0.8895148999434489,,,0.7940034711199296
5466,1001,13,5,0.65,0.2,1000,restricted_50,aggregation,0.8894967636681537,,,0.7944051652745404
5467,1001,13,5,0.65,0.2,1000,restricted_50,aggregation,0.8893277246721063,,,0.7938204787650621
5468,1001,13,5,0.65,0.2,1000,restricted_50,aggregation,0.8895428048834693,,,0.7939748182219016
5469,1001,13,5,0.65,0.2,1000,restricted_50,aggregation,0.8898881127579177,,,0.7950347389724475
5470,1001,13,5,0.65,0.2,1000,restricted_50,aggregation,0.889068908231207,,,0.7935245766424935
5471,1001,13,5,0.65,0.2,1000,restricted_50,aggregation,0.8891944602919424,,,0.7939910746198247
5472,1001,13,5,0.65,0.2,1000,restricted_50,aggregation,0.8892121274080322,,,0.7939148317577486
5473,1001,13,5,0.65,0.2,1000,restricted_50,aggregation,0.8891317426017573,,,0.7936990157296409
5474,1001,13,5,0.65,0.2,1000,restricted_50,aggregation,0.8890275362441876,,,0.793754427640261
5475,1001,13,5,0.65,0.2,1000,restricted_50,aggregation,0.8891347559657345,,,0.7933226106840691
5476,1001,13,5,0.65,0.2,1000,restricted_50,aggregation,0.8891878968839572,,,0.7941384575378326
5477,1001,13,5,0.65,0.2,1000,restricted_50,aggregation,0.8896633873229679,,,0.7946667584421753
5478,1001,13,5,0.65,0.2,1000,restricted_50,aggregation,0.8891743749904155,,,0.7940581192264525
5479,1001,13,5,0.65,0.2,1000,restricted_50,aggregation,0.888643615597133,,,0.7927289386770638
5480,1001,13,5,0.65,0.2,1000,restricted_50,aggregation,0.8894956481383173,,,0.7950062939067106
5481,1001,13,5,0.65,0.2,1000,restricted_50,aggregation,0.8893750124179645,,,0.7937776656214156
5482,1001,13,5,0.65,0.2,1000,restricted_50,aggregation,0.8895264930271575,,,0.7946916142268227
5483,1001,13,5,0.65,0.2,1000,restricted_50,aggregation,0.8895299097740141,,,0.7947509430924015
5484,1001,13,5,0.65,0.2,1000,restricted_50,aggregation,0.8892420966559237,,,0.7937799870885288
5485,1001,13,5,0.65,0.2,1000,restricted_50,aggregation,0.889129059864814,,,0.7938418583191501
5486,1001,13,5,0.65,0.2,1000,restricted_50,aggregation,0.8892454660722283,,,0.793722549117549
5487,1001,13,5,0.65,0.2,1000,restricted_50,aggregation,0.8891283961181198,,,0.7934709483803234
5488,1001,13,5,0.65,0.2,1000,restricted_50,aggregation,0.8890396182997472,,,0.7933531262718763
5489,1001,13,5,0.65,0.2,1000,restricted_50,aggregation,0.889464748046977,,,0.7943988369346704
5490,1001,13,5,0.65,0.2,1000,restricted_50,aggregation,0.8893684940293434,,,0.7938625295923213
5491,1001,13,5,0.65,0.2,1000,restricted_50,aggregation,0.8892746627781659,,,0.7940924470205721
5492,1001,13,5,0.65,0.2,1000,restricted_50,aggregation,0.8891403036701658,,,0.7938065733803236
5493,1001,13,5,0.65,0.2,1000,restricted_50,aggregation,0.8895416103917817,,,0.7948208580154414
5494,1001,13,5,0.65,0.2,1000,restricted_50,aggregation,0.8895795728027867,,,0.7944061786361787
5495,1001,13,5,0.65,0.2,1000,restricted_50,aggregation,0.8901434389237637,,,0.7961744023414857
5496,1001,13,5,0.65,0.2,1000,restricted_50,aggregation,0.8894187852510088,,,0.7939208531900199
5497,1001,13,5,0.65,0.2,1000,restricted_50,aggregation,0.8889637093094587,,,0.7936101037465623
5498,1001,13,5,0.65,0.2,1000,restricted_50,aggregation,0.8893181145829375,,,0.7939223084631419
5499,1001,13,5,0.65,0.2,1000,restricted_50,aggregation,0.889360321731654,,,0.7944047357657775
5500,1001,13,5,0.65,0.2,1000,restricted_50,aggregation,0.8894741408565244,,,0.794500239536698
5501,1001,13,5,0.65,0.2,1000,restricted_50,aggregation,0.8888539158289687,,,0.7934367489300824
5502,1001,13,5,0.65,0.2,1000,restricted_50,aggregation,0.8890592438477604,,,0.7938778754964172
5503,1001,13,5,0.65,0.2,1000,restricted_50,aggregation,0.8895751745707098,,,0.7947831344966763
5504,1001,13,5,0.65,0.2,1000,restricted_50,aggregation,0.8891333545593589,,,0.7937337878710796
5505,1001,13,5,0.65,0.2,1000,restricted_50,aggregation,0.8891820613708435,,,0.7938872078461663
5506,1001,13,5,0.65,0.2,1000,restricted_50,aggregation,0.88935914408775,,,0.7938346078150246
5507,1001,13,5,0.65,0.2,1000,restricted_50,aggregation,0.8893185921615127,,,0.7940782087588338
5508,1001,13,5,0.65,0.2,1000,restricted_50,aggregation,0.8894217656835529,,,0.7940722711933129
5509,1001,13,5,0.65,0.2,1000,restricted_50,aggregation,0.889387584296744,,,0.7942553990608158
5510,1001,13,5,0.65,0.2,1000,restricted_50,aggregation,0.8889463491478593,,,0.7935209620163787
5511,1001,13,5,0.65,0.2,1000,restricted_50,aggregation,0.8891200779759074,,,0.7938116796629296
5512,1001,13,5,0.65,0.2,1000,restricted_50,aggregation,0.8894701227002909,,,0.7941243193303611
5513,1001,13,5,0.65,0.2,1000,restricted_50,aggregation,0.8889220777261556,,,0.7930123127489793
5514,1001,13,5,0.65,0.2,1000,restricted_50,aggregation,0.8895507715399007,,,0.7947276010332261
5515,1001,13,5,0.65,0.2,1000,restricted_50,aggregation,0.8894297221612245,,,0.7945257444176195
5516,1001,13,5,0.65,0.2,1000,restricted_50,aggregation,0.8892726486370506,,,0.7940157897272481
5517,1001,13,5,0.65,0.2,1000,restricted_50,aggregation,0.8897517478256671,,,0.7950223167958586
5518,1001,13,5,0.65,0.2,1000,restricted_50,aggregation,0.8887452179964386,,,0.793672675935176
5519,1001,13,5,0.65,0.2,1000,restricted_50,aggregation,0.8892296074822913,,,0.7939527582679667
5520,1001,13,5,0.65,0.2,1000,restricted_50,aggregation,0.8895174682599529,,,0.794819890510724
5521,1001,13,5,0.65,0.2,1000,restricted_50,aggregation,0.8895426585222491,,,0.7941284069556988
5522,1001,13,5,0.65,0.2,1000,restricted_50,aggregation,0.8884875634145544,,,0.7918294775748943
5523,1001,13,5,0.65,0.2,1000,restricted_50,aggregation,0.8893653962692126,,,0.7941962340745675
5524,1001,13,5,0.65,0.2,1000,restricted_50,aggregation,0.8896727443710573,,,0.7947597321120238
5525,1001,13,5,0.65,0.2,1000,restricted_50,aggregation,0.8888622010462154,,,0.7931112243620578
5526,1001,13,5,0.65,0.2,1000,restricted_50,aggregation,0.8892903363128244,,,0.7938757177005094
5527,1001,13,5,0.65,0.2,1000,restricted_50,aggregation,0.8892387959462204,,,0.793686186645145
5528,1001,13,5,0.65,0.2,1000,restricted_50,aggregation,0.8890787145546524,,,0.7933573967159384
5529,1001,13,5,0.65,0.2,1000,restricted_50,aggregation,0.8889308648272192,,,0.7931523218756553
5530,1001,13,5,0.65,0.2,1000,restricted_50,aggregation,0.8889381044080519,,,0.7930726888774806
5531,1001,13,5,0.65,0.2,1000,restricted_50,aggregation,0.8890731178352316,,,0.7937266158764076
5532,1001,13,5,0.65,0.2,1000,restricted_50,aggregation,0.8892708718778035,,,0.7940768074209742
5533,1001,13,5,0.65,0.2,1000,restricted_50,aggregation,0.8895079244178126,,,0.7945634217557134
5534,1001,13,5,0.65,0.2,1000,restricted_50,aggregation,0.8894537705661973,,,0.7945596500181917
5535,1001,13,5,0.65,0.2,1000,restricted_50,aggregation,0.8891680437585338,,,0.7935516400343483
5536,1001,13,5,0.65,0.2,1000,restricted_50,aggregation,0.8890121009525371,,,0.793688204557788
5537,1001,13,5,0.65,0.2,1000,restricted_50,aggregation,0.8898715266946867,,,0.7948772686881022
5538,1001,13,5,0.65,0.2,1000,restricted_50,aggregation,0.8894858897060683,,,0.7942639526677028
5539,1001,13,5,0.65,0.2,1000,restricted_50,aggregation,0.8892288753635427,,,0.7938749161949162
5540,1001,13,5,0.65,0.2,1000,restricted_50,aggregation,0.8890982503240223,,,0.7935636840551424
5541,1001,13,5,0.65,0.2,1000,restricted_50,aggregation,0.8893865766834544,,,0.7945527529029613
5542,1001,13,5,0.65,0.2,1000,restricted_50,aggregation,0.8891897662098283,,,0.7943654244520911
5543,1001,13,5,0.65,0.2,1000,restricted_50,aggregation,0.8898138545112783,,,0.7952120310630728
5544,1001,13,5,0.65,0.2,1000,restricted_50,aggregation,0.8893408819239255,,,0.7945332040413292
5545,1001,13,5,0.65,0.2,1000,restricted_50,aggregation,0.8891527264658611,,,0.7935977505133756
5546,1001,13,5,0.65,0.2,1000,restricted_50,aggregation,0.8898934206912937,,,0.7954654918769503
5547,1001,13,5,0.65,0.2,1000,restricted_50,aggregation,0.8897260216567308,,,0.7946936486430237
5548,1001,13,5,0.65,0.2,1000,restricted_50,aggregation,0.8893104552220834,,,0.7936706066387317
5549,1001,13,5,0.65,0.2,1000,restricted_50,aggregation,0.8895527518697522,,,0.7941478356674191
5550,1001,13,5,0.65,0.2,1000,restricted_50,aggregation,0.8894972553646354,,,0.7949040883422134
5551,1001,13,5,0.65,0.2,1000,restricted_50,aggregation,0.8894334034726974,,,0.7945385752210753
5552,1001,13,5,0.65,0.2,1000,restricted_50,aggregation,0.8895749457834465,,,0.7945223004618839
5553,1001,13,5,0.65,0.2,1000,restricted_50,aggregation,0.8895822435784165,,,0.7946407844778678
5554,1001,13,5,0.65,0.2,1000,restricted_50,aggregation,0.8894838409584499,,,0.7947735885565054
5555,1001,13,5,0.65,0.2,1000,restricted_50,aggregation,0.8893273004134774,,,0.7944010123133041
5556,1001,13,5,0.65,0.2,1000,restricted_50,aggregation,0.8891591161147773,,,0.7936451719885055
5557,1001,13,5,0.65,0.2,1000,restricted_50,aggregation,0.8891298061637125,,,0.7934244499173667
5558,1001,13,5,0.65,0.2,1000,restricted_50,aggregation,0.8889038197787349,,,0.7935763964816049
5559,1001,13,5,0.65,0.2,1000,restricted_50,aggregation,0.889483218458577,,,0.7948962152199652
5560,1001,13,5,0.65,0.2,1000,restricted_50,aggregation,0.8896535445004919,,,0.7946516935302353
5561,1001,13,5,0.65,0.2,1000,restricted_50,aggregation,0.8895677453137476,,,0.7946929284912619
5562,1001,13,5,0.65,0.2,1000,restricted_50,aggregation,0.8891718026473052,,,0.7937448469277637
5563,1001,13,5,0.65,0.2,1000,restricted_50,aggregation,0.8893588007703658,,,0.7943085945535946
5564,1001,13,5,0.65,0.2,1000,restricted_50,aggregation,0.8892210879354483,,,0.7943334414890666
5565,1001,13,5,0.65,0.2,1000,restricted_50,aggregation,0.889441122767971,,,0.7944504373866874
5566,1001,13,5,0.65,0.2,1000,restricted_50,aggregation,0.889431469553619,,,0.7944111656938742
5567,1001,13,5,0.65,0.2,1000,restricted_50,aggregation,0.8893834790876969,,,0.7937868053936804
5568,1001,13,5,0.65,0.2,1000,restricted_50,aggregation,0.8885324843620435,,,0.7934158861585946
5569,1001,13,5,0.65,0.2,1000,restricted_50,aggregation,0.8891386591025708,,,0.793465368011618
5570,1001,13,5,0.65,0.2,1000,restricted_50,aggregation,0.8895643535477369,,,0.794381739996115
5571,1001,13,5,0.65,0.2,1000,restricted_50,aggregation,0.8893601156438974,,,0.7945580364234531
5572,1001,13,5,0.65,0.2,1000,restricted_50,aggregation,0.8890414210504818,,,0.7937324212361713
5573,1001,13,5,0.65,0.2,1000,restricted_50,aggregation,0.8890177077478991,,,0.793972530193572
5574,1001,13,5,0.65,0.2,1000,restricted_50,aggregation,0.8893093792198162,,,0.7939623781927949
5575,1001,13,5,0.65,0.2,1000,restricted_50,aggregation,0.8895474822535482,,,0.7950978158492743
5576,1001,13,5,0.65,0.2,1000,restricted_50,aggregation,0.8895644006498835,,,0.7948963195754862
5577,1001,13,5,0.65,0.2,1000,restricted_50,aggregation,0.8892204922999366,,,0.7936839514343682
5578,1001,13,5,0.65,0.2,1000,restricted_50,aggregation,0.8891629312934523,,,0.7937526938647773
5579,1001,13,5,0.65,0.2,1000,restricted_50,aggregation,0.8892012902639143,,,0.7935139692714693
5580,1001,13,5,0.65,0.2,1000,restricted_50,aggregation,0.8893078533746239,,,0.7940523522619356
5581,1001,13,5,0.65,0.2,1000,restricted_50,aggregation,0.889230451106881,,,0.7935474089336592
5582,1001,13,5,0.65,0.2,1000,restricted_50,aggregation,0.8891860879671624,,,0.7934871575877827
5583,1001,13,5,0.65,0.2,1000,restricted_50,aggregation,0.8891970516946197,,,0.7940715745134497
5584,1001,13,5,0.65,0.2,1000,restricted_50,aggregation,0.8890923065598149,,,0.7939589827764828
5585,1001,13,5,0.65,0.2,1000,restricted_50,aggregation,0.8897054753614284,,,0.7945620506808008
5586,1001,13,5,0.65,0.2,1000,restricted_50,aggregation,0.8895174424516263,,,0.7948678323836658
5587,1001,13,5,0.65,0.2,1000,restricted_50,aggregation,0.8890579321765812,,,0.793626016021016
5588,1001,13,5,0.65,0.2,1000,restricted_50,aggregation,0.8891926039649071,,,0.794336926237343
5589,1001,13,5,0.65,0.2,1000,restricted_50,aggregation,0.889936261760128,,,0.7955374260615928
5590,1001,13,5,0.65,0.2,1000,restricted_50,aggregation,0.8894225308724049,,,0.7940888122140206
5591,1001,13,5,0.65,0.2,1000,restricted_50,aggregation,0.8892965589483833,,,0.7937295613953947
5592,1001,13,5,0.65,0.2,1000,restricted_50,aggregation,0.88917356341569,,,0.7939810894892146
5593,1001,13,5,0.65,0.2,1000,restricted_50,aggregation,0.8896402264908511,,,0.7945727006249924
5594,1001,13,5,0.65,0.2,1000,restricted_50,aggregation,0.8892537221338775,,,0.7941276461886879
5595,1001,13,5,0.65,0.2,1000,restricted_50,aggregation,0.8887981397702753,,,0.7932100939492607
5596,1001,13,5,0.65,0.2,1000,restricted_50,aggregation,0.8888726481826632,,,0.79391658663867
5597,1001,13,5,0.65,0.2,1000,restricted_50,aggregation,0.8890001829365736,,,0.7933999547057882
5598,1001,13,5,0.65,0.2,1000,restricted_50,aggregation,0.8896027306671479,,,0.7949072917437502
5599,1001,13,5,0.65,0.2,1000,restricted_50,aggregation,0.8889635899570814,,,0.7936556750425502
5600,1001,13,5,0.65,0.2,1000,restricted_50,aggregation,0.8893043515650018,,,0.7939713545867714
5601,1001,13,5,0.65,0.2,1000,restricted_50,aggregation,0.8892380490518618,,,0.7938984879395298
5602,1001,13,5,0.65,0.2,1000,restricted_50,aggregation,0.8890305838979649,,,0.7933119961597046
5603,1001,13,5,0.65,0.2,1000,restricted_50,aggregation,0.8894015985958997,,,0.7940331089666507
5604,1001,13,5,0.65,0.2,1000,restricted_50,aggregation,0.8894421123304037,,,0.7945386686770021
5605,1001,13,5,0.65,0.2,1000,restricted_50,aggregation,0.8894310359379519,,,0.794531883340425
5606,1001,13,5,0.65,0.2,1000,restricted_50,aggregation,0.8898241010858781,,,0.7952495367749535
5607,1001,13,5,0.65,0.2,1000,restricted_50,aggregation,0.8898109427673757,,,0.7948382005186172
5608,1001,13,5,0.65,0.2,1000,restricted_50,aggregation,0.8893846748838301,,,0.7945516438808107
5609,1001,13,5,0.65,0.2,1000,restricted_50,aggregation,0.8888129420263587,,,0.7931067397648649
5610,1001,13,5,0.65,0.2,1000,restricted_50,aggregation,0.8891083076727236,,,0.7944769761951013
5611,1001,13,5,0.65,0.2,1000,restricted_50,aggregation,0.8890674124563739,,,0.7932914072732824
5612,1001,13,5,0.65,0.2,1000,restricted_50,aggregation,0.8892972377242642,,,0.7938764954875372
5613,1001,13,5,0.65,0.2,1000,restricted_50,aggregation,0.8893187640259416,,,0.7939981900815235
5614,1001,13,5,0.65,0.2,1000,restricted_50,aggregation,0.889368508768421,,,0.7944040679382348
5615,1001,13,5,0.65,0.2,1000,restricted_50,aggregation,0.8891547443542066,,,0.7936111918020251
5616,1001,13,5,0.65,0.2,1000,restricted_50,aggregation,0.8894172422071828,,,0.7940739476264478
5617,1001,13,5,0.65,0.2,1000,restricted_50,aggregation,0.8892858513615938,,,0.7937551548759882
5618,1001,13,5,0.65,0.2,1000,restricted_50,aggregation,0.8892964513126965,,,0.7940737578470913
5619,1001,13,5,0.65,0.2,1000,restricted_50,aggregation,0.889195955770599,,,0.7940503278357446
5620,1001,13,5,0.65,0.2,1000,restricted_50,aggregation,0.8893653247359253,,,0.794385172589756
5621,1001,13,5,0.65,0.2,1000,restricted_50,aggregation,0.8893601233307398,,,0.7944584773328524
5622,1001,13,5,0.65,0.2,1000,restricted_50,aggregation,0.889094193970583,,,0.7935023269014936
5623,1001,13,5,0.65,0.2,1000,restricted_50,aggregation,0.8887789609743802,,,0.7928290010529595
5624,1001,13,5,0.65,0.2,1000,restricted_50,aggregation,0.8892769853276506,,,0.7939924557309975
5625,1001,13,5,0.65,0.2,1000,restricted_50,aggregation,0.8896577410426109,,,0.7944134617542952
5626,1001,13,5,0.65,0.2,1000,restricted_50,aggregation,0.8891422439149739,,,0.7935740925355509
5627,1001,13,5,0.65,0.2,1000,restricted_50,aggregation,0.8892637992992458,,,0.7937078252534505
5628,1001,13,5,0.65,0.2,1000,restricted_50,aggregation,0.8890113165358156,,,0.7932223523621441
5629,1001,13,5,0.65,0.2,1000,restricted_50,aggregation,0.8893137452272591,,,0.793670386927887
5630,1001,13,5,0.65,0.2,1000,restricted_50,aggregation,0.8898002034382455,,,0.795032236952862
5631,1001,13,5,0.65,0.2,1000,restricted_50,aggregation,0.8889965996854345,,,0.7934824458257791
5632,1001,13,5,0.65,0.2,1000,restricted_50,aggregation,0.8894087595988549,,,0.7943390007677509
5633,1001,13,5,0.65,0.2,1000,restricted_50,aggregation,0.8892277733318208,,,0.7941713318548737
5634,1001,13,5,0.65,0.2,1000,restricted_50,aggregation,0.8891875208802072,,,0.7940317524605026
5635,1001,13,5,0.65,0.2,1000,restricted_50,aggregation,0.8893294917646452,,,0.7939952227016811
5636,1001,13,5,0.65,0.2,1000,restricted_50,aggregation,0.8895992635828591,,,0.7945725098589682
5637,1001,13,5,0.65,0.2,1000,restricted_50,aggregation,0.8890321554614924,,,0.7937015195144362
5638,1001,13,5,0.65,0.2,1000,restricted_50,aggregation,0.8892240195176786,,,0.7935568854293854
5639,1001,13,5,0.65,0.2,1000,restricted_50,aggregation,0.8892280468143986,,,0.7938825738613239
5640,1001,13,5,0.65,0.2,1000,restricted_50,aggregation,0.8890077001685721,,,0.7937294607630025
5641,1001,13,5,0.65,0.2,1000,restricted_50,aggregation,0.8893639974018538,,,0.7941244739905157
5642,1001,13,5,0.65,0.2,1000,restricted_50,aggregation,0.8893003054631684,,,0.7944946622667457
5643,1001,13,5,0.65,0.2,1000,restricted_50,aggregation,0.8889790726195892,,,0.7935883877388045
5644,1001,13,5,0.65,0.2,1000,restricted_50,aggregation,0.8894649406022184,,,0.7949105404934572
5645,1001,13,5,0.65,0.2,1000,restricted_50,aggregation,0.8894828600618152,,,0.7941632495976246
5646,1001,13,5,0.65,0.2,1000,restricted_50,aggregation,0.889085627084033,,,0.7939854579987914
5647,1001,13,5,0.65,0.2,1000,restricted_50,aggregation,0.8891091496269673,,,0.7937082658468075
5648,1001,13,5,0.65,0.2,1000,restricted_50,aggregation,0.8895200505311449,,,0.7948492148900483
5649,1001,13,5,0.65,0.2,1000,restricted_50,aggregation,0.8893682175283756,,,0.7941491890439808
5650,1001,13,5,0.65,0.2,1000,restricted_50,aggregation,0.8893772658613217,,,0.7941152469829553
5651,1001,13,5,0.65,0.2,1000,restricted_50,aggregation,0.8892365566730066,,,0.7940071420015171
5652,1001,13,5,0.65,0.2,1000,restricted_50,aggregation,0.8893380306001443,,,0.7934589748060582
5653,1001,13,5,0.65,0.2,1000,restricted_50,aggregation,0.8894805205440296,,,0.7938189548029133
5654,1001,13,5,0.65,0.2,1000,restricted_50,aggregation,0.889092084861397,,,0.7936105562570148
5655,1001,13,5,0.65,0.2,1000,restricted_50,aggregation,0.8893005106633494,,,0.7939329341414758
5656,1001,13,5,0.65,0.2,1000,restricted_50,aggregation,0.8895485428395011,,,0.7942686811953479
5657,1001,13,5,0.65,0.2,1000,restricted_50,aggregation,0.8892684157731517,,,0.7936703169207336
5658,1001,13,5,0.65,0.2,1000,restricted_50,aggregation,0.8890181070767081,,,0.7934857207684293
5659,1001,13,5,0.65,0.2,1000,restricted_50,aggregation,0.8891874853014127,,,0.7933887279772698
5660,1001,13,5,0.65,0.2,1000,restricted_50,aggregation,0.8894384160424156,,,0.7941482863509948
5661,1001,13,5,0.65,0.2,1000,restricted_50,aggregation,0.8897062522270186,,,0.7945575085100086
5662,1001,13,5,0.65,0.2,1000,restricted_50,aggregation,0.8895005003120355,,,0.7944011944768196
5663,1001,13,5,0.65,0.2,1000,restricted_50,aggregation,0.8890792433946052,,,0.7936221017100185
5664,1001,13,5,0.65,0.2,1000,restricted_50,aggregation,0.889784623616767,,,0.7951404772850607
5665,1001,13,5,0.65,0.2,1000,restricted_50,aggregation,0.8895007034141693,,,0.7946801551766136
5666,1001,13,5,0.65,0.2,1000,restricted_50,aggregation,0.889377893259209,,,0.7943217793317794
5667,1001,13,5,0.65,0.2,1000,restricted_50,aggregation,0.8889342803779036,,,0.7935984421288589
5668,1001,13,5,0.65,0.2,1000,restricted_50,aggregation,0.8891215213361623,,,0.7931727659377661
5669,1001,13,5,0.65,0.2,1000,restricted_50,aggregation,0.8894216946240852,,,0.7944729146702065
5670,1001,13,5,0.65,0.2,1000,restricted_50,aggregation,0.8892208174315523,,,0.7936190044446294
5671,1001,13,5,0.65,0.2,1000,restricted_50,aggregation,0.8894330306002979,,,0.7941122665914333
5672,1001,13,5,0.65,0.2,1000,restricted_50,aggregation,0.889246274136001,,,0.7941798920292671
5673,1001,13,5,0.65,0.2,1000,restricted_50,aggregation,0.8892655554126256,,,0.7934767414761165
5674,1001,13,5,0.65,0.2,1000,restricted_50,aggregation,0.8894154499222742,,,0.794081859560193
5675,1001,13,5,0.65,0.2,1000,restricted_50,aggregation,0.8894718492583105,,,0.794574803676262
5676,1001,13,5,0.65,0.2,1000,restricted_50,aggregation,0.889445535719487,,,0.7943194749848917
5677,1001,13,5,0.65,0.2,1000,restricted_50,aggregation,0.8893938388924396,,,0.7943068037286789
5678,1001,13,5,0.65,0.2,1000,restricted_50,aggregation,0.8894666017929507,,,0.7942597662753913
5679,1001,13,5,0.65,0.2,1000,restricted_50,aggregation,0.8893527174835067,,,0.7940846148064897
5680,1001,13,5,0.65,0.2,1000,restricted_50,aggregation,0.889276037977914,,,0.7931862712750213
5681,1001,13,5,0.65,0.2,1000,restricted_50,aggregation,0.8894799313806081,,,0.7952157502836669
5682,1001,13,5,0.65,0.2,1000,restricted_50,aggregation,0.8896063239978986,,,0.7943557597109682
5683,1001,13,5,0.65,0.2,1000,restricted_50,aggregation,0.8892524666596954,,,0.7937812709743961
5684,1001,13,5,0.65,0.2,1000,restricted_50,aggregation,0.8891997231941825,,,0.7930204609048359
5685,1001,13,5,0.65,0.2,1000,restricted_50,aggregation,0.8895218893988435,,,0.7945393634991553
5686,1001,13,5,0.65,0.2,1000,restricted_50,aggregation,0.8894911162590635,,,0.7945015168473503
5687,1001,13,5,0.65,0.2,1000,restricted_50,aggregation,0.8891976964570633,,,0.7934719686794689
5688,1001,13,5,0.65,0.2,1000,restricted_50,aggregation,0.8893403485039532,,,0.7946406916309
5689,1001,13,5,0.65,0.2,1000,restricted_50,aggregation,0.8894223537930034,,,0.7944184477251144
5690,1001,13,5,0.65,0.2,1000,restricted_50,aggregation,0.88904064602483,,,0.7937186671661672
5691,1001,13,5,0.65,0.2,1000,restricted_50,aggregation,0.8889901098075215,,,0.7933737139789224
5692,1001,13,5,0.65,0.2,1000,restricted_50,aggregation,0.8891959457581959,,,0.7936935289170707
5693,1001,13,5,0.65,0.2,1000,restricted_50,aggregation,0.8887233788907513,,,0.7926977960696711
5694,1001,13,5,0.65,0.2,1000,restricted_50,aggregation,0.8893928599824226,,,0.7946768916500168
5695,1001,13,5,0.65,0.2,1000,restricted_50,aggregation,0.8894581274357667,,,0.7944906043108129
5696,1001,13,5,0.65,0.2,1000,restricted_50,aggregation,0.8892039298857684,,,0.7936998196556531
5697,1001,13,5,0.65,0.2,1000,restricted_50,aggregation,0.8894538584809315,,,0.7943439653633403
5698,1001,13,5,0.65,0.2,1000,restricted_50,aggregation,0.8894865212738322,,,0.794344483849484
5699,1001,13,5,0.65,0.2,1000,restricted_50,aggregation,0.8896566426502671,,,0.7947378891247642
5700,1001,13,5,0.65,0.2,1000,restricted_50,aggregation,0.8893604977052908,,,0.7941397019338686
5701,1001,13,5,0.65,0.2,1000,restricted_50,aggregation,0.8896291668636734,,,0.7948252923542507
5702,1001,13,5,0.65,0.2,1000,restricted_50,aggregation,0.8891417102681906,,,0.7947103054353054
5703,1001,13,5,0.65,0.2,1000,restricted_50,aggregation,0.8891603729781413,,,0.7936462521660439
5704,1001,13,5,0.65,0.2,1000,restricted_50,aggregation,0.8893199220590762,,,0.7944198402985905
5705,1001,13,5,0.65,0.2,1000,restricted_50,aggregation,0.8891569039544789,,,0.7936932062613313
5706,1001,13,5,0.65,0.2,1000,restricted_50,aggregation,0.8893478561089654,,,0.7942970020334604
5707,1001,13,5,0.65,0.2,1000,restricted_50,aggregation,0.8895029811601043,,,0.7942390369892454
5708,1001,13,5,0.65,0.2,1000,restricted_50,aggregation,0.8895781985252483,,,0.794804264046139
5709,1001,13,5,0.65,0.2,1000,restricted_50,aggregation,0.8889000069466393,,,0.7929545215586883
5710,1001,13,5,0.65,0.2,1000,restricted_50,aggregation,0.8893886404242294,,,0.7943708469077219
5711,1001,13,5,0.65,0.2,1000,restricted_50,aggregation,0.8896837494465432,,,0.7949844296829713
5712,1001,13,5,0.65,0.2,1000,restricted_50,aggregation,0.889419476234856,,,0.7941527216225135
5713,1001,13,5,0.65,0.2,1000,restricted_50,aggregation,0.889184926772525,,,0.7938416606618689
5714,1001,13,5,0.65,0.2,1000,restricted_50,aggregation,0.8897401372838798,,,0.7947699367376451
5715,1001,13,5,0.65,0.2,1000,restricted_50,aggregation,0.8892917688107828,,,0.7940065744363661
5716,1001,13,5,0.65,0.2,1000,restricted_50,aggregation,0.889612070810097,,,0.795483994670453
5717,1001,13,5,0.65,0.2,1000,restricted_50,aggregation,0.889224529061169,,,0.7937540930982598
5718,1001,13,5,0.65,0.2,1000,restricted_50,aggregation,0.8891468197849269,,,0.7935686985545319
5719,1001,13,5,0.65,0.2,1000,restricted_50,aggregation,0.88989241289657,,,0.7952027346341931
5720,1001,13,5,0.65,0.2,1000,restricted_50,aggregation,0.8893467133088754,,,0.7943309917166168
5721,1001,13,5,0.65,0.2,1000,restricted_50,aggregation,0.8895708718139472,,,0.7946888877403461
5722,1001,13,5,0.65,0.2,1000,restricted_50,aggregation,0.8902072271348783,,,0.7953732634726385
5723,1001,13,5,0.65,0.2,1000,restricted_50,aggregation,0.8891074507775741,,,0.7936533664869083
5724,1001,13,5,0.65,0.2,1000,restricted_50,aggregation,0.8892164082741075,,,0.7936295169259753
5725,1001,13,5,0.65,0.2,1000,restricted_50,aggregation,0.8894071363449912,,,0.7941810071410073
5726,1001,13,5,0.65,0.2,1000,restricted_50,aggregation,0.8896119275326423,,,0.7946857897272481
5727,1001,13,5,0.65,0.2,1000,restricted_50,aggregation,0.8895779508868555,,,0.7949705513313846
5728,1001,13,5,0.65,0.2,1000,restricted_50,aggregation,0.8894856783596692,,,0.794195533910534
5729,1001,13,5,0.65,0.2,1000,restricted_50,aggregation,0.8894026005226403,,,0.7941303751880835
5730,1001,13,5,0.65,0.2,1000,restricted_50,aggregation,0.8892982211800259,,,0.7940246809825978
5731,1001,13,5,0.65,0.2,1000,restricted_50,aggregation,0.8895918510708724,,,0.7947834848561933
5732,1001,13,5,0.65,0.2,1000,restricted_50,aggregation,0.8895616584198907,,,0.794772477846228
5733,1001,13,5,0.65,0.2,1000,restricted_50,aggregation,0.8894775650305177,,,0.7943014314774731
5734,1001,13,5,0.65,0.2,1000,restricted_50,aggregation,0.8890378781123276,,,0.7937802072927075
5735,1001,13,5,0.65,0.2,1000,restricted_50,aggregation,0.889409565295714,,,0.7937918778829197
5736,1001,13,5,0.65,0.2,1000,restricted_50,aggregation,0.8893072513187241,,,0.7939823503733922
5737,1001,13,5,0.65,0.2,1000,restricted_50,aggregation,0.8890374143623057,,,0.7930353225940727
5738,1001,13,5,0.65,0.2,1000,restricted_50,aggregation,0.889273140660082,,,0.7940588763397097
5739,1001,13,5,0.65,0.2,1000,restricted_50,aggregation,0.8893302545514532,,,0.7937941270997522
5740,1001,13,5,0.65,0.2,1000,restricted_50,aggregation,0.8892525048293035,,,0.7940042729801065
5741,1001,13,5,0.65,0.2,1000,restricted_50,aggregation,0.8896899421838723,,,0.7949067881809548
5742,1001,13,5,0.65,0.2,1000,restricted_50,aggregation,0.8895020703412844,,,0.7940539673058423
5743,1001,13,5,0.65,0.2,1000,restricted_50,aggregation,0.8892854773782323,,,0.7938654259706344
5744,1001,13,5,0.65,0.2,1000,restricted_50,aggregation,0.8894371805614226,,,0.7940122743074827
5745,1001,13,5,0.65,0.2,1000,restricted_50,aggregation,0.8894473670541209,,,0.7942993521910189
5746,1001,13,5,0.65,0.2,1000,restricted_50,aggregation,0.8890482771936584,,,0.7937755997012248
5747,1001,13,5,0.65,0.2,1000,restricted_50,aggregation,0.8897526175966879,,,0.7952637654012654
5748,1001,13,5,0.65,0.2,1000,restricted_50,aggregation,0.8893334697382081,,,0.7941325287829456
5749,1001,13,5,0.65,0.2,1000,restricted_50,aggregation,0.8891471343932161,,,0.7940315753151171
5750,1001,13,5,0.65,0.2,1000,restricted_50,aggregation,0.8892312155650359,,,0.7938083949615201
5751,1001,13,5,0.65,0.2,1000,restricted_50,aggregation,0.8896382340003164,,,0.7947684900901568
5752,1001,13,5,0.65,0.2,1000,restricted_50,aggregation,0.8892665794324813,,,0.7939398095346012
5753,1001,13,5,0.65,0.2,1000,restricted_50,aggregation,0.8893833170119506,,,0.7942525385879553
5754,1001,13,5,0.65,0.2,1000,restricted_50,aggregation,0.8893251317095007,,,0.7940951661224578
5755,1001,13,5,0.65,0.2,1000,restricted_50,aggregation,0.8891770823464284,,,0.7934700972484307
5756,1001,13,5,0.65,0.2,1000,restricted_50,aggregation,0.8891876931248143,,,0.7938779820179821
5757,1001,13,5,0.65,0.2,1000,restricted_50,aggregation,0.8889972913768479,,,0.7937910222262307
5758,1001,13,5,0.65,0.2,1000,restricted_50,aggregation,0.8891077583174479,,,0.793351432579766
5759,1001,13,5,0.65,0.2,1000,restricted_50,aggregation,0.8894061675561206,,,0.7941858290166625
5760,1001,13,5,0.65,0.2,1000,restricted_50,aggregation,0.8893661777281625,,,0.7935085174856008
5761,1001,13,5,0.65,0.2,1000,restricted_50,aggregation,0.8888875047894728,,,0.7928960683991935
5762,1001,13,5,0.65,0.2,1000,restricted_50,aggregation,0.8895170218632195,,,0.7943219199396283
5763,1001,13,5,0.65,0.2,1000,restricted_50,aggregation,0.889449776443373,,,0.7943751348343016
5764,1001,13,5,0.65,0.2,1000,restricted_50,aggregation,0.8895765158385847,,,0.7945773126025211
5765,1001,13,5,0.65,0.2,1000,restricted_50,aggregation,0.8892208197416421,,,0.794232960658169
5766,1001,13,5,0.65,0.2,1000,restricted_50,aggregation,0.8895267144309413,,,0.7947862474099975
5767,1001,13,5,0.65,0.2,1000,restricted_50,aggregation,0.8897682720955203,,,0.7950348405452573
5768,1001,13,5,0.65,0.2,1000,restricted_50,aggregation,0.8892407816158573,,,0.793803453976579
5769,1001,13,5,0.65,0.2,1000,restricted_50,aggregation,0.8892360808753975,,,0.7938791707675041
5770,1001,13,5,0.65,0.2,1000,restricted_50,aggregation,0.889668945629566,,,0.7947497534410035
5771,1001,13,5,0.65,0.2,1000,restricted_50,aggregation,0.8891875584895325,,,0.7934700880523797
5772,1001,13,5,0.65,0.2,1000,restricted_50,aggregation,0.8894347676078352,,,0.7941407413111581
5773,1001,13,5,0.65,0.2,1000,restricted_50,aggregation,0.8894130548512946,,,0.7946681629327463
5774,1001,13,5,0.65,0.2,1000,restricted_50,aggregation,0.8895822003967524,,,0.7945046256444174
5775,1001,13,5,0.65,0.2,1000,restricted_50,aggregation,0.8893139486413809,,,0.7936298954132287
5776,1001,13,5,0.65,0.2,1000,restricted_50,aggregation,0.8893509258332248,,,0.7944927910592495
5777,1001,13,5,0.65,0.2,1000,restricted_50,aggregation,0.8896270950846407,,,0.7948571418550586
5778,1001,13,5,0.65,0.2,1000,restricted_50,aggregation,0.8896653099185462,,,0.7951784272363439
5779,1001,13,5,0.65,0.2,1000,restricted_50,aggregation,0.8888468328278196,,,0.7932478939733107
5780,1001,13,5,0.65,0.2,1000,restricted_50,aggregation,0.8895935663964875,,,0.7942028022671773
5781,1001,13,5,0.65,0.2,1000,restricted_50,aggregation,0.8892818420027304,,,0.7941794291510959
5782,1001,13,5,0.65,0.2,1000,restricted_50,aggregation,0.8892834351590141,,,0.7934654238585489
5783,1001,13,5,0.65,0.2,1000,restricted_50,aggregation,0.8889277285406313,,,0.79367047343089
5784,1001,13,5,0.65,0.2,1000,restricted_50,aggregation,0.8894361149840392,,,0.794059849240266
5785,1001,13,5,0.65,0.2,1000,restricted_50,aggregation,0.8891839424130638,,,0.7941209674507592
5786,1001,13,5,0.65,0.2,1000,restricted_50,aggregation,0.8886424874097392,,,0.7925485018685019
5787,1001,13,5,0.65,0.2,1000,restricted_50,aggregation,0.8893060193038949,,,0.7942592693648944
5788,1001,13,5,0.65,0.2,1000,restricted_50,aggregation,0.8892785975204021,,,0.7942571885444804
5789,1001,13,5,0.65,0.2,1000,restricted_50,aggregation,0.8891857629874991,,,0.7939244311244311
5790,1001,13,5,0.65,0.2,1000,restricted_50,aggregation,0.8898364399554695,,,0.7949607471309555
5791,1001,13,5,0.65,0.2,1000,restricted_50,aggregation,0.888949778128878,,,0.7930108127597713
5792,1001,13,5,0.65,0.2,1000,restricted_50,aggregation,0.8893381287105271,,,0.7937051865649783
5793,1001,13,5,0.65,0.2,1000,restricted_50,aggregation,0.8894018415508274,,,0.7938712517189601
5794,1001,13,5,0.65,0.2,1000,restricted_50,aggregation,0.8894308312559036,,,0.7940371003071004
5795,1001,13,5,0.65,0.2,1000,restricted_50,aggregation,0.8890827582677566,,,0.793493815682774
5796,1001,13,5,0.65,0.2,1000,restricted_50,aggregation,0.889479060697524,,,0.7938466612631196
5797,1001,13,5,0.65,0.2,1000,restricted_50,aggregation,0.8891538749742346,,,0.793895888632972
5798,1001,13,5,0.65,0.2,1000,restricted_50,aggregation,0.8891679548306959,,,0.7934457748809833
5799,1001,13,5,0.65,0.2,1000,restricted_50,aggregation,0.889229340612736,,,0.7941901533420285
5800,1001,13,5,0.65,0.2,1000,restricted_50,aggregation,0.8892281904058636,,,0.7936142504409172
5801,1001,13,5,0.65,0.2,1000,restricted_50,aggregation,0.889590951724724,,,0.7943954614367116
5802,1001,13,5,0.65,0.2,1000,restricted_50,aggregation,0.889537942694741,,,0.7941741331662165
5803,1001,13,5,0.65,0.2,1000,restricted_50,aggregation,0.8898189224946564,,,0.795351236348528
5804,1001,13,5,0.65,0.2,1000,restricted_50,aggregation,0.8894977123025867,,,0.7943588037656788
5805,1001,13,5,0.65,0.2,1000,restricted_50,aggregation,0.889386582824607,,,0.7943275997459331
5806,1001,13,5,0.65,0.2,1000,restricted_50,aggregation,0.8894101215658148,,,0.7941756050739386
5807,1001,13,5,0.65,0.2,1000,restricted_50,aggregation,0.8895380903856773,,,0.7944802361527362
5808,1001,13,5,0.65,0.2,1000,restricted_50,aggregation,0.8894434285367946,,,0.7939411210625795
5809,1001,13,5,0.65,0.2,1000,restricted_50,aggregation,0.8895309359940439,,,0.794342338548797
5810,1001,13,5,0.65,0.2,1000,restricted_50,aggregation,0.8896966415224994,,,0.7953099937562438
5811,1001,13,5,0.65,0.2,1000,restricted_50,aggregation,0.8891035026202515,,,0.7940528782020448
5812,1001,13,5,0.65,0.2,1000,restricted_50,aggregation,0.8892525921363211,,,0.7939049453786954
5813,1001,13,5,0.65,0.2,1000,restricted_50,aggregation,0.8890716224147179,,,0.7938090736501154
5814,1001,13,5,0.65,0.2,1000,restricted_50,aggregation,0.8895613760246931,,,0.7944775289216957
5815,1001,13,5,0.65,0.2,1000,restricted_50,aggregation,0.8895732040573747,,,0.794703104657688
5816,1001,13,5,0.65,0.2,1000,restricted_50,aggregation,0.8892012609162184,,,0.7936795814370815
5817,1001,13,5,0.65,0.2,1000,restricted_50,aggregation,0.8898392599818942,,,0.795210491237158
5818,1001,13,5,0.65,0.2,1000,restricted_50,aggregation,0.8890257525352397,,,0.7934673493713077
5819,1001,13,5,0.65,0.2,1000,restricted_50,aggregation,0.8896721888229372,,,0.7950689780975198
5820,1001,13,5,0.65,0.2,1000,restricted_50,aggregation,0.8898095761090578,,,0.7951937614931366
5821,1001,13,5,0.65,0.2,1000,restricted_50,aggregation,0.8892941523552914,,,0.7945183094760179
5822,1001,13,5,0.65,0.2,1000,restricted_50,aggregation,0.8890992540944532,,,0.7936744653648821
5823,1001,13,5,0.65,0.2,1000,restricted_50,aggregation,0.8892553306254133,,,0.7939698595463179
5824,1001,13,5,0.65,0.2,1000,restricted_50,aggregation,0.8897375135636424,,,0.7951286400405152
5825,1001,13,5,0.65,0.2,1000,restricted_50,aggregation,0.8892165434970484,,,0.7941722096961681
5826,1001,13,5,0.65,0.2,1000,restricted_50,aggregation,0.8894306505828333,,,0.793943252002627
5827,1001,13,5,0.65,0.2,1000,restricted_50,aggregation,0.889429468441621,,,0.7946754229720897
5828,1001,13,5,0.65,0.2,1000,restricted_50,aggregation,0.8890699131624533,,,0.7935315904003405
5829,1001,13,5,0.65,0.2,1000,restricted_50,aggregation,0.8892030813002142,,,0.7933379611977529
5830,1001,13,5,0.65,0.2,1000,restricted_50,aggregation,0.8887528710440206,,,0.7928103443778445
5831,1001,13,5,0.65,0.2,1000,restricted_50,aggregation,0.8891053158702462,,,0.7934249534339118
5832,1001,13,5,0.65,0.2,1000,restricted_50,aggregation,0.889499903542302,,,0.7946088658409491
5833,1001,13,5,0.65,0.2,1000,restricted_50,aggregation,0.8887886375520416,,,0.7931691940004442
5834,1001,13,5,0.65,0.2,1000,restricted_50,aggregation,0.8892792548149311,,,0.793950309289476
5835,1001,13,5,0.65,0.2,1000,restricted_50,aggregation,0.8890014101244795,,,0.7936241695264612
5836,1001,13,5,0.65,0.2,1000,restricted_50,aggregation,0.8893357290711585,,,0.7946493768268769
5837,1001,13,5,0.65,0.2,1000,restricted_50,aggregation,0.8893954308864528,,,0.7943451069763571
5838,1001,13,5,0.65,0.2,1000,restricted_50,aggregation,0.889712080915318,,,0.7946169858305275
5839,1001,13,5,0.65,0.2,1000,restricted_50,aggregation,0.8893687692407016,,,0.7937220190843108
5840,1001,13,5,0.65,0.2,1000,restricted_50,aggregation,0.8893247917582002,,,0.7943776775770526
5841,1001,13,5,0.65,0.2,1000,restricted_50,aggregation,0.8890402528160989,,,0.7938621082312749
5842,1001,13,5,0.65,0.2,1000,restricted_50,aggregation,0.8896388521402355,,,0.7949363444580112
5843,1001,13,5,0.65,0.2,1000,restricted_50,aggregation,0.8887586097396305,,,0.7933041144503645
5844,1001,13,5,0.65,0.2,1000,restricted_50,aggregation,0.8892614011748194,,,0.793783565493149
5845,1001,13,5,0.65,0.2,1000,restricted_50,aggregation,0.8895208046351488,,,0.7948403804605888
5846,1001,13,5,0.65,0.2,1000,restricted_50,aggregation,0.889082915783834,,,0.7934976404459738
5847,1001,13,5,0.65,0.2,1000,restricted_50,aggregation,0.8894227197065162,,,0.7945415004902505
5848,1001,13,5,0.65,0.2,1000,restricted_50,aggregation,0.8891766362206329,,,0.793996942895068
5849,1001,13,5,0.65,0.2,1000,restricted_50,aggregation,0.8892462829095226,,,0.7940330004640422
5850,1001,13,5,0.65,0.2,1000,restricted_50,aggregation,0.8895537991645576,,,0.7941928286990788
5851,1001,13,5,0.65,0.2,1000,restricted_50,aggregation,0.8892993012358102,,,0.7946769689878025
5852,1001,13,5,0.65,0.2,1000,restricted_50,aggregation,0.8888937558196941,,,0.7928132131371716
5853,1001,13,5,0.65,0.2,1000,restricted_50,aggregation,0.8894329105518842,,,0.7942604601417103
5854,1001,13,5,0.65,0.2,1000,restricted_50,aggregation,0.8890655856194896,,,0.7935806391987642
5855,1001,13,5,0.65,0.2,1000,restricted_50,aggregation,0.8892413360040236,,,0.7939589331656
5856,1001,13,5,0.65,0.2,1000,restricted_50,aggregation,0.8892635290883335,,,0.7942411553261554
5857,1001,13,5,0.65,0.2,1000,restricted_50,aggregation,0.8892953527524017,,,0.7936925251369004
5858,1001,13,5,0.65,0.2,1000,restricted_50,aggregation,0.8895002956153842,,,0.7949581709879627
5859,1001,13,5,0.65,0.2,1000,restricted_50,aggregation,0.8896012327450444,,,0.7946254122960374
5860,1001,13,5,0.65,0.2,1000,restricted_50,aggregation,0.8892504285103705,,,0.7937835176474761
5861,1001,13,5,0.65,0.2,1000,restricted_50,aggregation,0.8895688274135579,,,0.7944717234077652
5862,1001,13,5,0.65,0.2,1000,restricted_50,aggregation,0.8891772030441165,,,0.793617409658243
5863,1001,13,5,0.65,0.2,1000,restricted_50,aggregation,0.8891324355893401,,,0.7938679919386171
5864,1001,13,5,0.65,0.2,1000,restricted_50,aggregation,0.8898834625185725,,,0.7951137375279043
5865,1001,13,5,0.65,0.2,1000,restricted_50,aggregation,0.8892224213266723,,,0.7938406619769119
5866,1001,13,5,0.65,0.2,1000,restricted_50,aggregation,0.8892703845630784,,,0.7934863443886361
5867,1001,13,5,0.65,0.2,1000,restricted_50,aggregation,0.8895778077160372,,,0.7946288237919489
5868,1001,13,5,0.65,0.2,1000,restricted_50,aggregation,0.8891122743241339,,,0.7931654215229216
5869,1001,13,5,0.65,0.2,1000,restricted_50,aggregation,0.8888679014413606,,,0.7931691493306078
5870,1001,13,5,0.65,0.2,1000,restricted_50,aggregation,0.8896207367529644,,,0.7947450902800903
5871,1001,13,5,0.65,0.2,1000,restricted_50,aggregation,0.8893566600035474,,,0.7939059303582222
5872,1001,13,5,0.65,0.2,1000,restricted_50,aggregation,0.8894102321066927,,,0.7948521321733822
5873,1001,13,5,0.65,0.2,1000,restricted_50,aggregation,0.8888966864751191,,,0.793202520496479
5874,1001,13,5,0.65,0.2,1000,restricted_50,aggregation,0.8894891473128445,,,0.7942391762250096
5875,1001,13,5,0.65,0.2,1000,restricted_50,aggregation,0.8892115181611108,,,0.7937593754393756
5876,1001,13,5,0.65,0.2,1000,restricted_50,aggregation,0.889831571181755,,,0.7950182223486392
5877,1001,13,5,0.65,0.2,1000,restricted_50,aggregation,0.8893927237792342,,,0.7942307861428696
5878,1001,13,5,0.65,0.2,1000,restricted_50,aggregation,0.88908726618354,,,0.7935411765780516
5879,1001,13,5,0.65,0.2,1000,restricted_50,aggregation,0.8894810379722988,,,0.7948821068129402
5880,1001,13,5,0.65,0.2,1000,restricted_50,aggregation,0.8896394601710639,,,0.7948589709287626
5881,1001,13,5,0.65,0.2,1000,restricted_50,aggregation,0.8896053889355551,,,0.7944570600772687
5882,1001,13,5,0.65,0.2,1000,restricted_50,aggregation,0.8895892169309825,,,0.7950636617240784
5883,1001,13,5,0.65,0.2,1000,restricted_50,aggregation,0.8891430512674581,,,0.7935667665667666
5884,1001,13,5,0.65,0.2,1000,restricted_50,aggregation,0.8896924090380626,,,0.7944686703265871
5885,1001,13,5,0.65,0.2,1000,restricted_50,aggregation,0.8893323243520739,,,0.7946307992932994
5886,1001,13,5,0.65,0.2,1000,restricted_50,aggregation,0.8894645373461986,,,0.7945535036953788
5887,1001,13,5,0.65,0.2,1000,restricted_50,aggregation,0.8896678909794434,,,0.7945707161048827
5888,1001,13,5,0.65,0.2,1000,restricted_50,aggregation,0.8893752085196903,,,0.7943539948092031
5889,1001,13,5,0.65,0.2,1000,restricted_50,aggregation,0.8891141367310256,,,0.7939971509971511
5890,1001,13,5,0.65,0.2,1000,restricted_50,aggregation,0.8892299994991314,,,0.7934223426110927
5891,1001,13,5,0.65,0.2,1000,restricted_50,aggregation,0.8898463381632606,,,0.795335121938247
5892,1001,13,5,0.65,0.2,1000,restricted_50,aggregation,0.8896175489639199,,,0.7948632057294558
5893,1001,13,5,0.65,0.2,1000,restricted_50,aggregation,0.8894379582225177,,,0.7939386216021633
5894,1001,13,5,0.65,0.2,1000,restricted_50,aggregation,0.8894716461523845,,,0.7944099461341129
5895,1001,13,5,0.65,0.2,1000,restricted_50,aggregation,0.8892905257293331,,,0.7938334261803012
5896,1001,13,5,0.65,0.2,1000,restricted_50,aggregation,0.8895835931205632,,,0.7954037807100308
5897,1001,13,5,0.65,0.2,1000,restricted_50,aggregation,0.8896750897348353,,,0.7947765089077591
5898,1001,13,5,0.65,0.2,1000,restricted_50,aggregation,0.8890872809172663,,,0.7932371391571392
5899,1001,13,5,0.65,0.2,1000,restricted_50,aggregation,0.8893682438531805,,,0.7942262488745823
5900,1001,13,5,0.65,0.2,1000,restricted_50,aggregation,0.8894574406783256,,,0.7944305939045523
5901,1001,13,5,0.65,0.2,1000,restricted_50,aggregation,0.8890491026143343,,,0.7933930922549673
5902,1001,13,5,0.65,0.2,1000,restricted_50,aggregation,0.889281627640713,,,0.7938238395477979
5903,1001,13,5,0.65,0.2,1000,restricted_50,aggregation,0.8893681655197121,,,0.7939623221146139
5904,1001,13,5,0.65,0.2,1000,restricted_50,aggregation,0.8893199771027187,,,0.7942524165340832
5905,1001,13,5,0.65,0.2,1000,restricted_50,aggregation,0.8896083293113696,,,0.7950408963027713
5906,1001,13,5,0.65,0.2,1000,restricted_50,aggregation,0.8894155032091317,,,0.7942699869729036
5907,1001,13,5,0.65,0.2,1000,restricted_50,aggregation,0.8896672552753095,,,0.7948546237404572
5908,1001,13,5,0.65,0.2,1000,restricted_50,aggregation,0.8896664841879156,,,0.7948024129265797
5909,1001,13,5,0.65,0.2,1000,restricted_50,aggregation,0.8891850243799269,,,0.7937279814629815
5910,1001,13,5,0.65,0.2,1000,restricted_50,aggregation,0.889632307025296,,,0.7946102954298788
5911,1001,13,5,0.65,0.2,1000,restricted_50,aggregation,0.8888517218898743,,,0.793062060678519
5912,1001,13,5,0.65,0.2,1000,restricted_50,aggregation,0.8886426432839177,,,0.7927201531724448
5913,1001,13,5,0.65,0.2,1000,restricted_50,aggregation,0.8894158324718289,,,0.7946295335837004
5914,1001,13,5,0.65,0.2,1000,restricted_50,aggregation,0.8894108358148827,,,0.7941372404986989
5915,1001,13,5,0.65,0.2,1000,restricted_50,aggregation,0.8897206920996041,,,0.7950498728740396
5916,1001,13,5,0.65,0.2,1000,restricted_50,aggregation,0.8888969375689718,,,0.7941230408403327
5917,1001,13,5,0.65,0.2,1000,restricted_50,aggregation,0.8891011919352367,,,0.7939392832322
5918,1001,13,5,0.65,0.2,1000,restricted_50,aggregation,0.8896783861290495,,,0.7954018816522984
5919,1001,13,5,0.65,0.2,1000,restricted_50,aggregation,0.8893423215365494,,,0.793895967851593
5920,1001,13,5,0.65,0.2,1000,restricted_50,aggregation,0.889680324969824,,,0.7945703390051307
5921,1001,13,5,0.65,0.2,1000,restricted_50,aggregation,0.8896973934496747,,,0.7954084748893083
5922,1001,13,5,0.65,0.2,1000,restricted_50,aggregation,0.889596321452523,,,0.7946490014383766
5923,1001,13,5,0.65,0.2,1000,restricted_50,aggregation,0.8893486110389329,,,0.794093342275009
5924,1001,13,5,0.65,0.2,1000,restricted_50,aggregation,0.8895173253686436,,,0.7945393226911976
5925,1001,13,5,0.65,0.2,1000,restricted_50,aggregation,0.8894512306273975,,,0.7941852090579173
5926,1001,13,5,0.65,0.2,1000,restricted_50,aggregation,0.8895124849374252,,,0.7942299961458296
5927,1001,13,5,0.65,0.2,1000,restricted_50,aggregation,0.8893787537895051,,,0.7938435910925494
5928,1001,13,5,0.65,0.2,1000,restricted_50,aggregation,0.8895067050889744,,,0.7943649712633046
5929,1001,13,5,0.65,0.2,1000,restricted_50,aggregation,0.8890632700857396,,,0.7935524137513721
5930,1001,13,5,0.65,0.2,1000,restricted_50,aggregation,0.8888028812414726,,,0.7930400023972941
5931,1001,13,5,0.65,0.2,1000,restricted_50,aggregation,0.8892650280965019,,,0.7935896947496948
5932,1001,13,5,0.65,0.2,1000,restricted_50,aggregation,0.8892955011839435,,,0.7940692921430421
5933,1001,13,5,0.65,0.2,1000,restricted_50,aggregation,0.8892430666915543,,,0.7937211105792357
5934,1001,13,5,0.65,0.2,1000,restricted_50,aggregation,0.8893507163262102,,,0.793955157558491
5935,1001,13,5,0.65,0.2,1000,restricted_50,aggregation,0.8893333058428329,,,0.794336627932253
5936,1001,13,5,0.65,0.2,1000,restricted_50,aggregation,0.8896402430074086,,,0.7944560685148185
5937,1001,13,5,0.65,0.2,1000,restricted_50,aggregation,0.889500239300806,,,0.7938943963212715
5938,1001,13,5,0.65,0.2,1000,restricted_50,aggregation,0.889273520450286,,,0.7937842095790013
5939,1001,13,5,0.65,0.2,1000,restricted_50,aggregation,0.8894259286220512,,,0.7945409813797315
5940,1001,13,5,0.65,0.2,1000,restricted_50,aggregation,0.8895577524885554,,,0.7946232794443212
5941,1001,13,5,0.65,0.2,1000,restricted_50,aggregation,0.889148263026781,,,0.7937537395474896
5942,1001,13,5,0.65,0.2,1000,restricted_50,aggregation,0.8893072976818563,,,0.7939489914946165
5943,1001,13,5,0.65,0.2,1000,restricted_50,aggregation,0.8893821529486687,,,0.7935928939810191
5944,1001,13,5,0.65,0.2,1000,restricted_50,aggregation,0.8895202440767762,,,0.7946228080175999
5945,1001,13,5,0.65,0.2,1000,restricted_50,aggregation,0.889095199498383,,,0.7939067852055353
5946,1001,13,5,0.65,0.2,1000,restricted_50,aggregation,0.8891773871722092,,,0.7941159664178415
5947,1001,13,5,0.65,0.2,1000,restricted_50,aggregation,0.8894023554241195,,,0.7941555848857933
5948,1001,13,5,0.65,0.2,1000,restricted_50,aggregation,0.8894622905939163,,,0.7949044318335986
5949,1001,13,5,0.65,0.2,1000,restricted_50,aggregation,0.8895326325496885,,,0.7945549321588906
5950,1001,13,5,0.65,0.2,1000,restricted_50,aggregation,0.8888342392300579,,,0.7936287181260099
5951,1001,13,5,0.65,0.2,1000,restricted_50,aggregation,0.8893158345740495,,,0.7941540437880023
5952,1001,13,5,0.65,0.2,1000,restricted_50,aggregation,0.888962619709767,,,0.7935203498893083
5953,1001,13,5,0.65,0.2,1000,restricted_50,aggregation,0.8891940788211662,,,0.7939796389875556
5954,1001,13,5,0.65,0.2,1000,restricted_50,aggregation,0.8890086419475184,,,0.7930921232702484
5955,1001,13,5,0.65,0.2,1000,restricted_50,aggregation,0.8894748994640591,,,0.7942850557698476
5956,1001,13,5,0.65,0.2,1000,restricted_50,aggregation,0.8894897512227302,,,0.794794704585538
5957,1001,13,5,0.65,0.2,1000,restricted_50,aggregation,0.8895751611875846,,,0.7941809194663362
5958,1001,13,5,0.65,0.2,1000,restricted_50,aggregation,0.8893221502705984,,,0.7943023498415166
5959,1001,13,5,0.65,0.2,1000,restricted_50,aggregation,0.888809182195236,,,0.7926662504856256
5960,1001,13,5,0.65,0.2,1000,restricted_50,aggregation,0.8894798674996383,,,0.794413257830133
5961,1001,13,5,0.65,0.2,1000,restricted_50,aggregation,0.8896564046064994,,,0.7949038544403129
5962,1001,13,5,0.65,0.2,1000,restricted_50,aggregation,0.8889846724317724,,,0.7935427629931797
5963,1001,13,5,0.65,0.2,1000,restricted_50,aggregation,0.8893483516637557,,,0.7938126519468187
5964,1001,13,5,0.65,0.2,1000,restricted_50,aggregation,0.8897476933732631,,,0.7949657293478127
5965,1001,13,5,0.65,0.2,1000,restricted_50,aggregation,0.8891112875603563,,,0.7937150611965196
5966,1001,13,5,0.65,0.2,1000,restricted_50,aggregation,0.8897609472504234,,,0.7949131356452191
5967,1001,13,5,0.65,0.2,1000,restricted_50,aggregation,0.8892500574106941,,,0.794340421237713
5968,1001,13,5,0.65,0.2,1000,restricted_50,aggregation,0.8893187058726236,,,0.7944869492236161
5969,1001,13,5,0.65,0.2,1000,restricted_50,aggregation,0.8891671793220238,,,0.7938943460166378
5970,1001,13,5,0.65,0.2,1000,restricted_50,aggregation,0.8892314429840695,,,0.7939490860528361
5971,1001,13,5,0.65,0.2,1000,restricted_50,aggregation,0.8898693730453374,,,0.7948206977127811
5972,1001,13,5,0.65,0.2,1000,restricted_50,aggregation,0.8891194211956409,,,0.7932515417221668
5973,1001,13,5,0.65,0.2,1000,restricted_50,aggregation,0.889180719454996,,,0.793995207215624
5974,1001,13,5,0.65,0.2,1000,restricted_50,aggregation,0.889073473257884,,,0.7939777287681454
5975,1001,13,5,0.65,0.2,1000,restricted_50,aggregation,0.8892107501625507,,,0.793777162929663
5976,1001,13,5,0.65,0.2,1000,restricted_50,aggregation,0.8893092972814834,,,0.7937193694577028
5977,1001,13,5,0.65,0.2,1000,restricted_50,aggregation,0.889067969508833,,,0.7939292870092871
5978,1001,13,5,0.65,0.2,1000,restricted_50,aggregation,0.8889353159715333,,,0.7934425682034016
5979,1001,13,5,0.65,0.2,1000,restricted_50,aggregation,0.8894006813773842,,,0.7941040767951185
5980,1001,13,5,0.65,0.2,1000,restricted_50,aggregation,0.8891928670121275,,,0.7941757860041194
5981,1001,13,5,0.65,0.2,1000,restricted_50,aggregation,0.8896306110682334,,,0.7945966024484774
5982,1001,13,5,0.65,0.2,1000,restricted_50,aggregation,0.889615891928443,,,0.7945116419074753
5983,1001,13,5,0.65,0.2,1000,restricted_50,aggregation,0.8892575683309332,,,0.793711196588905
5984,1001,13,5,0.65,0.2,1000,restricted_50,aggregation,0.8896656945065884,,,0.7950941182891184
5985,1001,13,5,0.65,0.2,1000,restricted_50,aggregation,0.8895998773666427,,,0.7954326022280189
5986,1001,13,5,0.65,0.2,1000,restricted_50,aggregation,0.8895019855096404,,,0.7941515252802753
5987,1001,13,5,0.65,0.2,1000,restricted_50,aggregation,0.8892704559121334,,,0.7938337554497972
5988,1001,13,5,0.65,0.2,1000,restricted_50,aggregation,0.8896972232541696,,,0.7946313989559823
5989,1001,13,5,0.65,0.2,1000,restricted_50,aggregation,0.8894882698538424,,,0.7941380442551276
5990,1001,13,5,0.65,0.2,1000,restricted_50,aggregation,0.8894663149837903,,,0.7941502645348479
5991,1001,13,5,0.65,0.2,1000,restricted_50,aggregation,0.8894931688417634,,,0.7942209621551289
5992,1001,13,5,0.65,0.2,1000,restricted_50,aggregation,0.88892838912177,,,0.7932736356930108
5993,1001,13,5,0.65,0.2,1000,restricted_50,aggregation,0.8894065348063691,,,0.7943343169176503
5994,1001,13,5,0.65,0.2,1000,restricted_50,aggregation,0.8888831613293208,,,0.7929734059844477
5995,1001,13,5,0.65,0.2,1000,restricted_50,aggregation,0.8893280815405732,,,0.7940698187229438
5996,1001,13,5,0.65,0.2,1000,restricted_50,aggregation,0.8893298704363499,,,0.7939307008809092
5997,1001,13,5,0.65,0.2,1000,restricted_50,aggregation,0.8893503563782238,,,0.7944023923761424
5998,1001,13,5,0.65,0.2,1000,restricted_50,aggregation,0.8894742946029486,,,0.7938614514806183
5999,1001,13,5,0.65,0.2,1000,restricted_50,aggregation,0.8896475621886867,,,0.7945372450928702
6000,1001,13,5,0.65,0.2,1000,restricted_60,aggregation,0.890962739544523,,,0.7994557499984585
6001,1001,13,5,0.65,0.2,1000,restricted_60,aggregation,0.8909339565284062,,,0.8000070252895254
6002,1001,13,5,0.65,0.2,1000,restricted_60,aggregation,0.8906071496374521,,,0.7992302856094523
6003,1001,13,5,0.65,0.2,1000,restricted_60,aggregation,0.8911053255869568,,,0.8000697167338834
6004,1001,13,5,0.65,0.2,1000,restricted_60,aggregation,0.8907442236195432,,,0.79920720327512
6005,1001,13,5,0.65,0.2,1000,restricted_60,aggregation,0.8909381010755824,,,0.7999180457120041
6006,1001,13,5,0.65,0.2,1000,restricted_60,aggregation,0.8908398661732203,,,0.7998547190386773
6007,1001,13,5,0.65,0.2,1000,restricted_60,aggregation,0.8904639841428751,,,0.7989246331292166
6008,1001,13,5,0.65,0.2,1000,restricted_60,aggregation,0.8910881537625434,,,0.8009332296407298
6009,1001,13,5,0.65,0.2,1000,restricted_60,aggregation,0.8909551758205596,,,0.8006195726341561
6010,1001,13,5,0.65,0.2,1000,restricted_60,aggregation,0.8908738898258003,,,0.8001737828760747
6011,1001,13,5,0.65,0.2,1000,restricted_60,aggregation,0.8908010557072152,,,0.7995907885864136
6012,1001,13,5,0.65,0.2,1000,restricted_60,aggregation,0.8909708897464929,,,0.8001032002334088
6013,1001,13,5,0.65,0.2,1000,restricted_60,aggregation,0.8910213822449733,,,0.8006955995008078
6014,1001,13,5,0.65,0.2,1000,restricted_60,aggregation,0.8910852237602076,,,0.800209185074185
6015,1001,13,5,0.65,0.2,1000,restricted_60,aggregation,0.8909649637350542,,,0.8005003014269682
6016,1001,13,5,0.65,0.2,1000,restricted_60,aggregation,0.8907636605108871,,,0.799432944270236
6017,1001,13,5,0.65,0.2,1000,restricted_60,aggregation,0.8912104494002963,,,0.8009747520997521
6018,1001,13,5,0.65,0.2,1000,restricted_60,aggregation,0.8909210226042874,,,0.7998795061805479
6019,1001,13,5,0.65,0.2,1000,restricted_60,aggregation,0.8908949484640237,,,0.800511964570923
6020,1001,13,5,0.65,0.2,1000,restricted_60,aggregation,0.8907212466302777,,,0.799513684201601
6021,1001,13,5,0.65,0.2,1000,restricted_60,aggregation,0.8906708741047925,,,0.7994799444382779
6022,1001,13,5,0.65,0.2,1000,restricted_60,aggregation,0.8907847763967783,,,0.7996155684670269
6023,1001,13,5,0.65,0.2,1000,restricted_60,aggregation,0.8910614101131599,,,0.8005910214553964
6024,1001,13,5,0.65,0.2,1000,restricted_60,aggregation,0.8910541501599912,,,0.8006336111573613
6025,1001,13,5,0.65,0.2,1000,restricted_60,aggregation,0.8909585216554408,,,0.800115318940319
6026,1001,13,5,0.65,0.2,1000,restricted_60,aggregation,0.8908550493084164,,,0.7996547723418558
6027,1001,13,5,0.65,0.2,1000,restricted_60,aggregation,0.8908932033771498,,,0.8003093415380916
6028,1001,13,5,0.65,0.2,1000,restricted_60,aggregation,0.8907197412608912,,,0.7997323656667408
6029,1001,13,5,0.65,0.2,1000,restricted_60,aggregation,0.8910083236018033,,,0.8005829666244251
6030,1001,13,5,0.65,0.2,1000,restricted_60,aggregation,0.8908471472477765,,,0.8004693209722377
6031,1001,13,5,0.65,0.2,1000,restricted_60,aggregation,0.8910030615807403,,,0.8007871963838631
6032,1001,13,5,0.65,0.2,1000,restricted_60,aggregation,0.8909524110199217,,,0.8004132936585021
6033,1001,13,5,0.65,0.2,1000,restricted_60,aggregation,0.890732773277067,,,0.7997349511445345
6034,1001,13,5,0.65,0.2,1000,restricted_60,aggregation,0.8907310831957129,,,0.7996462623333457
6035,1001,13,5,0.65,0.2,1000,restricted_60,aggregation,0.890779285211219,,,0.7993468820916738
6036,1001,13,5,0.65,0.2,1000,restricted_60,aggregation,0.8906888392131858,,,0.7993132232813484
6037,1001,13,5,0.65,0.2,1000,restricted_60,aggregation,0.8908464165971031,,,0.7996892585346753
6038,1001,13,5,0.65,0.2,1000,restricted_60,aggregation,0.8909210384339865,,,0.7998303127273962
6039,1001,13,5,0.65,0.2,1000,restricted_60,aggregation,0.8906658273433525,,,0.798759824604408
6040,1001,13,5,0.65,0.2,1000,restricted_60,aggregation,0.8907903094784496,,,0.7990408897969314
6041,1001,13,5,0.65,0.2,1000,restricted_60,aggregation,0.8908414609352873,,,0.7994388498923916
6042,1001,13,5,0.65,0.2,1000,restricted_60,aggregation,0.8908431505445924,,,0.7997791616022866
6043,1001,13,5,0.65,0.2,1000,restricted_60,aggregation,0.8907240477282821,,,0.8001689721620974
6044,1001,13,5,0.65,0.2,1000,restricted_60,aggregation,0.8909636161232297,,,0.8001603297859549
6045,1001,13,5,0.65,0.2,1000,restricted_60,aggregation,0.8906726599900179,,,0.7990478937806023
6046,1001,13,5,0.65,0.2,1000,restricted_60,aggregation,0.8908155424859161,,,0.7991954496198246
6047,1001,13,5,0.65,0.2,1000,restricted_60,aggregation,0.8905875201438757,,,0.7994571351873435
6048,1001,13,5,0.65,0.2,1000,restricted_60,aggregation,0.890859174842476,,,0.8005441375368461
6049,1001,13,5,0.65,0.2,1000,restricted_60,aggregation,0.8907918291107353,,,0.8001666732650067
6050,1001,13,5,0.65,0.2,1000,restricted_60,aggregation,0.8907732317216263,,,0.7997169465873634
6051,1001,13,5,0.65,0.2,1000,restricted_60,aggregation,0.8909220595265211,,,0.7991553357213773
6052,1001,13,5,0.65,0.2,1000,restricted_60,aggregation,0.8909649314445468,,,0.8001335268126936
6053,1001,13,5,0.65,0.2,1000,restricted_60,aggregation,0.8907866889309586,,,0.7995668370903789
6054,1001,13,5,0.65,0.2,1000,restricted_60,aggregation,0.8906460487231267,,,0.7994044021950274
6055,1001,13,5,0.65,0.2,1000,restricted_60,aggregation,0.890956637946572,,,0.7998072770131105
6056,1001,13,5,0.65,0.2,1000,restricted_60,aggregation,0.8910351060393467,,,0.8002963699803283
6057,1001,13,5,0.65,0.2,1000,restricted_60,aggregation,0.8910348979039087,,,0.7998930759903676
6058,1001,13,5,0.65,0.2,1000,restricted_60,aggregation,0.8906043691643694,,,0.798954680335097
6059,1001,13,5,0.65,0.2,1000,restricted_60,aggregation,0.890741669752194,,,0.7999271939711524
6060,1001,13,5,0.65,0.2,1000,restricted_60,aggregation,0.8911916974788416,,,0.8011801016884351
6061,1001,13,5,0.65,0.2,1000,restricted_60,aggregation,0.8910239803501091,,,0.7998900405381656
6062,1001,13,5,0.65,0.2,1000,restricted_60,aggregation,0.8907662524833301,,,0.7999318590591509
6063,1001,13,5,0.65,0.2,1000,restricted_60,aggregation,0.8908778034969561,,,0.799871078535662
6064,1001,13,5,0.65,0.2,1000,restricted_60,aggregation,0.8908330920929635,,,0.7999485949544284
6065,1001,13,5,0.65,0.2,1000,restricted_60,aggregation,0.8908051019793161,,,0.7998769681630099
6066,1001,13,5,0.65,0.2,1000,restricted_60,aggregation,0.891047818130219,,,0.799611814512648
6067,1001,13,5,0.65,0.2,1000,restricted_60,aggregation,0.8907442998412861,,,0.7992377079016663
6068,1001,13,5,0.65,0.2,1000,restricted_60,aggregation,0.8911091751355761,,,0.8006031925867343
6069,1001,13,5,0.65,0.2,1000,restricted_60,aggregation,0.8908512516040038,,,0.8002091344380928
6070,1001,13,5,0.65,0.2,1000,restricted_60,aggregation,0.8909467770024672,,,0.8002151422034757
6071,1001,13,5,0.65,0.2,1000,restricted_60,aggregation,0.8906379752615325,,,0.7995719311167228
6072,1001,13,5,0.65,0.2,1000,restricted_60,aggregation,0.8908701389157517,,,0.7996098315033732
6073,1001,13,5,0.65,0.2,1000,restricted_60,aggregation,0.8908175501891585,,,0.7997841596983265
6074,1001,13,5,0.65,0.2,1000,restricted_60,aggregation,0.891001256510198,,,0.8005258909763077
6075,1001,13,5,0.65,0.2,1000,restricted_60,aggregation,0.8909418603651366,,,0.8001967757165674
6076,1001,13,5,0.65,0.2,1000,restricted_60,aggregation,0.8911368938377005,,,0.800690753605962
6077,1001,13,5,0.65,0.2,1000,restricted_60,aggregation,0.8908826944490515,,,0.8003097387103638
6078,1001,13,5,0.65,0.2,1000,restricted_60,aggregation,0.8910121450571574,,,0.800491627207669
6079,1001,13,5,0.65,0.2,1000,restricted_60,aggregation,0.8907479764337627,,,0.7991499771756022
6080,1001,13,5,0.65,0.2,1000,restricted_60,aggregation,0.8908923248106085,,,0.8002333568052319
6081,1001,13,5,0.65,0.2,1000,restricted_60,aggregation,0.8910714693994845,,,0.7998512053918304
6082,1001,13,5,0.65,0.2,1000,restricted_60,aggregation,0.890819801613573,,,0.7997341598679101
6083,1001,13,5,0.65,0.2,1000,restricted_60,aggregation,0.8910008887158427,,,0.8002058961486045
6084,1001,13,5,0.65,0.2,1000,restricted_60,aggregation,0.890877099817168,,,0.7997749640405891
6085,1001,13,5,0.65,0.2,1000,restricted_60,aggregation,0.8908001661351883,,,0.8001374542124543
6086,1001,13,5,0.65,0.2,1000,restricted_60,aggregation,0.8909049339092813,,,0.8001503462509713
6087,1001,13,5,0.65,0.2,1000,restricted_60,aggregation,0.891011137860996,,,0.8000425478456729
6088,1001,13,5,0.65,0.2,1000,restricted_60,aggregation,0.8907231258934879,,,0.7996287886881637
6089,1001,13,5,0.65,0.2,1000,restricted_60,aggregation,0.8907678356630196,,,0.7994315240700658
6090,1001,13,5,0.65,0.2,1000,restricted_60,aggregation,0.8909404682504098,,,0.7999081095216513
6091,1001,13,5,0.65,0.2,1000,restricted_60,aggregation,0.8908697385285612,,,0.8002677785563204
6092,1001,13,5,0.65,0.2,1000,restricted_60,aggregation,0.8907301932465029,,,0.7993962440954108
6093,1001,13,5,0.65,0.2,1000,restricted_60,aggregation,0.890886169616022,,,0.7997022877045795
6094,1001,13,5,0.65,0.2,1000,restricted_60,aggregation,0.8908585652396299,,,0.7994826635016219
6095,1001,13,5,0.65,0.2,1000,restricted_60,aggregation,0.8909848387093915,,,0.8006136126373629
6096,1001,13,5,0.65,0.2,1000,restricted_60,aggregation,0.8909722123032455,,,0.7998095081076332
6097,1001,13,5,0.65,0.2,1000,restricted_60,aggregation,0.8904981129068034,,,0.7986963008904676
6098,1001,13,5,0.65,0.2,1000,restricted_60,aggregation,0.8909325270207795,,,0.7998048987201071
6099,1001,13,5,0.65,0.2,1000,restricted_60,aggregation,0.8907648949300354,,,0.7997179161810413
6100,1001,13,5,0.65,0.2,1000,restricted_60,aggregation,0.8909304434878549,,,0.8001901712176713
6101,1001,13,5,0.65,0.2,1000,restricted_60,aggregation,0.8911984357306739,,,0.8011436445730197
6102,1001,13,5,0.65,0.2,1000,restricted_60,aggregation,0.8908671192035982,,,0.7995356290700041
6103,1001,13,5,0.65,0.2,1000,restricted_60,aggregation,0.8907483698167331,,,0.8004590063331731
6104,1001,13,5,0.65,0.2,1000,restricted_60,aggregation,0.8907963385897959,,,0.8000068098028514
6105,1001,13,5,0.65,0.2,1000,restricted_60,aggregation,0.8908452301223244,,,0.7994721621434122
6106,1001,13,5,0.65,0.2,1000,restricted_60,aggregation,0.8908149400361025,,,0.7993810417745835
6107,1001,13,5,0.65,0.2,1000,restricted_60,aggregation,0.8908527481810727,,,0.8003236476717728
6108,1001,13,5,0.65,0.2,1000,restricted_60,aggregation,0.8910541646611887,,,0.7999296879432297
6109,1001,13,5,0.65,0.2,1000,restricted_60,aggregation,0.8909668077159042,,,0.7998017428482013
6110,1001,13,5,0.65,0.2,1000,restricted_60,aggregation,0.8910849758450674,,,0.8009525843600844
6111,1001,13,5,0.65,0.2,1000,restricted_60,aggregation,0.8908196346347086,,,0.8000047312949398
6112,1001,13,5,0.65,0.2,1000,restricted_60,aggregation,0.8910086204081787,,,0.8007371811213478
6113,1001,13,5,0.65,0.2,1000,restricted_60,aggregation,0.8907597168082053,,,0.7997764146424564
6114,1001,13,5,0.65,0.2,1000,restricted_60,aggregation,0.890678918622642,,,0.8000812844794095
6115,1001,13,5,0.65,0.2,1000,restricted_60,aggregation,0.891155199116818,,,0.8007775154629322
6116,1001,13,5,0.65,0.2,1000,restricted_60,aggregation,0.891079610227862,,,0.8006081243524994
6117,1001,13,5,0.65,0.2,1000,restricted_60,aggregation,0.8909798066557392,,,0.7997383786044203
6118,1001,13,5,0.65,0.2,1000,restricted_60,aggregation,0.8909234042293308,,,0.799340747639706
6119,1001,13,5,0.65,0.2,1000,restricted_60,aggregation,0.8909188159217735,,,0.7993933076183076
6120,1001,13,5,0.65,0.2,1000,restricted_60,aggregation,0.8910217005254634,,,0.8002456580225332
6121,1001,13,5,0.65,0.2,1000,restricted_60,aggregation,0.8909831696795839,,,0.8001700566100566
6122,1001,13,5,0.65,0.2,1000,restricted_60,aggregation,0.8909750299968547,,,0.8000598361437945
6123,1001,13,5,0.65,0.2,1000,restricted_60,aggregation,0.890922055358187,,,0.8001934967809969
6124,1001,13,5,0.65,0.2,1000,restricted_60,aggregation,0.8908926603952338,,,0.7998401001544752
6125,1001,13,5,0.65,0.2,1000,restricted_60,aggregation,0.8909442908817551,,,0.7998709633499218
6126,1001,13,5,0.65,0.2,1000,restricted_60,aggregation,0.890881513152048,,,0.8002123906340572
6127,1001,13,5,0.65,0.2,1000,restricted_60,aggregation,0.8907973663714337,,,0.7991198255525338
6128,1001,13,5,0.65,0.2,1000,restricted_60,aggregation,0.8907252559282353,,,0.799875035211702
6129,1001,13,5,0.65,0.2,1000,restricted_60,aggregation,0.8904425886753873,,,0.7984557946143362
6130,1001,13,5,0.65,0.2,1000,restricted_60,aggregation,0.8908453992783063,,,0.79941375
6131,1001,13,5,0.65,0.2,1000,restricted_60,aggregation,0.8908301915576838,,,0.7999797047165799
6132,1001,13,5,0.65,0.2,1000,restricted_60,aggregation,0.8907576333463633,,,0.7998507243142661
6133,1001,13,5,0.65,0.2,1000,restricted_60,aggregation,0.8906887765742574,,,0.7989277278893946
6134,1001,13,5,0.65,0.2,1000,restricted_60,aggregation,0.8905017155745031,,,0.7992702422500341
6135,1001,13,5,0.65,0.2,1000,restricted_60,aggregation,0.8905775477054602,,,0.7994144563307065
6136,1001,13,5,0.65,0.2,1000,restricted_60,aggregation,0.8909461546036326,,,0.7997659448499033
6137,1001,13,5,0.65,0.2,1000,restricted_60,aggregation,0.891183374532636,,,0.8007519187525438
6138,1001,13,5,0.65,0.2,1000,restricted_60,aggregation,0.8909469708635533,,,0.7999066351935102
6139,1001,13,5,0.65,0.2,1000,restricted_60,aggregation,0.8909505805883974,,,0.7997123511056845
6140,1001,13,5,0.65,0.2,1000,restricted_60,aggregation,0.8909147593231203,,,0.8005599815231066
6141,1001,13,5,0.65,0.2,1000,restricted_60,aggregation,0.8907687700786868,,,0.7994319408677742
6142,1001,13,5,0.65,0.2,1000,restricted_60,aggregation,0.8908553594692863,,,0.800062931682515
6143,1001,13,5,0.65,0.2,1000,restricted_60,aggregation,0.8907279273668929,,,0.7993602833971585
6144,1001,13,5,0.65,0.2,1000,restricted_60,aggregation,0.8907366445588298,,,0.7998674863408197
6145,1001,13,5,0.65,0.2,1000,restricted_60,aggregation,0.891091493425147,,,0.8001906269270853
6146,1001,13,5,0.65,0.2,1000,restricted_60,aggregation,0.890918559812424,,,0.8001012973369224
6147,1001,13,5,0.65,0.2,1000,restricted_60,aggregation,0.8907684378670093,,,0.8005665439267523
6148,1001,13,5,0.65,0.2,1000,restricted_60,aggregation,0.8905583927125097,,,0.7988688842484677
6149,1001,13,5,0.65,0.2,1000,restricted_60,aggregation,0.8907451799736511,,,0.7993838222271556
6150,1001,13,5,0.65,0.2,1000,restricted_60,aggregation,0.8906059372600601,,,0.7999456613756615
6151,1001,13,5,0.65,0.2,1000,restricted_60,aggregation,0.8906476388980233,,,0.7993213328954996
6152,1001,13,5,0.65,0.2,1000,restricted_60,aggregation,0.8908965499613178,,,0.8001390867234618
6153,1001,13,5,0.65,0.2,1000,restricted_60,aggregation,0.8909067993043122,,,0.7992495667681085
6154,1001,13,5,0.65,0.2,1000,restricted_60,aggregation,0.8907670086377522,,,0.8001181478937729
6155,1001,13,5,0.65,0.2,1000,restricted_60,aggregation,0.8909620233242569,,,0.800322290903541
6156,1001,13,5,0.65,0.2,1000,restricted_60,aggregation,0.8908379040598103,,,0.7996354674646341
6157,1001,13,5,0.65,0.2,1000,restricted_60,aggregation,0.8907880073873297,,,0.7993472084474168
6158,1001,13,5,0.65,0.2,1000,restricted_60,aggregation,0.8910268637280051,,,0.8003468789235456
6159,1001,13,5,0.65,0.2,1000,restricted_60,aggregation,0.8910761252245445,,,0.8004775598706849
6160,1001,13,5,0.65,0.2,1000,restricted_60,aggregation,0.8907746183970037,,,0.7990507163977998
6161,1001,13,5,0.65,0.2,1000,restricted_60,aggregation,0.890903051017464,,,0.7994509880628631
6162,1001,13,5,0.65,0.2,1000,restricted_60,aggregation,0.8912208297168424,,,0.8008162393779061
6163,1001,13,5,0.65,0.2,1000,restricted_60,aggregation,0.890760126594455,,,0.7996696378698464
6164,1001,13,5,0.65,0.2,1000,restricted_60,aggregation,0.8909871683861386,,,0.8006420703447787
6165,1001,13,5,0.65,0.2,1000,restricted_60,aggregation,0.8910614239542174,,,0.8005380492963827
6166,1001,13,5,0.65,0.2,1000,restricted_60,aggregation,0.8910058006240605,,,0.8004375344023261
6167,1001,13,5,0.65,0.2,1000,restricted_60,aggregation,0.8907171130867044,,,0.7997994108592026
6168,1001,13,5,0.65,0.2,1000,restricted_60,aggregation,0.8908320217420476,,,0.7998667046148297
6169,1001,13,5,0.65,0.2,1000,restricted_60,aggregation,0.8908678428889424,,,0.7996328982822732
6170,1001,13,5,0.65,0.2,1000,restricted_60,aggregation,0.8909227990980451,,,0.7996925995069747
6171,1001,13,5,0.65,0.2,1000,restricted_60,aggregation,0.8908598965043988,,,0.7993407027309111
6172,1001,13,5,0.65,0.2,1000,restricted_60,aggregation,0.8910032698175838,,,0.800042933532517
6173,1001,13,5,0.65,0.2,1000,restricted_60,aggregation,0.8906893064397432,,,0.7989445558530976
6174,1001,13,5,0.65,0.2,1000,restricted_60,aggregation,0.890805603270473,,,0.7992387798004466
6175,1001,13,5,0.65,0.2,1000,restricted_60,aggregation,0.8910177061166927,,,0.8002000528329696
6176,1001,13,5,0.65,0.2,1000,restricted_60,aggregation,0.8911022055695503,,,0.800185567179734
6177,1001,13,5,0.65,0.2,1000,restricted_60,aggregation,0.8910313187956548,,,0.799842530286072
6178,1001,13,5,0.65,0.2,1000,restricted_60,aggregation,0.890967443368961,,,0.8005399833654002
6179,1001,13,5,0.65,0.2,1000,restricted_60,aggregation,0.890944320673139,,,0.7993647794026961
6180,1001,13,5,0.65,0.2,1000,restricted_60,aggregation,0.8906514110697388,,,0.7992585181793516
6181,1001,13,5,0.65,0.2,1000,restricted_60,aggregation,0.8909344727291274,,,0.7994298104827272
6182,1001,13,5,0.65,0.2,1000,restricted_60,aggregation,0.8908820986441205,,,0.7995520183751434
6183,1001,13,5,0.65,0.2,1000,restricted_60,aggregation,0.8908831645926285,,,0.7998219581344582
6184,1001,13,5,0.65,0.2,1000,restricted_60,aggregation,0.8910794178697725,,,0.8005152030993697
6185,1001,13,5,0.65,0.2,1000,restricted_60,aggregation,0.8906350065395608,,,0.7992728454338871
6186,1001,13,5,0.65,0.2,1000,restricted_60,aggregation,0.8908082442218923,,,0.7999429680890098
6187,1001,13,5,0.65,0.2,1000,restricted_60,aggregation,0.890786690628136,,,0.7993606984219486
6188,1001,13,5,0.65,0.2,1000,restricted_60,aggregation,0.8908513852102053,,,0.7996089502935336
6189,1001,13,5,0.65,0.2,1000,restricted_60,aggregation,0.8910209358897698,,,0.8001542709682294
6190,1001,13,5,0.65,0.2,1000,restricted_60,aggregation,0.8909779444890643,,,0.8004554516317016
6191,1001,13,5,0.65,0.2,1000,restricted_60,aggregation,0.8910784675738264,,,0.8004787181183014
6192,1001,13,5,0.65,0.2,1000,restricted_60,aggregation,0.8908592006420704,,,0.7994205420120004
6193,1001,13,5,0.65,0.2,1000,restricted_60,aggregation,0.8909794356058379,,,0.7999912434247851
6194,1001,13,5,0.65,0.2,1000,restricted_60,aggregation,0.8907099838288036,,,0.7997284885870304
6195,1001,13,5,0.65,0.2,1000,restricted_60,aggregation,0.8907750084529739,,,0.7998402268564769
6196,1001,13,5,0.65,0.2,1000,restricted_60,aggregation,0.890647170093056,,,0.7989568862541779
6197,1001,13,5,0.65,0.2,1000,restricted_60,aggregation,0.8909770712275051,,,0.80011269004144
6198,1001,13,5,0.65,0.2,1000,restricted_60,aggregation,0.890921638104156,,,0.7996485774487858
6199,1001,13,5,0.65,0.2,1000,restricted_60,aggregation,0.8907142213271833,,,0.7994549319661821
6200,1001,13,5,0.65,0.2,1000,restricted_60,aggregation,0.8909063690092988,,,0.7999757647213896
6201,1001,13,5,0.65,0.2,1000,restricted_60,aggregation,0.8910450518843555,,,0.8004435057380892
6202,1001,13,5,0.65,0.2,1000,restricted_60,aggregation,0.8907947723165929,,,0.7994880474386725
6203,1001,13,5,0.65,0.2,1000,restricted_60,aggregation,0.8908326770328792,,,0.800116440627274
6204,1001,13,5,0.65,0.2,1000,restricted_60,aggregation,0.8908814440762711,,,0.799427693949569
6205,1001,13,5,0.65,0.2,1000,restricted_60,aggregation,0.8910110575629946,,,0.8004838248248666
6206,1001,13,5,0.65,0.2,1000,restricted_60,aggregation,0.8911323477090204,,,0.8008510830912915
6207,1001,13,5,0.65,0.2,1000,restricted_60,aggregation,0.8908066038832833,,,0.8000446324354659
6208,1001,13,5,0.65,0.2,1000,restricted_60,aggregation,0.8909550587891747,,,0.7998828597559848
6209,1001,13,5,0.65,0.2,1000,restricted_60,aggregation,0.8909277917824907,,,0.7994755462207547
6210,1001,13,5,0.65,0.2,1000,restricted_60,aggregation,0.891009462020648,,,0.7998262324789408
6211,1001,13,5,0.65,0.2,1000,restricted_60,aggregation,0.8905495286587506,,,0.798732872890998
6212,1001,13,5,0.65,0.2,1000,restricted_60,aggregation,0.8908240472987733,,,0.7996279585692085
6213,1001,13,5,0.65,0.2,1000,restricted_60,aggregation,0.8907028714343869,,,0.7994160230433147
6214,1001,13,5,0.65,0.2,1000,restricted_60,aggregation,0.8910161309873788,,,0.8001132064232066
6215,1001,13,5,0.65,0.2,1000,restricted_60,aggregation,0.8911874423015833,,,0.8010348360744195
6216,1001,13,5,0.65,0.2,1000,restricted_60,aggregation,0.8906699647885643,,,0.7993456936119437
6217,1001,13,5,0.65,0.2,1000,restricted_60,aggregation,0.8910224821343764,,,0.7998745990043907
6218,1001,13,5,0.65,0.2,1000,restricted_60,aggregation,0.8908238030876723,,,0.7994594905711573
6219,1001,13,5,0.65,0.2,1000,restricted_60,aggregation,0.8909147098670834,,,0.7998602765213183
6220,1001,13,5,0.65,0.2,1000,restricted_60,aggregation,0.8909303576444346,,,0.7996991603997855
6221,1001,13,5,0.65,0.2,1000,restricted_60,aggregation,0.8908721818573516,,,0.7999923414856749
6222,1001,13,5,0.65,0.2,1000,restricted_60,aggregation,0.8910454547074139,,,0.8000590552117637
6223,1001,13,5,0.65,0.2,1000,restricted_60,aggregation,0.8907212499519608,,,0.79951571653655
6224,1001,13,5,0.65,0.2,1000,restricted_60,aggregation,0.8908792242030263,,,0.8005720324274491
6225,1001,13,5,0.65,0.2,1000,restricted_60,aggregation,0.890954786182948,,,0.8004499187386689
6226,1001,13,5,0.65,0.2,1000,restricted_60,aggregation,0.8908981786288338,,,0.8000239009755677
6227,1001,13,5,0.65,0.2,1000,restricted_60,aggregation,0.8908942955109829,,,0.8000155386819972
6228,1001,13,5,0.65,0.2,1000,restricted_60,aggregation,0.8908211108343711,,,0.8001337731635649
6229,1001,13,5,0.65,0.2,1000,restricted_60,aggregation,0.8906868514945858,,,0.7994276642647477
6230,1001,13,5,0.65,0.2,1000,restricted_60,aggregation,0.8908890076505599,,,0.8000105739630741
6231,1001,13,5,0.65,0.2,1000,restricted_60,aggregation,0.8905037241615538,,,0.7988211429234346
6232,1001,13,5,0.65,0.2,1000,restricted_60,aggregation,0.890781771080619,,,0.7999772993595912
6233,1001,13,5,0.65,0.2,1000,restricted_60,aggregation,0.8908436664664315,,,0.7994229306958475
6234,1001,13,5,0.65,0.2,1000,restricted_60,aggregation,0.8907489825867158,,,0.7991080465059631
6235,1001,13,5,0.65,0.2,1000,restricted_60,aggregation,0.8907833325001604,,,0.7995478139915642
6236,1001,13,5,0.65,0.2,1000,restricted_60,aggregation,0.8909708273342123,,,0.8002041206016206
6237,1001,13,5,0.65,0.2,1000,restricted_60,aggregation,0.8911164966099288,,,0.8008277396600315
6238,1001,13,5,0.65,0.2,1000,restricted_60,aggregation,0.8908918161908033,,,0.8003692033275367
6239,1001,13,5,0.65,0.2,1000,restricted_60,aggregation,0.8909421859758632,,,0.8005473026818861
6240,1001,13,5,0.65,0.2,1000,restricted_60,aggregation,0.8908378015027949,,,0.799945463279005
6241,1001,13,5,0.65,0.2,1000,restricted_60,aggregation,0.8910597461050583,,,0.8008938028021363
6242,1001,13,5,0.65,0.2,1000,restricted_60,aggregation,0.8907526659089574,,,0.7994280002790419
6243,1001,13,5,0.65,0.2,1000,restricted_60,aggregation,0.891010165458512,,,0.8001753591393176
6244,1001,13,5,0.65,0.2,1000,restricted_60,aggregation,0.890966605695583,,,0.7993208779492114
6245,1001,13,5,0.65,0.2,1000,restricted_60,aggregation,0.8909710602633485,,,0.8004947990281324
6246,1001,13,5,0.65,0.2,1000,restricted_60,aggregation,0.8905504115356848,,,0.7994157464063715
6247,1001,13,5,0.65,0.2,1000,restricted_60,aggregation,0.8908332961884563,,,0.8000148937328104
6248,1001,13,5,0.65,0.2,1000,restricted_60,aggregation,0.8908287820266608,,,0.7997512637439721
6249,1001,13,5,0.65,0.2,1000,restricted_60,aggregation,0.8907496668081989,,,0.7998041920656505
6250,1001,13,5,0.65,0.2,1000,restricted_60,aggregation,0.8907890857881142,,,0.799637175000925
6251,1001,13,5,0.65,0.2,1000,restricted_60,aggregation,0.8908490950755087,,,0.7995648307402474
6252,1001,13,5,0.65,0.2,1000,restricted_60,aggregation,0.8908676284957018,,,0.7997784495288662
6253,1001,13,5,0.65,0.2,1000,restricted_60,aggregation,0.8907646668933423,,,0.7999104194262528
6254,1001,13,5,0.65,0.2,1000,restricted_60,aggregation,0.8909918440169456,,,0.8009174069526153
6255,1001,13,5,0.65,0.2,1000,restricted_60,aggregation,0.8910096856750718,,,0.8003076796505963
6256,1001,13,5,0.65,0.2,1000,restricted_60,aggregation,0.8910522079276993,,,0.800089958251625
6257,1001,13,5,0.65,0.2,1000,restricted_60,aggregation,0.8908922130862731,,,0.8003634300267634
6258,1001,13,5,0.65,0.2,1000,restricted_60,aggregation,0.8906280410315994,,,0.799517532860658
6259,1001,13,5,0.65,0.2,1000,restricted_60,aggregation,0.8909029045588758,,,0.8000458900281818
6260,1001,13,5,0.65,0.2,1000,restricted_60,aggregation,0.8905551046557908,,,0.7992177708325626
6261,1001,13,5,0.65,0.2,1000,restricted_60,aggregation,0.8907854032177067,,,0.7996944540567457
6262,1001,13,5,0.65,0.2,1000,restricted_60,aggregation,0.8909066707621707,,,0.8001003904197653
6263,1001,13,5,0.65,0.2,1000,restricted_60,aggregation,0.8911337732234357,,,0.8006264470406138
6264,1001,13,5,0.65,0.2,1000,restricted_60,aggregation,0.89090804725751,,,0.8000308948536032
6265,1001,13,5,0.65,0.2,1000,restricted_60,aggregation,0.8909573127415407,,,0.79977702996078
6266,1001,13,5,0.65,0.2,1000,restricted_60,aggregation,0.8911549410337979,,,0.8006935114114282
6267,1001,13,5,0.65,0.2,1000,restricted_60,aggregation,0.8907152361467338,,,0.7993183139699807
6268,1001,13,5,0.65,0.2,1000,restricted_60,aggregation,0.8908490031542868,,,0.7997703278511612
6269,1001,13,5,0.65,0.2,1000,restricted_60,aggregation,0.8906119659048052,,,0.7994124551374552
6270,1001,13,5,0.65,0.2,1000,restricted_60,aggregation,0.8906641766027722,,,0.7990237485508319
6271,1001,13,5,0.65,0.2,1000,restricted_60,aggregation,0.8910467595152861,,,0.8005083522958524
6272,1001,13,5,0.65,0.2,1000,restricted_60,aggregation,0.8909630224231833,,,0.8001050811842478
6273,1001,13,5,0.65,0.2,1000,restricted_60,aggregation,0.8908184519737172,,,0.7998434976905812
6274,1001,13,5,0.65,0.2,1000,restricted_60,aggregation,0.890576789875086,,,0.8000699134738719
6275,1001,13,5,0.65,0.2,1000,restricted_60,aggregation,0.8909981891687758,,,0.7999868557060225
6276,1001,13,5,0.65,0.2,1000,restricted_60,aggregation,0.8906475049894342,,,0.8000987790758625
6277,1001,13,5,0.65,0.2,1000,restricted_60,aggregation,0.8910463693901132,,,0.8001822297841048
6278,1001,13,5,0.65,0.2,1000,restricted_60,aggregation,0.8909705196664065,,,0.8004404959007043
6279,1001,13,5,0.65,0.2,1000,restricted_60,aggregation,0.8904690247493539,,,0.7988773641867394
6280,1001,13,5,0.65,0.2,1000,restricted_60,aggregation,0.8908059111973307,,,0.8000854080410331
6281,1001,13,5,0.65,0.2,1000,restricted_60,aggregation,0.8910860898823814,,,0.8004604891019474
6282,1001,13,5,0.65,0.2,1000,restricted_60,aggregation,0.8907503316466688,,,0.7999577343489843
6283,1001,13,5,0.65,0.2,1000,restricted_60,aggregation,0.8903325019988964,,,0.7983585693396111
6284,1001,13,5,0.65,0.2,1000,restricted_60,aggregation,0.8905525349053047,,,0.7987165240238158
6285,1001,13,5,0.65,0.2,1000,restricted_60,aggregation,0.8908250869938207,,,0.7993684069942404
6286,1001,13,5,0.65,0.2,1000,restricted_60,aggregation,0.8909805413871351,,,0.8003006997400749
6287,1001,13,5,0.65,0.2,1000,restricted_60,aggregation,0.8907664197780415,,,0.8001001889083141
6288,1001,13,5,0.65,0.2,1000,restricted_60,aggregation,0.8906663414064478,,,0.7997381452189787
6289,1001,13,5,0.65,0.2,1000,restricted_60,aggregation,0.8907751013521278,,,0.7990250494798412
6290,1001,13,5,0.65,0.2,1000,restricted_60,aggregation,0.8910976183635022,,,0.8007422187303438
6291,1001,13,5,0.65,0.2,1000,restricted_60,aggregation,0.8911786457883772,,,0.80074864986865
6292,1001,13,5,0.65,0.2,1000,restricted_60,aggregation,0.8908105091197367,,,0.7995391756160507
6293,1001,13,5,0.65,0.2,1000,restricted_60,aggregation,0.8908900929952672,,,0.8001214154055821
6294,1001,13,5,0.65,0.2,1000,restricted_60,aggregation,0.8908032383221988,,,0.7993317421467422
6295,1001,13,5,0.65,0.2,1000,restricted_60,aggregation,0.8910478688731917,,,0.8012128840758008
6296,1001,13,5,0.65,0.2,1000,restricted_60,aggregation,0.8909976978239708,,,0.7998304956694541
6297,1001,13,5,0.65,0.2,1000,restricted_60,aggregation,0.8907497985133354,,,0.7991715698190698
6298,1001,13,5,0.65,0.2,1000,restricted_60,aggregation,0.8910144005509184,,,0.8004984387448971
6299,1001,13,5,0.65,0.2,1000,restricted_60,aggregation,0.8907221287698585,,,0.799576289983165
6300,1001,13,5,0.65,0.2,1000,restricted_60,aggregation,0.8911829510932614,,,0.80034695492008
6301,1001,13,5,0.65,0.2,1000,restricted_60,aggregation,0.8906668871881892,,,0.7990521329365079
6302,1001,13,5,0.65,0.2,1000,restricted_60,aggregation,0.8908956455943957,,,0.7998574865104032
6303,1001,13,5,0.65,0.2,1000,restricted_60,aggregation,0.8906341726307911,,,0.7990121503804838
6304,1001,13,5,0.65,0.2,1000,restricted_60,aggregation,0.8907481344727195,,,0.7993847334455667
6305,1001,13,5,0.65,0.2,1000,restricted_60,aggregation,0.890770670327761,,,0.799623371204413
6306,1001,13,5,0.65,0.2,1000,restricted_60,aggregation,0.8908660040538531,,,0.7998424527016194
6307,1001,13,5,0.65,0.2,1000,restricted_60,aggregation,0.8908236405855795,,,0.8001254504523255
6308,1001,13,5,0.65,0.2,1000,restricted_60,aggregation,0.8910859244706422,,,0.800536202624536
6309,1001,13,5,0.65,0.2,1000,restricted_60,aggregation,0.8908539806812803,,,0.7997689434099851
6310,1001,13,5,0.65,0.2,1000,restricted_60,aggregation,0.8904701603975402,,,0.7990598297304549
6311,1001,13,5,0.65,0.2,1000,restricted_60,aggregation,0.8907936763816768,,,0.7992827694836028
6312,1001,13,5,0.65,0.2,1000,restricted_60,aggregation,0.8908902964228126,,,0.80033763010138
6313,1001,13,5,0.65,0.2,1000,restricted_60,aggregation,0.8909068251287263,,,0.7997874608416276
6314,1001,13,5,0.65,0.2,1000,restricted_60,aggregation,0.8908433825987406,,,0.7988474255220089
6315,1001,13,5,0.65,0.2,1000,restricted_60,aggregation,0.8910564296523574,,,0.8003455066846733
6316,1001,13,5,0.65,0.2,1000,restricted_60,aggregation,0.890926179579947,,,0.8002713932363933
6317,1001,13,5,0.65,0.2,1000,restricted_60,aggregation,0.8908207406412986,,,0.7993048400210901
6318,1001,13,5,0.65,0.2,1000,restricted_60,aggregation,0.8907527885957495,,,0.7992982045192463
6319,1001,13,5,0.65,0.2,1000,restricted_60,aggregation,0.8908954935802957,,,0.8006744298602633
6320,1001,13,5,0.65,0.2,1000,restricted_60,aggregation,0.8910108331015165,,,0.8007004782948534
6321,1001,13,5,0.65,0.2,1000,restricted_60,aggregation,0.8909146378530998,,,0.7996372706845624
6322,1001,13,5,0.65,0.2,1000,restricted_60,aggregation,0.8907957128053908,,,0.799354456299873
6323,1001,13,5,0.65,0.2,1000,restricted_60,aggregation,0.8910002594712361,,,0.8003819409988161
6324,1001,13,5,0.65,0.2,1000,restricted_60,aggregation,0.8908096753581699,,,0.7991957565505483
6325,1001,13,5,0.65,0.2,1000,restricted_60,aggregation,0.8910138069312785,,,0.8000527483473318
6326,1001,13,5,0.65,0.2,1000,restricted_60,aggregation,0.8908828619517758,,,0.7999468144509811
6327,1001,13,5,0.65,0.2,1000,restricted_60,aggregation,0.8910682507590498,,,0.8003514023553608
6328,1001,13,5,0.65,0.2,1000,restricted_60,aggregation,0.8909311721793286,,,0.7999530473847141
6329,1001,13,5,0.65,0.2,1000,restricted_60,aggregation,0.8907907621582596,,,0.7991189045136963
6330,1001,13,5,0.65,0.2,1000,restricted_60,aggregation,0.8907954113090047,,,0.7999206105237354
6331,1001,13,5,0.65,0.2,1000,restricted_60,aggregation,0.8908258959773845,,,0.7992209905141157
6332,1001,13,5,0.65,0.2,1000,restricted_60,aggregation,0.8907082743353958,,,0.7989267806884474
6333,1001,13,5,0.65,0.2,1000,restricted_60,aggregation,0.8908995447132771,,,0.7995650125723043
6334,1001,13,5,0.65,0.2,1000,restricted_60,aggregation,0.8908887948276836,,,0.7994515183736016
6335,1001,13,5,0.65,0.2,1000,restricted_60,aggregation,0.8908068072771957,,,0.7995329450256534
6336,1001,13,5,0.65,0.2,1000,restricted_60,aggregation,0.8908735121889017,,,0.7997815623805208
6337,1001,13,5,0.65,0.2,1000,restricted_60,aggregation,0.8907173312624831,,,0.7990516457076875
6338,1001,13,5,0.65,0.2,1000,restricted_60,aggregation,0.8908118170577048,,,0.7995945856150023
6339,1001,13,5,0.65,0.2,1000,restricted_60,aggregation,0.8908066839170855,,,0.7994768764954183
6340,1001,13,5,0.65,0.2,1000,restricted_60,aggregation,0.8905484796114872,,,0.7991166579331164
6341,1001,13,5,0.65,0.2,1000,restricted_60,aggregation,0.8909549103160783,,,0.8001980283451118
6342,1001,13,5,0.65,0.2,1000,restricted_60,aggregation,0.8907836731638438,,,0.7994064291803875
6343,1001,13,5,0.65,0.2,1000,restricted_60,aggregation,0.8909358704480953,,,0.800589101962852
6344,1001,13,5,0.65,0.2,1000,restricted_60,aggregation,0.8909546271640452,,,0.7999299701301785
6345,1001,13,5,0.65,0.2,1000,restricted_60,aggregation,0.8908561500526274,,,0.8003673992673993
6346,1001,13,5,0.65,0.2,1000,restricted_60,aggregation,0.890871292395271,,,0.8001604461433629
6347,1001,13,5,0.65,0.2,1000,restricted_60,aggregation,0.8906550212434022,,,0.7990913834930502
6348,1001,13,5,0.65,0.2,1000,restricted_60,aggregation,0.8911257504335615,,,0.8006884998335
6349,1001,13,5,0.65,0.2,1000,restricted_60,aggregation,0.8911289735063183,,,0.8005865921115921
6350,1001,13,5,0.65,0.2,1000,restricted_60,aggregation,0.8909147267839613,,,0.7999024543666211
6351,1001,13,5,0.65,0.2,1000,restricted_60,aggregation,0.8909538351622217,,,0.8001610926804678
6352,1001,13,5,0.65,0.2,1000,restricted_60,aggregation,0.8909262683437347,,,0.799870328614287
6353,1001,13,5,0.65,0.2,1000,restricted_60,aggregation,0.8905806688615193,,,0.7994532323926076
6354,1001,13,5,0.65,0.2,1000,restricted_60,aggregation,0.8909805464066007,,,0.8003588382450882
6355,1001,13,5,0.65,0.2,1000,restricted_60,aggregation,0.8910370873354807,,,0.7997230481478399
6356,1001,13,5,0.65,0.2,1000,restricted_60,aggregation,0.8909776737714806,,,0.8002941125772376
6357,1001,13,5,0.65,0.2,1000,restricted_60,aggregation,0.8909029620577728,,,0.7995043134334802
6358,1001,13,5,0.65,0.2,1000,restricted_60,aggregation,0.8909015693452794,,,0.7998899143063726
6359,1001,13,5,0.65,0.2,1000,restricted_60,aggregation,0.8910715237793436,,,0.8006718015240932
6360,1001,13,5,0.65,0.2,1000,restricted_60,aggregation,0.8908134790629819,,,0.7997631996398664
6361,1001,13,5,0.65,0.2,1000,restricted_60,aggregation,0.8908013990897099,,,0.8004256567814902
6362,1001,13,5,0.65,0.2,1000,restricted_60,aggregation,0.8906097649464129,,,0.798854956671415
6363,1001,13,5,0.65,0.2,1000,restricted_60,aggregation,0.8908140308638677,,,0.7997990208248542
6364,1001,13,5,0.65,0.2,1000,restricted_60,aggregation,0.8907584600435723,,,0.7997695768968686
6365,1001,13,5,0.65,0.2,1000,restricted_60,aggregation,0.8909493495276961,,,0.7999719160469161
6366,1001,13,5,0.65,0.2,1000,restricted_60,aggregation,0.8910890137513217,,,0.8001884508701176
6367,1001,13,5,0.65,0.2,1000,restricted_60,aggregation,0.890886630380872,,,0.7996349881214465
6368,1001,13,5,0.65,0.2,1000,restricted_60,aggregation,0.8910313765933928,,,0.8006924099742849
6369,1001,13,5,0.65,0.2,1000,restricted_60,aggregation,0.8910813068983987,,,0.8009983969733969
6370,1001,13,5,0.65,0.2,1000,restricted_60,aggregation,0.8907768439323281,,,0.7996547857929108
6371,1001,13,5,0.65,0.2,1000,restricted_60,aggregation,0.8908783599434323,,,0.7995055362153279
6372,1001,13,5,0.65,0.2,1000,restricted_60,aggregation,0.8908624114605581,,,0.7998330024142525
6373,1001,13,5,0.65,0.2,1000,restricted_60,aggregation,0.8907688985383365,,,0.7993846416315167
6374,1001,13,5,0.65,0.2,1000,restricted_60,aggregation,0.8908221015143634,,,0.8003162311222729
6375,1001,13,5,0.65,0.2,1000,restricted_60,aggregation,0.8909106512436921,,,0.7997378907358074
6376,1001,13,5,0.65,0.2,1000,restricted_60,aggregation,0.8904544010159533,,,0.7981813857207607
6377,1001,13,5,0.65,0.2,1000,restricted_60,aggregation,0.8911583543215539,,,0.8005649837585255
6378,1001,13,5,0.65,0.2,1000,restricted_60,aggregation,0.8906660586904698,,,0.7995929437614856
6379,1001,13,5,0.65,0.2,1000,restricted_60,aggregation,0.8907798267214965,,,0.7995630431142933
6380,1001,13,5,0.65,0.2,1000,restricted_60,aggregation,0.8907319900961987,,,0.7986378562949398
6381,1001,13,5,0.65,0.2,1000,restricted_60,aggregation,0.8911844448308247,,,0.8006548343785844
6382,1001,13,5,0.65,0.2,1000,restricted_60,aggregation,0.8908119283661781,,,0.7991660631112715
6383,1001,13,5,0.65,0.2,1000,restricted_60,aggregation,0.8909891986156675,,,0.7996530228567729
6384,1001,13,5,0.65,0.2,1000,restricted_60,aggregation,0.8906516566908876,,,0.7991485971513055
6385,1001,13,5,0.65,0.2,1000,restricted_60,aggregation,0.8906714022177175,,,0.799303645259062
6386,1001,13,5,0.65,0.2,1000,restricted_60,aggregation,0.8909116946445375,,,0.8000606110016527
6387,1001,13,5,0.65,0.2,1000,restricted_60,aggregation,0.890949706309135,,,0.8005175244200246
6388,1001,13,5,0.65,0.2,1000,restricted_60,aggregation,0.8909775391961325,,,0.8000282100461268
6389,1001,13,5,0.65,0.2,1000,restricted_60,aggregation,0.8910587433945569,,,0.8007789687010523
6390,1001,13,5,0.65,0.2,1000,restricted_60,aggregation,0.8910650624070445,,,0.8004819321188072
6391,1001,13,5,0.65,0.2,1000,restricted_60,aggregation,0.8911141138370172,,,0.8007959568440819
6392,1001,13,5,0.65,0.2,1000,restricted_60,aggregation,0.890841323408377,,,0.7996996365825534
6393,1001,13,5,0.65,0.2,1000,restricted_60,aggregation,0.8907445765381069,,,0.7997779547844133
6394,1001,13,5,0.65,0.2,1000,restricted_60,aggregation,0.8905594170589484,,,0.799810849035224
6395,1001,13,5,0.65,0.2,1000,restricted_60,aggregation,0.8908457303392582,,,0.7994069432573601
6396,1001,13,5,0.65,0.2,1000,restricted_60,aggregation,0.8906875506806778,,,0.799409786902912
6397,1001,13,5,0.65,0.2,1000,restricted_60,aggregation,0.890921656715828,,,0.7995609052059053
6398,1001,13,5,0.65,0.2,1000,restricted_60,aggregation,0.890965816700383,,,0.8005056932342349
6399,1001,13,5,0.65,0.2,1000,restricted_60,aggregation,0.890842136678854,,,0.7995814782671034
6400,1001,13,5,0.65,0.2,1000,restricted_60,aggregation,0.8908028969333718,,,0.799786009692468
6401,1001,13,5,0.65,0.2,1000,restricted_60,aggregation,0.890918348291413,,,0.799558492895993
6402,1001,13,5,0.65,0.2,1000,restricted_60,aggregation,0.8906168817240134,,,0.7995041121686955
6403,1001,13,5,0.65,0.2,1000,restricted_60,aggregation,0.890429817534876,,,0.798716364253031
6404,1001,13,5,0.65,0.2,1000,restricted_60,aggregation,0.890800090245028,,,0.799485504572588
6405,1001,13,5,0.65,0.2,1000,restricted_60,aggregation,0.8909367695019906,,,0.7999390360565362
6406,1001,13,5,0.65,0.2,1000,restricted_60,aggregation,0.8910182026666833,,,0.8000711194823694
6407,1001,13,5,0.65,0.2,1000,restricted_60,aggregation,0.8907791170464138,,,0.7990655540601375
6408,1001,13,5,0.65,0.2,1000,restricted_60,aggregation,0.8909398036780602,,,0.8001922585901754
6409,1001,13,5,0.65,0.2,1000,restricted_60,aggregation,0.8908497987212222,,,0.8005479945902864
6410,1001,13,5,0.65,0.2,1000,restricted_60,aggregation,0.890785301948331,,,0.7999604340027258
6411,1001,13,5,0.65,0.2,1000,restricted_60,aggregation,0.890791323364844,,,0.7993182345355263
6412,1001,13,5,0.65,0.2,1000,restricted_60,aggregation,0.8907171749423207,,,0.8002814135324552
6413,1001,13,5,0.65,0.2,1000,restricted_60,aggregation,0.8906674903924121,,,0.7996861781813867
6414,1001,13,5,0.65,0.2,1000,restricted_60,aggregation,0.8907135546482142,,,0.7997799002694836
6415,1001,13,5,0.65,0.2,1000,restricted_60,aggregation,0.8911728503981813,,,0.8009044993663744
6416,1001,13,5,0.65,0.2,1000,restricted_60,aggregation,0.8912127837520472,,,0.8010922308709809
6417,1001,13,5,0.65,0.2,1000,restricted_60,aggregation,0.8908722147429521,,,0.800151567722401
6418,1001,13,5,0.65,0.2,1000,restricted_60,aggregation,0.8910202637845287,,,0.8014331587702421
6419,1001,13,5,0.65,0.2,1000,restricted_60,aggregation,0.8909171900232258,,,0.8001184161054994
6420,1001,13,5,0.65,0.2,1000,restricted_60,aggregation,0.8907881443641917,,,0.7991955974889309
6421,1001,13,5,0.65,0.2,1000,restricted_60,aggregation,0.8909443653464789,,,0.8001800251137753
6422,1001,13,5,0.65,0.2,1000,restricted_60,aggregation,0.890907430741693,,,0.8002731337335505
6423,1001,13,5,0.65,0.2,1000,restricted_60,aggregation,0.8910617579388069,,,0.8001420650799819
6424,1001,13,5,0.65,0.2,1000,restricted_60,aggregation,0.8907680094006621,,,0.7998336705886706
6425,1001,13,5,0.65,0.2,1000,restricted_60,aggregation,0.8909283345195632,,,0.7997177621298456
6426,1001,13,5,0.65,0.2,1000,restricted_60,aggregation,0.8912692434385676,,,0.8011328963860214
6427,1001,13,5,0.65,0.2,1000,restricted_60,aggregation,0.8910087114510942,,,0.7999767732113565
6428,1001,13,5,0.65,0.2,1000,restricted_60,aggregation,0.8909542889390291,,,0.8001632379349046
6429,1001,13,5,0.65,0.2,1000,restricted_60,aggregation,0.8910940445345643,,,0.8006073094806428
6430,1001,13,5,0.65,0.2,1000,restricted_60,aggregation,0.8907705450398578,,,0.7997102555469223
6431,1001,13,5,0.65,0.2,1000,restricted_60,aggregation,0.8908696293716414,,,0.8000851121563622
6432,1001,13,5,0.65,0.2,1000,restricted_60,aggregation,0.8909173178998119,,,0.8003759580774166
6433,1001,13,5,0.65,0.2,1000,restricted_60,aggregation,0.8909597078435066,,,0.8005550558854725
6434,1001,13,5,0.65,0.2,1000,restricted_60,aggregation,0.8907192188736256,,,0.7994179396683564
6435,1001,13,5,0.65,0.2,1000,restricted_60,aggregation,0.8909585248413732,,,0.8000693374603791
6436,1001,13,5,0.65,0.2,1000,restricted_60,aggregation,0.8910129879242026,,,0.8002272340545258
6437,1001,13,5,0.65,0.2,1000,restricted_60,aggregation,0.8908451080434561,,,0.7995729803298554
6438,1001,13,5,0.65,0.2,1000,restricted_60,aggregation,0.8910458068088392,,,0.8006595309705726
6439,1001,13,5,0.65,0.2,1000,restricted_60,aggregation,0.8908024150371828,,,0.7996093361653779
6440,1001,13,5,0.65,0.2,1000,restricted_60,aggregation,0.8909227277193267,,,0.8004477808225725
6441,1001,13,5,0.65,0.2,1000,restricted_60,aggregation,0.8906299335582929,,,0.7992473492094327
6442,1001,13,5,0.65,0.2,1000,restricted_60,aggregation,0.8910381849933577,,,0.8005895606553941
6443,1001,13,5,0.65,0.2,1000,restricted_60,aggregation,0.8909056470095363,,,0.7997946534021535
6444,1001,13,5,0.65,0.2,1000,restricted_60,aggregation,0.8910510242393872,,,0.8002701956068624
6445,1001,13,5,0.65,0.2,1000,restricted_60,aggregation,0.8909858647061005,,,0.8000109961643296
6446,1001,13,5,0.65,0.2,1000,restricted_60,aggregation,0.8907874567818619,,,0.7990219014858597
6447,1001,13,5,0.65,0.2,1000,restricted_60,aggregation,0.8906657197857807,,,0.7996563700574117
6448,1001,13,5,0.65,0.2,1000,restricted_60,aggregation,0.890930153413419,,,0.7997903626080709
6449,1001,13,5,0.65,0.2,1000,restricted_60,aggregation,0.8908999639418362,,,0.7995486314457149
6450,1001,13,5,0.65,0.2,1000,restricted_60,aggregation,0.8909814282521313,,,0.8001627570192154
6451,1001,13,5,0.65,0.2,1000,restricted_60,aggregation,0.8908358749593619,,,0.7996260869917121
6452,1001,13,5,0.65,0.2,1000,restricted_60,aggregation,0.8908900395582112,,,0.8000490411132077
6453,1001,13,5,0.65,0.2,1000,restricted_60,aggregation,0.8909245153223635,,,0.8000860009589177
6454,1001,13,5,0.65,0.2,1000,restricted_60,aggregation,0.8908564013769802,,,0.7995391891210641
6455,1001,13,5,0.65,0.2,1000,restricted_60,aggregation,0.8909601836976716,,,0.7999684842086926
6456,1001,13,5,0.65,0.2,1000,restricted_60,aggregation,0.8908876070642927,,,0.7998563958032708
6457,1001,13,5,0.65,0.2,1000,restricted_60,aggregation,0.8906455933698818,,,0.7988095283651535
6458,1001,13,5,0.65,0.2,1000,restricted_60,aggregation,0.8908561834927692,,,0.7996786572455323
6459,1001,13,5,0.65,0.2,1000,restricted_60,aggregation,0.8910806027425703,,,0.8003019744144745
6460,1001,13,5,0.65,0.2,1000,restricted_60,aggregation,0.8908090004698415,,,0.7992006141543643
6461,1001,13,5,0.65,0.2,1000,restricted_60,aggregation,0.8908302602575315,,,0.7996955244986496
6462,1001,13,5,0.65,0.2,1000,restricted_60,aggregation,0.8908169011236199,,,0.798941770235937
6463,1001,13,5,0.65,0.2,1000,restricted_60,aggregation,0.8907871587193522,,,0.7991639120216205
6464,1001,13,5,0.65,0.2,1000,restricted_60,aggregation,0.8907200989548759,,,0.7989669403821488
6465,1001,13,5,0.65,0.2,1000,restricted_60,aggregation,0.891068721994851,,,0.8003047528397529
6466,1001,13,5,0.65,0.2,1000,restricted_60,aggregation,0.89087904736885,,,0.8002212174553842
6467,1001,13,5,0.65,0.2,1000,restricted_60,aggregation,0.8907975567967737,,,0.7998855498513833
6468,1001,13,5,0.65,0.2,1000,restricted_60,aggregation,0.8907815532424627,,,0.7995868956891874
6469,1001,13,5,0.65,0.2,1000,restricted_60,aggregation,0.8907166566017164,,,0.7995673685804936
6470,1001,13,5,0.65,0.2,1000,restricted_60,aggregation,0.8908434956320271,,,0.8002641003441003
6471,1001,13,5,0.65,0.2,1000,restricted_60,aggregation,0.8909567349920049,,,0.7998449220224221
6472,1001,13,5,0.65,0.2,1000,restricted_60,aggregation,0.8907913590872084,,,0.7997691221741222
6473,1001,13,5,0.65,0.2,1000,restricted_60,aggregation,0.8907410881219601,,,0.7998324859245695
6474,1001,13,5,0.65,0.2,1000,restricted_60,aggregation,0.8909401952685387,,,0.7997565467248801
6475,1001,13,5,0.65,0.2,1000,restricted_60,aggregation,0.8907675785689533,,,0.7993963786907538
6476,1001,13,5,0.65,0.2,1000,restricted_60,aggregation,0.8910507833493583,,,0.8005906857956858
6477,1001,13,5,0.65,0.2,1000,restricted_60,aggregation,0.8908089590208772,,,0.7995461039038123
6478,1001,13,5,0.65,0.2,1000,restricted_60,aggregation,0.8910507231678623,,,0.8000446245189996
6479,1001,13,5,0.65,0.2,1000,restricted_60,aggregation,0.8907477937150079,,,0.7995674613195447
6480,1001,13,5,0.65,0.2,1000,restricted_60,aggregation,0.8906422430858049,,,0.799206920587129
6481,1001,13,5,0.65,0.2,1000,restricted_60,aggregation,0.8908633317371263,,,0.7991486823053491
6482,1001,13,5,0.65,0.2,1000,restricted_60,aggregation,0.8908540580634429,,,0.7994989206395458
6483,1001,13,5,0.65,0.2,1000,restricted_60,aggregation,0.8908198453505967,,,0.7996738700574119
6484,1001,13,5,0.65,0.2,1000,restricted_60,aggregation,0.8909449276593439,,,0.7997455976893477
6485,1001,13,5,0.65,0.2,1000,restricted_60,aggregation,0.890828429440614,,,0.7996990055083806
6486,1001,13,5,0.65,0.2,1000,restricted_60,aggregation,0.8908623796218865,,,0.800270600749559
6487,1001,13,5,0.65,0.2,1000,restricted_60,aggregation,0.8909337562052613,,,0.8001604245908412
6488,1001,13,5,0.65,0.2,1000,restricted_60,aggregation,0.8909562404433733,,,0.8000343319874571
6489,1001,13,5,0.65,0.2,1000,restricted_60,aggregation,0.8907589599441389,,,0.7999719738517657
6490,1001,13,5,0.65,0.2,1000,restricted_60,aggregation,0.8908020973613275,,,0.7992615637217722
6491,1001,13,5,0.65,0.2,1000,restricted_60,aggregation,0.8911203982504631,,,0.8003360647916898
6492,1001,13,5,0.65,0.2,1000,restricted_60,aggregation,0.8908545556666464,,,0.8000857300646885
6493,1001,13,5,0.65,0.2,1000,restricted_60,aggregation,0.8908434984665605,,,0.7998462766862768
6494,1001,13,5,0.65,0.2,1000,restricted_60,aggregation,0.8906997409925196,,,0.7991353999164417
6495,1001,13,5,0.65,0.2,1000,restricted_60,aggregation,0.8907595086438662,,,0.8000223409923412
6496,1001,13,5,0.65,0.2,1000,restricted_60,aggregation,0.8907308230502139,,,0.7990497356347357
6497,1001,13,5,0.65,0.2,1000,restricted_60,aggregation,0.890790044362787,,,0.800076847673931
6498,1001,13,5,0.65,0.2,1000,restricted_60,aggregation,0.8909567165083565,,,0.8004201741853826
6499,1001,13,5,0.65,0.2,1000,restricted_60,aggregation,0.8909414135881957,,,0.8005238416136333
6500,1001,13,5,0.65,0.2,1000,restricted_60,aggregation,0.8909644926589765,,,0.7998831336873005
6501,1001,13,5,0.65,0.2,1000,restricted_60,aggregation,0.8907734481149103,,,0.7998126610118277
6502,1001,13,5,0.65,0.2,1000,restricted_60,aggregation,0.8908219250728328,,,0.7994060185108102
6503,1001,13,5,0.65,0.2,1000,restricted_60,aggregation,0.8906379057942222,,,0.7989352604417188
6504,1001,13,5,0.65,0.2,1000,restricted_60,aggregation,0.8909405914689924,,,0.8003184340736426
6505,1001,13,5,0.65,0.2,1000,restricted_60,aggregation,0.8908498387157348,,,0.8002485969431803
6506,1001,13,5,0.65,0.2,1000,restricted_60,aggregation,0.8902871305785252,,,0.7984641768648019
6507,1001,13,5,0.65,0.2,1000,restricted_60,aggregation,0.8907306238976979,,,0.7995461505238589
6508,1001,13,5,0.65,0.2,1000,restricted_60,aggregation,0.8908040332756685,,,0.7996204364000198
6509,1001,13,5,0.65,0.2,1000,restricted_60,aggregation,0.8909842973341305,,,0.8004794466104883
6510,1001,13,5,0.65,0.2,1000,restricted_60,aggregation,0.8910832641924689,,,0.8006105523257606
6511,1001,13,5,0.65,0.2,1000,restricted_60,aggregation,0.8909350933697587,,,0.7996459541847043
6512,1001,13,5,0.65,0.2,1000,restricted_60,aggregation,0.8909837582780822,,,0.800067300916676
6513,1001,13,5,0.65,0.2,1000,restricted_60,aggregation,0.8911456951496599,,,0.8004394772357272
6514,1001,13,5,0.65,0.2,1000,restricted_60,aggregation,0.8907179713076727,,,0.7984049809141477
6515,1001,13,5,0.65,0.2,1000,restricted_60,aggregation,0.89056149223855,,,0.7993651616439117
6516,1001,13,5,0.65,0.2,1000,restricted_60,aggregation,0.8910102997701879,,,0.7995973827869661
6517,1001,13,5,0.65,0.2,1000,restricted_60,aggregation,0.8907652580900013,,,0.7996014768873104
6518,1001,13,5,0.65,0.2,1000,restricted_60,aggregation,0.8910974467755631,,,0.8005068146899398
6519,1001,13,5,0.65,0.2,1000,restricted_60,aggregation,0.8905181253834608,,,0.798954198679407
6520,1001,13,5,0.65,0.2,1000,restricted_60,aggregation,0.8908535427969492,,,0.7993844212731714
6521,1001,13,5,0.65,0.2,1000,restricted_60,aggregation,0.8910514067989733,,,0.800120083920709
6522,1001,13,5,0.65,0.2,1000,restricted_60,aggregation,0.890805462355732,,,0.7998710070870488
6523,1001,13,5,0.65,0.2,1000,restricted_60,aggregation,0.8908761280376637,,,0.7993385739183656
6524,1001,13,5,0.65,0.2,1000,restricted_60,aggregation,0.8907137318358793,,,0.7990842997511748
6525,1001,13,5,0.65,0.2,1000,restricted_60,aggregation,0.8905705098357513,,,0.7986046207881626
6526,1001,13,5,0.65,0.2,1000,restricted_60,aggregation,0.8910372402355117,,,0.8002541013847265
6527,1001,13,5,0.65,0.2,1000,restricted_60,aggregation,0.8908722350026261,,,0.8001953357522107
6528,1001,13,5,0.65,0.2,1000,restricted_60,aggregation,0.8909550615343355,,,0.8002915222123556
6529,1001,13,5,0.65,0.2,1000,restricted_60,aggregation,0.8906738514198521,,,0.7995023279960781
6530,1001,13,5,0.65,0.2,1000,restricted_60,aggregation,0.8908318295525621,,,0.799048516267683
6531,1001,13,5,0.65,0.2,1000,restricted_60,aggregation,0.890796787948285,,,0.7997590689788607
6532,1001,13,5,0.65,0.2,1000,restricted_60,aggregation,0.8908445722130235,,,0.7997178916145583
6533,1001,13,5,0.65,0.2,1000,restricted_60,aggregation,0.8908591191071181,,,0.7997474706158041
6534,1001,13,5,0.65,0.2,1000,restricted_60,aggregation,0.8908152822388811,,,0.7994800382410799
6535,1001,13,5,0.65,0.2,1000,restricted_60,aggregation,0.8909083006870945,,,0.7998466179268263
6536,1001,13,5,0.65,0.2,1000,restricted_60,aggregation,0.890994021400629,,,0.8000019250810918
6537,1001,13,5,0.65,0.2,1000,restricted_60,aggregation,0.8909513288352535,,,0.8002789826377327
6538,1001,13,5,0.65,0.2,1000,restricted_60,aggregation,0.8908761946018084,,,0.7995275862332113
6539,1001,13,5,0.65,0.2,1000,restricted_60,aggregation,0.8907981819615342,,,0.8000209014056932
6540,1001,13,5,0.65,0.2,1000,restricted_60,aggregation,0.8912014321032256,,,0.8007348739532073
6541,1001,13,5,0.65,0.2,1000,restricted_60,aggregation,0.8909653206507175,,,0.7999926778776779
6542,1001,13,5,0.65,0.2,1000,restricted_60,aggregation,0.8909263458982337,,,0.8005794388636055
6543,1001,13,5,0.65,0.2,1000,restricted_60,aggregation,0.8909723036133681,,,0.8001513072344322
6544,1001,13,5,0.65,0.2,1000,restricted_60,aggregation,0.8908611530634287,,,0.7997233448264699
6545,1001,13,5,0.65,0.2,1000,restricted_60,aggregation,0.8909115912275698,,,0.800736730977356
6546,1001,13,5,0.65,0.2,1000,restricted_60,aggregation,0.8909514095450856,,,0.7996258710271211
6547,1001,13,5,0.65,0.2,1000,restricted_60,aggregation,0.8908444627359766,,,0.7994206416654334
6548,1001,13,5,0.65,0.2,1000,restricted_60,aggregation,0.8910644135785434,,,0.8007047391111974
6549,1001,13,5,0.65,0.2,1000,restricted_60,aggregation,0.8908781317323866,,,0.7998712644377229
6550,1001,13,5,0.65,0.2,1000,restricted_60,aggregation,0.8908574080719889,,,0.7996109859970277
6551,1001,13,5,0.65,0.2,1000,restricted_60,aggregation,0.8908633597633714,,,0.7998994449840283
6552,1001,13,5,0.65,0.2,1000,restricted_60,aggregation,0.8910626234197028,,,0.8005036292334209
6553,1001,13,5,0.65,0.2,1000,restricted_60,aggregation,0.8910508223644984,,,0.800018966935842
6554,1001,13,5,0.65,0.2,1000,restricted_60,aggregation,0.8908185395816206,,,0.8000815061790062
6555,1001,13,5,0.65,0.2,1000,restricted_60,aggregation,0.8911137145589958,,,0.8009388180415264
6556,1001,13,5,0.65,0.2,1000,restricted_60,aggregation,0.8908892239914841,,,0.7998672047936631
6557,1001,13,5,0.65,0.2,1000,restricted_60,aggregation,0.8907869138396542,,,0.7995844957819958
6558,1001,13,5,0.65,0.2,1000,restricted_60,aggregation,0.8908429969655995,,,0.7998432057834142
6559,1001,13,5,0.65,0.2,1000,restricted_60,aggregation,0.890952096780739,,,0.8004628315665816
6560,1001,13,5,0.65,0.2,1000,restricted_60,aggregation,0.8909290869178342,,,0.8007897057880392
6561,1001,13,5,0.65,0.2,1000,restricted_60,aggregation,0.8909318337152501,,,0.7998248517377685
6562,1001,13,5,0.65,0.2,1000,restricted_60,aggregation,0.8909168280066263,,,0.8001455743099493
6563,1001,13,5,0.65,0.2,1000,restricted_60,aggregation,0.8908876945359853,,,0.7997283547702299
6564,1001,13,5,0.65,0.2,1000,restricted_60,aggregation,0.8909638340784964,,,0.8002116905779408
6565,1001,13,5,0.65,0.2,1000,restricted_60,aggregation,0.8908943662372362,,,0.7995354148783317
6566,1001,13,5,0.65,0.2,1000,restricted_60,aggregation,0.8911192829980386,,,0.8006787098935017
6567,1001,13,5,0.65,0.2,1000,restricted_60,aggregation,0.890946903299311,,,0.8001549913974916
6568,1001,13,5,0.65,0.2,1000,restricted_60,aggregation,0.8908455413963855,,,0.8002380706099456
6569,1001,13,5,0.65,0.2,1000,restricted_60,aggregation,0.8909227214965872,,,0.8002259649070067
6570,1001,13,5,0.65,0.2,1000,restricted_60,aggregation,0.8908117328417521,,,0.7994951019890604
6571,1001,13,5,0.65,0.2,1000,restricted_60,aggregation,0.8908765275471632,,,0.799758759535218
6572,1001,13,5,0.65,0.2,1000,restricted_60,aggregation,0.8907741043555489,,,0.7994555144546812
6573,1001,13,5,0.65,0.2,1000,restricted_60,aggregation,0.890885411337916,,,0.7998571411998496
6574,1001,13,5,0.65,0.2,1000,restricted_60,aggregation,0.8908095065644247,,,0.8005078132746883
6575,1001,13,5,0.65,0.2,1000,restricted_60,aggregation,0.8907233856498141,,,0.7988199775610193
6576,1001,13,5,0.65,0.2,1000,restricted_60,aggregation,0.8910190395616178,,,0.8011449589222507
6577,1001,13,5,0.65,0.2,1000,restricted_60,aggregation,0.8908029527592192,,,0.7999338689936607
6578,1001,13,5,0.65,0.2,1000,restricted_60,aggregation,0.8909016918182657,,,0.8002371401669319
6579,1001,13,5,0.65,0.2,1000,restricted_60,aggregation,0.8910316393604126,,,0.8000015343915344
6580,1001,13,5,0.65,0.2,1000,restricted_60,aggregation,0.8906589168817481,,,0.7984677683504767
6581,1001,13,5,0.65,0.2,1000,restricted_60,aggregation,0.8911802331183994,,,0.8006866447056031
6582,1001,13,5,0.65,0.2,1000,restricted_60,aggregation,0.8909955779890772,,,0.8004617007375341
6583,1001,13,5,0.65,0.2,1000,restricted_60,aggregation,0.8908824077106827,,,0.7998621995134497
6584,1001,13,5,0.65,0.2,1000,restricted_60,aggregation,0.8906949941602681,,,0.7993957585932586
6585,1001,13,5,0.65,0.2,1000,restricted_60,aggregation,0.8910648208171508,,,0.8004299518382852
6586,1001,13,5,0.65,0.2,1000,restricted_60,aggregation,0.890888204421851,,,0.7996206831208915
6587,1001,13,5,0.65,0.2,1000,restricted_60,aggregation,0.8904608287210525,,,0.7995786402563486
6588,1001,13,5,0.65,0.2,1000,restricted_60,aggregation,0.8910043551225064,,,0.7998683157274825
6589,1001,13,5,0.65,0.2,1000,restricted_60,aggregation,0.8910278456661348,,,0.7997439527216611
6590,1001,13,5,0.65,0.2,1000,restricted_60,aggregation,0.8908779230301762,,,0.8005762779658614
6591,1001,13,5,0.65,0.2,1000,restricted_60,aggregation,0.8908182662882772,,,0.7998374809758143
6592,1001,13,5,0.65,0.2,1000,restricted_60,aggregation,0.8908892525380736,,,0.8007176773072607
6593,1001,13,5,0.65,0.2,1000,restricted_60,aggregation,0.8908503736666528,,,0.8001713133394385
6594,1001,13,5,0.65,0.2,1000,restricted_60,aggregation,0.890910780556681,,,0.800619510520344
6595,1001,13,5,0.65,0.2,1000,restricted_60,aggregation,0.8907491651320466,,,0.7995381297020882
6596,1001,13,5,0.65,0.2,1000,restricted_60,aggregation,0.8904582549663669,,,0.7989943971229388
6597,1001,13,5,0.65,0.2,1000,restricted_60,aggregation,0.8909626371475692,,,0.8004691319020487
6598,1001,13,5,0.65,0.2,1000,restricted_60,aggregation,0.8907846564734095,,,0.7993763187738188
6599,1001,13,5,0.65,0.2,1000,restricted_60,aggregation,0.8907098914717456,,,0.7993732697472281
6600,1001,13,5,0.65,0.2,1000,restricted_60,aggregation,0.890945414766725,,,0.799370242226909
6601,1001,13,5,0.65,0.2,1000,restricted_60,aggregation,0.890883642989422,,,0.8002442083610835
6602,1001,13,5,0.65,0.2,1000,restricted_60,aggregation,0.8908315950167226,,,0.799653315126232
6603,1001,13,5,0.65,0.2,1000,restricted_60,aggregation,0.8908826809210902,,,0.7996490928747179
6604,1001,13,5,0.65,0.2,1000,restricted_60,aggregation,0.8910580701872595,,,0.8005279209293793
6605,1001,13,5,0.65,0.2,1000,restricted_60,aggregation,0.8909521782053718,,,0.8003106877150628
6606,1001,13,5,0.65,0.2,1000,restricted_60,aggregation,0.8906918145272573,,,0.7997859717211802
6607,1001,13,5,0.65,0.2,1000,restricted_60,aggregation,0.8909820449843133,,,0.8001947854999939
6608,1001,13,5,0.65,0.2,1000,restricted_60,aggregation,0.891029418694568,,,0.8007464026945277
6609,1001,13,5,0.65,0.2,1000,restricted_60,aggregation,0.890897955389847,,,0.7994584147719566
6610,1001,13,5,0.65,0.2,1000,restricted_60,aggregation,0.8910544162486442,,,0.8002762911856662
6611,1001,13,5,0.65,0.2,1000,restricted_60,aggregation,0.8909901557845381,,,0.8005530169290588
6612,1001,13,5,0.65,0.2,1000,restricted_60,aggregation,0.8912382140922066,,,0.8010714213795465
6613,1001,13,5,0.65,0.2,1000,restricted_60,aggregation,0.8909265915749627,,,0.8000279815863149
6614,1001,13,5,0.65,0.2,1000,restricted_60,aggregation,0.8908266431291463,,,0.7993291976927395
6615,1001,13,5,0.65,0.2,1000,restricted_60,aggregation,0.890786668112111,,,0.7996736700259617
6616,1001,13,5,0.65,0.2,1000,restricted_60,aggregation,0.8907947445090716,,,0.800044696900322
6617,1001,13,5,0.65,0.2,1000,restricted_60,aggregation,0.8909922059835624,,,0.8002869125858709
6618,1001,13,5,0.65,0.2,1000,restricted_60,aggregation,0.8909310789419407,,,0.8004708016905935
6619,1001,13,5,0.65,0.2,1000,restricted_60,aggregation,0.890960140491414,,,0.7995096677242511
6620,1001,13,5,0.65,0.2,1000,restricted_60,aggregation,0.8908323095292476,,,0.8004445934004268
6621,1001,13,5,0.65,0.2,1000,restricted_60,aggregation,0.8910228254745118,,,0.8005474831958167
6622,1001,13,5,0.65,0.2,1000,restricted_60,aggregation,0.8907367379513069,,,0.800258313954564
6623,1001,13,5,0.65,0.2,1000,restricted_60,aggregation,0.8909529571443184,,,0.7997460645835646
6624,1001,13,5,0.65,0.2,1000,restricted_60,aggregation,0.891077433093237,,,0.8006301732680899
6625,1001,13,5,0.65,0.2,1000,restricted_60,aggregation,0.8910685412914651,,,0.8004718476816395
6626,1001,13,5,0.65,0.2,1000,restricted_60,aggregation,0.8909871414562629,,,0.8000332414113664
6627,1001,13,5,0.65,0.2,1000,restricted_60,aggregation,0.8907073744450366,,,0.7992433378812546
6628,1001,13,5,0.65,0.2,1000,restricted_60,aggregation,0.891100135797676,,,0.8006172884985385
6629,1001,13,5,0.65,0.2,1000,restricted_60,aggregation,0.890995938837321,,,0.8001599875279042
6630,1001,13,5,0.65,0.2,1000,restricted_60,aggregation,0.8909152541614636,,,0.8002451667082918
6631,1001,13,5,0.65,0.2,1000,restricted_60,aggregation,0.8909584739560753,,,0.8005405562030562
6632,1001,13,5,0.65,0.2,1000,restricted_60,aggregation,0.8911598518910474,,,0.8010532425290758
6633,1001,13,5,0.65,0.2,1000,restricted_60,aggregation,0.8910776112892007,,,0.8005444795251045
6634,1001,13,5,0.65,0.2,1000,restricted_60,aggregation,0.8906285752764923,,,0.7989324071607405
6635,1001,13,5,0.65,0.2,1000,restricted_60,aggregation,0.8908737953528619,,,0.7993610458214626
6636,1001,13,5,0.65,0.2,1000,restricted_60,aggregation,0.8910089675232086,,,0.7996838536001036
6637,1001,13,5,0.65,0.2,1000,restricted_60,aggregation,0.8909126517863797,,,0.8000946336919253
6638,1001,13,5,0.65,0.2,1000,restricted_60,aggregation,0.8911357781132427,,,0.8006163829765913
6639,1001,13,5,0.65,0.2,1000,restricted_60,aggregation,0.8910327598955148,,,0.8002346426721427
6640,1001,13,5,0.65,0.2,1000,restricted_60,aggregation,0.8909093074909188,,,0.8004885387220805
6641,1001,13,5,0.65,0.2,1000,restricted_60,aggregation,0.8908359118826399,,,0.7996371210964961
6642,1001,13,5,0.65,0.2,1000,restricted_60,aggregation,0.8905810838650857,,,0.7987010865215034
6643,1001,13,5,0.65,0.2,1000,restricted_60,aggregation,0.8908077942372886,,,0.7998236584480335
6644,1001,13,5,0.65,0.2,1000,restricted_60,aggregation,0.8908589085417368,,,0.7996335165991416
6645,1001,13,5,0.65,0.2,1000,restricted_60,aggregation,0.8908935966875104,,,0.8003825018962519
6646,1001,13,5,0.65,0.2,1000,restricted_60,aggregation,0.8907500362586622,,,0.7996583039028873
6647,1001,13,5,0.65,0.2,1000,restricted_60,aggregation,0.8911657196241297,,,0.8016636164915333
6648,1001,13,5,0.65,0.2,1000,restricted_60,aggregation,0.8905356748127091,,,0.798842612534071
6649,1001,13,5,0.65,0.2,1000,restricted_60,aggregation,0.890776481843413,,,0.799643113537697
6650,1001,13,5,0.65,0.2,1000,restricted_60,aggregation,0.8909090986107238,,,0.7994755529655531
6651,1001,13,5,0.65,0.2,1000,restricted_60,aggregation,0.8910539855957895,,,0.8007228397682565
6652,1001,13,5,0.65,0.2,1000,restricted_60,aggregation,0.8911447322415809,,,0.8005640036352537
6653,1001,13,5,0.65,0.2,1000,restricted_60,aggregation,0.8909829109823589,,,0.8001461902603569
6654,1001,13,5,0.65,0.2,1000,restricted_60,aggregation,0.8909437280615276,,,0.7995994878346963
6655,1001,13,5,0.65,0.2,1000,restricted_60,aggregation,0.8909653456979874,,,0.800329020662979
6656,1001,13,5,0.65,0.2,1000,restricted_60,aggregation,0.8910373716357806,,,0.8006731972117389
6657,1001,13,5,0.65,0.2,1000,restricted_60,aggregation,0.8903658184945422,,,0.7988409138392473
6658,1001,13,5,0.65,0.2,1000,restricted_60,aggregation,0.8910464264325162,,,0.7998618334828752
6659,1001,13,5,0.65,0.2,1000,restricted_60,aggregation,0.8905719574556039,,,0.7988514743435579
6660,1001,13,5,0.65,0.2,1000,restricted_60,aggregation,0.8908067765393615,,,0.7994536872155623
6661,1001,13,5,0.65,0.2,1000,restricted_60,aggregation,0.8908760398971662,,,0.8000246960369879
6662,1001,13,5,0.65,0.2,1000,restricted_60,aggregation,0.8908487412493084,,,0.800045769515978
6663,1001,13,5,0.65,0.2,1000,restricted_60,aggregation,0.890632911520055,,,0.7991576409624327
6664,1001,13,5,0.65,0.2,1000,restricted_60,aggregation,0.8910123838033366,,,0.8005810509089676
6665,1001,13,5,0.65,0.2,1000,restricted_60,aggregation,0.8910549179587344,,,0.8002392607469692
6666,1001,13,5,0.65,0.2,1000,restricted_60,aggregation,0.8909093006267058,,,0.79982124330916
6667,1001,13,5,0.65,0.2,1000,restricted_60,aggregation,0.8910130636415707,,,0.800743854895105
6668,1001,13,5,0.65,0.2,1000,restricted_60,aggregation,0.8909408668648492,,,0.7995243241249492
6669,1001,13,5,0.65,0.2,1000,restricted_60,aggregation,0.8909546275558978,,,0.7995854531039949
6670,1001,13,5,0.65,0.2,1000,restricted_60,aggregation,0.8910022438914998,,,0.8003542040752457
6671,1001,13,5,0.65,0.2,1000,restricted_60,aggregation,0.8904224360103425,,,0.7992410257951925
6672,1001,13,5,0.65,0.2,1000,restricted_60,aggregation,0.8906470214409846,,,0.7985784580542914
6673,1001,13,5,0.65,0.2,1000,restricted_60,aggregation,0.8909075511457762,,,0.7996851417486835
6674,1001,13,5,0.65,0.2,1000,restricted_60,aggregation,0.8906595783504109,,,0.7987842944863779
6675,1001,13,5,0.65,0.2,1000,restricted_60,aggregation,0.8906954679238543,,,0.7993262062243314
6676,1001,13,5,0.65,0.2,1000,restricted_60,aggregation,0.8906585235032372,,,0.7992595500872585
6677,1001,13,5,0.65,0.2,1000,restricted_60,aggregation,0.8910243199801338,,,0.8001276862335196
6678,1001,13,5,0.65,0.2,1000,restricted_60,aggregation,0.891016588831908,,,0.8004098171041921
6679,1001,13,5,0.65,0.2,1000,restricted_60,aggregation,0.8910235954316346,,,0.8002989883187801
6680,1001,13,5,0.65,0.2,1000,restricted_60,aggregation,0.8907896174796183,,,0.7999233256789507
6681,1001,13,5,0.65,0.2,1000,restricted_60,aggregation,0.8909734217796244,,,0.8002191162386997
6682,1001,13,5,0.65,0.2,1000,restricted_60,aggregation,0.8910344651778053,,,0.8003631318141735
6683,1001,13,5,0.65,0.2,1000,restricted_60,aggregation,0.890972138654129,,,0.8000031619152453
6684,1001,13,5,0.65,0.2,1000,restricted_60,aggregation,0.8905000129515107,,,0.7988000476606727
6685,1001,13,5,0.65,0.2,1000,restricted_60,aggregation,0.8907396169363121,,,0.7995467340144424
6686,1001,13,5,0.65,0.2,1000,restricted_60,aggregation,0.8908823151674472,,,0.7999977672250589
6687,1001,13,5,0.65,0.2,1000,restricted_60,aggregation,0.8908185020869385,,,0.7993526032069782
6688,1001,13,5,0.65,0.2,1000,restricted_60,aggregation,0.8908130086919871,,,0.7998821503881921
6689,1001,13,5,0.65,0.2,1000,restricted_60,aggregation,0.8907346719042971,,,0.7989525185385602
6690,1001,13,5,0.65,0.2,1000,restricted_60,aggregation,0.891095254844104,,,0.8006920590828924
6691,1001,13,5,0.65,0.2,1000,restricted_60,aggregation,0.8908369622750881,,,0.799836646147063
6692,1001,13,5,0.65,0.2,1000,restricted_60,aggregation,0.8911701411119402,,,0.8009617477275811
6693,1001,13,5,0.65,0.2,1000,restricted_60,aggregation,0.890995043334947,,,0.7997636650617902
6694,1001,13,5,0.65,0.2,1000,restricted_60,aggregation,0.8908125388372063,,,0.7994454904431988
6695,1001,13,5,0.65,0.2,1000,restricted_60,aggregation,0.8907683413208826,,,0.7994684441946943
6696,1001,13,5,0.65,0.2,1000,restricted_60,aggregation,0.8909533805084419,,,0.800347750659834
6697,1001,13,5,0.65,0.2,1000,restricted_60,aggregation,0.8910070504682086,,,0.8000771894848979
6698,1001,13,5,0.65,0.2,1000,restricted_60,aggregation,0.8907641496169159,,,0.7993981876225628
6699,1001,13,5,0.65,0.2,1000,restricted_60,aggregation,0.8909998820789099,,,0.8008436293336294
6700,1001,13,5,0.65,0.2,1000,restricted_60,aggregation,0.8908821641576392,,,0.7998110645758563
6701,1001,13,5,0.65,0.2,1000,restricted_60,aggregation,0.8912230709075559,,,0.801409595235012
6702,1001,13,5,0.65,0.2,1000,restricted_60,aggregation,0.8903477320280236,,,0.79842160652619
6703,1001,13,5,0.65,0.2,1000,restricted_60,aggregation,0.891038117430466,,,0.8002797261766013
6704,1001,13,5,0.65,0.2,1000,restricted_60,aggregation,0.8909180853726693,,,0.7994834910536994
6705,1001,13,5,0.65,0.2,1000,restricted_60,aggregation,0.8907327005010772,,,0.7998370788393705
6706,1001,13,5,0.65,0.2,1000,restricted_60,aggregation,0.8908073704907883,,,0.7994898299077466
6707,1001,13,5,0.65,0.2,1000,restricted_60,aggregation,0.890920673818963,,,0.8003636444188529
6708,1001,13,5,0.65,0.2,1000,restricted_60,aggregation,0.8907000621369794,,,0.7990571172500339
6709,1001,13,5,0.65,0.2,1000,restricted_60,aggregation,0.8906631378039774,,,0.7987517167092169
6710,1001,13,5,0.65,0.2,1000,restricted_60,aggregation,0.8907488317791104,,,0.7992256842771428
6711,1001,13,5,0.65,0.2,1000,restricted_60,aggregation,0.8906630157817643,,,0.799231470551054
6712,1001,13,5,0.65,0.2,1000,restricted_60,aggregation,0.8906423001594045,,,0.7994390331350748
6713,1001,13,5,0.65,0.2,1000,restricted_60,aggregation,0.8907584631037473,,,0.7996312700571034
6714,1001,13,5,0.65,0.2,1000,restricted_60,aggregation,0.8908480987452881,,,0.8002178930251848
6715,1001,13,5,0.65,0.2,1000,restricted_60,aggregation,0.8908820269830464,,,0.8000530505836757
6716,1001,13,5,0.65,0.2,1000,restricted_60,aggregation,0.8911957873498874,,,0.8010592074514992
6717,1001,13,5,0.65,0.2,1000,restricted_60,aggregation,0.8908682922734511,,,0.799829422306089
6718,1001,13,5,0.65,0.2,1000,restricted_60,aggregation,0.8906668055173617,,,0.7992964054926555
6719,1001,13,5,0.65,0.2,1000,restricted_60,aggregation,0.8908080080156376,,,0.8000294688798856
6720,1001,13,5,0.65,0.2,1000,restricted_60,aggregation,0.8911302613958441,,,0.8006884047819466
6721,1001,13,5,0.65,0.2,1000,restricted_60,aggregation,0.8909304363436458,,,0.7999056019828937
6722,1001,13,5,0.65,0.2,1000,restricted_60,aggregation,0.8907793466222459,,,0.7995557284228119
6723,1001,13,5,0.65,0.2,1000,restricted_60,aggregation,0.8908855814004619,,,0.8002887711825212
6724,1001,13,5,0.65,0.2,1000,restricted_60,aggregation,0.8908686812112663,,,0.7995672986504238
6725,1001,13,5,0.65,0.2,1000,restricted_60,aggregation,0.8907564216273905,,,0.7997639120370371
6726,1001,13,5,0.65,0.2,1000,restricted_60,aggregation,0.8908809037144554,,,0.7995181287308372
6727,1001,13,5,0.65,0.2,1000,restricted_60,aggregation,0.8909314271524491,,,0.8005370811827062
6728,1001,13,5,0.65,0.2,1000,restricted_60,aggregation,0.891057947235144,,,0.8005027893017477
6729,1001,13,5,0.65,0.2,1000,restricted_60,aggregation,0.8906825451555288,,,0.7997400617977701
6730,1001,13,5,0.65,0.2,1000,restricted_60,aggregation,0.890889453146861,,,0.8000953946208114
6731,1001,13,5,0.65,0.2,1000,restricted_60,aggregation,0.8907891013642191,,,0.7993982350288601
6732,1001,13,5,0.65,0.2,1000,restricted_60,aggregation,0.8908553554677485,,,0.7998792126469211
6733,1001,13,5,0.65,0.2,1000,restricted_60,aggregation,0.8910269110740126,,,0.8004098945113529
6734,1001,13,5,0.65,0.2,1000,restricted_60,aggregation,0.8909525844135002,,,0.8002696737290487
6735,1001,13,5,0.65,0.2,1000,restricted_60,aggregation,0.8909392973679756,,,0.8001642867394951
6736,1001,13,5,0.65,0.2,1000,restricted_60,aggregation,0.8907828827761026,,,0.7996381164822831
6737,1001,13,5,0.65,0.2,1000,restricted_60,aggregation,0.8909420947813398,,,0.8000056018133103
6738,1001,13,5,0.65,0.2,1000,restricted_60,aggregation,0.8910154145404718,,,0.8007405791045376
6739,1001,13,5,0.65,0.2,1000,restricted_60,aggregation,0.8908962328524505,,,0.7998208796373381
6740,1001,13,5,0.65,0.2,1000,restricted_60,aggregation,0.8907823711722238,,,0.7993453689674523
6741,1001,13,5,0.65,0.2,1000,restricted_60,aggregation,0.8908589522917149,,,0.8002086200604952
6742,1001,13,5,0.65,0.2,1000,restricted_60,aggregation,0.8908830721390726,,,0.7997955610670194
6743,1001,13,5,0.65,0.2,1000,restricted_60,aggregation,0.8907011870949795,,,0.7989398287977456
6744,1001,13,5,0.65,0.2,1000,restricted_60,aggregation,0.8910918121901462,,,0.80061942327734
6745,1001,13,5,0.65,0.2,1000,restricted_60,aggregation,0.8906655413385548,,,0.7994357921707922
6746,1001,13,5,0.65,0.2,1000,restricted_60,aggregation,0.8909273650702714,,,0.8009348679252848
6747,1001,13,5,0.65,0.2,1000,restricted_60,aggregation,0.8908562406516665,,,0.8005802557319225
6748,1001,13,5,0.65,0.2,1000,restricted_60,aggregation,0.891032737653028,,,0.8005481550239884
6749,1001,13,5,0.65,0.2,1000,restricted_60,aggregation,0.8907564002195926,,,0.7989986756761758
6750,1001,13,5,0.65,0.2,1000,restricted_60,aggregation,0.8909008417409336,,,0.7998382209071794
6751,1001,13,5,0.65,0.2,1000,restricted_60,aggregation,0.8906912913730904,,,0.7993641958119042
6752,1001,13,5,0.65,0.2,1000,restricted_60,aggregation,0.8909865458984176,,,0.7997846026658528
6753,1001,13,5,0.65,0.2,1000,restricted_60,aggregation,0.8908588108902393,,,0.8001229618606703
6754,1001,13,5,0.65,0.2,1000,restricted_60,aggregation,0.8908410690280344,,,0.7996323128337711
6755,1001,13,5,0.65,0.2,1000,restricted_60,aggregation,0.890855910196105,,,0.7995302389277389
6756,1001,13,5,0.65,0.2,1000,restricted_60,aggregation,0.8905837401957292,,,0.7991648485465153
6757,1001,13,5,0.65,0.2,1000,restricted_60,aggregation,0.8907821803962092,,,0.79944338148734
6758,1001,13,5,0.65,0.2,1000,restricted_60,aggregation,0.8910616506518726,,,0.7998404824265243
6759,1001,13,5,0.65,0.2,1000,restricted_60,aggregation,0.8910604013186411,,,0.8011408031089281
6760,1001,13,5,0.65,0.2,1000,restricted_60,aggregation,0.8908641266849333,,,0.7999634381128131
6761,1001,13,5,0.65,0.2,1000,restricted_60,aggregation,0.8908141454340526,,,0.7997090278625696
6762,1001,13,5,0.65,0.2,1000,restricted_60,aggregation,0.8906198649620999,,,0.7991997534332951
6763,1001,13,5,0.65,0.2,1000,restricted_60,aggregation,0.8908834240106406,,,0.7996274185151268
6764,1001,13,5,0.65,0.2,1000,restricted_60,aggregation,0.8908649035989554,,,0.800594293607627
6765,1001,13,5,0.65,0.2,1000,restricted_60,aggregation,0.8908238599146233,,,0.7998012306135223
6766,1001,13,5,0.65,0.2,1000,restricted_60,aggregation,0.8906827038184052,,,0.800545584222876
6767,1001,13,5,0.65,0.2,1000,restricted_60,aggregation,0.8907602844483794,,,0.7997175664227748
6768,1001,13,5,0.65,0.2,1000,restricted_60,aggregation,0.8908989636726992,,,0.8006369534786203
6769,1001,13,5,0.65,0.2,1000,restricted_60,aggregation,0.8907151685348345,,,0.7993181008883093
6770,1001,13,5,0.65,0.2,1000,restricted_60,aggregation,0.8907272811236262,,,0.799369374051874
6771,1001,13,5,0.65,0.2,1000,restricted_60,aggregation,0.890879734720039,,,0.8000873596927764
6772,1001,13,5,0.65,0.2,1000,restricted_60,aggregation,0.8908979119405891,,,0.7993768473270557
6773,1001,13,5,0.65,0.2,1000,restricted_60,aggregation,0.8907180152175539,,,0.7996761194207028
6774,1001,13,5,0.65,0.2,1000,restricted_60,aggregation,0.8909482559502555,,,0.7999801220769971
6775,1001,13,5,0.65,0.2,1000,restricted_60,aggregation,0.8908134879619082,,,0.7994063946547281
6776,1001,13,5,0.65,0.2,1000,restricted_60,aggregation,0.8908851315273529,,,0.7997825830882082
6777,1001,13,5,0.65,0.2,1000,restricted_60,aggregation,0.8908475998882204,,,0.8001417998590917
6778,1001,13,5,0.65,0.2,1000,restricted_60,aggregation,0.8910926886367964,,,0.8007564426545677
6779,1001,13,5,0.65,0.2,1000,restricted_60,aggregation,0.8907335585975853,,,0.7991461421217672
6780,1001,13,5,0.65,0.2,1000,restricted_60,aggregation,0.8909592171140939,,,0.7998826097976097
6781,1001,13,5,0.65,0.2,1000,restricted_60,aggregation,0.8908836818158301,,,0.7996776101521935
6782,1001,13,5,0.65,0.2,1000,restricted_60,aggregation,0.8907229286284867,,,0.7995855604041021
6783,1001,13,5,0.65,0.2,1000,restricted_60,aggregation,0.8908560954178089,,,0.7996861753370088
6784,1001,13,5,0.65,0.2,1000,restricted_60,aggregation,0.8907634974533385,,,0.7994901916062332
6785,1001,13,5,0.65,0.2,1000,restricted_60,aggregation,0.8908765509380162,,,0.8003191103109855
6786,1001,13,5,0.65,0.2,1000,restricted_60,aggregation,0.8907716749062872,,,0.8005370491622577
6787,1001,13,5,0.65,0.2,1000,restricted_60,aggregation,0.8909608971699932,,,0.8005482467455384
6788,1001,13,5,0.65,0.2,1000,restricted_60,aggregation,0.8908410979693706,,,0.7999066202162035
6789,1001,13,5,0.65,0.2,1000,restricted_60,aggregation,0.8907894689165023,,,0.7989532664557666
6790,1001,13,5,0.65,0.2,1000,restricted_60,aggregation,0.8907780249805064,,,0.7994524925152008
6791,1001,13,5,0.65,0.2,1000,restricted_60,aggregation,0.8908345483679038,,,0.7997817545957129
6792,1001,13,5,0.65,0.2,1000,restricted_60,aggregation,0.8906717032905228,,,0.7992688888503472
6793,1001,13,5,0.65,0.2,1000,restricted_60,aggregation,0.8910270824231125,,,0.7999143909100159
6794,1001,13,5,0.65,0.2,1000,restricted_60,aggregation,0.8911481218527917,,,0.8012085624483541
6795,1001,13,5,0.65,0.2,1000,restricted_60,aggregation,0.8910763455796427,,,0.8001240867542951
6796,1001,13,5,0.65,0.2,1000,restricted_60,aggregation,0.8909666918660151,,,0.8008583904983905
6797,1001,13,5,0.65,0.2,1000,restricted_60,aggregation,0.8909795971839005,,,0.8000159984537069
6798,1001,13,5,0.65,0.2,1000,restricted_60,aggregation,0.8909151899857305,,,0.7999681997940332
6799,1001,13,5,0.65,0.2,1000,restricted_60,aggregation,0.8908273058906898,,,0.7992753921849756
6800,1001,13,5,0.65,0.2,1000,restricted_60,aggregation,0.8905884259465692,,,0.7993406901971484
6801,1001,13,5,0.65,0.2,1000,restricted_60,aggregation,0.8908792061967399,,,0.7997005618378538
6802,1001,13,5,0.65,0.2,1000,restricted_60,aggregation,0.890934204112621,,,0.7998579940507023
6803,1001,13,5,0.65,0.2,1000,restricted_60,aggregation,0.891085424641642,,,0.8004353390051308
6804,1001,13,5,0.65,0.2,1000,restricted_60,aggregation,0.8907401109215558,,,0.7991210500764667
6805,1001,13,5,0.65,0.2,1000,restricted_60,aggregation,0.8906974651670386,,,0.7988792750690669
6806,1001,13,5,0.65,0.2,1000,restricted_60,aggregation,0.8909154014094419,,,0.8004162996262996
6807,1001,13,5,0.65,0.2,1000,restricted_60,aggregation,0.8910142346523797,,,0.8000066078057745
6808,1001,13,5,0.65,0.2,1000,restricted_60,aggregation,0.8908939454925845,,,0.8003326163342832
6809,1001,13,5,0.65,0.2,1000,restricted_60,aggregation,0.8908295604982801,,,0.799433376338168
6810,1001,13,5,0.65,0.2,1000,restricted_60,aggregation,0.8908170487152017,,,0.7995040840178341
6811,1001,13,5,0.65,0.2,1000,restricted_60,aggregation,0.8910370471366497,,,0.7999171790092624
6812,1001,13,5,0.65,0.2,1000,restricted_60,aggregation,0.8911580457070462,,,0.800536261932512
6813,1001,13,5,0.65,0.2,1000,restricted_60,aggregation,0.8907242947008669,,,0.799763232947608
6814,1001,13,5,0.65,0.2,1000,restricted_60,aggregation,0.8910489576690883,,,0.8002223071758489
6815,1001,13,5,0.65,0.2,1000,restricted_60,aggregation,0.8909097069947975,,,0.8001845420782921
6816,1001,13,5,0.65,0.2,1000,restricted_60,aggregation,0.8905883111674551,,,0.7989109284773869
6817,1001,13,5,0.65,0.2,1000,restricted_60,aggregation,0.8907865197527863,,,0.7995505167903085
6818,1001,13,5,0.65,0.2,1000,restricted_60,aggregation,0.8909275405724906,,,0.8003855096446764
6819,1001,13,5,0.65,0.2,1000,restricted_60,aggregation,0.891034108095949,,,0.8000990225283976
6820,1001,13,5,0.65,0.2,1000,restricted_60,aggregation,0.8908785969298785,,,0.7998090592278092
6821,1001,13,5,0.65,0.2,1000,restricted_60,aggregation,0.8910851259905426,,,0.8003155491036742
6822,1001,13,5,0.65,0.2,1000,restricted_60,aggregation,0.8909620142824042,,,0.799743046683255
6823,1001,13,5,0.65,0.2,1000,restricted_60,aggregation,0.8910108190504958,,,0.8001394574792493
6824,1001,13,5,0.65,0.2,1000,restricted_60,aggregation,0.8909920116661978,,,0.7997292974617976
6825,1001,13,5,0.65,0.2,1000,restricted_60,aggregation,0.890795808264562,,,0.7993959309517644
6826,1001,13,5,0.65,0.2,1000,restricted_60,aggregation,0.8910410681498675,,,0.7998654396375231
6827,1001,13,5,0.65,0.2,1000,restricted_60,aggregation,0.8907323122417846,,,0.7993785050905885
6828,1001,13,5,0.65,0.2,1000,restricted_60,aggregation,0.8908904657097422,,,0.8000170961445963
6829,1001,13,5,0.65,0.2,1000,restricted_60,aggregation,0.8908902237036724,,,0.7994976279045031
6830,1001,13,5,0.65,0.2,1000,restricted_60,aggregation,0.8909723978282649,,,0.7998897000838668
6831,1001,13,5,0.65,0.2,1000,restricted_60,aggregation,0.8910471015961255,,,0.8003529931179932
6832,1001,13,5,0.65,0.2,1000,restricted_60,aggregation,0.8906431758635311,,,0.7988080961708045
6833,1001,13,5,0.65,0.2,1000,restricted_60,aggregation,0.8910867224952767,,,0.8012364597208349
6834,1001,13,5,0.65,0.2,1000,restricted_60,aggregation,0.8908862229362253,,,0.7995084092527843
6835,1001,13,5,0.65,0.2,1000,restricted_60,aggregation,0.8908736938196306,,,0.7993681437004354
6836,1001,13,5,0.65,0.2,1000,restricted_60,aggregation,0.8907437216389037,,,0.7997698680563264
6837,1001,13,5,0.65,0.2,1000,restricted_60,aggregation,0.891094120542812,,,0.8004473176669011
6838,1001,13,5,0.65,0.2,1000,restricted_60,aggregation,0.8908134559425688,,,0.8000415255346506
6839,1001,13,5,0.65,0.2,1000,restricted_60,aggregation,0.8908748695350173,,,0.7993182913305831
6840,1001,13,5,0.65,0.2,1000,restricted_60,aggregation,0.8907193624261157,,,0.7993217409288244
6841,1001,13,5,0.65,0.2,1000,restricted_60,aggregation,0.891184147252128,,,0.8005383906140158
6842,1001,13,5,0.65,0.2,1000,restricted_60,aggregation,0.8911371649730958,,,0.8006570698437365
6843,1001,13,5,0.65,0.2,1000,restricted_60,aggregation,0.891134491113987,,,0.8010131775092194
6844,1001,13,5,0.65,0.2,1000,restricted_60,aggregation,0.8908157301999688,,,0.7992045997598082
6845,1001,13,5,0.65,0.2,1000,restricted_60,aggregation,0.8909397389289813,,,0.7996242021635773
6846,1001,13,5,0.65,0.2,1000,restricted_60,aggregation,0.8909803389348281,,,0.8003746988813657
6847,1001,13,5,0.65,0.2,1000,restricted_60,aggregation,0.8909112413866593,,,0.7996361511636513
6848,1001,13,5,0.65,0.2,1000,restricted_60,aggregation,0.8908950155790879,,,0.8004256820494321
6849,1001,13,5,0.65,0.2,1000,restricted_60,aggregation,0.8907222759895638,,,0.8001060857892109
6850,1001,13,5,0.65,0.2,1000,restricted_60,aggregation,0.8910557915606109,,,0.8001112765629433
6851,1001,13,5,0.65,0.2,1000,restricted_60,aggregation,0.8909042263436348,,,0.7995087209318459
6852,1001,13,5,0.65,0.2,1000,restricted_60,aggregation,0.8908036739318299,,,0.7991949140288723
6853,1001,13,5,0.65,0.2,1000,restricted_60,aggregation,0.8906578234860284,,,0.7998580486180488
6854,1001,13,5,0.65,0.2,1000,restricted_60,aggregation,0.8909406638134121,,,0.8000920471118389
6855,1001,13,5,0.65,0.2,1000,restricted_60,aggregation,0.8907579996575421,,,0.799322796069671
6856,1001,13,5,0.65,0.2,1000,restricted_60,aggregation,0.891039527334369,,,0.8004823774450859
6857,1001,13,5,0.65,0.2,1000,restricted_60,aggregation,0.890973956457824,,,0.8001170876268794
6858,1001,13,5,0.65,0.2,1000,restricted_60,aggregation,0.891059650564888,,,0.8004986616547034
6859,1001,13,5,0.65,0.2,1000,restricted_60,aggregation,0.8908454898274459,,,0.7996716463706047
6860,1001,13,5,0.65,0.2,1000,restricted_60,aggregation,0.8909872566428815,,,0.8004399217063801
6861,1001,13,5,0.65,0.2,1000,restricted_60,aggregation,0.8906947756795367,,,0.7993501109615694
6862,1001,13,5,0.65,0.2,1000,restricted_60,aggregation,0.8907100213095779,,,0.7990182452347037
6863,1001,13,5,0.65,0.2,1000,restricted_60,aggregation,0.8907422096778567,,,0.8000163053381804
6864,1001,13,5,0.65,0.2,1000,restricted_60,aggregation,0.8908546936433227,,,0.7997269208877543
6865,1001,13,5,0.65,0.2,1000,restricted_60,aggregation,0.8910266108525273,,,0.80013885663719
6866,1001,13,5,0.65,0.2,1000,restricted_60,aggregation,0.8909974403169529,,,0.8001902357904442
6867,1001,13,5,0.65,0.2,1000,restricted_60,aggregation,0.8909054963258162,,,0.8006508909531826
6868,1001,13,5,0.65,0.2,1000,restricted_60,aggregation,0.8909267450027294,,,0.8006707119346703
6869,1001,13,5,0.65,0.2,1000,restricted_60,aggregation,0.8906542695495279,,,0.8000307536984621
6870,1001,13,5,0.65,0.2,1000,restricted_60,aggregation,0.8909931374127721,,,0.8004929441931526
6871,1001,13,5,0.65,0.2,1000,restricted_60,aggregation,0.8908885145926922,,,0.8000315729871981
6872,1001,13,5,0.65,0.2,1000,restricted_60,aggregation,0.8909923524241921,,,0.7995277059129143
6873,1001,13,5,0.65,0.2,1000,restricted_60,aggregation,0.8906941601332177,,,0.8001419364817282
6874,1001,13,5,0.65,0.2,1000,restricted_60,aggregation,0.8907036516986381,,,0.7989918644318645
6875,1001,13,5,0.65,0.2,1000,restricted_60,aggregation,0.890764687606687,,,0.7990144644090479
6876,1001,13,5,0.65,0.2,1000,restricted_60,aggregation,0.8906690288702165,,,0.7990660767858686
6877,1001,13,5,0.65,0.2,1000,restricted_60,aggregation,0.8907545374312481,,,0.7995406497206498
6878,1001,13,5,0.65,0.2,1000,restricted_60,aggregation,0.8908895122460786,,,0.8000265215186049
6879,1001,13,5,0.65,0.2,1000,restricted_60,aggregation,0.8907073073730107,,,0.7991996185989938
6880,1001,13,5,0.65,0.2,1000,restricted_60,aggregation,0.8910640657128442,,,0.8002512251097669
6881,1001,13,5,0.65,0.2,1000,restricted_60,aggregation,0.8907574093826032,,,0.7996279098216599
6882,1001,13,5,0.65,0.2,1000,restricted_60,aggregation,0.890519049963847,,,0.7991380310353228
6883,1001,13,5,0.65,0.2,1000,restricted_60,aggregation,0.890834966900795,,,0.7995913080052663
6884,1001,13,5,0.65,0.2,1000,restricted_60,aggregation,0.8909819134337859,,,0.7998735552641804
6885,1001,13,5,0.65,0.2,1000,restricted_60,aggregation,0.8908510356178002,,,0.800064450896326
6886,1001,13,5,0.65,0.2,1000,restricted_60,aggregation,0.8909165609849719,,,0.8002279623540041
6887,1001,13,5,0.65,0.2,1000,restricted_60,aggregation,0.8909653882448008,,,0.8004107610984694
6888,1001,13,5,0.65,0.2,1000,restricted_60,aggregation,0.8911042156410357,,,0.8013095848904183
6889,1001,13,5,0.65,0.2,1000,restricted_60,aggregation,0.8909482300466929,,,0.7998998320275404
6890,1001,13,5,0.65,0.2,1000,restricted_60,aggregation,0.8907856023101497,,,0.7991181850788102
6891,1001,13,5,0.65,0.2,1000,restricted_60,aggregation,0.8909712602134529,,,0.7998297324357743
6892,1001,13,5,0.65,0.2,1000,restricted_60,aggregation,0.8907639736699924,,,0.7996935882173383
6893,1001,13,5,0.65,0.2,1000,restricted_60,aggregation,0.8909494155694787,,,0.8004656814635981
6894,1001,13,5,0.65,0.2,1000,restricted_60,aggregation,0.8911155576074322,,,0.8010013022933858
6895,1001,13,5,0.65,0.2,1000,restricted_60,aggregation,0.8909318419282045,,,0.7998493452689286
6896,1001,13,5,0.65,0.2,1000,restricted_60,aggregation,0.8907133425807271,,,0.7991812918794169
6897,1001,13,5,0.65,0.2,1000,restricted_60,aggregation,0.8909046061742558,,,0.7994136841399343
6898,1001,13,5,0.65,0.2,1000,restricted_60,aggregation,0.8909467473928337,,,0.7998412321783155
6899,1001,13,5,0.65,0.2,1000,restricted_60,aggregation,0.8910417893233049,,,0.8010008667027418
6900,1001,13,5,0.65,0.2,1000,restricted_60,aggregation,0.8909094884312667,,,0.7993435985002653
6901,1001,13,5,0.65,0.2,1000,restricted_60,aggregation,0.890912146107733,,,0.7997333373956291
6902,1001,13,5,0.65,0.2,1000,restricted_60,aggregation,0.8908975821835383,,,0.7995450829494579
6903,1001,13,5,0.65,0.2,1000,restricted_60,aggregation,0.8911719877741721,,,0.800983392517976
6904,1001,13,5,0.65,0.2,1000,restricted_60,aggregation,0.8910527593146051,,,0.800166881166673
6905,1001,13,5,0.65,0.2,1000,restricted_60,aggregation,0.8908287250474299,,,0.7991390659648994
6906,1001,13,5,0.65,0.2,1000,restricted_60,aggregation,0.8906993004979293,,,0.7993552310883562
6907,1001,13,5,0.65,0.2,1000,restricted_60,aggregation,0.890861469125623,,,0.7997340037354622
6908,1001,13,5,0.65,0.2,1000,restricted_60,aggregation,0.8910015509786912,,,0.7999283366325034
6909,1001,13,5,0.65,0.2,1000,restricted_60,aggregation,0.8907710715305814,,,0.8000365578865579
6910,1001,13,5,0.65,0.2,1000,restricted_60,aggregation,0.8909797518870931,,,0.8000188708128292
6911,1001,13,5,0.65,0.2,1000,restricted_60,aggregation,0.8907570224844445,,,0.7993565008294177
6912,1001,13,5,0.65,0.2,1000,restricted_60,aggregation,0.8909082925865577,,,0.7994819962290797
6913,1001,13,5,0.65,0.2,1000,restricted_60,aggregation,0.8909400033406136,,,0.7995354431910683
6914,1001,13,5,0.65,0.2,1000,restricted_60,aggregation,0.8910163068631306,,,0.8002873524315192
6915,1001,13,5,0.65,0.2,1000,restricted_60,aggregation,0.8908494000934751,,,0.8001134466305301
6916,1001,13,5,0.65,0.2,1000,restricted_60,aggregation,0.8907081391366966,,,0.8000876287678371
6917,1001,13,5,0.65,0.2,1000,restricted_60,aggregation,0.8909716028322621,,,0.7999502030762449
6918,1001,13,5,0.65,0.2,1000,restricted_60,aggregation,0.89085816937701,,,0.7992088696334531
6919,1001,13,5,0.65,0.2,1000,restricted_60,aggregation,0.8909244425835235,,,0.7996803182619849
6920,1001,13,5,0.65,0.2,1000,restricted_60,aggregation,0.8908303924866092,,,0.7999116300751719
6921,1001,13,5,0.65,0.2,1000,restricted_60,aggregation,0.8909789619656973,,,0.7999621518604854
6922,1001,13,5,0.65,0.2,1000,restricted_60,aggregation,0.8909300171003554,,,0.8005325406306657
6923,1001,13,5,0.65,0.2,1000,restricted_60,aggregation,0.8906912366277343,,,0.7991576590384925
6924,1001,13,5,0.65,0.2,1000,restricted_60,aggregation,0.8907843163434991,,,0.8000956244141662
6925,1001,13,5,0.65,0.2,1000,restricted_60,aggregation,0.8907908868970804,,,0.7994855882928801
6926,1001,13,5,0.65,0.2,1000,restricted_60,aggregation,0.8910311536079106,,,0.7997859865289032
6927,1001,13,5,0.65,0.2,1000,restricted_60,aggregation,0.8908036818072006,,,0.7994358639354473
6928,1001,13,5,0.65,0.2,1000,restricted_60,aggregation,0.8906748859256959,,,0.7992982858114108
6929,1001,13,5,0.65,0.2,1000,restricted_60,aggregation,0.8911820307373937,,,0.8012456062301896
6930,1001,13,5,0.65,0.2,1000,restricted_60,aggregation,0.8907243960940562,,,0.7994290173561008
6931,1001,13,5,0.65,0.2,1000,restricted_60,aggregation,0.890780057628042,,,0.8000257643668061
6932,1001,13,5,0.65,0.2,1000,restricted_60,aggregation,0.8907843666726247,,,0.7997264713527215
6933,1001,13,5,0.65,0.2,1000,restricted_60,aggregation,0.89077455804436,,,0.7997688501390585
6934,1001,13,5,0.65,0.2,1000,restricted_60,aggregation,0.8908950548705878,,,0.7996936763313847
6935,1001,13,5,0.65,0.2,1000,restricted_60,aggregation,0.8909615004244311,,,0.8000448559156893
6936,1001,13,5,0.65,0.2,1000,restricted_60,aggregation,0.8909203202587009,,,0.8001180211994795
6937,1001,13,5,0.65,0.2,1000,restricted_60,aggregation,0.8907872860236541,,,0.7991371234552485
6938,1001,13,5,0.65,0.2,1000,restricted_60,aggregation,0.8906701621563057,,,0.800048402800903
6939,1001,13,5,0.65,0.2,1000,restricted_60,aggregation,0.8907314337240042,,,0.7994084094532011
6940,1001,13,5,0.65,0.2,1000,restricted_60,aggregation,0.8907730761272942,,,0.79997160173931
6941,1001,13,5,0.65,0.2,1000,restricted_60,aggregation,0.890954134421649,,,0.7994465813969981
6942,1001,13,5,0.65,0.2,1000,restricted_60,aggregation,0.8907583257749089,,,0.7994981859575611
6943,1001,13,5,0.65,0.2,1000,restricted_60,aggregation,0.8910429807128393,,,0.8006639528604114
6944,1001,13,5,0.65,0.2,1000,restricted_60,aggregation,0.8906611937657329,,,0.7991937560510477
6945,1001,13,5,0.65,0.2,1000,restricted_60,aggregation,0.8908135383036543,,,0.7996305480861731
6946,1001,13,5,0.65,0.2,1000,restricted_60,aggregation,0.8908759390163926,,,0.7997031127899878
6947,1001,13,5,0.65,0.2,1000,restricted_60,aggregation,0.890867310562008,,,0.8001561286861287
6948,1001,13,5,0.65,0.2,1000,restricted_60,aggregation,0.8907069911508427,,,0.8002122927458345
6949,1001,13,5,0.65,0.2,1000,restricted_60,aggregation,0.8905049672682335,,,0.79880160336577
6950,1001,13,5,0.65,0.2,1000,restricted_60,aggregation,0.8910226515900612,,,0.801001385975136
6951,1001,13,5,0.65,0.2,1000,restricted_60,aggregation,0.8907946856462597,,,0.7993212189353857
6952,1001,13,5,0.65,0.2,1000,restricted_60,aggregation,0.8909913312728256,,,0.7999064946781614
6953,1001,13,5,0.65,0.2,1000,restricted_60,aggregation,0.890982157440807,,,0.8001399994064577
6954,1001,13,5,0.65,0.2,1000,restricted_60,aggregation,0.8908746254334728,,,0.8000260807942059
6955,1001,13,5,0.65,0.2,1000,restricted_60,aggregation,0.8909250114140862,,,0.8000750903109237
6956,1001,13,5,0.65,0.2,1000,restricted_60,aggregation,0.8907221525661658,,,0.7994411109184026
6957,1001,13,5,0.65,0.2,1000,restricted_60,aggregation,0.8908656742455401,,,0.800036441845192
6958,1001,13,5,0.65,0.2,1000,restricted_60,aggregation,0.8906336344910146,,,0.7992394799490633
6959,1001,13,5,0.65,0.2,1000,restricted_60,aggregation,0.8908693890308823,,,0.7999055156340573
6960,1001,13,5,0.65,0.2,1000,restricted_60,aggregation,0.890877446732316,,,0.7998967255121423
6961,1001,13,5,0.65,0.2,1000,restricted_60,aggregation,0.8909670029564927,,,0.8006262266899767
6962,1001,13,5,0.65,0.2,1000,restricted_60,aggregation,0.8907930092918105,,,0.7999234144636228
6963,1001,13,5,0.65,0.2,1000,restricted_60,aggregation,0.8910899238894033,,,0.8002741746602164
6964,1001,13,5,0.65,0.2,1000,restricted_60,aggregation,0.8909514658312934,,,0.8007611428848931
6965,1001,13,5,0.65,0.2,1000,restricted_60,aggregation,0.890928508264694,,,0.8003050226085644
6966,1001,13,5,0.65,0.2,1000,restricted_60,aggregation,0.8910535524770823,,,0.8003575457875459
6967,1001,13,5,0.65,0.2,1000,restricted_60,aggregation,0.8909527559267209,,,0.8002811499071917
6968,1001,13,5,0.65,0.2,1000,restricted_60,aggregation,0.8906062792758128,,,0.7992038668661586
6969,1001,13,5,0.65,0.2,1000,restricted_60,aggregation,0.8911161892863595,,,0.8008405054667556
6970,1001,13,5,0.65,0.2,1000,restricted_60,aggregation,0.8909645587891013,,,0.8004221139662807
6971,1001,13,5,0.65,0.2,1000,restricted_60,aggregation,0.8911246336990644,,,0.8011875202652288
6972,1001,13,5,0.65,0.2,1000,restricted_60,aggregation,0.8909351155547581,,,0.799958329594788
6973,1001,13,5,0.65,0.2,1000,restricted_60,aggregation,0.8907262663923969,,,0.7991287526131278
6974,1001,13,5,0.65,0.2,1000,restricted_60,aggregation,0.8909474647138692,,,0.7997320817145819
6975,1001,13,5,0.65,0.2,1000,restricted_60,aggregation,0.890818687595603,,,0.7996431582769084
6976,1001,13,5,0.65,0.2,1000,restricted_60,aggregation,0.89064215969037,,,0.7992344279485948
6977,1001,13,5,0.65,0.2,1000,restricted_60,aggregation,0.8909455240184233,,,0.8001472082392915
6978,1001,13,5,0.65,0.2,1000,restricted_60,aggregation,0.8910642354672599,,,0.7999532851716186
6979,1001,13,5,0.65,0.2,1000,restricted_60,aggregation,0.8910588664528543,,,0.8006950711788212
6980,1001,13,5,0.65,0.2,1000,restricted_60,aggregation,0.8910314486886285,,,0.8004306038945623
6981,1001,13,5,0.65,0.2,1000,restricted_60,aggregation,0.891084567020499,,,0.8005677737077737
6982,1001,13,5,0.65,0.2,1000,restricted_60,aggregation,0.8909075511819211,,,0.7996735742883659
6983,1001,13,5,0.65,0.2,1000,restricted_60,aggregation,0.8908988795923197,,,0.8003076984512403
6984,1001,13,5,0.65,0.2,1000,restricted_60,aggregation,0.8909219560450516,,,0.7999128566572318
6985,1001,13,5,0.65,0.2,1000,restricted_60,aggregation,0.8907731959556198,,,0.7995337036497454
6986,1001,13,5,0.65,0.2,1000,restricted_60,aggregation,0.8908584631981022,,,0.7993663464775965
6987,1001,13,5,0.65,0.2,1000,restricted_60,aggregation,0.8910466989833669,,,0.8000568270464103
6988,1001,13,5,0.65,0.2,1000,restricted_60,aggregation,0.8907983525156111,,,0.799864522637856
6989,1001,13,5,0.65,0.2,1000,restricted_60,aggregation,0.890871513240197,,,0.7998794820148988
6990,1001,13,5,0.65,0.2,1000,restricted_60,aggregation,0.890879885634081,,,0.7997372106982524
6991,1001,13,5,0.65,0.2,1000,restricted_60,aggregation,0.8906996610690239,,,0.7998820131488882
6992,1001,13,5,0.65,0.2,1000,restricted_60,aggregation,0.8908656577586016,,,0.8000487989248407
6993,1001,13,5,0.65,0.2,1000,restricted_60,aggregation,0.8905804337662127,,,0.7995170835645836
6994,1001,13,5,0.65,0.2,1000,restricted_60,aggregation,0.891019923597386,,,0.7999495240176491
6995,1001,13,5,0.65,0.2,1000,restricted_60,aggregation,0.891084309545056,,,0.8001516721550056
6996,1001,13,5,0.65,0.2,1000,restricted_60,aggregation,0.8910129157631714,,,0.8006587968590053
6997,1001,13,5,0.65,0.2,1000,restricted_60,aggregation,0.8910268798809783,,,0.8003625030833366
6998,1001,13,5,0.65,0.2,1000,restricted_60,aggregation,0.8911081968249062,,,0.8011418417230917
6999,1001,13,5,0.65,0.2,1000,restricted_60,aggregation,0.8910076460098106,,,0.7999673199331532
7000,1001,13,5,0.65,0.2,1000,restricted_70,aggregation,0.8916667451474154,,,0.8064482768697352
7001,1001,13,5,0.65,0.2,1000,restricted_70,aggregation,0.891679909530791,,,0.8062475031989617
7002,1001,13,5,0.65,0.2,1000,restricted_70,aggregation,0.8914909823901513,,,0.8062742934842936
7003,1001,13,5,0.65,0.2,1000,restricted_70,aggregation,0.8916436568170527,,,0.8066422650035151
7004,1001,13,5,0.65,0.2,1000,restricted_70,aggregation,0.8915658530739896,,,0.8062105046805047
7005,1001,13,5,0.65,0.2,1000,restricted_70,aggregation,0.891709140376131,,,0.8065408419666754
7006,1001,13,5,0.65,0.2,1000,restricted_70,aggregation,0.891608339601819,,,0.8064441973073224
7007,1001,13,5,0.65,0.2,1000,restricted_70,aggregation,0.8917019688158682,,,0.8058598161175244
7008,1001,13,5,0.65,0.2,1000,restricted_70,aggregation,0.8916735731755837,,,0.8069957881547465
7009,1001,13,5,0.65,0.2,1000,restricted_70,aggregation,0.8916706040332634,,,0.8054548772446689
7010,1001,13,5,0.65,0.2,1000,restricted_70,aggregation,0.8917793420247206,,,0.806282897303314
7011,1001,13,5,0.65,0.2,1000,restricted_70,aggregation,0.8915560038732254,,,0.8061057076488328
7012,1001,13,5,0.65,0.2,1000,restricted_70,aggregation,0.8917196272330424,,,0.807158657985533
7013,1001,13,5,0.65,0.2,1000,restricted_70,aggregation,0.8916139454508071,,,0.807092874270791
7014,1001,13,5,0.65,0.2,1000,restricted_70,aggregation,0.8915177749978889,,,0.8064478675799509
7015,1001,13,5,0.65,0.2,1000,restricted_70,aggregation,0.891684814433958,,,0.806516027298319
7016,1001,13,5,0.65,0.2,1000,restricted_70,aggregation,0.8916079581318942,,,0.8060886810565978
7017,1001,13,5,0.65,0.2,1000,restricted_70,aggregation,0.8915532315022713,,,0.806419828743787
7018,1001,13,5,0.65,0.2,1000,restricted_70,aggregation,0.8916096865112672,,,0.8063257532899201
7019,1001,13,5,0.65,0.2,1000,restricted_70,aggregation,0.8913035873369121,,,0.8060680562338897
7020,1001,13,5,0.65,0.2,1000,restricted_70,aggregation,0.8916019119336448,,,0.805922032697241
7021,1001,13,5,0.65,0.2,1000,restricted_70,aggregation,0.8916970523692681,,,0.8063109323932243
7022,1001,13,5,0.65,0.2,1000,restricted_70,aggregation,0.8916280078401556,,,0.8058966074203575
7023,1001,13,5,0.65,0.2,1000,restricted_70,aggregation,0.8916706432706345,,,0.8066584901132818
7024,1001,13,5,0.65,0.2,1000,restricted_70,aggregation,0.8915115014671561,,,0.8064750204116872
7025,1001,13,5,0.65,0.2,1000,restricted_70,aggregation,0.8917585590198183,,,0.8067633808090059
7026,1001,13,5,0.65,0.2,1000,restricted_70,aggregation,0.8916954992677731,,,0.8063836997570333
7027,1001,13,5,0.65,0.2,1000,restricted_70,aggregation,0.8917212360820153,,,0.8062567237700572
7028,1001,13,5,0.65,0.2,1000,restricted_70,aggregation,0.8915935258274197,,,0.8061819148598316
7029,1001,13,5,0.65,0.2,1000,restricted_70,aggregation,0.8918073583745516,,,0.8066271880665632
7030,1001,13,5,0.65,0.2,1000,restricted_70,aggregation,0.8916292817086598,,,0.8062018868400119
7031,1001,13,5,0.65,0.2,1000,restricted_70,aggregation,0.8916670464719866,,,0.8059802960619628
7032,1001,13,5,0.65,0.2,1000,restricted_70,aggregation,0.891567820688527,,,0.8063972944108361
7033,1001,13,5,0.65,0.2,1000,restricted_70,aggregation,0.8917343334998196,,,0.8062666602070769
7034,1001,13,5,0.65,0.2,1000,restricted_70,aggregation,0.8914665398668913,,,0.8059708503302254
7035,1001,13,5,0.65,0.2,1000,restricted_70,aggregation,0.8916543705587894,,,0.8059440080367165
7036,1001,13,5,0.65,0.2,1000,restricted_70,aggregation,0.8916621369605382,,,0.8063973935323935
7037,1001,13,5,0.65,0.2,1000,restricted_70,aggregation,0.8914719013049314,,,0.8062886043663128
7038,1001,13,5,0.65,0.2,1000,restricted_70,aggregation,0.8916073183402807,,,0.8056355478780479
7039,1001,13,5,0.65,0.2,1000,restricted_70,aggregation,0.8916388274571699,,,0.8059069388713139
7040,1001,13,5,0.65,0.2,1000,restricted_70,aggregation,0.8915724337177229,,,0.8055651922922757
7041,1001,13,5,0.65,0.2,1000,restricted_70,aggregation,0.8916884194015773,,,0.806591123991749
7042,1001,13,5,0.65,0.2,1000,restricted_70,aggregation,0.891449427588376,,,0.8056024962383296
7043,1001,13,5,0.65,0.2,1000,restricted_70,aggregation,0.8916131363768711,,,0.806327992840493
7044,1001,13,5,0.65,0.2,1000,restricted_70,aggregation,0.891611150808897,,,0.8060751759968428
7045,1001,13,5,0.65,0.2,1000,restricted_70,aggregation,0.8915856926700563,,,0.8065159115344532
7046,1001,13,5,0.65,0.2,1000,restricted_70,aggregation,0.8916549467000014,,,0.8055504491110741
7047,1001,13,5,0.65,0.2,1000,restricted_70,aggregation,0.8916052372736483,,,0.8059206913533997
7048,1001,13,5,0.65,0.2,1000,restricted_70,aggregation,0.8916779109027941,,,0.8072044855530273
7049,1001,13,5,0.65,0.2,1000,restricted_70,aggregation,0.8916398450352329,,,0.8062892692492694
7050,1001,13,5,0.65,0.2,1000,restricted_70,aggregation,0.8914342337577111,,,0.8065430956158041
7051,1001,13,5,0.65,0.2,1000,restricted_70,aggregation,0.8915190941921488,,,0.8064255099298849
7052,1001,13,5,0.65,0.2,1000,restricted_70,aggregation,0.8916529004206211,,,0.8058316980704481
7053,1001,13,5,0.65,0.2,1000,restricted_70,aggregation,0.8916596841719445,,,0.8060514014303598
7054,1001,13,5,0.65,0.2,1000,restricted_70,aggregation,0.8912525046561109,,,0.8053047548901716
7055,1001,13,5,0.65,0.2,1000,restricted_70,aggregation,0.8916634012036704,,,0.8061680783337034
7056,1001,13,5,0.65,0.2,1000,restricted_70,aggregation,0.8914753463156351,,,0.806086165531999
7057,1001,13,5,0.65,0.2,1000,restricted_70,aggregation,0.8916460342471413,,,0.8061666105730689
7058,1001,13,5,0.65,0.2,1000,restricted_70,aggregation,0.8914681295186112,,,0.8058733701483701
7059,1001,13,5,0.65,0.2,1000,restricted_70,aggregation,0.8915995811372214,,,0.8063166951181535
7060,1001,13,5,0.65,0.2,1000,restricted_70,aggregation,0.8916026883154937,,,0.806408350569184
7061,1001,13,5,0.65,0.2,1000,restricted_70,aggregation,0.8913528498758617,,,0.8052500047252131
7062,1001,13,5,0.65,0.2,1000,restricted_70,aggregation,0.8917420094857447,,,0.8059680123117624
7063,1001,13,5,0.65,0.2,1000,restricted_70,aggregation,0.8916499238203917,,,0.806300115023865
7064,1001,13,5,0.65,0.2,1000,restricted_70,aggregation,0.8916133473504677,,,0.806071401638485
7065,1001,13,5,0.65,0.2,1000,restricted_70,aggregation,0.8915171984556385,,,0.8058143993737744
7066,1001,13,5,0.65,0.2,1000,restricted_70,aggregation,0.8916645526915591,,,0.806660854978355
7067,1001,13,5,0.65,0.2,1000,restricted_70,aggregation,0.8917343522090025,,,0.8065135047668381
7068,1001,13,5,0.65,0.2,1000,restricted_70,aggregation,0.8915464204773073,,,0.8059051714412131
7069,1001,13,5,0.65,0.2,1000,restricted_70,aggregation,0.8917966928467774,,,0.8064262152276737
7070,1001,13,5,0.65,0.2,1000,restricted_70,aggregation,0.8915616968151941,,,0.8060443702593704
7071,1001,13,5,0.65,0.2,1000,restricted_70,aggregation,0.8917257821229135,,,0.8065007889178724
7072,1001,13,5,0.65,0.2,1000,restricted_70,aggregation,0.8915736357184018,,,0.8060128347886681
7073,1001,13,5,0.65,0.2,1000,restricted_70,aggregation,0.8916626375355186,,,0.8058161330875916
7074,1001,13,5,0.65,0.2,1000,restricted_70,aggregation,0.8915721179160492,,,0.8068259864209866
7075,1001,13,5,0.65,0.2,1000,restricted_70,aggregation,0.8916703026856065,,,0.806271972934473
7076,1001,13,5,0.65,0.2,1000,restricted_70,aggregation,0.8917657101365317,,,0.8065615627351045
7077,1001,13,5,0.65,0.2,1000,restricted_70,aggregation,0.8914292067822074,,,0.8058054443319028
7078,1001,13,5,0.65,0.2,1000,restricted_70,aggregation,0.8916655609248987,,,0.8058900307639892
7079,1001,13,5,0.65,0.2,1000,restricted_70,aggregation,0.8916544524988509,,,0.8067473494021411
7080,1001,13,5,0.65,0.2,1000,restricted_70,aggregation,0.8916160949711563,,,0.8062405461976295
7081,1001,13,5,0.65,0.2,1000,restricted_70,aggregation,0.8915859444368007,,,0.8064627277275195
7082,1001,13,5,0.65,0.2,1000,restricted_70,aggregation,0.8915373050526828,,,0.8056978192409443
7083,1001,13,5,0.65,0.2,1000,restricted_70,aggregation,0.8915319167105935,,,0.8062987971750472
7084,1001,13,5,0.65,0.2,1000,restricted_70,aggregation,0.891391263647001,,,0.8051934319615571
7085,1001,13,5,0.65,0.2,1000,restricted_70,aggregation,0.8917698123547203,,,0.8064219328896413
7086,1001,13,5,0.65,0.2,1000,restricted_70,aggregation,0.8916050741985947,,,0.8067044838340671
7087,1001,13,5,0.65,0.2,1000,restricted_70,aggregation,0.8915768859474211,,,0.8060392124079625
7088,1001,13,5,0.65,0.2,1000,restricted_70,aggregation,0.891521535091307,,,0.8048783647833648
7089,1001,13,5,0.65,0.2,1000,restricted_70,aggregation,0.8916646676481217,,,0.8057675059739643
7090,1001,13,5,0.65,0.2,1000,restricted_70,aggregation,0.8916672699337299,,,0.8058075647423565
7091,1001,13,5,0.65,0.2,1000,restricted_70,aggregation,0.8916347925658298,,,0.8059423305012888
7092,1001,13,5,0.65,0.2,1000,restricted_70,aggregation,0.8914991159406297,,,0.8063291755389673
7093,1001,13,5,0.65,0.2,1000,restricted_70,aggregation,0.8916397646285297,,,0.8067889408816492
7094,1001,13,5,0.65,0.2,1000,restricted_70,aggregation,0.8916337105633795,,,0.8065346878044796
7095,1001,13,5,0.65,0.2,1000,restricted_70,aggregation,0.8916296417264373,,,0.8066737672821006
7096,1001,13,5,0.65,0.2,1000,restricted_70,aggregation,0.8915921591754182,,,0.8049738686005353
7097,1001,13,5,0.65,0.2,1000,restricted_70,aggregation,0.8917636735276041,,,0.8068225328375328
7098,1001,13,5,0.65,0.2,1000,restricted_70,aggregation,0.8916323327951702,,,0.8057643718935387
7099,1001,13,5,0.65,0.2,1000,restricted_70,aggregation,0.8915658118205808,,,0.805659762336429
7100,1001,13,5,0.65,0.2,1000,restricted_70,aggregation,0.8915314240452528,,,0.8054682564580482
7101,1001,13,5,0.65,0.2,1000,restricted_70,aggregation,0.8915349530781215,,,0.8056928052965553
7102,1001,13,5,0.65,0.2,1000,restricted_70,aggregation,0.8915309934715894,,,0.8058962177020511
7103,1001,13,5,0.65,0.2,1000,restricted_70,aggregation,0.8917680491782553,,,0.8067348243731577
7104,1001,13,5,0.65,0.2,1000,restricted_70,aggregation,0.8916988936607771,,,0.8061973734752903
7105,1001,13,5,0.65,0.2,1000,restricted_70,aggregation,0.8914570710445736,,,0.8063056346277181
7106,1001,13,5,0.65,0.2,1000,restricted_70,aggregation,0.8917735403303078,,,0.8064076364068031
7107,1001,13,5,0.65,0.2,1000,restricted_70,aggregation,0.8915157640010103,,,0.8057582066929985
7108,1001,13,5,0.65,0.2,1000,restricted_70,aggregation,0.8917300951723464,,,0.8065802730602731
7109,1001,13,5,0.65,0.2,1000,restricted_70,aggregation,0.8914531352098424,,,0.8056172916512501
7110,1001,13,5,0.65,0.2,1000,restricted_70,aggregation,0.891732156329888,,,0.8067219307004725
7111,1001,13,5,0.65,0.2,1000,restricted_70,aggregation,0.8915721474513641,,,0.8066181260483345
7112,1001,13,5,0.65,0.2,1000,restricted_70,aggregation,0.891633327878388,,,0.806348560567519
7113,1001,13,5,0.65,0.2,1000,restricted_70,aggregation,0.8917585197872733,,,0.8064718763797931
7114,1001,13,5,0.65,0.2,1000,restricted_70,aggregation,0.8916973873394894,,,0.8053599337159755
7115,1001,13,5,0.65,0.2,1000,restricted_70,aggregation,0.8916908547037357,,,0.8061150728129896
7116,1001,13,5,0.65,0.2,1000,restricted_70,aggregation,0.8916322735620826,,,0.8059871176817011
7117,1001,13,5,0.65,0.2,1000,restricted_70,aggregation,0.891636199292651,,,0.8061508704875373
7118,1001,13,5,0.65,0.2,1000,restricted_70,aggregation,0.8916927807224632,,,0.8064025698067366
7119,1001,13,5,0.65,0.2,1000,restricted_70,aggregation,0.8915124832193775,,,0.8055031293860462
7120,1001,13,5,0.65,0.2,1000,restricted_70,aggregation,0.8917266142415932,,,0.8063472898243733
7121,1001,13,5,0.65,0.2,1000,restricted_70,aggregation,0.8916477957044838,,,0.8065324794033129
7122,1001,13,5,0.65,0.2,1000,restricted_70,aggregation,0.891609047119674,,,0.8058439598210432
7123,1001,13,5,0.65,0.2,1000,restricted_70,aggregation,0.8914812188902161,,,0.8058516062332729
7124,1001,13,5,0.65,0.2,1000,restricted_70,aggregation,0.8916364503380243,,,0.8058017284721453
7125,1001,13,5,0.65,0.2,1000,restricted_70,aggregation,0.8917831426937184,,,0.8069272369836954
7126,1001,13,5,0.65,0.2,1000,restricted_70,aggregation,0.8915548139563316,,,0.8055040464859216
7127,1001,13,5,0.65,0.2,1000,restricted_70,aggregation,0.891591029802737,,,0.8067357574524241
7128,1001,13,5,0.65,0.2,1000,restricted_70,aggregation,0.8915597041532689,,,0.8058793498708082
7129,1001,13,5,0.65,0.2,1000,restricted_70,aggregation,0.8916121314690211,,,0.8059407056369557
7130,1001,13,5,0.65,0.2,1000,restricted_70,aggregation,0.8914962455759049,,,0.8057849327524328
7131,1001,13,5,0.65,0.2,1000,restricted_70,aggregation,0.8916949491444078,,,0.8063282250696834
7132,1001,13,5,0.65,0.2,1000,restricted_70,aggregation,0.8916722762379482,,,0.8060300260850263
7133,1001,13,5,0.65,0.2,1000,restricted_70,aggregation,0.8917201076987175,,,0.806529547027047
7134,1001,13,5,0.65,0.2,1000,restricted_70,aggregation,0.8917097501298817,,,0.8058785899440067
7135,1001,13,5,0.65,0.2,1000,restricted_70,aggregation,0.8917737793437711,,,0.8061788534613534
7136,1001,13,5,0.65,0.2,1000,restricted_70,aggregation,0.8915837313141728,,,0.8070540082602583
7137,1001,13,5,0.65,0.2,1000,restricted_70,aggregation,0.8915435989601469,,,0.8056959683834684
7138,1001,13,5,0.65,0.2,1000,restricted_70,aggregation,0.8915665967935618,,,0.8063466735733403
7139,1001,13,5,0.65,0.2,1000,restricted_70,aggregation,0.8915262938850566,,,0.8055994946874113
7140,1001,13,5,0.65,0.2,1000,restricted_70,aggregation,0.8914707753165511,,,0.8069774412084829
7141,1001,13,5,0.65,0.2,1000,restricted_70,aggregation,0.8914509547982931,,,0.8069547087326255
7142,1001,13,5,0.65,0.2,1000,restricted_70,aggregation,0.8917284595826346,,,0.8063374755028921
7143,1001,13,5,0.65,0.2,1000,restricted_70,aggregation,0.8917260406451338,,,0.8065130471303388
7144,1001,13,5,0.65,0.2,1000,restricted_70,aggregation,0.8915831701126696,,,0.8066108832140083
7145,1001,13,5,0.65,0.2,1000,restricted_70,aggregation,0.8917455782095438,,,0.8059058719983722
7146,1001,13,5,0.65,0.2,1000,restricted_70,aggregation,0.8917133531101877,,,0.8065272269782687
7147,1001,13,5,0.65,0.2,1000,restricted_70,aggregation,0.8916764350022183,,,0.8060342582340501
7148,1001,13,5,0.65,0.2,1000,restricted_70,aggregation,0.891532816434245,,,0.8063414657950074
7149,1001,13,5,0.65,0.2,1000,restricted_70,aggregation,0.8916366381956021,,,0.8059039679918848
7150,1001,13,5,0.65,0.2,1000,restricted_70,aggregation,0.8916536752965804,,,0.8068923170810671
7151,1001,13,5,0.65,0.2,1000,restricted_70,aggregation,0.8918000045300826,,,0.8063440161458912
7152,1001,13,5,0.65,0.2,1000,restricted_70,aggregation,0.891610691315674,,,0.8067291857216857
7153,1001,13,5,0.65,0.2,1000,restricted_70,aggregation,0.8913475476270467,,,0.8058393152295238
7154,1001,13,5,0.65,0.2,1000,restricted_70,aggregation,0.8915775194796024,,,0.8061438279852865
7155,1001,13,5,0.65,0.2,1000,restricted_70,aggregation,0.8917168253811534,,,0.806317904626238
7156,1001,13,5,0.65,0.2,1000,restricted_70,aggregation,0.8915913733154275,,,0.8073526940035275
7157,1001,13,5,0.65,0.2,1000,restricted_70,aggregation,0.8917490687618287,,,0.806484966052466
7158,1001,13,5,0.65,0.2,1000,restricted_70,aggregation,0.8917235159101461,,,0.8062058291631209
7159,1001,13,5,0.65,0.2,1000,restricted_70,aggregation,0.8915631371703049,,,0.8056623181371098
7160,1001,13,5,0.65,0.2,1000,restricted_70,aggregation,0.8917010014251885,,,0.8059370874958376
7161,1001,13,5,0.65,0.2,1000,restricted_70,aggregation,0.8917011619798474,,,0.8064657049586217
7162,1001,13,5,0.65,0.2,1000,restricted_70,aggregation,0.8917703952860913,,,0.8071181867977703
7163,1001,13,5,0.65,0.2,1000,restricted_70,aggregation,0.8916186211407684,,,0.806204542641001
7164,1001,13,5,0.65,0.2,1000,restricted_70,aggregation,0.8916477099937944,,,0.8057675482850485
7165,1001,13,5,0.65,0.2,1000,restricted_70,aggregation,0.891708476305822,,,0.8061016424162258
7166,1001,13,5,0.65,0.2,1000,restricted_70,aggregation,0.89169350083971,,,0.8054497633230968
7167,1001,13,5,0.65,0.2,1000,restricted_70,aggregation,0.8915583690936675,,,0.8056429603267103
7168,1001,13,5,0.65,0.2,1000,restricted_70,aggregation,0.891752772520398,,,0.8063583135151885
7169,1001,13,5,0.65,0.2,1000,restricted_70,aggregation,0.8917965925971114,,,0.806838499093499
7170,1001,13,5,0.65,0.2,1000,restricted_70,aggregation,0.8916198195825271,,,0.805698992974618
7171,1001,13,5,0.65,0.2,1000,restricted_70,aggregation,0.891607070689444,,,0.8064583044501794
7172,1001,13,5,0.65,0.2,1000,restricted_70,aggregation,0.8917130761729166,,,0.8065703977658144
7173,1001,13,5,0.65,0.2,1000,restricted_70,aggregation,0.8915783752714119,,,0.8063272807054058
7174,1001,13,5,0.65,0.2,1000,restricted_70,aggregation,0.8915752565824623,,,0.8067544927603262
7175,1001,13,5,0.65,0.2,1000,restricted_70,aggregation,0.8917931452050326,,,0.8073982377653212
7176,1001,13,5,0.65,0.2,1000,restricted_70,aggregation,0.8915767830380082,,,0.806139939558898
7177,1001,13,5,0.65,0.2,1000,restricted_70,aggregation,0.891656250146114,,,0.8061110030864198
7178,1001,13,5,0.65,0.2,1000,restricted_70,aggregation,0.8913828260484663,,,0.8059095697820698
7179,1001,13,5,0.65,0.2,1000,restricted_70,aggregation,0.8916570973212952,,,0.8068916184355768
7180,1001,13,5,0.65,0.2,1000,restricted_70,aggregation,0.8918020439167655,,,0.8060935931583849
7181,1001,13,5,0.65,0.2,1000,restricted_70,aggregation,0.8915987080273001,,,0.8061660898437982
7182,1001,13,5,0.65,0.2,1000,restricted_70,aggregation,0.891546529305306,,,0.8058490794544961
7183,1001,13,5,0.65,0.2,1000,restricted_70,aggregation,0.8915833046473124,,,0.8063038139483972
7184,1001,13,5,0.65,0.2,1000,restricted_70,aggregation,0.8915091329058613,,,0.8062246693661278
7185,1001,13,5,0.65,0.2,1000,restricted_70,aggregation,0.8914591472604786,,,0.805357427742011
7186,1001,13,5,0.65,0.2,1000,restricted_70,aggregation,0.8917040244770713,,,0.8062432919241254
7187,1001,13,5,0.65,0.2,1000,restricted_70,aggregation,0.8915532434861658,,,0.8059889620102121
7188,1001,13,5,0.65,0.2,1000,restricted_70,aggregation,0.8915580877228725,,,0.8052459023692358
7189,1001,13,5,0.65,0.2,1000,restricted_70,aggregation,0.8917352325352803,,,0.8066930638420222
7190,1001,13,5,0.65,0.2,1000,restricted_70,aggregation,0.8915829187334612,,,0.8066040867620033
7191,1001,13,5,0.65,0.2,1000,restricted_70,aggregation,0.8915856933264477,,,0.8062397099505434
7192,1001,13,5,0.65,0.2,1000,restricted_70,aggregation,0.8918007270138579,,,0.806525023841899
7193,1001,13,5,0.65,0.2,1000,restricted_70,aggregation,0.8915293132879544,,,0.8061753670403671
7194,1001,13,5,0.65,0.2,1000,restricted_70,aggregation,0.8916645650108547,,,0.8065435560273061
7195,1001,13,5,0.65,0.2,1000,restricted_70,aggregation,0.8917687767712982,,,0.8064858744496244
7196,1001,13,5,0.65,0.2,1000,restricted_70,aggregation,0.8917027375525309,,,0.8064712826448244
7197,1001,13,5,0.65,0.2,1000,restricted_70,aggregation,0.8916134087413772,,,0.806244249238416
7198,1001,13,5,0.65,0.2,1000,restricted_70,aggregation,0.8916744555434065,,,0.806230887499846
7199,1001,13,5,0.65,0.2,1000,restricted_70,aggregation,0.8916531794187835,,,0.8059019590825842
7200,1001,13,5,0.65,0.2,1000,restricted_70,aggregation,0.8916455112027001,,,0.8066942411831995
7201,1001,13,5,0.65,0.2,1000,restricted_70,aggregation,0.8915789595076385,,,0.8053509504153255
7202,1001,13,5,0.65,0.2,1000,restricted_70,aggregation,0.891552697812465,,,0.8067306122581123
7203,1001,13,5,0.65,0.2,1000,restricted_70,aggregation,0.8915314280854983,,,0.8050534513711597
7204,1001,13,5,0.65,0.2,1000,restricted_70,aggregation,0.8916551966235661,,,0.8057533176699845
7205,1001,13,5,0.65,0.2,1000,restricted_70,aggregation,0.8916461626697091,,,0.8062455596872264
7206,1001,13,5,0.65,0.2,1000,restricted_70,aggregation,0.8916189708440198,,,0.8066064457301958
7207,1001,13,5,0.65,0.2,1000,restricted_70,aggregation,0.8917120239080091,,,0.8062133458131375
7208,1001,13,5,0.65,0.2,1000,restricted_70,aggregation,0.8917081575289535,,,0.8059278875753877
7209,1001,13,5,0.65,0.2,1000,restricted_70,aggregation,0.8915551830850086,,,0.8064428827037162
7210,1001,13,5,0.65,0.2,1000,restricted_70,aggregation,0.891650801850921,,,0.8062731383585552
7211,1001,13,5,0.65,0.2,1000,restricted_70,aggregation,0.8916442501304176,,,0.8068844003527338
7212,1001,13,5,0.65,0.2,1000,restricted_70,aggregation,0.8917612848827682,,,0.8064239145037061
7213,1001,13,5,0.65,0.2,1000,restricted_70,aggregation,0.8914162097486767,,,0.8049913777195029
7214,1001,13,5,0.65,0.2,1000,restricted_70,aggregation,0.8917949016075432,,,0.8064398340394174
7215,1001,13,5,0.65,0.2,1000,restricted_70,aggregation,0.8915341028670682,,,0.8066545666679001
7216,1001,13,5,0.65,0.2,1000,restricted_70,aggregation,0.8915155110979089,,,0.805906842493926
7217,1001,13,5,0.65,0.2,1000,restricted_70,aggregation,0.8915926031893223,,,0.8064699937870772
7218,1001,13,5,0.65,0.2,1000,restricted_70,aggregation,0.8914818562066247,,,0.8057543315557899
7219,1001,13,5,0.65,0.2,1000,restricted_70,aggregation,0.8914595671893681,,,0.8056805829895415
7220,1001,13,5,0.65,0.2,1000,restricted_70,aggregation,0.8916520213767791,,,0.8062771193852445
7221,1001,13,5,0.65,0.2,1000,restricted_70,aggregation,0.8916256175062616,,,0.8073588440032192
7222,1001,13,5,0.65,0.2,1000,restricted_70,aggregation,0.8916547542220667,,,0.8056311383446801
7223,1001,13,5,0.65,0.2,1000,restricted_70,aggregation,0.89174864897377,,,0.8066216034351452
7224,1001,13,5,0.65,0.2,1000,restricted_70,aggregation,0.8916478645662006,,,0.8066365588192673
7225,1001,13,5,0.65,0.2,1000,restricted_70,aggregation,0.8916213793299975,,,0.8059379380110632
7226,1001,13,5,0.65,0.2,1000,restricted_70,aggregation,0.8916244126041356,,,0.8059500837973755
7227,1001,13,5,0.65,0.2,1000,restricted_70,aggregation,0.8916976565086285,,,0.8066133493898079
7228,1001,13,5,0.65,0.2,1000,restricted_70,aggregation,0.8914970317665635,,,0.8055881234660401
7229,1001,13,5,0.65,0.2,1000,restricted_70,aggregation,0.8915251920526908,,,0.8060190595978097
7230,1001,13,5,0.65,0.2,1000,restricted_70,aggregation,0.89148671274237,,,0.8058769273319274
7231,1001,13,5,0.65,0.2,1000,restricted_70,aggregation,0.8916372016388994,,,0.8056634888645307
7232,1001,13,5,0.65,0.2,1000,restricted_70,aggregation,0.8917129218180991,,,0.8060167615794699
7233,1001,13,5,0.65,0.2,1000,restricted_70,aggregation,0.891798082813013,,,0.806805066314858
7234,1001,13,5,0.65,0.2,1000,restricted_70,aggregation,0.8915964267763474,,,0.8060346599157017
7235,1001,13,5,0.65,0.2,1000,restricted_70,aggregation,0.8915673656234527,,,0.8059813900143067
7236,1001,13,5,0.65,0.2,1000,restricted_70,aggregation,0.8915332761043273,,,0.8063755930489264
7237,1001,13,5,0.65,0.2,1000,restricted_70,aggregation,0.8916274336990163,,,0.8062917472882057
7238,1001,13,5,0.65,0.2,1000,restricted_70,aggregation,0.8916872702538319,,,0.8061439442347776
7239,1001,13,5,0.65,0.2,1000,restricted_70,aggregation,0.8916508673329234,,,0.8065123517917269
7240,1001,13,5,0.65,0.2,1000,restricted_70,aggregation,0.8916773012698589,,,0.8058644960132461
7241,1001,13,5,0.65,0.2,1000,restricted_70,aggregation,0.8916304670880779,,,0.8060361888497306
7242,1001,13,5,0.65,0.2,1000,restricted_70,aggregation,0.8915850832229639,,,0.8059074511907846
7243,1001,13,5,0.65,0.2,1000,restricted_70,aggregation,0.8917081213606028,,,0.8062801602178685
7244,1001,13,5,0.65,0.2,1000,restricted_70,aggregation,0.8916502811354439,,,0.8058762454212455
7245,1001,13,5,0.65,0.2,1000,restricted_70,aggregation,0.8915897556015103,,,0.805577083325625
7246,1001,13,5,0.65,0.2,1000,restricted_70,aggregation,0.8916275707252643,,,0.8063892862307446
7247,1001,13,5,0.65,0.2,1000,restricted_70,aggregation,0.89134415748662,,,0.805869772642481
7248,1001,13,5,0.65,0.2,1000,restricted_70,aggregation,0.8916647786510312,,,0.8064747481299566
7249,1001,13,5,0.65,0.2,1000,restricted_70,aggregation,0.8918099307561544,,,0.8068702007483258
7250,1001,13,5,0.65,0.2,1000,restricted_70,aggregation,0.8916193970539908,,,0.8062755559563893
7251,1001,13,5,0.65,0.2,1000,restricted_70,aggregation,0.8917087918344796,,,0.8060449318043069
7252,1001,13,5,0.65,0.2,1000,restricted_70,aggregation,0.8916460234662548,,,0.8067309243302995
7253,1001,13,5,0.65,0.2,1000,restricted_70,aggregation,0.8917096561969692,,,0.8063734514636599
7254,1001,13,5,0.65,0.2,1000,restricted_70,aggregation,0.8917274594276301,,,0.8073285831760831
7255,1001,13,5,0.65,0.2,1000,restricted_70,aggregation,0.8915990766872683,,,0.806734152907278
7256,1001,13,5,0.65,0.2,1000,restricted_70,aggregation,0.8916097996087591,,,0.806379136881637
7257,1001,13,5,0.65,0.2,1000,restricted_70,aggregation,0.8916753223034061,,,0.8066979011960264
7258,1001,13,5,0.65,0.2,1000,restricted_70,aggregation,0.891620321914831,,,0.8066200748325749
7259,1001,13,5,0.65,0.2,1000,restricted_70,aggregation,0.8916434855542923,,,0.8067027687127688
7260,1001,13,5,0.65,0.2,1000,restricted_70,aggregation,0.8916354716223488,,,0.8062921777142611
7261,1001,13,5,0.65,0.2,1000,restricted_70,aggregation,0.8917168280523152,,,0.80648869322036
7262,1001,13,5,0.65,0.2,1000,restricted_70,aggregation,0.8917169903811297,,,0.8071214907314908
7263,1001,13,5,0.65,0.2,1000,restricted_70,aggregation,0.8914817595381257,,,0.8059868834483419
7264,1001,13,5,0.65,0.2,1000,restricted_70,aggregation,0.8917163335899809,,,0.8058507396384481
7265,1001,13,5,0.65,0.2,1000,restricted_70,aggregation,0.8917598411089471,,,0.806077510144177
7266,1001,13,5,0.65,0.2,1000,restricted_70,aggregation,0.8915368481868954,,,0.8061429819100653
7267,1001,13,5,0.65,0.2,1000,restricted_70,aggregation,0.8917243275732348,,,0.8071131624162875
7268,1001,13,5,0.65,0.2,1000,restricted_70,aggregation,0.8916866874280931,,,0.806883522210814
7269,1001,13,5,0.65,0.2,1000,restricted_70,aggregation,0.8917136398804347,,,0.8061459835534835
7270,1001,13,5,0.65,0.2,1000,restricted_70,aggregation,0.8917384967632183,,,0.8066586106023607
7271,1001,13,5,0.65,0.2,1000,restricted_70,aggregation,0.8917196404907461,,,0.8062233733010817
7272,1001,13,5,0.65,0.2,1000,restricted_70,aggregation,0.8916370196923806,,,0.8057764855206522
7273,1001,13,5,0.65,0.2,1000,restricted_70,aggregation,0.8916367078305409,,,0.8061354231725066
7274,1001,13,5,0.65,0.2,1000,restricted_70,aggregation,0.8916957671359835,,,0.8077276647812066
7275,1001,13,5,0.65,0.2,1000,restricted_70,aggregation,0.8917492489851824,,,0.80597436993562
7276,1001,13,5,0.65,0.2,1000,restricted_70,aggregation,0.8916953084780543,,,0.8063001698610033
7277,1001,13,5,0.65,0.2,1000,restricted_70,aggregation,0.8914936570617218,,,0.8057013276769527
7278,1001,13,5,0.65,0.2,1000,restricted_70,aggregation,0.8914537649417424,,,0.8060521343240095
7279,1001,13,5,0.65,0.2,1000,restricted_70,aggregation,0.8916186154762958,,,0.8058189587650004
7280,1001,13,5,0.65,0.2,1000,restricted_70,aggregation,0.8916442867009244,,,0.8057076250678334
7281,1001,13,5,0.65,0.2,1000,restricted_70,aggregation,0.8916566156981847,,,0.8059747352647354
7282,1001,13,5,0.65,0.2,1000,restricted_70,aggregation,0.8916344200461988,,,0.8057830525107609
7283,1001,13,5,0.65,0.2,1000,restricted_70,aggregation,0.8915397119056349,,,0.8054756847011014
7284,1001,13,5,0.65,0.2,1000,restricted_70,aggregation,0.8916202056712367,,,0.8058467110127527
7285,1001,13,5,0.65,0.2,1000,restricted_70,aggregation,0.8915089196868823,,,0.8059775452865037
7286,1001,13,5,0.65,0.2,1000,restricted_70,aggregation,0.8916546254779296,,,0.8064323138589806
7287,1001,13,5,0.65,0.2,1000,restricted_70,aggregation,0.8916711143027607,,,0.8060471089635673
7288,1001,13,5,0.65,0.2,1000,restricted_70,aggregation,0.8916183845128195,,,0.8059072725808143
7289,1001,13,5,0.65,0.2,1000,restricted_70,aggregation,0.8914889059237301,,,0.8062855570663905
7290,1001,13,5,0.65,0.2,1000,restricted_70,aggregation,0.8917143494755254,,,0.8066522074761658
7291,1001,13,5,0.65,0.2,1000,restricted_70,aggregation,0.8915037123507212,,,0.8054425108764692
7292,1001,13,5,0.65,0.2,1000,restricted_70,aggregation,0.8914305072073603,,,0.8062994643550895
7293,1001,13,5,0.65,0.2,1000,restricted_70,aggregation,0.8916034330929639,,,0.8065122567093401
7294,1001,13,5,0.65,0.2,1000,restricted_70,aggregation,0.8917748518336002,,,0.8070012416056167
7295,1001,13,5,0.65,0.2,1000,restricted_70,aggregation,0.8916422772025514,,,0.8061460856427525
7296,1001,13,5,0.65,0.2,1000,restricted_70,aggregation,0.8915979456331358,,,0.8052829558558725
7297,1001,13,5,0.65,0.2,1000,restricted_70,aggregation,0.8912549550924956,,,0.8061776074157324
7298,1001,13,5,0.65,0.2,1000,restricted_70,aggregation,0.8916252209955549,,,0.8061562717298134
7299,1001,13,5,0.65,0.2,1000,restricted_70,aggregation,0.8913585454330956,,,0.8054275886690471
7300,1001,13,5,0.65,0.2,1000,restricted_70,aggregation,0.8915514741325906,,,0.8056037086832921
7301,1001,13,5,0.65,0.2,1000,restricted_70,aggregation,0.8917547967813026,,,0.8061023351725435
7302,1001,13,5,0.65,0.2,1000,restricted_70,aggregation,0.8915806798020315,,,0.8063004132518716
7303,1001,13,5,0.65,0.2,1000,restricted_70,aggregation,0.8916598181550183,,,0.8066320414076665
7304,1001,13,5,0.65,0.2,1000,restricted_70,aggregation,0.8915305663328142,,,0.8069361231207065
7305,1001,13,5,0.65,0.2,1000,restricted_70,aggregation,0.8914785940936856,,,0.805310372505581
7306,1001,13,5,0.65,0.2,1000,restricted_70,aggregation,0.8915632507878775,,,0.8060313188971523
7307,1001,13,5,0.65,0.2,1000,restricted_70,aggregation,0.8916829481533988,,,0.8059162011599511
7308,1001,13,5,0.65,0.2,1000,restricted_70,aggregation,0.8917123489706201,,,0.8064837936831688
7309,1001,13,5,0.65,0.2,1000,restricted_70,aggregation,0.8915904347239838,,,0.8069363842407593
7310,1001,13,5,0.65,0.2,1000,restricted_70,aggregation,0.8916961168205121,,,0.8062889418991503
7311,1001,13,5,0.65,0.2,1000,restricted_70,aggregation,0.8916067323046383,,,0.8057203770457937
7312,1001,13,5,0.65,0.2,1000,restricted_70,aggregation,0.8916217810834529,,,0.8065734281228032
7313,1001,13,5,0.65,0.2,1000,restricted_70,aggregation,0.8916312932605482,,,0.8068480407940826
7314,1001,13,5,0.65,0.2,1000,restricted_70,aggregation,0.8915909825073577,,,0.8057184999182917
7315,1001,13,5,0.65,0.2,1000,restricted_70,aggregation,0.8915248819964898,,,0.8053873116466866
7316,1001,13,5,0.65,0.2,1000,restricted_70,aggregation,0.89166397804111,,,0.8060118279791197
7317,1001,13,5,0.65,0.2,1000,restricted_70,aggregation,0.8917066254191677,,,0.8066415304679888
7318,1001,13,5,0.65,0.2,1000,restricted_70,aggregation,0.8915934580550221,,,0.8068397452316203
7319,1001,13,5,0.65,0.2,1000,restricted_70,aggregation,0.8912475683791937,,,0.804619592683551
7320,1001,13,5,0.65,0.2,1000,restricted_70,aggregation,0.8916128487560603,,,0.8066450505513005
7321,1001,13,5,0.65,0.2,1000,restricted_70,aggregation,0.8917247787634351,,,0.8064750403839989
7322,1001,13,5,0.65,0.2,1000,restricted_70,aggregation,0.8915761459265499,,,0.8058411479801064
7323,1001,13,5,0.65,0.2,1000,restricted_70,aggregation,0.8916484918123916,,,0.8057210857660858
7324,1001,13,5,0.65,0.2,1000,restricted_70,aggregation,0.8917214952974736,,,0.8065964885269054
7325,1001,13,5,0.65,0.2,1000,restricted_70,aggregation,0.8916513556553973,,,0.8058731369864703
7326,1001,13,5,0.65,0.2,1000,restricted_70,aggregation,0.891692932691169,,,0.8055648882598884
7327,1001,13,5,0.65,0.2,1000,restricted_70,aggregation,0.8917114975382715,,,0.8063434884791135
7328,1001,13,5,0.65,0.2,1000,restricted_70,aggregation,0.8917906483780635,,,0.8075873944882279
7329,1001,13,5,0.65,0.2,1000,restricted_70,aggregation,0.8916782787763183,,,0.8061157022915357
7330,1001,13,5,0.65,0.2,1000,restricted_70,aggregation,0.8917367391910458,,,0.8069354526646194
7331,1001,13,5,0.65,0.2,1000,restricted_70,aggregation,0.8915621840456578,,,0.8057959813643149
7332,1001,13,5,0.65,0.2,1000,restricted_70,aggregation,0.8916563211334921,,,0.8061721490931908
7333,1001,13,5,0.65,0.2,1000,restricted_70,aggregation,0.8916769383457741,,,0.8066968614564449
7334,1001,13,5,0.65,0.2,1000,restricted_70,aggregation,0.8914075244878265,,,0.8061273060273061
7335,1001,13,5,0.65,0.2,1000,restricted_70,aggregation,0.891746212604636,,,0.806908162655246
7336,1001,13,5,0.65,0.2,1000,restricted_70,aggregation,0.8917813457797197,,,0.806425844171261
7337,1001,13,5,0.65,0.2,1000,restricted_70,aggregation,0.8915863180147263,,,0.8060981521564856
7338,1001,13,5,0.65,0.2,1000,restricted_70,aggregation,0.8915575054783601,,,0.8053337893896227
7339,1001,13,5,0.65,0.2,1000,restricted_70,aggregation,0.8917811441130341,,,0.806530054428596
7340,1001,13,5,0.65,0.2,1000,restricted_70,aggregation,0.8916925690843328,,,0.805890655193572
7341,1001,13,5,0.65,0.2,1000,restricted_70,aggregation,0.8916033698186635,,,0.806001441189983
7342,1001,13,5,0.65,0.2,1000,restricted_70,aggregation,0.8914730027329948,,,0.8064490746599081
7343,1001,13,5,0.65,0.2,1000,restricted_70,aggregation,0.8916308830911731,,,0.8067871712238379
7344,1001,13,5,0.65,0.2,1000,restricted_70,aggregation,0.8916588366761257,,,0.8061692339373591
7345,1001,13,5,0.65,0.2,1000,restricted_70,aggregation,0.8916433018483663,,,0.8069741870398122
7346,1001,13,5,0.65,0.2,1000,restricted_70,aggregation,0.8917329334534256,,,0.806703397220064
7347,1001,13,5,0.65,0.2,1000,restricted_70,aggregation,0.8916346831892825,,,0.8069322478216229
7348,1001,13,5,0.65,0.2,1000,restricted_70,aggregation,0.8917267341627617,,,0.8060455346890765
7349,1001,13,5,0.65,0.2,1000,restricted_70,aggregation,0.8916464095447415,,,0.8059587303745637
7350,1001,13,5,0.65,0.2,1000,restricted_70,aggregation,0.8916693969928068,,,0.8061793094020178
7351,1001,13,5,0.65,0.2,1000,restricted_70,aggregation,0.8917823553499046,,,0.8068203927322678
7352,1001,13,5,0.65,0.2,1000,restricted_70,aggregation,0.8916482456435351,,,0.8064689595127096
7353,1001,13,5,0.65,0.2,1000,restricted_70,aggregation,0.8916939506519225,,,0.8055239273380941
7354,1001,13,5,0.65,0.2,1000,restricted_70,aggregation,0.8917166579841375,,,0.8064150000077084
7355,1001,13,5,0.65,0.2,1000,restricted_70,aggregation,0.891467073253897,,,0.8059574327755578
7356,1001,13,5,0.65,0.2,1000,restricted_70,aggregation,0.8917473945069787,,,0.806344801232718
7357,1001,13,5,0.65,0.2,1000,restricted_70,aggregation,0.8916384853102477,,,0.80690252160648
7358,1001,13,5,0.65,0.2,1000,restricted_70,aggregation,0.8916168470150416,,,0.8065775270177354
7359,1001,13,5,0.65,0.2,1000,restricted_70,aggregation,0.8915652583128778,,,0.80613867811972
7360,1001,13,5,0.65,0.2,1000,restricted_70,aggregation,0.89167954991708,,,0.805658766950642
7361,1001,13,5,0.65,0.2,1000,restricted_70,aggregation,0.8915898918813756,,,0.8058523949044782
7362,1001,13,5,0.65,0.2,1000,restricted_70,aggregation,0.8916300493579092,,,0.805939462990713
7363,1001,13,5,0.65,0.2,1000,restricted_70,aggregation,0.8915676261665932,,,0.8054696800267633
7364,1001,13,5,0.65,0.2,1000,restricted_70,aggregation,0.8916589281429719,,,0.8070146796413463
7365,1001,13,5,0.65,0.2,1000,restricted_70,aggregation,0.8916281670948732,,,0.8061561121363204
7366,1001,13,5,0.65,0.2,1000,restricted_70,aggregation,0.8916190040072146,,,0.8050183924794342
7367,1001,13,5,0.65,0.2,1000,restricted_70,aggregation,0.8915187017380024,,,0.8065822155699239
7368,1001,13,5,0.65,0.2,1000,restricted_70,aggregation,0.8917809087899331,,,0.8059374155705407
7369,1001,13,5,0.65,0.2,1000,restricted_70,aggregation,0.8917097753039801,,,0.8064664018234852
7370,1001,13,5,0.65,0.2,1000,restricted_70,aggregation,0.8916559100439743,,,0.8062659272671773
7371,1001,13,5,0.65,0.2,1000,restricted_70,aggregation,0.8916746982528947,,,0.8064551146769897
7372,1001,13,5,0.65,0.2,1000,restricted_70,aggregation,0.8916844580026692,,,0.8064470444678778
7373,1001,13,5,0.65,0.2,1000,restricted_70,aggregation,0.8916721790108233,,,0.8063054780790199
7374,1001,13,5,0.65,0.2,1000,restricted_70,aggregation,0.8917974990669084,,,0.8071371861857279
7375,1001,13,5,0.65,0.2,1000,restricted_70,aggregation,0.8916293509899031,,,0.8061928697228699
7376,1001,13,5,0.65,0.2,1000,restricted_70,aggregation,0.8915380235033268,,,0.8055932357380275
7377,1001,13,5,0.65,0.2,1000,restricted_70,aggregation,0.8917517229022538,,,0.8062613026402612
7378,1001,13,5,0.65,0.2,1000,restricted_70,aggregation,0.8916802529334069,,,0.8069736418519752
7379,1001,13,5,0.65,0.2,1000,restricted_70,aggregation,0.891729887951081,,,0.8057488432092599
7380,1001,13,5,0.65,0.2,1000,restricted_70,aggregation,0.8916428291365341,,,0.8060437794998212
7381,1001,13,5,0.65,0.2,1000,restricted_70,aggregation,0.8916752718448022,,,0.8060427092968759
7382,1001,13,5,0.65,0.2,1000,restricted_70,aggregation,0.8916378321802164,,,0.8064125326294077
7383,1001,13,5,0.65,0.2,1000,restricted_70,aggregation,0.8917350106471017,,,0.8060484089675757
7384,1001,13,5,0.65,0.2,1000,restricted_70,aggregation,0.8916508021749124,,,0.8067708635962803
7385,1001,13,5,0.65,0.2,1000,restricted_70,aggregation,0.8915469297411582,,,0.8053136341436342
7386,1001,13,5,0.65,0.2,1000,restricted_70,aggregation,0.891670463558601,,,0.806525927937803
7387,1001,13,5,0.65,0.2,1000,restricted_70,aggregation,0.8916763513181232,,,0.8056287254258088
7388,1001,13,5,0.65,0.2,1000,restricted_70,aggregation,0.891592352372434,,,0.8059361264969599
7389,1001,13,5,0.65,0.2,1000,restricted_70,aggregation,0.8916123496408046,,,0.8051878607503608
7390,1001,13,5,0.65,0.2,1000,restricted_70,aggregation,0.8915100789373019,,,0.8057161682530434
7391,1001,13,5,0.65,0.2,1000,restricted_70,aggregation,0.8913953672077961,,,0.8061174724812226
7392,1001,13,5,0.65,0.2,1000,restricted_70,aggregation,0.8917426335477899,,,0.8060387774185691
7393,1001,13,5,0.65,0.2,1000,restricted_70,aggregation,0.8916212070173059,,,0.8058957738557739
7394,1001,13,5,0.65,0.2,1000,restricted_70,aggregation,0.8914135704034013,,,0.8053288238690324
7395,1001,13,5,0.65,0.2,1000,restricted_70,aggregation,0.8917755919940885,,,0.8067371093104427
7396,1001,13,5,0.65,0.2,1000,restricted_70,aggregation,0.8916790955562159,,,0.8060817000592001
7397,1001,13,5,0.65,0.2,1000,restricted_70,aggregation,0.8914895690275334,,,0.8063482428682429
7398,1001,13,5,0.65,0.2,1000,restricted_70,aggregation,0.8916823812904147,,,0.8061981995319496
7399,1001,13,5,0.65,0.2,1000,restricted_70,aggregation,0.8916654404347156,,,0.8065764052614053
7400,1001,13,5,0.65,0.2,1000,restricted_70,aggregation,0.8915918620685438,,,0.805986624633083
7401,1001,13,5,0.65,0.2,1000,restricted_70,aggregation,0.8914638131627834,,,0.8062168248572416
7402,1001,13,5,0.65,0.2,1000,restricted_70,aggregation,0.8913732382008986,,,0.8068232093986262
7403,1001,13,5,0.65,0.2,1000,restricted_70,aggregation,0.891637808875917,,,0.8063570704758205
7404,1001,13,5,0.65,0.2,1000,restricted_70,aggregation,0.8916611793704293,,,0.8058773959759377
7405,1001,13,5,0.65,0.2,1000,restricted_70,aggregation,0.8915891148676693,,,0.8062371742840493
7406,1001,13,5,0.65,0.2,1000,restricted_70,aggregation,0.8917160314127661,,,0.8066668229301563
7407,1001,13,5,0.65,0.2,1000,restricted_70,aggregation,0.8914413102925686,,,0.8065012822516989
7408,1001,13,5,0.65,0.2,1000,restricted_70,aggregation,0.8917370708029871,,,0.8062946035677285
7409,1001,13,5,0.65,0.2,1000,restricted_70,aggregation,0.8916154305135418,,,0.8063302595013012
7410,1001,13,5,0.65,0.2,1000,restricted_70,aggregation,0.891779417140537,,,0.8075509159127909
7411,1001,13,5,0.65,0.2,1000,restricted_70,aggregation,0.8917018133904805,,,0.8066450298235716
7412,1001,13,5,0.65,0.2,1000,restricted_70,aggregation,0.8915677558506465,,,0.8054034094686179
7413,1001,13,5,0.65,0.2,1000,restricted_70,aggregation,0.891690932165797,,,0.8062337841248258
7414,1001,13,5,0.65,0.2,1000,restricted_70,aggregation,0.8915635831872872,,,0.8066641790616791
7415,1001,13,5,0.65,0.2,1000,restricted_70,aggregation,0.8915912237805834,,,0.8061606519329436
7416,1001,13,5,0.65,0.2,1000,restricted_70,aggregation,0.8914037449305671,,,0.8064229799829801
7417,1001,13,5,0.65,0.2,1000,restricted_70,aggregation,0.8916109050413616,,,0.8066234953703705
7418,1001,13,5,0.65,0.2,1000,restricted_70,aggregation,0.8914555093249176,,,0.8061469697123865
7419,1001,13,5,0.65,0.2,1000,restricted_70,aggregation,0.8915604422370995,,,0.8055071298762967
7420,1001,13,5,0.65,0.2,1000,restricted_70,aggregation,0.8916833624866504,,,0.8059019901163651
7421,1001,13,5,0.65,0.2,1000,restricted_70,aggregation,0.89170548687208,,,0.8061445713622798
7422,1001,13,5,0.65,0.2,1000,restricted_70,aggregation,0.891650495489039,,,0.8064891567151984
7423,1001,13,5,0.65,0.2,1000,restricted_70,aggregation,0.8916425310653029,,,0.8059873774527941
7424,1001,13,5,0.65,0.2,1000,restricted_70,aggregation,0.8916446661514539,,,0.8063127173289674
7425,1001,13,5,0.65,0.2,1000,restricted_70,aggregation,0.8916145319841564,,,0.8066311000650584
7426,1001,13,5,0.65,0.2,1000,restricted_70,aggregation,0.8916071144328055,,,0.8058899566174565
7427,1001,13,5,0.65,0.2,1000,restricted_70,aggregation,0.8915469065566832,,,0.8055701794039294
7428,1001,13,5,0.65,0.2,1000,restricted_70,aggregation,0.8914956275134428,,,0.8054245450614201
7429,1001,13,5,0.65,0.2,1000,restricted_70,aggregation,0.8916454080354185,,,0.8057025790875793
7430,1001,13,5,0.65,0.2,1000,restricted_70,aggregation,0.8914851321044274,,,0.806395966995967
7431,1001,13,5,0.65,0.2,1000,restricted_70,aggregation,0.8915746737492952,,,0.8057599027978196
7432,1001,13,5,0.65,0.2,1000,restricted_70,aggregation,0.8917014963123245,,,0.8063066175799509
7433,1001,13,5,0.65,0.2,1000,restricted_70,aggregation,0.8915531455095776,,,0.8069244631140465
7434,1001,13,5,0.65,0.2,1000,restricted_70,aggregation,0.8917482460547475,,,0.8063467976159644
7435,1001,13,5,0.65,0.2,1000,restricted_70,aggregation,0.8917126769512101,,,0.806646442276859
7436,1001,13,5,0.65,0.2,1000,restricted_70,aggregation,0.8916041236504713,,,0.8064355776707861
7437,1001,13,5,0.65,0.2,1000,restricted_70,aggregation,0.891625338604438,,,0.8060100512065096
7438,1001,13,5,0.65,0.2,1000,restricted_70,aggregation,0.8917182432840555,,,0.8062550079318831
7439,1001,13,5,0.65,0.2,1000,restricted_70,aggregation,0.8913982651323377,,,0.8066650409698327
7440,1001,13,5,0.65,0.2,1000,restricted_70,aggregation,0.8916660776534854,,,0.806136458711042
7441,1001,13,5,0.65,0.2,1000,restricted_70,aggregation,0.8915060647167106,,,0.8052858552943969
7442,1001,13,5,0.65,0.2,1000,restricted_70,aggregation,0.8916087723115326,,,0.8059699253293003
7443,1001,13,5,0.65,0.2,1000,restricted_70,aggregation,0.8916223546293828,,,0.8058482541686709
7444,1001,13,5,0.65,0.2,1000,restricted_70,aggregation,0.8917914804456659,,,0.8064116377835129
7445,1001,13,5,0.65,0.2,1000,restricted_70,aggregation,0.891689693898891,,,0.8058243651179069
7446,1001,13,5,0.65,0.2,1000,restricted_70,aggregation,0.8915311213212479,,,0.8063332447722033
7447,1001,13,5,0.65,0.2,1000,restricted_70,aggregation,0.8914676923790952,,,0.8056880061296727
7448,1001,13,5,0.65,0.2,1000,restricted_70,aggregation,0.8915488702101383,,,0.8054050089416757
7449,1001,13,5,0.65,0.2,1000,restricted_70,aggregation,0.8915388758689137,,,0.8062330243830245
7450,1001,13,5,0.65,0.2,1000,restricted_70,aggregation,0.8915522756317735,,,0.8056260644216895
7451,1001,13,5,0.65,0.2,1000,restricted_70,aggregation,0.8915584627446024,,,0.8069742630209298
7452,1001,13,5,0.65,0.2,1000,restricted_70,aggregation,0.8915369213626793,,,0.8057903330080414
7453,1001,13,5,0.65,0.2,1000,restricted_70,aggregation,0.8912701605981428,,,0.8058079244058411
7454,1001,13,5,0.65,0.2,1000,restricted_70,aggregation,0.8916977859834803,,,0.8068589951021202
7455,1001,13,5,0.65,0.2,1000,restricted_70,aggregation,0.8915709717587139,,,0.8055446470273555
7456,1001,13,5,0.65,0.2,1000,restricted_70,aggregation,0.8918017519268047,,,0.8068318759866677
7457,1001,13,5,0.65,0.2,1000,restricted_70,aggregation,0.8916789661483027,,,0.806284279277821
7458,1001,13,5,0.65,0.2,1000,restricted_70,aggregation,0.8913167672057657,,,0.8071645957283458
7459,1001,13,5,0.65,0.2,1000,restricted_70,aggregation,0.891509982067079,,,0.8065501432209766
7460,1001,13,5,0.65,0.2,1000,restricted_70,aggregation,0.8916979444468961,,,0.8063671225071226
7461,1001,13,5,0.65,0.2,1000,restricted_70,aggregation,0.8915771896336908,,,0.805649885878011
7462,1001,13,5,0.65,0.2,1000,restricted_70,aggregation,0.8917225554412552,,,0.8063291631670799
7463,1001,13,5,0.65,0.2,1000,restricted_70,aggregation,0.8915704199191856,,,0.8049756933806934
7464,1001,13,5,0.65,0.2,1000,restricted_70,aggregation,0.891533463929607,,,0.8062661072261074
7465,1001,13,5,0.65,0.2,1000,restricted_70,aggregation,0.8917933907865678,,,0.8069740605305189
7466,1001,13,5,0.65,0.2,1000,restricted_70,aggregation,0.8916338183577246,,,0.805433137387304
7467,1001,13,5,0.65,0.2,1000,restricted_70,aggregation,0.891615913220927,,,0.8059657806082806
7468,1001,13,5,0.65,0.2,1000,restricted_70,aggregation,0.8916111766974897,,,0.8059278365384618
7469,1001,13,5,0.65,0.2,1000,restricted_70,aggregation,0.8917454501511777,,,0.8065205266724018
7470,1001,13,5,0.65,0.2,1000,restricted_70,aggregation,0.8915542010522383,,,0.8067220241563992
7471,1001,13,5,0.65,0.2,1000,restricted_70,aggregation,0.8917008198067368,,,0.8062960605829357
7472,1001,13,5,0.65,0.2,1000,restricted_70,aggregation,0.89172553707722,,,0.8061528676570344
7473,1001,13,5,0.65,0.2,1000,restricted_70,aggregation,0.8917211277099681,,,0.805997482794983
7474,1001,13,5,0.65,0.2,1000,restricted_70,aggregation,0.8917570756772472,,,0.806883645397812
7475,1001,13,5,0.65,0.2,1000,restricted_70,aggregation,0.8915861697605659,,,0.8061876367151368
7476,1001,13,5,0.65,0.2,1000,restricted_70,aggregation,0.8916688947781026,,,0.8061927361604445
7477,1001,13,5,0.65,0.2,1000,restricted_70,aggregation,0.891695259761467,,,0.8067216913179414
7478,1001,13,5,0.65,0.2,1000,restricted_70,aggregation,0.8916400260678022,,,0.8059267548346716
7479,1001,13,5,0.65,0.2,1000,restricted_70,aggregation,0.891678678006698,,,0.8063710434627102
7480,1001,13,5,0.65,0.2,1000,restricted_70,aggregation,0.8917024313240753,,,0.8065666293274627
7481,1001,13,5,0.65,0.2,1000,restricted_70,aggregation,0.8916817120701471,,,0.8067784854266105
7482,1001,13,5,0.65,0.2,1000,restricted_70,aggregation,0.8916268751807153,,,0.8056994517442435
7483,1001,13,5,0.65,0.2,1000,restricted_70,aggregation,0.8915144736133117,,,0.8063517390634057
7484,1001,13,5,0.65,0.2,1000,restricted_70,aggregation,0.8915839237415935,,,0.8053734622784624
7485,1001,13,5,0.65,0.2,1000,restricted_70,aggregation,0.8915869597373706,,,0.8061813310223728
7486,1001,13,5,0.65,0.2,1000,restricted_70,aggregation,0.8917437195109477,,,0.8063684542540793
7487,1001,13,5,0.65,0.2,1000,restricted_70,aggregation,0.8914976240934774,,,0.805982994312786
7488,1001,13,5,0.65,0.2,1000,restricted_70,aggregation,0.8916855599343716,,,0.8066012959571294
7489,1001,13,5,0.65,0.2,1000,restricted_70,aggregation,0.891715805504901,,,0.8066206119035287
7490,1001,13,5,0.65,0.2,1000,restricted_70,aggregation,0.8917456200374336,,,0.8072214707668874
7491,1001,13,5,0.65,0.2,1000,restricted_70,aggregation,0.8916480409754932,,,0.8056327147543816
7492,1001,13,5,0.65,0.2,1000,restricted_70,aggregation,0.8916386165658573,,,0.8063020793018711
7493,1001,13,5,0.65,0.2,1000,restricted_70,aggregation,0.891677773650228,,,0.8064993934923103
7494,1001,13,5,0.65,0.2,1000,restricted_70,aggregation,0.891726485198842,,,0.806207897233939
7495,1001,13,5,0.65,0.2,1000,restricted_70,aggregation,0.8915574384288926,,,0.8060423218833637
7496,1001,13,5,0.65,0.2,1000,restricted_70,aggregation,0.8916623328806143,,,0.8065080940664274
7497,1001,13,5,0.65,0.2,1000,restricted_70,aggregation,0.8916867695704366,,,0.8062533001797586
7498,1001,13,5,0.65,0.2,1000,restricted_70,aggregation,0.8915221753802355,,,0.8060057891722475
7499,1001,13,5,0.65,0.2,1000,restricted_70,aggregation,0.891718203322466,,,0.8063084103936189
7500,1001,13,5,0.65,0.2,1000,restricted_70,aggregation,0.8916502216223575,,,0.8064735695862779
7501,1001,13,5,0.65,0.2,1000,restricted_70,aggregation,0.8915098779893895,,,0.8059059577305412
7502,1001,13,5,0.65,0.2,1000,restricted_70,aggregation,0.8916118725799174,,,0.8067394877113627
7503,1001,13,5,0.65,0.2,1000,restricted_70,aggregation,0.8915521656095379,,,0.8062944848515682
7504,1001,13,5,0.65,0.2,1000,restricted_70,aggregation,0.8915867032174046,,,0.8062580672645256
7505,1001,13,5,0.65,0.2,1000,restricted_70,aggregation,0.8915650045343313,,,0.8062851170280337
7506,1001,13,5,0.65,0.2,1000,restricted_70,aggregation,0.8915983861200261,,,0.8049143893298062
7507,1001,13,5,0.65,0.2,1000,restricted_70,aggregation,0.891621542476423,,,0.8069251452251452
7508,1001,13,5,0.65,0.2,1000,restricted_70,aggregation,0.8917354325293961,,,0.8065147030592864
7509,1001,13,5,0.65,0.2,1000,restricted_70,aggregation,0.8914407494792516,,,0.8053495676854011
7510,1001,13,5,0.65,0.2,1000,restricted_70,aggregation,0.8916065333327332,,,0.8055665921655505
7511,1001,13,5,0.65,0.2,1000,restricted_70,aggregation,0.8916459645290363,,,0.8055122168418003
7512,1001,13,5,0.65,0.2,1000,restricted_70,aggregation,0.8916107901206681,,,0.8059565851663769
7513,1001,13,5,0.65,0.2,1000,restricted_70,aggregation,0.8915493704789605,,,0.8065168105274355
7514,1001,13,5,0.65,0.2,1000,restricted_70,aggregation,0.8917327418827377,,,0.8063276131199048
7515,1001,13,5,0.65,0.2,1000,restricted_70,aggregation,0.891633916970229,,,0.8058631857340192
7516,1001,13,5,0.65,0.2,1000,restricted_70,aggregation,0.8915855093666425,,,0.8061889265672599
7517,1001,13,5,0.65,0.2,1000,restricted_70,aggregation,0.8914418414692591,,,0.8063386938447357
7518,1001,13,5,0.65,0.2,1000,restricted_70,aggregation,0.8916941166481651,,,0.8063727481546232
7519,1001,13,5,0.65,0.2,1000,restricted_70,aggregation,0.8916578612840772,,,0.8057294858921943
7520,1001,13,5,0.65,0.2,1000,restricted_70,aggregation,0.8913631479925245,,,0.8054280762832847
7521,1001,13,5,0.65,0.2,1000,restricted_70,aggregation,0.891740825671855,,,0.8065602361373195
7522,1001,13,5,0.65,0.2,1000,restricted_70,aggregation,0.8916131568957532,,,0.8055424990672908
7523,1001,13,5,0.65,0.2,1000,restricted_70,aggregation,0.8915554731192805,,,0.8063459090600757
7524,1001,13,5,0.65,0.2,1000,restricted_70,aggregation,0.8915105029585492,,,0.8057527829500746
7525,1001,13,5,0.65,0.2,1000,restricted_70,aggregation,0.8916336389581705,,,0.8068453963628964
7526,1001,13,5,0.65,0.2,1000,restricted_70,aggregation,0.8916583550491981,,,0.8069986570451155
7527,1001,13,5,0.65,0.2,1000,restricted_70,aggregation,0.8916140565066786,,,0.8064810708041958
7528,1001,13,5,0.65,0.2,1000,restricted_70,aggregation,0.8916177453260422,,,0.8064683771629606
7529,1001,13,5,0.65,0.2,1000,restricted_70,aggregation,0.8915709004311926,,,0.8063759421828173
7530,1001,13,5,0.65,0.2,1000,restricted_70,aggregation,0.8916196944380488,,,0.8049629814475648
7531,1001,13,5,0.65,0.2,1000,restricted_70,aggregation,0.8916291188936311,,,0.806346370265537
7532,1001,13,5,0.65,0.2,1000,restricted_70,aggregation,0.8917201301407441,,,0.806619968943094
7533,1001,13,5,0.65,0.2,1000,restricted_70,aggregation,0.8915706003191297,,,0.8065970153534737
7534,1001,13,5,0.65,0.2,1000,restricted_70,aggregation,0.8915179036711035,,,0.8060533425293842
7535,1001,13,5,0.65,0.2,1000,restricted_70,aggregation,0.8916467029939206,,,0.8064388992334827
7536,1001,13,5,0.65,0.2,1000,restricted_70,aggregation,0.891644103247538,,,0.8068706618150369
7537,1001,13,5,0.65,0.2,1000,restricted_70,aggregation,0.8916722650187524,,,0.8066736238452905
7538,1001,13,5,0.65,0.2,1000,restricted_70,aggregation,0.8917904402441439,,,0.8064256637344138
7539,1001,13,5,0.65,0.2,1000,restricted_70,aggregation,0.8916765732582889,,,0.8071468602462353
7540,1001,13,5,0.65,0.2,1000,restricted_70,aggregation,0.8916611427897159,,,0.8066332272357273
7541,1001,13,5,0.65,0.2,1000,restricted_70,aggregation,0.8916361041613163,,,0.8058731983217401
7542,1001,13,5,0.65,0.2,1000,restricted_70,aggregation,0.8914306927885216,,,0.8056612360093611
7543,1001,13,5,0.65,0.2,1000,restricted_70,aggregation,0.8915779368377605,,,0.8059296990355325
7544,1001,13,5,0.65,0.2,1000,restricted_70,aggregation,0.8915795074321203,,,0.8062684677205512
7545,1001,13,5,0.65,0.2,1000,restricted_70,aggregation,0.8916957246024079,,,0.8065458656929491
7546,1001,13,5,0.65,0.2,1000,restricted_70,aggregation,0.8916907168281688,,,0.8061315868005452
7547,1001,13,5,0.65,0.2,1000,restricted_70,aggregation,0.8916136702720268,,,0.8064722882518716
7548,1001,13,5,0.65,0.2,1000,restricted_70,aggregation,0.8917088563281451,,,0.8063723760421678
7549,1001,13,5,0.65,0.2,1000,restricted_70,aggregation,0.8915620906864584,,,0.8058430063609231
7550,1001,13,5,0.65,0.2,1000,restricted_70,aggregation,0.8915157173481009,,,0.8060547365134867
7551,1001,13,5,0.65,0.2,1000,restricted_70,aggregation,0.8916510434033114,,,0.8056454237814655
7552,1001,13,5,0.65,0.2,1000,restricted_70,aggregation,0.8917318171543938,,,0.8065253802524637
7553,1001,13,5,0.65,0.2,1000,restricted_70,aggregation,0.8917094347133468,,,0.8067629186014603
7554,1001,13,5,0.65,0.2,1000,restricted_70,aggregation,0.8913697074987984,,,0.805803163510872
7555,1001,13,5,0.65,0.2,1000,restricted_70,aggregation,0.8916350554044636,,,0.8066573763273764
7556,1001,13,5,0.65,0.2,1000,restricted_70,aggregation,0.8916046904571627,,,0.8061587808796142
7557,1001,13,5,0.65,0.2,1000,restricted_70,aggregation,0.891763268243181,,,0.8066038624646958
7558,1001,13,5,0.65,0.2,1000,restricted_70,aggregation,0.8914731355213731,,,0.8056023364521283
7559,1001,13,5,0.65,0.2,1000,restricted_70,aggregation,0.8916099636438292,,,0.8064761829374331
7560,1001,13,5,0.65,0.2,1000,restricted_70,aggregation,0.8915673025486599,,,0.806473078595787
7561,1001,13,5,0.65,0.2,1000,restricted_70,aggregation,0.8916630534884623,,,0.8063175060125061
7562,1001,13,5,0.65,0.2,1000,restricted_70,aggregation,0.8916525935159133,,,0.8066013742969994
7563,1001,13,5,0.65,0.2,1000,restricted_70,aggregation,0.8915782938254576,,,0.8061865221892307
7564,1001,13,5,0.65,0.2,1000,restricted_70,aggregation,0.8916584357482618,,,0.8055493597606098
7565,1001,13,5,0.65,0.2,1000,restricted_70,aggregation,0.891692818613867,,,0.8068882352601103
7566,1001,13,5,0.65,0.2,1000,restricted_70,aggregation,0.8917233653218346,,,0.8063312658020992
7567,1001,13,5,0.65,0.2,1000,restricted_70,aggregation,0.891656698429013,,,0.8066179438385689
7568,1001,13,5,0.65,0.2,1000,restricted_70,aggregation,0.891694995030953,,,0.8063305396686646
7569,1001,13,5,0.65,0.2,1000,restricted_70,aggregation,0.8916788333160189,,,0.8065904751267251
7570,1001,13,5,0.65,0.2,1000,restricted_70,aggregation,0.8915401606232204,,,0.8066295897543815
7571,1001,13,5,0.65,0.2,1000,restricted_70,aggregation,0.8917193256014104,,,0.8065438376207126
7572,1001,13,5,0.65,0.2,1000,restricted_70,aggregation,0.8916762044185352,,,0.8060200256456507
7573,1001,13,5,0.65,0.2,1000,restricted_70,aggregation,0.891669331303563,,,0.8072045930381347
7574,1001,13,5,0.65,0.2,1000,restricted_70,aggregation,0.8916978388727669,,,0.806302356224023
7575,1001,13,5,0.65,0.2,1000,restricted_70,aggregation,0.8914307572466466,,,0.8063280586851421
7576,1001,13,5,0.65,0.2,1000,restricted_70,aggregation,0.8917213117557342,,,0.806758982059607
7577,1001,13,5,0.65,0.2,1000,restricted_70,aggregation,0.891539794879111,,,0.8065893873950125
7578,1001,13,5,0.65,0.2,1000,restricted_70,aggregation,0.8916177241528286,,,0.8068162153741321
7579,1001,13,5,0.65,0.2,1000,restricted_70,aggregation,0.8915245533383782,,,0.8069506558102392
7580,1001,13,5,0.65,0.2,1000,restricted_70,aggregation,0.8917032563571479,,,0.8062720301072385
7581,1001,13,5,0.65,0.2,1000,restricted_70,aggregation,0.8915692556802753,,,0.8063036375584293
7582,1001,13,5,0.65,0.2,1000,restricted_70,aggregation,0.8917469798405774,,,0.8066410864906699
7583,1001,13,5,0.65,0.2,1000,restricted_70,aggregation,0.8916727256055826,,,0.8061960504002171
7584,1001,13,5,0.65,0.2,1000,restricted_70,aggregation,0.8915840423188602,,,0.805952395914271
7585,1001,13,5,0.65,0.2,1000,restricted_70,aggregation,0.8915426095228695,,,0.806446612608071
7586,1001,13,5,0.65,0.2,1000,restricted_70,aggregation,0.891451439090038,,,0.8063200453019203
7587,1001,13,5,0.65,0.2,1000,restricted_70,aggregation,0.8914445982315419,,,0.8058192022560773
7588,1001,13,5,0.65,0.2,1000,restricted_70,aggregation,0.8917270603700743,,,0.8066077040166624
7589,1001,13,5,0.65,0.2,1000,restricted_70,aggregation,0.891678853031191,,,0.8069055322763657
7590,1001,13,5,0.65,0.2,1000,restricted_70,aggregation,0.8915641837233522,,,0.8059607964026715
7591,1001,13,5,0.65,0.2,1000,restricted_70,aggregation,0.8917018730965611,,,0.8068531745415078
7592,1001,13,5,0.65,0.2,1000,restricted_70,aggregation,0.8915237263260761,,,0.8059996548744467
7593,1001,13,5,0.65,0.2,1000,restricted_70,aggregation,0.8916925373922154,,,0.8063069715469717
7594,1001,13,5,0.65,0.2,1000,restricted_70,aggregation,0.8915881516940196,,,0.8060081392141809
7595,1001,13,5,0.65,0.2,1000,restricted_70,aggregation,0.8915508425446971,,,0.8065069985569986
7596,1001,13,5,0.65,0.2,1000,restricted_70,aggregation,0.8913498798420343,,,0.8064031991773659
7597,1001,13,5,0.65,0.2,1000,restricted_70,aggregation,0.8915724516852297,,,0.8056509090446592
7598,1001,13,5,0.65,0.2,1000,restricted_70,aggregation,0.891682483638333,,,0.8069574506897425
7599,1001,13,5,0.65,0.2,1000,restricted_70,aggregation,0.8916842139102228,,,0.8059889845725263
7600,1001,13,5,0.65,0.2,1000,restricted_70,aggregation,0.8917148639107887,,,0.8062872700910201
7601,1001,13,5,0.65,0.2,1000,restricted_70,aggregation,0.8917336323415307,,,0.8067989953719121
7602,1001,13,5,0.65,0.2,1000,restricted_70,aggregation,0.8916405928175573,,,0.8067202174445925
7603,1001,13,5,0.65,0.2,1000,restricted_70,aggregation,0.891665864685298,,,0.8067490340909091
7604,1001,13,5,0.65,0.2,1000,restricted_70,aggregation,0.8917168658096472,,,0.8065264642610477
7605,1001,13,5,0.65,0.2,1000,restricted_70,aggregation,0.8915182354564044,,,0.8061589573389575
7606,1001,13,5,0.65,0.2,1000,restricted_70,aggregation,0.8915148835401039,,,0.8063211504544838
7607,1001,13,5,0.65,0.2,1000,restricted_70,aggregation,0.8915466970424946,,,0.8054951283747118
7608,1001,13,5,0.65,0.2,1000,restricted_70,aggregation,0.8916749432815074,,,0.8064905110861362
7609,1001,13,5,0.65,0.2,1000,restricted_70,aggregation,0.8914644123741613,,,0.8054563245781997
7610,1001,13,5,0.65,0.2,1000,restricted_70,aggregation,0.8916860211560413,,,0.8070637187580938
7611,1001,13,5,0.65,0.2,1000,restricted_70,aggregation,0.8915535818552357,,,0.806371063889814
7612,1001,13,5,0.65,0.2,1000,restricted_70,aggregation,0.8915459788433242,,,0.8057029697231781
7613,1001,13,5,0.65,0.2,1000,restricted_70,aggregation,0.8917155032397508,,,0.8057833461908462
7614,1001,13,5,0.65,0.2,1000,restricted_70,aggregation,0.8916713659009591,,,0.8058286626028294
7615,1001,13,5,0.65,0.2,1000,restricted_70,aggregation,0.8916425822421155,,,0.8053202608579694
7616,1001,13,5,0.65,0.2,1000,restricted_70,aggregation,0.8915380925456717,,,0.8052524569026653
7617,1001,13,5,0.65,0.2,1000,restricted_70,aggregation,0.8916030213696737,,,0.8057733257945758
7618,1001,13,5,0.65,0.2,1000,restricted_70,aggregation,0.8916407229239873,,,0.8062050117552202
7619,1001,13,5,0.65,0.2,1000,restricted_70,aggregation,0.891515390800749,,,0.80535506337798
7620,1001,13,5,0.65,0.2,1000,restricted_70,aggregation,0.8916413961122786,,,0.8056813381602966
7621,1001,13,5,0.65,0.2,1000,restricted_70,aggregation,0.8916965596310796,,,0.8068493824462575
7622,1001,13,5,0.65,0.2,1000,restricted_70,aggregation,0.8917353642431549,,,0.8064577829192413
7623,1001,13,5,0.65,0.2,1000,restricted_70,aggregation,0.8915320788490316,,,0.8062746863938531
7624,1001,13,5,0.65,0.2,1000,restricted_70,aggregation,0.8917099408572833,,,0.8062337755300256
7625,1001,13,5,0.65,0.2,1000,restricted_70,aggregation,0.8917120522324585,,,0.8061214707977208
7626,1001,13,5,0.65,0.2,1000,restricted_70,aggregation,0.8917278166142782,,,0.8066698412929664
7627,1001,13,5,0.65,0.2,1000,restricted_70,aggregation,0.8918013888511415,,,0.8066847974170891
7628,1001,13,5,0.65,0.2,1000,restricted_70,aggregation,0.891728200897359,,,0.806471019929145
7629,1001,13,5,0.65,0.2,1000,restricted_70,aggregation,0.891599475871229,,,0.8059336632811632
7630,1001,13,5,0.65,0.2,1000,restricted_70,aggregation,0.8916420868440594,,,0.8060777081020831
7631,1001,13,5,0.65,0.2,1000,restricted_70,aggregation,0.8916607414353476,,,0.8065080140615558
7632,1001,13,5,0.65,0.2,1000,restricted_70,aggregation,0.8917380515310335,,,0.8065871072677323
7633,1001,13,5,0.65,0.2,1000,restricted_70,aggregation,0.8912974190901678,,,0.8058624252599254
7634,1001,13,5,0.65,0.2,1000,restricted_70,aggregation,0.8917904939885904,,,0.8068796393729728
7635,1001,13,5,0.65,0.2,1000,restricted_70,aggregation,0.8915576685670942,,,0.8061700295229463
7636,1001,13,5,0.65,0.2,1000,restricted_70,aggregation,0.8914693445642967,,,0.8064363713524131
7637,1001,13,5,0.65,0.2,1000,restricted_70,aggregation,0.8916338868757037,,,0.80622410160056
7638,1001,13,5,0.65,0.2,1000,restricted_70,aggregation,0.8916627038228337,,,0.8060147733747735
7639,1001,13,5,0.65,0.2,1000,restricted_70,aggregation,0.8916139918965642,,,0.8062917060485812
7640,1001,13,5,0.65,0.2,1000,restricted_70,aggregation,0.8917050610319991,,,0.8071763774034607
7641,1001,13,5,0.65,0.2,1000,restricted_70,aggregation,0.8915134911392281,,,0.8067564846573181
7642,1001,13,5,0.65,0.2,1000,restricted_70,aggregation,0.8916718751199849,,,0.8059135125291377
7643,1001,13,5,0.65,0.2,1000,restricted_70,aggregation,0.8916216519491617,,,0.8058408901746402
7644,1001,13,5,0.65,0.2,1000,restricted_70,aggregation,0.8915842210153474,,,0.8052845943408443
7645,1001,13,5,0.65,0.2,1000,restricted_70,aggregation,0.8915071514394138,,,0.8067323504427671
7646,1001,13,5,0.65,0.2,1000,restricted_70,aggregation,0.8916573149594583,,,0.8057934830986915
7647,1001,13,5,0.65,0.2,1000,restricted_70,aggregation,0.8916442708795507,,,0.8057783086589336
7648,1001,13,5,0.65,0.2,1000,restricted_70,aggregation,0.8915948223999095,,,0.8068185672044006
7649,1001,13,5,0.65,0.2,1000,restricted_70,aggregation,0.8917637276644663,,,0.8067587177020511
7650,1001,13,5,0.65,0.2,1000,restricted_70,aggregation,0.8916293672081537,,,0.8064355496817998
7651,1001,13,5,0.65,0.2,1000,restricted_70,aggregation,0.8915375247914281,,,0.8063861195902864
7652,1001,13,5,0.65,0.2,1000,restricted_70,aggregation,0.8915441910320079,,,0.8059678405853408
7653,1001,13,5,0.65,0.2,1000,restricted_70,aggregation,0.8917355253818653,,,0.8059565552811387
7654,1001,13,5,0.65,0.2,1000,restricted_70,aggregation,0.8917990078578073,,,0.8067577872127872
7655,1001,13,5,0.65,0.2,1000,restricted_70,aggregation,0.8916527296915997,,,0.8067994173187925
7656,1001,13,5,0.65,0.2,1000,restricted_70,aggregation,0.8916506335198242,,,0.8060619838340671
7657,1001,13,5,0.65,0.2,1000,restricted_70,aggregation,0.8915814758509925,,,0.8058686229202896
7658,1001,13,5,0.65,0.2,1000,restricted_70,aggregation,0.8916771796167371,,,0.8067183503996004
7659,1001,13,5,0.65,0.2,1000,restricted_70,aggregation,0.8915786185624445,,,0.8060785784585786
7660,1001,13,5,0.65,0.2,1000,restricted_70,aggregation,0.8914600375534081,,,0.8053365250259001
7661,1001,13,5,0.65,0.2,1000,restricted_70,aggregation,0.8915604647190988,,,0.8061626567722402
7662,1001,13,5,0.65,0.2,1000,restricted_70,aggregation,0.8917575653278146,,,0.8062357383819884
7663,1001,13,5,0.65,0.2,1000,restricted_70,aggregation,0.8917348846131518,,,0.806880189047064
7664,1001,13,5,0.65,0.2,1000,restricted_70,aggregation,0.8916086030293615,,,0.8059456881158965
7665,1001,13,5,0.65,0.2,1000,restricted_70,aggregation,0.8917035174342446,,,0.8064032637270138
7666,1001,13,5,0.65,0.2,1000,restricted_70,aggregation,0.8916574460086243,,,0.8063823438983856
7667,1001,13,5,0.65,0.2,1000,restricted_70,aggregation,0.8916545809349381,,,0.8058110296108214
7668,1001,13,5,0.65,0.2,1000,restricted_70,aggregation,0.8915154003411504,,,0.8055264750296001
7669,1001,13,5,0.65,0.2,1000,restricted_70,aggregation,0.8916311027775913,,,0.8055683556721057
7670,1001,13,5,0.65,0.2,1000,restricted_70,aggregation,0.8916386555689919,,,0.8062573735138319
7671,1001,13,5,0.65,0.2,1000,restricted_70,aggregation,0.8916403902650619,,,0.8056473078310579
7672,1001,13,5,0.65,0.2,1000,restricted_70,aggregation,0.8916448689960162,,,0.8063079327000162
7673,1001,13,5,0.65,0.2,1000,restricted_70,aggregation,0.8914302608441033,,,0.8057605345040764
7674,1001,13,5,0.65,0.2,1000,restricted_70,aggregation,0.8917527622211349,,,0.8068855958316375
7675,1001,13,5,0.65,0.2,1000,restricted_70,aggregation,0.8915315474618396,,,0.8060501003009336
7676,1001,13,5,0.65,0.2,1000,restricted_70,aggregation,0.8916991558065372,,,0.8062604338408506
7677,1001,13,5,0.65,0.2,1000,restricted_70,aggregation,0.8916622371748005,,,0.8062682575295076
7678,1001,13,5,0.65,0.2,1000,restricted_70,aggregation,0.8917808469205372,,,0.8065257072634157
7679,1001,13,5,0.65,0.2,1000,restricted_70,aggregation,0.8917507366439914,,,0.8065470804118721
7680,1001,13,5,0.65,0.2,1000,restricted_70,aggregation,0.8916318362023734,,,0.8064233004649672
7681,1001,13,5,0.65,0.2,1000,restricted_70,aggregation,0.8915876109216724,,,0.8068809990087074
7682,1001,13,5,0.65,0.2,1000,restricted_70,aggregation,0.891568825669116,,,0.8060813430550932
7683,1001,13,5,0.65,0.2,1000,restricted_70,aggregation,0.8916916291071462,,,0.8063296263921265
7684,1001,13,5,0.65,0.2,1000,restricted_70,aggregation,0.8913543066156494,,,0.8063148234558651
7685,1001,13,5,0.65,0.2,1000,restricted_70,aggregation,0.8915032028002061,,,0.8058979217233383
7686,1001,13,5,0.65,0.2,1000,restricted_70,aggregation,0.8916861851733503,,,0.8064157222484307
7687,1001,13,5,0.65,0.2,1000,restricted_70,aggregation,0.8914498412454956,,,0.8066129016276933
7688,1001,13,5,0.65,0.2,1000,restricted_70,aggregation,0.8917136231459579,,,0.8063206221633306
7689,1001,13,5,0.65,0.2,1000,restricted_70,aggregation,0.8915745284131198,,,0.8059137890735808
7690,1001,13,5,0.65,0.2,1000,restricted_70,aggregation,0.8916406790582412,,,0.8068986480494815
7691,1001,13,5,0.65,0.2,1000,restricted_70,aggregation,0.8917218127004565,,,0.8059267248646417
7692,1001,13,5,0.65,0.2,1000,restricted_70,aggregation,0.8915528299056651,,,0.8063280179696847
7693,1001,13,5,0.65,0.2,1000,restricted_70,aggregation,0.8918238377409229,,,0.806549960964961
7694,1001,13,5,0.65,0.2,1000,restricted_70,aggregation,0.8917802322519717,,,0.8061052696608948
7695,1001,13,5,0.65,0.2,1000,restricted_70,aggregation,0.8916491086916019,,,0.8060362712287713
7696,1001,13,5,0.65,0.2,1000,restricted_70,aggregation,0.8916990678446616,,,0.8060320803193721
7697,1001,13,5,0.65,0.2,1000,restricted_70,aggregation,0.8916340216171115,,,0.8057221056181474
7698,1001,13,5,0.65,0.2,1000,restricted_70,aggregation,0.891613388975758,,,0.8059628749799583
7699,1001,13,5,0.65,0.2,1000,restricted_70,aggregation,0.8914792087499238,,,0.8059204212762547
7700,1001,13,5,0.65,0.2,1000,restricted_70,aggregation,0.8915726055464658,,,0.8067532507153341
7701,1001,13,5,0.65,0.2,1000,restricted_70,aggregation,0.8915788272312336,,,0.8068850926619678
7702,1001,13,5,0.65,0.2,1000,restricted_70,aggregation,0.8913316914287179,,,0.8061372171578421
7703,1001,13,5,0.65,0.2,1000,restricted_70,aggregation,0.8915304072877738,,,0.8055717551430053
7704,1001,13,5,0.65,0.2,1000,restricted_70,aggregation,0.891543864021132,,,0.805581581211998
7705,1001,13,5,0.65,0.2,1000,restricted_70,aggregation,0.8916041730053557,,,0.8064017107969192
7706,1001,13,5,0.65,0.2,1000,restricted_70,aggregation,0.8916519111818774,,,0.8060391955729457
7707,1001,13,5,0.65,0.2,1000,restricted_70,aggregation,0.8915687812744125,,,0.8071279678423429
7708,1001,13,5,0.65,0.2,1000,restricted_70,aggregation,0.8917611221687859,,,0.8068419771355189
7709,1001,13,5,0.65,0.2,1000,restricted_70,aggregation,0.8917085507495621,,,0.8059914045753629
7710,1001,13,5,0.65,0.2,1000,restricted_70,aggregation,0.8914362685533486,,,0.8061179501054502
7711,1001,13,5,0.65,0.2,1000,restricted_70,aggregation,0.8917061699771613,,,0.8060928474457643
7712,1001,13,5,0.65,0.2,1000,restricted_70,aggregation,0.8915425497397782,,,0.8066514023939024
7713,1001,13,5,0.65,0.2,1000,restricted_70,aggregation,0.8916982781787814,,,0.8063180309351143
7714,1001,13,5,0.65,0.2,1000,restricted_70,aggregation,0.8917031118142512,,,0.8062084061000728
7715,1001,13,5,0.65,0.2,1000,restricted_70,aggregation,0.8917064316745134,,,0.8068489431093598
7716,1001,13,5,0.65,0.2,1000,restricted_70,aggregation,0.8916000730472234,,,0.8054963724855393
7717,1001,13,5,0.65,0.2,1000,restricted_70,aggregation,0.8914673392926553,,,0.8057270059724226
7718,1001,13,5,0.65,0.2,1000,restricted_70,aggregation,0.8914993840190473,,,0.8058297355653606
7719,1001,13,5,0.65,0.2,1000,restricted_70,aggregation,0.8914960933022603,,,0.8062162621098038
7720,1001,13,5,0.65,0.2,1000,restricted_70,aggregation,0.8917124124928265,,,0.805964435618394
7721,1001,13,5,0.65,0.2,1000,restricted_70,aggregation,0.8917104995292183,,,0.805874865196532
7722,1001,13,5,0.65,0.2,1000,restricted_70,aggregation,0.8915867764133821,,,0.8063010041424625
7723,1001,13,5,0.65,0.2,1000,restricted_70,aggregation,0.891708572979413,,,0.8064987542858376
7724,1001,13,5,0.65,0.2,1000,restricted_70,aggregation,0.8916156036522002,,,0.8063699703845538
7725,1001,13,5,0.65,0.2,1000,restricted_70,aggregation,0.8915857323633719,,,0.8066184932505768
7726,1001,13,5,0.65,0.2,1000,restricted_70,aggregation,0.8916649854193046,,,0.8061116364268447
7727,1001,13,5,0.65,0.2,1000,restricted_70,aggregation,0.8916676928252901,,,0.805857426046176
7728,1001,13,5,0.65,0.2,1000,restricted_70,aggregation,0.891619454850575,,,0.8059544847744848
7729,1001,13,5,0.65,0.2,1000,restricted_70,aggregation,0.891623312443002,,,0.8059876880912299
7730,1001,13,5,0.65,0.2,1000,restricted_70,aggregation,0.8916403002280867,,,0.8064173816384234
7731,1001,13,5,0.65,0.2,1000,restricted_70,aggregation,0.8917804000864883,,,0.8070478871899706
7732,1001,13,5,0.65,0.2,1000,restricted_70,aggregation,0.8916965909723705,,,0.8074497615116365
7733,1001,13,5,0.65,0.2,1000,restricted_70,aggregation,0.8915586920631848,,,0.8062182100692518
7734,1001,13,5,0.65,0.2,1000,restricted_70,aggregation,0.8913822600996836,,,0.8057521088633589
7735,1001,13,5,0.65,0.2,1000,restricted_70,aggregation,0.891704990993737,,,0.8057424643412144
7736,1001,13,5,0.65,0.2,1000,restricted_70,aggregation,0.8916480659204739,,,0.8061833154345656
7737,1001,13,5,0.65,0.2,1000,restricted_70,aggregation,0.8916249750133798,,,0.8054541808114725
7738,1001,13,5,0.65,0.2,1000,restricted_70,aggregation,0.8915029572840035,,,0.8051674147997065
7739,1001,13,5,0.65,0.2,1000,restricted_70,aggregation,0.8916581382273882,,,0.8059068692649942
7740,1001,13,5,0.65,0.2,1000,restricted_70,aggregation,0.8915035894019117,,,0.8051761580240747
7741,1001,13,5,0.65,0.2,1000,restricted_70,aggregation,0.8917293054187571,,,0.8061592317558984
7742,1001,13,5,0.65,0.2,1000,restricted_70,aggregation,0.8916644699512862,,,0.8066303898955983
7743,1001,13,5,0.65,0.2,1000,restricted_70,aggregation,0.8916135738390508,,,0.805969530207447
7744,1001,13,5,0.65,0.2,1000,restricted_70,aggregation,0.8916716266847353,,,0.8067816062486897
7745,1001,13,5,0.65,0.2,1000,restricted_70,aggregation,0.8914533952771521,,,0.8060645241641075
7746,1001,13,5,0.65,0.2,1000,restricted_70,aggregation,0.8916406895978386,,,0.8064635337810339
7747,1001,13,5,0.65,0.2,1000,restricted_70,aggregation,0.8916502798431714,,,0.8063112494449995
7748,1001,13,5,0.65,0.2,1000,restricted_70,aggregation,0.8916506665043918,,,0.806452951161493
7749,1001,13,5,0.65,0.2,1000,restricted_70,aggregation,0.8914021819020249,,,0.8059306696467115
7750,1001,13,5,0.65,0.2,1000,restricted_70,aggregation,0.8915557748676228,,,0.8056043010924261
7751,1001,13,5,0.65,0.2,1000,restricted_70,aggregation,0.8914605171294091,,,0.8062986415205166
7752,1001,13,5,0.65,0.2,1000,restricted_70,aggregation,0.8917095170918591,,,0.806268033640742
7753,1001,13,5,0.65,0.2,1000,restricted_70,aggregation,0.8916018332765211,,,0.8060729489106573
7754,1001,13,5,0.65,0.2,1000,restricted_70,aggregation,0.8917742057359472,,,0.8067929081258248
7755,1001,13,5,0.65,0.2,1000,restricted_70,aggregation,0.8916910522857604,,,0.8063872695976864
7756,1001,13,5,0.65,0.2,1000,restricted_70,aggregation,0.8917009681085359,,,0.8064496578036162
7757,1001,13,5,0.65,0.2,1000,restricted_70,aggregation,0.8916843826846585,,,0.8063098067210568
7758,1001,13,5,0.65,0.2,1000,restricted_70,aggregation,0.891624551794906,,,0.8062524895629062
7759,1001,13,5,0.65,0.2,1000,restricted_70,aggregation,0.8917023536861084,,,0.8067836933051517
7760,1001,13,5,0.65,0.2,1000,restricted_70,aggregation,0.8917385052651313,,,0.8065909753055588
7761,1001,13,5,0.65,0.2,1000,restricted_70,aggregation,0.891715995762721,,,0.8060803591084842
7762,1001,13,5,0.65,0.2,1000,restricted_70,aggregation,0.8916615959901347,,,0.8066925496185914
7763,1001,13,5,0.65,0.2,1000,restricted_70,aggregation,0.8916371768697994,,,0.8062950021429189
7764,1001,13,5,0.65,0.2,1000,restricted_70,aggregation,0.8917435474672682,,,0.806444982710191
7765,1001,13,5,0.65,0.2,1000,restricted_70,aggregation,0.8915827748165033,,,0.8062752170823004
7766,1001,13,5,0.65,0.2,1000,restricted_70,aggregation,0.8915799748758204,,,0.8060979730069313
7767,1001,13,5,0.65,0.2,1000,restricted_70,aggregation,0.8917087785011487,,,0.8065350635938137
7768,1001,13,5,0.65,0.2,1000,restricted_70,aggregation,0.8916457773891763,,,0.8064357872066206
7769,1001,13,5,0.65,0.2,1000,restricted_70,aggregation,0.8915151696223558,,,0.8058680618841036
7770,1001,13,5,0.65,0.2,1000,restricted_70,aggregation,0.8915512804365896,,,0.8063220439360023
7771,1001,13,5,0.65,0.2,1000,restricted_70,aggregation,0.8914080979422047,,,0.805901904129821
7772,1001,13,5,0.65,0.2,1000,restricted_70,aggregation,0.8915250923678824,,,0.8059741437189355
7773,1001,13,5,0.65,0.2,1000,restricted_70,aggregation,0.8916176670232002,,,0.806727997542581
7774,1001,13,5,0.65,0.2,1000,restricted_70,aggregation,0.8917622331954502,,,0.807482983621317
7775,1001,13,5,0.65,0.2,1000,restricted_70,aggregation,0.8916288521219647,,,0.8066269907021991
7776,1001,13,5,0.65,0.2,1000,restricted_70,aggregation,0.891721302417376,,,0.8061940924507592
7777,1001,13,5,0.65,0.2,1000,restricted_70,aggregation,0.891640598073241,,,0.8057222610568445
7778,1001,13,5,0.65,0.2,1000,restricted_70,aggregation,0.8916920984157902,,,0.8065570158005575
7779,1001,13,5,0.65,0.2,1000,restricted_70,aggregation,0.8916435668483632,,,0.8052969427871511
7780,1001,13,5,0.65,0.2,1000,restricted_70,aggregation,0.8914818773320549,,,0.8060068659504077
7781,1001,13,5,0.65,0.2,1000,restricted_70,aggregation,0.8916518099646621,,,0.8063967832553249
7782,1001,13,5,0.65,0.2,1000,restricted_70,aggregation,0.8917396592940808,,,0.8063509878932795
7783,1001,13,5,0.65,0.2,1000,restricted_70,aggregation,0.891488579060662,,,0.8047713578936496
7784,1001,13,5,0.65,0.2,1000,restricted_70,aggregation,0.8915749623652274,,,0.8058193141426474
7785,1001,13,5,0.65,0.2,1000,restricted_70,aggregation,0.8916088306650628,,,0.8052926347803431
7786,1001,13,5,0.65,0.2,1000,restricted_70,aggregation,0.891631872832416,,,0.8063183173693591
7787,1001,13,5,0.65,0.2,1000,restricted_70,aggregation,0.8916864077457684,,,0.8064940701428203
7788,1001,13,5,0.65,0.2,1000,restricted_70,aggregation,0.8917339830082145,,,0.8062215082833832
7789,1001,13,5,0.65,0.2,1000,restricted_70,aggregation,0.8917100633818593,,,0.8069454261941763
7790,1001,13,5,0.65,0.2,1000,restricted_70,aggregation,0.8916742495001144,,,0.8067961148573649
7791,1001,13,5,0.65,0.2,1000,restricted_70,aggregation,0.8917325933611806,,,0.8064247998375083
7792,1001,13,5,0.65,0.2,1000,restricted_70,aggregation,0.891743551643343,,,0.8059470880739632
7793,1001,13,5,0.65,0.2,1000,restricted_70,aggregation,0.8917211958164274,,,0.8065253931639349
7794,1001,13,5,0.65,0.2,1000,restricted_70,aggregation,0.8916772219900827,,,0.8066467204169288
7795,1001,13,5,0.65,0.2,1000,restricted_70,aggregation,0.891626510803329,,,0.805388202430286
7796,1001,13,5,0.65,0.2,1000,restricted_70,aggregation,0.8914789443352548,,,0.8066442423857008
7797,1001,13,5,0.65,0.2,1000,restricted_70,aggregation,0.8914737304976167,,,0.8059143828316745
7798,1001,13,5,0.65,0.2,1000,restricted_70,aggregation,0.8916563024708684,,,0.8060699582362083
7799,1001,13,5,0.65,0.2,1000,restricted_70,aggregation,0.8916300997162896,,,0.8057103836210088
7800,1001,13,5,0.65,0.2,1000,restricted_70,aggregation,0.8915560698328221,,,0.806064957935583
7801,1001,13,5,0.65,0.2,1000,restricted_70,aggregation,0.8916877510937492,,,0.8061919929299096
7802,1001,13,5,0.65,0.2,1000,restricted_70,aggregation,0.8917057994839394,,,0.8065911327638411
7803,1001,13,5,0.65,0.2,1000,restricted_70,aggregation,0.8917442915949959,,,0.8068657373567791
7804,1001,13,5,0.65,0.2,1000,restricted_70,aggregation,0.8916599000900692,,,0.8063782777407777
7805,1001,13,5,0.65,0.2,1000,restricted_70,aggregation,0.8918173809517151,,,0.8076428451795119
7806,1001,13,5,0.65,0.2,1000,restricted_70,aggregation,0.8917383583214311,,,0.8069632112871696
7807,1001,13,5,0.65,0.2,1000,restricted_70,aggregation,0.8915555654521813,,,0.8070344748461415
7808,1001,13,5,0.65,0.2,1000,restricted_70,aggregation,0.8916684822654388,,,0.806212414221581
7809,1001,13,5,0.65,0.2,1000,restricted_70,aggregation,0.8915693327973719,,,0.8063743746531247
7810,1001,13,5,0.65,0.2,1000,restricted_70,aggregation,0.8917321420690876,,,0.8066744564617481
7811,1001,13,5,0.65,0.2,1000,restricted_70,aggregation,0.8917320833073398,,,0.8061060014830849
7812,1001,13,5,0.65,0.2,1000,restricted_70,aggregation,0.8916653420897246,,,0.8064470498482998
7813,1001,13,5,0.65,0.2,1000,restricted_70,aggregation,0.8916831034351966,,,0.8062954956848708
7814,1001,13,5,0.65,0.2,1000,restricted_70,aggregation,0.8915522950050773,,,0.8069188969209803
7815,1001,13,5,0.65,0.2,1000,restricted_70,aggregation,0.8916437751468288,,,0.8060544595527929
7816,1001,13,5,0.65,0.2,1000,restricted_70,aggregation,0.8917067169699541,,,0.8060151977574895
7817,1001,13,5,0.65,0.2,1000,restricted_70,aggregation,0.8915349573867283,,,0.805772221197013
7818,1001,13,5,0.65,0.2,1000,restricted_70,aggregation,0.8915098570066823,,,0.8059079333783501
7819,1001,13,5,0.65,0.2,1000,restricted_70,aggregation,0.8916886940979227,,,0.8066050651200651
7820,1001,13,5,0.65,0.2,1000,restricted_70,aggregation,0.8915017191222061,,,0.8060844844815679
7821,1001,13,5,0.65,0.2,1000,restricted_70,aggregation,0.8916956186549975,,,0.8064747405989072
7822,1001,13,5,0.65,0.2,1000,restricted_70,aggregation,0.8916367150071367,,,0.8064152688438107
7823,1001,13,5,0.65,0.2,1000,restricted_70,aggregation,0.8916939068968355,,,0.8055301557316141
7824,1001,13,5,0.65,0.2,1000,restricted_70,aggregation,0.89159123811541,,,0.8056130155338488
7825,1001,13,5,0.65,0.2,1000,restricted_70,aggregation,0.8916325013110364,,,0.8056352774386109
7826,1001,13,5,0.65,0.2,1000,restricted_70,aggregation,0.8916427913364919,,,0.8062420011238762
7827,1001,13,5,0.65,0.2,1000,restricted_70,aggregation,0.8916180105024775,,,0.8066181904746488
7828,1001,13,5,0.65,0.2,1000,restricted_70,aggregation,0.8915515910393422,,,0.8060790804797056
7829,1001,13,5,0.65,0.2,1000,restricted_70,aggregation,0.8916524593502327,,,0.8065807194580111
7830,1001,13,5,0.65,0.2,1000,restricted_70,aggregation,0.891626905894415,,,0.8061308322618739
7831,1001,13,5,0.65,0.2,1000,restricted_70,aggregation,0.891629064613349,,,0.8068924114619949
7832,1001,13,5,0.65,0.2,1000,restricted_70,aggregation,0.8916568289708136,,,0.8066487548639634
7833,1001,13,5,0.65,0.2,1000,restricted_70,aggregation,0.8914837067854013,,,0.8057893125624376
7834,1001,13,5,0.65,0.2,1000,restricted_70,aggregation,0.8916804678212565,,,0.8057580473770058
7835,1001,13,5,0.65,0.2,1000,restricted_70,aggregation,0.8916567556788152,,,0.8061229162427079
7836,1001,13,5,0.65,0.2,1000,restricted_70,aggregation,0.8916015450836187,,,0.8069537181260099
7837,1001,13,5,0.65,0.2,1000,restricted_70,aggregation,0.8916551811381758,,,0.8069206197429115
7838,1001,13,5,0.65,0.2,1000,restricted_70,aggregation,0.8916408393149559,,,0.8055202221775141
7839,1001,13,5,0.65,0.2,1000,restricted_70,aggregation,0.8916000219609441,,,0.806422857636191
7840,1001,13,5,0.65,0.2,1000,restricted_70,aggregation,0.8916506362278643,,,0.8056873108373109
7841,1001,13,5,0.65,0.2,1000,restricted_70,aggregation,0.8916705497806996,,,0.8064246836265587
7842,1001,13,5,0.65,0.2,1000,restricted_70,aggregation,0.8917092644000983,,,0.8065389340597675
7843,1001,13,5,0.65,0.2,1000,restricted_70,aggregation,0.8917878253659419,,,0.8070600898561315
7844,1001,13,5,0.65,0.2,1000,restricted_70,aggregation,0.8914621090897791,,,0.8068796164329497
7845,1001,13,5,0.65,0.2,1000,restricted_70,aggregation,0.891641357873109,,,0.8059075584831836
7846,1001,13,5,0.65,0.2,1000,restricted_70,aggregation,0.8916146635168717,,,0.8063205282988617
7847,1001,13,5,0.65,0.2,1000,restricted_70,aggregation,0.8916374067364049,,,0.8068205141078059
7848,1001,13,5,0.65,0.2,1000,restricted_70,aggregation,0.8916671323687592,,,0.8065331137072804
7849,1001,13,5,0.65,0.2,1000,restricted_70,aggregation,0.8916763675831803,,,0.806619766946017
7850,1001,13,5,0.65,0.2,1000,restricted_70,aggregation,0.8917790503167347,,,0.8067110843554595
7851,1001,13,5,0.65,0.2,1000,restricted_70,aggregation,0.8916152142137308,,,0.8059803877526794
7852,1001,13,5,0.65,0.2,1000,restricted_70,aggregation,0.8916256511613307,,,0.8059414581791666
7853,1001,13,5,0.65,0.2,1000,restricted_70,aggregation,0.8916505587594644,,,0.8065227687513103
7854,1001,13,5,0.65,0.2,1000,restricted_70,aggregation,0.8916295704584395,,,0.8061703723437057
7855,1001,13,5,0.65,0.2,1000,restricted_70,aggregation,0.8916190044272919,,,0.8063667642003058
7856,1001,13,5,0.65,0.2,1000,restricted_70,aggregation,0.8917711684028723,,,0.8063562201070535
7857,1001,13,5,0.65,0.2,1000,restricted_70,aggregation,0.8917666486269542,,,0.8060098700759118
7858,1001,13,5,0.65,0.2,1000,restricted_70,aggregation,0.8915233069522728,,,0.8060036750209667
7859,1001,13,5,0.65,0.2,1000,restricted_70,aggregation,0.8916244700556076,,,0.8051083046814298
7860,1001,13,5,0.65,0.2,1000,restricted_70,aggregation,0.8915817902037628,,,0.8048918977010644
7861,1001,13,5,0.65,0.2,1000,restricted_70,aggregation,0.8916533324718784,,,0.8064592008377426
7862,1001,13,5,0.65,0.2,1000,restricted_70,aggregation,0.891438165359382,,,0.806211609555568
7863,1001,13,5,0.65,0.2,1000,restricted_70,aggregation,0.8915282729414571,,,0.8061274091649093
7864,1001,13,5,0.65,0.2,1000,restricted_70,aggregation,0.8916856897325535,,,0.8061172434201601
7865,1001,13,5,0.65,0.2,1000,restricted_70,aggregation,0.8916493392819377,,,0.8061027281746033
7866,1001,13,5,0.65,0.2,1000,restricted_70,aggregation,0.8917088829824091,,,0.8061546644713311
7867,1001,13,5,0.65,0.2,1000,restricted_70,aggregation,0.89151886606922,,,0.8057167787228204
7868,1001,13,5,0.65,0.2,1000,restricted_70,aggregation,0.8914775079804572,,,0.8049262256570591
7869,1001,13,5,0.65,0.2,1000,restricted_70,aggregation,0.8916494801334527,,,0.806987904148321
7870,1001,13,5,0.65,0.2,1000,restricted_70,aggregation,0.8916868723984951,,,0.8063419085235752
7871,1001,13,5,0.65,0.2,1000,restricted_70,aggregation,0.8914464978360659,,,0.8063119093714927
7872,1001,13,5,0.65,0.2,1000,restricted_70,aggregation,0.8915521375528372,,,0.8057486182259098
7873,1001,13,5,0.65,0.2,1000,restricted_70,aggregation,0.8917279835489526,,,0.806354643466102
7874,1001,13,5,0.65,0.2,1000,restricted_70,aggregation,0.8914888559843737,,,0.8063577819711153
7875,1001,13,5,0.65,0.2,1000,restricted_70,aggregation,0.8917186152712226,,,0.8068544404052739
7876,1001,13,5,0.65,0.2,1000,restricted_70,aggregation,0.8916029185781418,,,0.8055246125941959
7877,1001,13,5,0.65,0.2,1000,restricted_70,aggregation,0.8916513533419171,,,0.8061475875436293
7878,1001,13,5,0.65,0.2,1000,restricted_70,aggregation,0.8916141250606288,,,0.8057226504668171
7879,1001,13,5,0.65,0.2,1000,restricted_70,aggregation,0.891679985515771,,,0.806763501891627
7880,1001,13,5,0.65,0.2,1000,restricted_70,aggregation,0.8915499088911993,,,0.8048194962753297
7881,1001,13,5,0.65,0.2,1000,restricted_70,aggregation,0.8916759962174148,,,0.8056673963690631
7882,1001,13,5,0.65,0.2,1000,restricted_70,aggregation,0.891561406682387,,,0.8064679630015047
7883,1001,13,5,0.65,0.2,1000,restricted_70,aggregation,0.8916074112662201,,,0.807402103598562
7884,1001,13,5,0.65,0.2,1000,restricted_70,aggregation,0.8917186536164329,,,0.8065720872877123
7885,1001,13,5,0.65,0.2,1000,restricted_70,aggregation,0.8915065226929894,,,0.8057054746256829
7886,1001,13,5,0.65,0.2,1000,restricted_70,aggregation,0.8916636189713797,,,0.8055792145740063
7887,1001,13,5,0.65,0.2,1000,restricted_70,aggregation,0.8916136133531859,,,0.8064132038486206
7888,1001,13,5,0.65,0.2,1000,restricted_70,aggregation,0.8915401088846149,,,0.8055580725755725
7889,1001,13,5,0.65,0.2,1000,restricted_70,aggregation,0.891607814383446,,,0.8052691934839853
7890,1001,13,5,0.65,0.2,1000,restricted_70,aggregation,0.8916673660218901,,,0.8065103194799028
7891,1001,13,5,0.65,0.2,1000,restricted_70,aggregation,0.8916438617734813,,,0.8066675649196482
7892,1001,13,5,0.65,0.2,1000,restricted_70,aggregation,0.8916702569114494,,,0.8056064708979291
7893,1001,13,5,0.65,0.2,1000,restricted_70,aggregation,0.8915599414659966,,,0.8067685792294126
7894,1001,13,5,0.65,0.2,1000,restricted_70,aggregation,0.8916626895788875,,,0.8073375923228008
7895,1001,13,5,0.65,0.2,1000,restricted_70,aggregation,0.8915342360880937,,,0.8056580409019993
7896,1001,13,5,0.65,0.2,1000,restricted_70,aggregation,0.8916895594251406,,,0.8065163965663965
7897,1001,13,5,0.65,0.2,1000,restricted_70,aggregation,0.8916471970574459,,,0.8057080799447467
7898,1001,13,5,0.65,0.2,1000,restricted_70,aggregation,0.8916974620848235,,,0.8064433809554643
7899,1001,13,5,0.65,0.2,1000,restricted_70,aggregation,0.8915369002396613,,,0.804912431172223
7900,1001,13,5,0.65,0.2,1000,restricted_70,aggregation,0.8918213163941181,,,0.8065975700688202
7901,1001,13,5,0.65,0.2,1000,restricted_70,aggregation,0.8915350697920011,,,0.8068959457671957
7902,1001,13,5,0.65,0.2,1000,restricted_70,aggregation,0.8917007883395949,,,0.806671484634193
7903,1001,13,5,0.65,0.2,1000,restricted_70,aggregation,0.8915668728277459,,,0.8054638852505519
7904,1001,13,5,0.65,0.2,1000,restricted_70,aggregation,0.8916986005901646,,,0.8059057476705395
7905,1001,13,5,0.65,0.2,1000,restricted_70,aggregation,0.8917156436308109,,,0.8069980141309308
7906,1001,13,5,0.65,0.2,1000,restricted_70,aggregation,0.8915734430052871,,,0.8063951548991133
7907,1001,13,5,0.65,0.2,1000,restricted_70,aggregation,0.8915026620301543,,,0.805782974263391
7908,1001,13,5,0.65,0.2,1000,restricted_70,aggregation,0.8917664570323528,,,0.806175117236159
7909,1001,13,5,0.65,0.2,1000,restricted_70,aggregation,0.8916949016608523,,,0.8069305692224442
7910,1001,13,5,0.65,0.2,1000,restricted_70,aggregation,0.8917011946947782,,,0.8068611139786142
7911,1001,13,5,0.65,0.2,1000,restricted_70,aggregation,0.891361407476173,,,0.8058470344470345
7912,1001,13,5,0.65,0.2,1000,restricted_70,aggregation,0.89149211908541,,,0.8049051038930206
7913,1001,13,5,0.65,0.2,1000,restricted_70,aggregation,0.8916266112570942,,,0.8057186542007375
7914,1001,13,5,0.65,0.2,1000,restricted_70,aggregation,0.8914988679466265,,,0.8061681050122718
7915,1001,13,5,0.65,0.2,1000,restricted_70,aggregation,0.8916598901250545,,,0.806599657934658
7916,1001,13,5,0.65,0.2,1000,restricted_70,aggregation,0.8915111958847018,,,0.807013832224874
7917,1001,13,5,0.65,0.2,1000,restricted_70,aggregation,0.8916538374733997,,,0.8060197247968082
7918,1001,13,5,0.65,0.2,1000,restricted_70,aggregation,0.8913145224226371,,,0.8052117220588055
7919,1001,13,5,0.65,0.2,1000,restricted_70,aggregation,0.8916524540355889,,,0.8063517608394691
7920,1001,13,5,0.65,0.2,1000,restricted_70,aggregation,0.8916703813968792,,,0.8059734228657146
7921,1001,13,5,0.65,0.2,1000,restricted_70,aggregation,0.8915027263769449,,,0.8055892459007042
7922,1001,13,5,0.65,0.2,1000,restricted_70,aggregation,0.891597238666464,,,0.8065919094485762
7923,1001,13,5,0.65,0.2,1000,restricted_70,aggregation,0.8917078208073859,,,0.8063767889132473
7924,1001,13,5,0.65,0.2,1000,restricted_70,aggregation,0.8917134680273738,,,0.8059600702306953
7925,1001,13,5,0.65,0.2,1000,restricted_70,aggregation,0.8918162058685998,,,0.80725388660722
7926,1001,13,5,0.65,0.2,1000,restricted_70,aggregation,0.8916669324049333,,,0.806468217307384
7927,1001,13,5,0.65,0.2,1000,restricted_70,aggregation,0.8916754688015357,,,0.8058597587828839
7928,1001,13,5,0.65,0.2,1000,restricted_70,aggregation,0.8915978896670198,,,0.806654605564189
7929,1001,13,5,0.65,0.2,1000,restricted_70,aggregation,0.8915948311524075,,,0.8066442228758895
7930,1001,13,5,0.65,0.2,1000,restricted_70,aggregation,0.891785746040278,,,0.8067399815231066
7931,1001,13,5,0.65,0.2,1000,restricted_70,aggregation,0.8914696745627576,,,0.806496106339648
7932,1001,13,5,0.65,0.2,1000,restricted_70,aggregation,0.8915822294128629,,,0.8055001708245458
7933,1001,13,5,0.65,0.2,1000,restricted_70,aggregation,0.891554022426399,,,0.8053228231799066
7934,1001,13,5,0.65,0.2,1000,restricted_70,aggregation,0.8917071604462324,,,0.805168437858438
7935,1001,13,5,0.65,0.2,1000,restricted_70,aggregation,0.8915400651253205,,,0.8056348313492064
7936,1001,13,5,0.65,0.2,1000,restricted_70,aggregation,0.8917479863495515,,,0.8060930105311356
7937,1001,13,5,0.65,0.2,1000,restricted_70,aggregation,0.8916400928867457,,,0.8053042624273876
7938,1001,13,5,0.65,0.2,1000,restricted_70,aggregation,0.8916805726909992,,,0.806189091903467
7939,1001,13,5,0.65,0.2,1000,restricted_70,aggregation,0.8915796177571341,,,0.8055522660595578
7940,1001,13,5,0.65,0.2,1000,restricted_70,aggregation,0.8914939717625249,,,0.8062654781098532
7941,1001,13,5,0.65,0.2,1000,restricted_70,aggregation,0.8917136939660085,,,0.8060633246768664
7942,1001,13,5,0.65,0.2,1000,restricted_70,aggregation,0.8917195010388823,,,0.8058376269717937
7943,1001,13,5,0.65,0.2,1000,restricted_70,aggregation,0.89158142978759,,,0.8060072802891554
7944,1001,13,5,0.65,0.2,1000,restricted_70,aggregation,0.8916679826002571,,,0.806098827299244
7945,1001,13,5,0.65,0.2,1000,restricted_70,aggregation,0.891641487734297,,,0.8065208262802013
7946,1001,13,5,0.65,0.2,1000,restricted_70,aggregation,0.8915907348821244,,,0.8062027430517014
7947,1001,13,5,0.65,0.2,1000,restricted_70,aggregation,0.8915534972207304,,,0.8064214351620602
7948,1001,13,5,0.65,0.2,1000,restricted_70,aggregation,0.8916583616306286,,,0.8062283825587993
7949,1001,13,5,0.65,0.2,1000,restricted_70,aggregation,0.8915710614443625,,,0.8056429769613104
7950,1001,13,5,0.65,0.2,1000,restricted_70,aggregation,0.8915730371135278,,,0.8063786898903565
7951,1001,13,5,0.65,0.2,1000,restricted_70,aggregation,0.8915474837407784,,,0.8055194429721514
7952,1001,13,5,0.65,0.2,1000,restricted_70,aggregation,0.8916025102263376,,,0.8061983743339994
7953,1001,13,5,0.65,0.2,1000,restricted_70,aggregation,0.8915566917557676,,,0.8068836311990479
7954,1001,13,5,0.65,0.2,1000,restricted_70,aggregation,0.8916752650487096,,,0.8060724371538954
7955,1001,13,5,0.65,0.2,1000,restricted_70,aggregation,0.8917275957277894,,,0.8063033758756676
7956,1001,13,5,0.65,0.2,1000,restricted_70,aggregation,0.8916445094670626,,,0.8056347107059607
7957,1001,13,5,0.65,0.2,1000,restricted_70,aggregation,0.8916511829989118,,,0.8060645219209804
7958,1001,13,5,0.65,0.2,1000,restricted_70,aggregation,0.8915633275210959,,,0.8050635239528989
7959,1001,13,5,0.65,0.2,1000,restricted_70,aggregation,0.8914754707688454,,,0.8061579692606776
7960,1001,13,5,0.65,0.2,1000,restricted_70,aggregation,0.891451638041983,,,0.806357148669232
7961,1001,13,5,0.65,0.2,1000,restricted_70,aggregation,0.8915733119129796,,,0.8060933478095978
7962,1001,13,5,0.65,0.2,1000,restricted_70,aggregation,0.8916225279425019,,,0.8058875915442584
7963,1001,13,5,0.65,0.2,1000,restricted_70,aggregation,0.8915865343102911,,,0.8056828599486934
7964,1001,13,5,0.65,0.2,1000,restricted_70,aggregation,0.8916964718299584,,,0.8059706915769416
7965,1001,13,5,0.65,0.2,1000,restricted_70,aggregation,0.8916661239628991,,,0.8058441654872905
7966,1001,13,5,0.65,0.2,1000,restricted_70,aggregation,0.8916257587305578,,,0.8063216461624796
7967,1001,13,5,0.65,0.2,1000,restricted_70,aggregation,0.8916248048458753,,,0.8060850170508504
7968,1001,13,5,0.65,0.2,1000,restricted_70,aggregation,0.891535957117061,,,0.8052935978990147
7969,1001,13,5,0.65,0.2,1000,restricted_70,aggregation,0.8917763405934998,,,0.8069154951067451
7970,1001,13,5,0.65,0.2,1000,restricted_70,aggregation,0.8913833226441726,,,0.8057133190420691
7971,1001,13,5,0.65,0.2,1000,restricted_70,aggregation,0.8916263135429264,,,0.8057655995701829
7972,1001,13,5,0.65,0.2,1000,restricted_70,aggregation,0.8916884113372315,,,0.8059699422414006
7973,1001,13,5,0.65,0.2,1000,restricted_70,aggregation,0.8916733091482858,,,0.806205149241191
7974,1001,13,5,0.65,0.2,1000,restricted_70,aggregation,0.8916809767967702,,,0.8068038072960989
7975,1001,13,5,0.65,0.2,1000,restricted_70,aggregation,0.8914775417314948,,,0.8069800859402944
7976,1001,13,5,0.65,0.2,1000,restricted_70,aggregation,0.8917098603572216,,,0.8067890281323615
7977,1001,13,5,0.65,0.2,1000,restricted_70,aggregation,0.891549476025052,,,0.8062701170819921
7978,1001,13,5,0.65,0.2,1000,restricted_70,aggregation,0.8914043417276941,,,0.806012340221507
7979,1001,13,5,0.65,0.2,1000,restricted_70,aggregation,0.8916095871240154,,,0.8070381573981574
7980,1001,13,5,0.65,0.2,1000,restricted_70,aggregation,0.8916931945093196,,,0.8065170990429325
7981,1001,13,5,0.65,0.2,1000,restricted_70,aggregation,0.891714367981143,,,0.8071600254066922
7982,1001,13,5,0.65,0.2,1000,restricted_70,aggregation,0.8916884599293988,,,0.8070120283111951
7983,1001,13,5,0.65,0.2,1000,restricted_70,aggregation,0.8917022462629812,,,0.8069767965445049
7984,1001,13,5,0.65,0.2,1000,restricted_70,aggregation,0.8914749897242406,,,0.80589040322332
7985,1001,13,5,0.65,0.2,1000,restricted_70,aggregation,0.891515389274262,,,0.8064050068372987
7986,1001,13,5,0.65,0.2,1000,restricted_70,aggregation,0.8917296042711159,,,0.8057845010545012
7987,1001,13,5,0.65,0.2,1000,restricted_70,aggregation,0.8917556561211396,,,0.8076599151157485
7988,1001,13,5,0.65,0.2,1000,restricted_70,aggregation,0.8915513563432307,,,0.8067212885185803
7989,1001,13,5,0.65,0.2,1000,restricted_70,aggregation,0.8917333391748736,,,0.8061283520800188
7990,1001,13,5,0.65,0.2,1000,restricted_70,aggregation,0.8916232239878862,,,0.8072757346511513
7991,1001,13,5,0.65,0.2,1000,restricted_70,aggregation,0.8916859051762764,,,0.8067221157854493
7992,1001,13,5,0.65,0.2,1000,restricted_70,aggregation,0.8914245676992334,,,0.8062627988677991
7993,1001,13,5,0.65,0.2,1000,restricted_70,aggregation,0.8914456829878863,,,0.806068124884375
7994,1001,13,5,0.65,0.2,1000,restricted_70,aggregation,0.8915282563046281,,,0.8058227604571355
7995,1001,13,5,0.65,0.2,1000,restricted_70,aggregation,0.8916699223213104,,,0.8058449350726434
7996,1001,13,5,0.65,0.2,1000,restricted_70,aggregation,0.8915995843319239,,,0.8065759249161334
7997,1001,13,5,0.65,0.2,1000,restricted_70,aggregation,0.8915614519591432,,,0.8051546061114812
7998,1001,13,5,0.65,0.2,1000,restricted_70,aggregation,0.8916211183887685,,,0.8062364482893649
7999,1001,13,5,0.65,0.2,1000,restricted_70,aggregation,0.8914885107083044,,,0.8060272959139627
8000,1001,13,5,0.65,0.2,1000,restricted_80,aggregation,0.8912006820176548,,,0.8136280532893034
8001,1001,13,5,0.65,0.2,1000,restricted_80,aggregation,0.891375135552166,,,0.8137485542775127
8002,1001,13,5,0.65,0.2,1000,restricted_80,aggregation,0.891343862984432,,,0.8145724308561808
8003,1001,13,5,0.65,0.2,1000,restricted_80,aggregation,0.8912685037269557,,,0.814284742040367
8004,1001,13,5,0.65,0.2,1000,restricted_80,aggregation,0.8915025288877072,,,0.8138777166583416
8005,1001,13,5,0.65,0.2,1000,restricted_80,aggregation,0.8912264574209378,,,0.8130985371495789
8006,1001,13,5,0.65,0.2,1000,restricted_80,aggregation,0.8913698556668417,,,0.8140618199701533
8007,1001,13,5,0.65,0.2,1000,restricted_80,aggregation,0.8914533206997901,,,0.813779626993377
8008,1001,13,5,0.65,0.2,1000,restricted_80,aggregation,0.8914431325315444,,,0.8140197821931155
8009,1001,13,5,0.65,0.2,1000,restricted_80,aggregation,0.8915288287747638,,,0.8138764743281411
8010,1001,13,5,0.65,0.2,1000,restricted_80,aggregation,0.8914529723481095,,,0.8141314905387824
8011,1001,13,5,0.65,0.2,1000,restricted_80,aggregation,0.8913619242179629,,,0.8141984577999162
8012,1001,13,5,0.65,0.2,1000,restricted_80,aggregation,0.891327785728014,,,0.8139735536839704
8013,1001,13,5,0.65,0.2,1000,restricted_80,aggregation,0.8913097499341748,,,0.8137277718500636
8014,1001,13,5,0.65,0.2,1000,restricted_80,aggregation,0.8914347964415122,,,0.8133692021944106
8015,1001,13,5,0.65,0.2,1000,restricted_80,aggregation,0.891527609933058,,,0.8133064864996116
8016,1001,13,5,0.65,0.2,1000,restricted_80,aggregation,0.8913270806055716,,,0.8132971881821882
8017,1001,13,5,0.65,0.2,1000,restricted_80,aggregation,0.8916423408184826,,,0.8132060038187122
8018,1001,13,5,0.65,0.2,1000,restricted_80,aggregation,0.8913118028218179,,,0.8138573796265465
8019,1001,13,5,0.65,0.2,1000,restricted_80,aggregation,0.8914006499637142,,,0.8135317187904689
8020,1001,13,5,0.65,0.2,1000,restricted_80,aggregation,0.891310371605139,,,0.8133398377085878
8021,1001,13,5,0.65,0.2,1000,restricted_80,aggregation,0.8914027371891647,,,0.813864748638707
8022,1001,13,5,0.65,0.2,1000,restricted_80,aggregation,0.8914890032365062,,,0.8144706652221235
8023,1001,13,5,0.65,0.2,1000,restricted_80,aggregation,0.8913955940372856,,,0.8135432258867675
8024,1001,13,5,0.65,0.2,1000,restricted_80,aggregation,0.8915520029929865,,,0.8134760363864532
8025,1001,13,5,0.65,0.2,1000,restricted_80,aggregation,0.8913299330737632,,,0.8143772392653643
8026,1001,13,5,0.65,0.2,1000,restricted_80,aggregation,0.8915789300995497,,,0.8133533573910657
8027,1001,13,5,0.65,0.2,1000,restricted_80,aggregation,0.8913071275853494,,,0.8134326685351686
8028,1001,13,5,0.65,0.2,1000,restricted_80,aggregation,0.8912787068467467,,,0.8139209329405163
8029,1001,13,5,0.65,0.2,1000,restricted_80,aggregation,0.891532925974135,,,0.8136131633027467
8030,1001,13,5,0.65,0.2,1000,restricted_80,aggregation,0.8914363764739325,,,0.813609582261874
8031,1001,13,5,0.65,0.2,1000,restricted_80,aggregation,0.8910763391247682,,,0.8143842792007377
8032,1001,13,5,0.65,0.2,1000,restricted_80,aggregation,0.8914227346331167,,,0.8135411102169436
8033,1001,13,5,0.65,0.2,1000,restricted_80,aggregation,0.8913936614183654,,,0.8138915650013568
8034,1001,13,5,0.65,0.2,1000,restricted_80,aggregation,0.8913716848853472,,,0.8138597166799251
8035,1001,13,5,0.65,0.2,1000,restricted_80,aggregation,0.8914008237646134,,,0.8134167046764964
8036,1001,13,5,0.65,0.2,1000,restricted_80,aggregation,0.8913817904870733,,,0.8137707560109644
8037,1001,13,5,0.65,0.2,1000,restricted_80,aggregation,0.8915636575799466,,,0.8137098097118932
8038,1001,13,5,0.65,0.2,1000,restricted_80,aggregation,0.8914566202779199,,,0.8135071738292572
8039,1001,13,5,0.65,0.2,1000,restricted_80,aggregation,0.8913562830407219,,,0.8126281223406224
8040,1001,13,5,0.65,0.2,1000,restricted_80,aggregation,0.8912754784635225,,,0.8141160154968488
8041,1001,13,5,0.65,0.2,1000,restricted_80,aggregation,0.8914730791353291,,,0.8137212097778764
8042,1001,13,5,0.65,0.2,1000,restricted_80,aggregation,0.8914407041732848,,,0.8132560475404227
8043,1001,13,5,0.65,0.2,1000,restricted_80,aggregation,0.8914052756112762,,,0.8145389110503694
8044,1001,13,5,0.65,0.2,1000,restricted_80,aggregation,0.8912530361298969,,,0.8134292648940565
8045,1001,13,5,0.65,0.2,1000,restricted_80,aggregation,0.891448017526049,,,0.8137124576041244
8046,1001,13,5,0.65,0.2,1000,restricted_80,aggregation,0.8914222909164882,,,0.8139245723720724
8047,1001,13,5,0.65,0.2,1000,restricted_80,aggregation,0.8911861219955608,,,0.8134812757689842
8048,1001,13,5,0.65,0.2,1000,restricted_80,aggregation,0.891313970243181,,,0.813962425182842
8049,1001,13,5,0.65,0.2,1000,restricted_80,aggregation,0.8913739501684826,,,0.8138731155264489
8050,1001,13,5,0.65,0.2,1000,restricted_80,aggregation,0.8915705331028428,,,0.8136439390701892
8051,1001,13,5,0.65,0.2,1000,restricted_80,aggregation,0.8914364120898867,,,0.8138025967242635
8052,1001,13,5,0.65,0.2,1000,restricted_80,aggregation,0.8911999057005436,,,0.81433120990121
8053,1001,13,5,0.65,0.2,1000,restricted_80,aggregation,0.8914420081586832,,,0.813831138229055
8054,1001,13,5,0.65,0.2,1000,restricted_80,aggregation,0.8915697039983652,,,0.8131590464705049
8055,1001,13,5,0.65,0.2,1000,restricted_80,aggregation,0.8915110898446136,,,0.8138373255448256
8056,1001,13,5,0.65,0.2,1000,restricted_80,aggregation,0.8915165164581521,,,0.8135195416389167
8057,1001,13,5,0.65,0.2,1000,restricted_80,aggregation,0.8914478538370886,,,0.8129898150614818
8058,1001,13,5,0.65,0.2,1000,restricted_80,aggregation,0.8913987271090879,,,0.8137920596070596
8059,1001,13,5,0.65,0.2,1000,restricted_80,aggregation,0.891422911679875,,,0.8134753319751237
8060,1001,13,5,0.65,0.2,1000,restricted_80,aggregation,0.8915726648079794,,,0.8131702251760586
8061,1001,13,5,0.65,0.2,1000,restricted_80,aggregation,0.8914430469966633,,,0.8130105904820488
8062,1001,13,5,0.65,0.2,1000,restricted_80,aggregation,0.8912963364483304,,,0.8144305069775903
8063,1001,13,5,0.65,0.2,1000,restricted_80,aggregation,0.891434400639116,,,0.8137734891959894
8064,1001,13,5,0.65,0.2,1000,restricted_80,aggregation,0.8914276959801232,,,0.8143073543663129
8065,1001,13,5,0.65,0.2,1000,restricted_80,aggregation,0.8913004479190283,,,0.8129932402165735
8066,1001,13,5,0.65,0.2,1000,restricted_80,aggregation,0.8915546559853208,,,0.8137905410792912
8067,1001,13,5,0.65,0.2,1000,restricted_80,aggregation,0.8914605251098672,,,0.8130876635401636
8068,1001,13,5,0.65,0.2,1000,restricted_80,aggregation,0.8914849477716313,,,0.8138999689816356
8069,1001,13,5,0.65,0.2,1000,restricted_80,aggregation,0.8915850174159707,,,0.8135214763091847
8070,1001,13,5,0.65,0.2,1000,restricted_80,aggregation,0.8915401197885013,,,0.8140913390467558
8071,1001,13,5,0.65,0.2,1000,restricted_80,aggregation,0.8914926655558967,,,0.8138614687241772
8072,1001,13,5,0.65,0.2,1000,restricted_80,aggregation,0.8915525945404446,,,0.8137119177812928
8073,1001,13,5,0.65,0.2,1000,restricted_80,aggregation,0.8915810396316428,,,0.8130296702140453
8074,1001,13,5,0.65,0.2,1000,restricted_80,aggregation,0.8914446232445293,,,0.8136489767023102
8075,1001,13,5,0.65,0.2,1000,restricted_80,aggregation,0.8915637854802417,,,0.8130467142271308
8076,1001,13,5,0.65,0.2,1000,restricted_80,aggregation,0.8914413202611751,,,0.8139235550483468
8077,1001,13,5,0.65,0.2,1000,restricted_80,aggregation,0.891493904090252,,,0.8133057665482666
8078,1001,13,5,0.65,0.2,1000,restricted_80,aggregation,0.8914845441054241,,,0.8140880290465707
8079,1001,13,5,0.65,0.2,1000,restricted_80,aggregation,0.8915015443631281,,,0.8134608147176898
8080,1001,13,5,0.65,0.2,1000,restricted_80,aggregation,0.8915082904822473,,,0.8126297191234692
8081,1001,13,5,0.65,0.2,1000,restricted_80,aggregation,0.8914007112890249,,,0.8143089054541139
8082,1001,13,5,0.65,0.2,1000,restricted_80,aggregation,0.8912784743116782,,,0.8142923026202193
8083,1001,13,5,0.65,0.2,1000,restricted_80,aggregation,0.8914628292922989,,,0.8134777990682158
8084,1001,13,5,0.65,0.2,1000,restricted_80,aggregation,0.891218914078941,,,0.81407649500962
8085,1001,13,5,0.65,0.2,1000,restricted_80,aggregation,0.8913440189310925,,,0.8139444305694307
8086,1001,13,5,0.65,0.2,1000,restricted_80,aggregation,0.8913045979264672,,,0.8133904784181868
8087,1001,13,5,0.65,0.2,1000,restricted_80,aggregation,0.8914404400408286,,,0.8140324768672687
8088,1001,13,5,0.65,0.2,1000,restricted_80,aggregation,0.8914984021339396,,,0.8130343554901889
8089,1001,13,5,0.65,0.2,1000,restricted_80,aggregation,0.8912508839577613,,,0.8135028488718072
8090,1001,13,5,0.65,0.2,1000,restricted_80,aggregation,0.8915144136020635,,,0.8134571792867626
8091,1001,13,5,0.65,0.2,1000,restricted_80,aggregation,0.8914101113290338,,,0.8142190831776248
8092,1001,13,5,0.65,0.2,1000,restricted_80,aggregation,0.8914520922438219,,,0.8139331044881046
8093,1001,13,5,0.65,0.2,1000,restricted_80,aggregation,0.8913561369140147,,,0.8133713284554952
8094,1001,13,5,0.65,0.2,1000,restricted_80,aggregation,0.8914165509175854,,,0.8136696287894204
8095,1001,13,5,0.65,0.2,1000,restricted_80,aggregation,0.8915270078883787,,,0.8137963259579927
8096,1001,13,5,0.65,0.2,1000,restricted_80,aggregation,0.8914653981702672,,,0.8140268629287379
8097,1001,13,5,0.65,0.2,1000,restricted_80,aggregation,0.8914024735790479,,,0.8143989973452473
8098,1001,13,5,0.65,0.2,1000,restricted_80,aggregation,0.8915318395582218,,,0.8140872034986619
8099,1001,13,5,0.65,0.2,1000,restricted_80,aggregation,0.8914698351053355,,,0.8134647486155819
8100,1001,13,5,0.65,0.2,1000,restricted_80,aggregation,0.8915237838531487,,,0.8129575723119473
8101,1001,13,5,0.65,0.2,1000,restricted_80,aggregation,0.8914334173125745,,,0.8133109769782688
8102,1001,13,5,0.65,0.2,1000,restricted_80,aggregation,0.891445542542738,,,0.8138593753083337
8103,1001,13,5,0.65,0.2,1000,restricted_80,aggregation,0.8914907171532068,,,0.8141125738536155
8104,1001,13,5,0.65,0.2,1000,restricted_80,aggregation,0.8914404824477107,,,0.8139650082016748
8105,1001,13,5,0.65,0.2,1000,restricted_80,aggregation,0.891539699605651,,,0.8136216968987803
8106,1001,13,5,0.65,0.2,1000,restricted_80,aggregation,0.8915080535372215,,,0.8132905302799053
8107,1001,13,5,0.65,0.2,1000,restricted_80,aggregation,0.8915744387712065,,,0.813484192620651
8108,1001,13,5,0.65,0.2,1000,restricted_80,aggregation,0.8915155196318869,,,0.813500321067821
8109,1001,13,5,0.65,0.2,1000,restricted_80,aggregation,0.8914674568972575,,,0.8135175887461304
8110,1001,13,5,0.65,0.2,1000,restricted_80,aggregation,0.8916340801982575,,,0.8130211661409578
8111,1001,13,5,0.65,0.2,1000,restricted_80,aggregation,0.8912772281597241,,,0.8135141622112456
8112,1001,13,5,0.65,0.2,1000,restricted_80,aggregation,0.891025521829069,,,0.8139000338010755
8113,1001,13,5,0.65,0.2,1000,restricted_80,aggregation,0.8915311873708548,,,0.8141059864518199
8114,1001,13,5,0.65,0.2,1000,restricted_80,aggregation,0.8912139268064335,,,0.8140058192116525
8115,1001,13,5,0.65,0.2,1000,restricted_80,aggregation,0.8916090090185954,,,0.81336031819261
8116,1001,13,5,0.65,0.2,1000,restricted_80,aggregation,0.891216000074106,,,0.8136366686708354
8117,1001,13,5,0.65,0.2,1000,restricted_80,aggregation,0.8912923712980824,,,0.812941993615952
8118,1001,13,5,0.65,0.2,1000,restricted_80,aggregation,0.8915780452816846,,,0.8136501279815864
8119,1001,13,5,0.65,0.2,1000,restricted_80,aggregation,0.8914649652702697,,,0.8137483901360985
8120,1001,13,5,0.65,0.2,1000,restricted_80,aggregation,0.8914283634997552,,,0.8143707549857551
8121,1001,13,5,0.65,0.2,1000,restricted_80,aggregation,0.8914236013025414,,,0.813626623592457
8122,1001,13,5,0.65,0.2,1000,restricted_80,aggregation,0.8913719239410319,,,0.814371691287108
8123,1001,13,5,0.65,0.2,1000,restricted_80,aggregation,0.8915221931089449,,,0.8142465039975457
8124,1001,13,5,0.65,0.2,1000,restricted_80,aggregation,0.8914381891704357,,,0.8142507023300773
8125,1001,13,5,0.65,0.2,1000,restricted_80,aggregation,0.8914987405344641,,,0.8139351241659576
8126,1001,13,5,0.65,0.2,1000,restricted_80,aggregation,0.8914143852263378,,,0.8141657872682873
8127,1001,13,5,0.65,0.2,1000,restricted_80,aggregation,0.8913630491967515,,,0.8136905502368004
8128,1001,13,5,0.65,0.2,1000,restricted_80,aggregation,0.8914597270546457,,,0.8139234031554866
8129,1001,13,5,0.65,0.2,1000,restricted_80,aggregation,0.8914928622732327,,,0.8139124858706108
8130,1001,13,5,0.65,0.2,1000,restricted_80,aggregation,0.8913381096180779,,,0.8137919141044142
8131,1001,13,5,0.65,0.2,1000,restricted_80,aggregation,0.891281565610256,,,0.8135929499667
8132,1001,13,5,0.65,0.2,1000,restricted_80,aggregation,0.8914390093017791,,,0.8143792963055463
8133,1001,13,5,0.65,0.2,1000,restricted_80,aggregation,0.8915061740220787,,,0.8138842820759488
8134,1001,13,5,0.65,0.2,1000,restricted_80,aggregation,0.8914901657159418,,,0.8137032173690507
8135,1001,13,5,0.65,0.2,1000,restricted_80,aggregation,0.8913919483628082,,,0.8145391336595503
8136,1001,13,5,0.65,0.2,1000,restricted_80,aggregation,0.8913665715121402,,,0.81412437987938
8137,1001,13,5,0.65,0.2,1000,restricted_80,aggregation,0.8915410504913657,,,0.8136293263989098
8138,1001,13,5,0.65,0.2,1000,restricted_80,aggregation,0.8912438045425347,,,0.8138399550603718
8139,1001,13,5,0.65,0.2,1000,restricted_80,aggregation,0.8914975720255294,,,0.8136673665917415
8140,1001,13,5,0.65,0.2,1000,restricted_80,aggregation,0.8915805380962858,,,0.8134480986297654
8141,1001,13,5,0.65,0.2,1000,restricted_80,aggregation,0.8914346839448862,,,0.8134113681534514
8142,1001,13,5,0.65,0.2,1000,restricted_80,aggregation,0.8913298206348987,,,0.8136364782593949
8143,1001,13,5,0.65,0.2,1000,restricted_80,aggregation,0.8913687181235875,,,0.8136008821579656
8144,1001,13,5,0.65,0.2,1000,restricted_80,aggregation,0.8914977101603762,,,0.8135824687812188
8145,1001,13,5,0.65,0.2,1000,restricted_80,aggregation,0.8915617782803343,,,0.8130812292028959
8146,1001,13,5,0.65,0.2,1000,restricted_80,aggregation,0.8912402957185466,,,0.8137071762650929
8147,1001,13,5,0.65,0.2,1000,restricted_80,aggregation,0.8916610010522467,,,0.8135362914014997
8148,1001,13,5,0.65,0.2,1000,restricted_80,aggregation,0.8915185111420585,,,0.8133073178364846
8149,1001,13,5,0.65,0.2,1000,restricted_80,aggregation,0.8914835046079279,,,0.8138044111289946
8150,1001,13,5,0.65,0.2,1000,restricted_80,aggregation,0.8913618293991452,,,0.8136842192760944
8151,1001,13,5,0.65,0.2,1000,restricted_80,aggregation,0.8914903560464915,,,0.8132234543388711
8152,1001,13,5,0.65,0.2,1000,restricted_80,aggregation,0.8912001865611738,,,0.8139947638318473
8153,1001,13,5,0.65,0.2,1000,restricted_80,aggregation,0.891285205380417,,,0.8132893295516213
8154,1001,13,5,0.65,0.2,1000,restricted_80,aggregation,0.8913656382015614,,,0.8136422825245743
8155,1001,13,5,0.65,0.2,1000,restricted_80,aggregation,0.891596594809094,,,0.8134090909245076
8156,1001,13,5,0.65,0.2,1000,restricted_80,aggregation,0.8913478372784492,,,0.813864311105561
8157,1001,13,5,0.65,0.2,1000,restricted_80,aggregation,0.891539249827929,,,0.8134173791023792
8158,1001,13,5,0.65,0.2,1000,restricted_80,aggregation,0.8913751943130019,,,0.813480517206559
8159,1001,13,5,0.65,0.2,1000,restricted_80,aggregation,0.8913129585619501,,,0.8146609483417816
8160,1001,13,5,0.65,0.2,1000,restricted_80,aggregation,0.8912648492327399,,,0.8132743592749845
8161,1001,13,5,0.65,0.2,1000,restricted_80,aggregation,0.8914568994755869,,,0.8130511609609526
8162,1001,13,5,0.65,0.2,1000,restricted_80,aggregation,0.8914075832865926,,,0.8140710273137357
8163,1001,13,5,0.65,0.2,1000,restricted_80,aggregation,0.8911131012788515,,,0.8146002490179574
8164,1001,13,5,0.65,0.2,1000,restricted_80,aggregation,0.8912549687436229,,,0.8139869081535748
8165,1001,13,5,0.65,0.2,1000,restricted_80,aggregation,0.8914249346728034,,,0.8140142110590027
8166,1001,13,5,0.65,0.2,1000,restricted_80,aggregation,0.8913975368334865,,,0.8141810866371283
8167,1001,13,5,0.65,0.2,1000,restricted_80,aggregation,0.8914065931596286,,,0.8133630573438908
8168,1001,13,5,0.65,0.2,1000,restricted_80,aggregation,0.8912857875891304,,,0.8133222231934732
8169,1001,13,5,0.65,0.2,1000,restricted_80,aggregation,0.8915700002350828,,,0.8133070384399552
8170,1001,13,5,0.65,0.2,1000,restricted_80,aggregation,0.8914695226519066,,,0.8132523342629594
8171,1001,13,5,0.65,0.2,1000,restricted_80,aggregation,0.8913979041046372,,,0.8136011100627767
8172,1001,13,5,0.65,0.2,1000,restricted_80,aggregation,0.8915781335552273,,,0.8127559464069881
8173,1001,13,5,0.65,0.2,1000,restricted_80,aggregation,0.8914103824708951,,,0.8136742982480484
8174,1001,13,5,0.65,0.2,1000,restricted_80,aggregation,0.8912358516498279,,,0.8134253199192782
8175,1001,13,5,0.65,0.2,1000,restricted_80,aggregation,0.8914784057530193,,,0.8140446003841838
8176,1001,13,5,0.65,0.2,1000,restricted_80,aggregation,0.8914623294266282,,,0.8140784110179945
8177,1001,13,5,0.65,0.2,1000,restricted_80,aggregation,0.891376940999818,,,0.8140545616574785
8178,1001,13,5,0.65,0.2,1000,restricted_80,aggregation,0.8915230829893683,,,0.813094237645071
8179,1001,13,5,0.65,0.2,1000,restricted_80,aggregation,0.8915369479299589,,,0.8133312328335245
8180,1001,13,5,0.65,0.2,1000,restricted_80,aggregation,0.8913168538431068,,,0.8138185434087519
8181,1001,13,5,0.65,0.2,1000,restricted_80,aggregation,0.8914788332576626,,,0.8138684923718258
8182,1001,13,5,0.65,0.2,1000,restricted_80,aggregation,0.8914644769129909,,,0.8134810805552471
8183,1001,13,5,0.65,0.2,1000,restricted_80,aggregation,0.8915712817419735,,,0.8139678286682454
8184,1001,13,5,0.65,0.2,1000,restricted_80,aggregation,0.8914488220900161,,,0.813928276545985
8185,1001,13,5,0.65,0.2,1000,restricted_80,aggregation,0.8914447712715657,,,0.8132834987620404
8186,1001,13,5,0.65,0.2,1000,restricted_80,aggregation,0.8913647986180377,,,0.8143928187244854
8187,1001,13,5,0.65,0.2,1000,restricted_80,aggregation,0.8909883554224605,,,0.813666519236936
8188,1001,13,5,0.65,0.2,1000,restricted_80,aggregation,0.8913662328683253,,,0.8142410154891405
8189,1001,13,5,0.65,0.2,1000,restricted_80,aggregation,0.891552334525545,,,0.813355953251995
8190,1001,13,5,0.65,0.2,1000,restricted_80,aggregation,0.8911548916587153,,,0.8136641759166761
8191,1001,13,5,0.65,0.2,1000,restricted_80,aggregation,0.8915079290493897,,,0.8138506651219152
8192,1001,13,5,0.65,0.2,1000,restricted_80,aggregation,0.8914538382752604,,,0.8134729660077578
8193,1001,13,5,0.65,0.2,1000,restricted_80,aggregation,0.8914177497222747,,,0.814639630994006
8194,1001,13,5,0.65,0.2,1000,restricted_80,aggregation,0.8915375828005687,,,0.8134424780851865
8195,1001,13,5,0.65,0.2,1000,restricted_80,aggregation,0.8913105560826936,,,0.8142306919315253
8196,1001,13,5,0.65,0.2,1000,restricted_80,aggregation,0.8913172363298087,,,0.8132310790906625
8197,1001,13,5,0.65,0.2,1000,restricted_80,aggregation,0.8915838676143293,,,0.8132603667937002
8198,1001,13,5,0.65,0.2,1000,restricted_80,aggregation,0.8912632961406488,,,0.8141619509271594
8199,1001,13,5,0.65,0.2,1000,restricted_80,aggregation,0.8911841174028893,,,0.8143652738850655
8200,1001,13,5,0.65,0.2,1000,restricted_80,aggregation,0.8916281723509292,,,0.8132372119855454
8201,1001,13,5,0.65,0.2,1000,restricted_80,aggregation,0.8916162154681712,,,0.8141877532729617
8202,1001,13,5,0.65,0.2,1000,restricted_80,aggregation,0.8914315635317793,,,0.8143660177322678
8203,1001,13,5,0.65,0.2,1000,restricted_80,aggregation,0.8914554724952244,,,0.8134428093511428
8204,1001,13,5,0.65,0.2,1000,restricted_80,aggregation,0.8911877099764194,,,0.8136465959657626
8205,1001,13,5,0.65,0.2,1000,restricted_80,aggregation,0.8912646970679161,,,0.8139268423860091
8206,1001,13,5,0.65,0.2,1000,restricted_80,aggregation,0.8914944620655358,,,0.8138303561561895
8207,1001,13,5,0.65,0.2,1000,restricted_80,aggregation,0.8915301122730397,,,0.8138179033543618
8208,1001,13,5,0.65,0.2,1000,restricted_80,aggregation,0.8912450937434226,,,0.8135829943744527
8209,1001,13,5,0.65,0.2,1000,restricted_80,aggregation,0.891175810005092,,,0.8138104258087593
8210,1001,13,5,0.65,0.2,1000,restricted_80,aggregation,0.8914174578786124,,,0.8138093575020658
8211,1001,13,5,0.65,0.2,1000,restricted_80,aggregation,0.8914605234584241,,,0.8138470008849176
8212,1001,13,5,0.65,0.2,1000,restricted_80,aggregation,0.8913639747351062,,,0.8140670094951344
8213,1001,13,5,0.65,0.2,1000,restricted_80,aggregation,0.8910823821276967,,,0.8137971181596182
8214,1001,13,5,0.65,0.2,1000,restricted_80,aggregation,0.8915074130102435,,,0.8143637078816246
8215,1001,13,5,0.65,0.2,1000,restricted_80,aggregation,0.8915124356472889,,,0.813211731362773
8216,1001,13,5,0.65,0.2,1000,restricted_80,aggregation,0.891475851283223,,,0.814047657943908
8217,1001,13,5,0.65,0.2,1000,restricted_80,aggregation,0.8916153531369222,,,0.8132651488172321
8218,1001,13,5,0.65,0.2,1000,restricted_80,aggregation,0.8914506184039085,,,0.8136942093940011
8219,1001,13,5,0.65,0.2,1000,restricted_80,aggregation,0.8914505856741028,,,0.8139158853877605
8220,1001,13,5,0.65,0.2,1000,restricted_80,aggregation,0.8914488134687468,,,0.8134544702288453
8221,1001,13,5,0.65,0.2,1000,restricted_80,aggregation,0.8915568355867504,,,0.8127212067022485
8222,1001,13,5,0.65,0.2,1000,restricted_80,aggregation,0.8913299207699853,,,0.8143013163765247
8223,1001,13,5,0.65,0.2,1000,restricted_80,aggregation,0.8915525792872148,,,0.8143098806286306
8224,1001,13,5,0.65,0.2,1000,restricted_80,aggregation,0.8913764862770677,,,0.8142386227661228
8225,1001,13,5,0.65,0.2,1000,restricted_80,aggregation,0.8914338881581818,,,0.8142571992205326
8226,1001,13,5,0.65,0.2,1000,restricted_80,aggregation,0.8915073518136416,,,0.8144099970014554
8227,1001,13,5,0.65,0.2,1000,restricted_80,aggregation,0.8912296243560569,,,0.813970362924113
8228,1001,13,5,0.65,0.2,1000,restricted_80,aggregation,0.8915721566229845,,,0.8129455780022448
8229,1001,13,5,0.65,0.2,1000,restricted_80,aggregation,0.8915105721341366,,,0.8138086630113713
8230,1001,13,5,0.65,0.2,1000,restricted_80,aggregation,0.8914535281185566,,,0.8137423712167463
8231,1001,13,5,0.65,0.2,1000,restricted_80,aggregation,0.8912569373644083,,,0.8132624348799351
8232,1001,13,5,0.65,0.2,1000,restricted_80,aggregation,0.8914769773559698,,,0.812824236558195
8233,1001,13,5,0.65,0.2,1000,restricted_80,aggregation,0.8913587497141793,,,0.8139120782535366
8234,1001,13,5,0.65,0.2,1000,restricted_80,aggregation,0.8915003711089566,,,0.8134601840135175
8235,1001,13,5,0.65,0.2,1000,restricted_80,aggregation,0.8913151426557269,,,0.8140250830573749
8236,1001,13,5,0.65,0.2,1000,restricted_80,aggregation,0.8913510684262894,,,0.8139512657327241
8237,1001,13,5,0.65,0.2,1000,restricted_80,aggregation,0.8915025318533336,,,0.8135540929903431
8238,1001,13,5,0.65,0.2,1000,restricted_80,aggregation,0.8914718869131906,,,0.8137245167255583
8239,1001,13,5,0.65,0.2,1000,restricted_80,aggregation,0.8915871622423721,,,0.8135854034545702
8240,1001,13,5,0.65,0.2,1000,restricted_80,aggregation,0.8908537038881046,,,0.81365135984386
8241,1001,13,5,0.65,0.2,1000,restricted_80,aggregation,0.8916164715543909,,,0.8138285410885412
8242,1001,13,5,0.65,0.2,1000,restricted_80,aggregation,0.8914256765317023,,,0.8135761451588537
8243,1001,13,5,0.65,0.2,1000,restricted_80,aggregation,0.8915037039820725,,,0.813521829366621
8244,1001,13,5,0.65,0.2,1000,restricted_80,aggregation,0.8912836553595828,,,0.8139188799857551
8245,1001,13,5,0.65,0.2,1000,restricted_80,aggregation,0.8913263183434753,,,0.8135651762666345
8246,1001,13,5,0.65,0.2,1000,restricted_80,aggregation,0.8916461717245022,,,0.8133445860852111
8247,1001,13,5,0.65,0.2,1000,restricted_80,aggregation,0.8911452274374935,,,0.8146430816174567
8248,1001,13,5,0.65,0.2,1000,restricted_80,aggregation,0.891247698820083,,,0.8135368353020437
8249,1001,13,5,0.65,0.2,1000,restricted_80,aggregation,0.8913639042256661,,,0.8142891181734931
8250,1001,13,5,0.65,0.2,1000,restricted_80,aggregation,0.8914683268133382,,,0.8139169304460973
8251,1001,13,5,0.65,0.2,1000,restricted_80,aggregation,0.8914534589860407,,,0.8137616859914777
8252,1001,13,5,0.65,0.2,1000,restricted_80,aggregation,0.8913852995932485,,,0.8136774767131016
8253,1001,13,5,0.65,0.2,1000,restricted_80,aggregation,0.8914651354926837,,,0.8131037607685525
8254,1001,13,5,0.65,0.2,1000,restricted_80,aggregation,0.8914525642049856,,,0.8135258816723401
8255,1001,13,5,0.65,0.2,1000,restricted_80,aggregation,0.8914159569064315,,,0.8140617245408913
8256,1001,13,5,0.65,0.2,1000,restricted_80,aggregation,0.8914576068119354,,,0.8134112278539363
8257,1001,13,5,0.65,0.2,1000,restricted_80,aggregation,0.8913774667081376,,,0.8141135994021411
8258,1001,13,5,0.65,0.2,1000,restricted_80,aggregation,0.8914735191164589,,,0.8138142571625905
8259,1001,13,5,0.65,0.2,1000,restricted_80,aggregation,0.8913087426681487,,,0.8142294591905009
8260,1001,13,5,0.65,0.2,1000,restricted_80,aggregation,0.8915403264761662,,,0.8139824693670529
8261,1001,13,5,0.65,0.2,1000,restricted_80,aggregation,0.8912204154258484,,,0.8138707376188626
8262,1001,13,5,0.65,0.2,1000,restricted_80,aggregation,0.8914484446903754,,,0.8134422534641285
8263,1001,13,5,0.65,0.2,1000,restricted_80,aggregation,0.8914265567726992,,,0.813697084589793
8264,1001,13,5,0.65,0.2,1000,restricted_80,aggregation,0.8914441727327235,,,0.8145445827320827
8265,1001,13,5,0.65,0.2,1000,restricted_80,aggregation,0.8915289049793308,,,0.8138545254282755
8266,1001,13,5,0.65,0.2,1000,restricted_80,aggregation,0.8915108209121627,,,0.8137049851074851
8267,1001,13,5,0.65,0.2,1000,restricted_80,aggregation,0.8915337104960231,,,0.8134299709241376
8268,1001,13,5,0.65,0.2,1000,restricted_80,aggregation,0.8912810468513164,,,0.8143226979270729
8269,1001,13,5,0.65,0.2,1000,restricted_80,aggregation,0.8915085394357305,,,0.8137137969206719
8270,1001,13,5,0.65,0.2,1000,restricted_80,aggregation,0.891166942298186,,,0.8141486190892441
8271,1001,13,5,0.65,0.2,1000,restricted_80,aggregation,0.8915240521180026,,,0.8134800279889863
8272,1001,13,5,0.65,0.2,1000,restricted_80,aggregation,0.8915358422083614,,,0.8134957236359321
8273,1001,13,5,0.65,0.2,1000,restricted_80,aggregation,0.8914848567783324,,,0.8135287353156104
8274,1001,13,5,0.65,0.2,1000,restricted_80,aggregation,0.8913231785132797,,,0.8143121016021017
8275,1001,13,5,0.65,0.2,1000,restricted_80,aggregation,0.8915834196008244,,,0.8135908025924693
8276,1001,13,5,0.65,0.2,1000,restricted_80,aggregation,0.8913991476960833,,,0.8137035527358445
8277,1001,13,5,0.65,0.2,1000,restricted_80,aggregation,0.8914055219668664,,,0.813581987310529
8278,1001,13,5,0.65,0.2,1000,restricted_80,aggregation,0.8915141139192312,,,0.8137058474241808
8279,1001,13,5,0.65,0.2,1000,restricted_80,aggregation,0.891157785451035,,,0.8131288901838902
8280,1001,13,5,0.65,0.2,1000,restricted_80,aggregation,0.8916062209125379,,,0.813105129238046
8281,1001,13,5,0.65,0.2,1000,restricted_80,aggregation,0.8913545897288082,,,0.8133830585309754
8282,1001,13,5,0.65,0.2,1000,restricted_80,aggregation,0.8914904150969923,,,0.8134569053631555
8283,1001,13,5,0.65,0.2,1000,restricted_80,aggregation,0.8915043853147154,,,0.8131259393538561
8284,1001,13,5,0.65,0.2,1000,restricted_80,aggregation,0.8913382441501989,,,0.8142800388500389
8285,1001,13,5,0.65,0.2,1000,restricted_80,aggregation,0.8912576338260004,,,0.813304832266499
8286,1001,13,5,0.65,0.2,1000,restricted_80,aggregation,0.891389036027966,,,0.8142965753922005
8287,1001,13,5,0.65,0.2,1000,restricted_80,aggregation,0.8914803188922514,,,0.8137000658754826
8288,1001,13,5,0.65,0.2,1000,restricted_80,aggregation,0.8912259862809635,,,0.8136283898354731
8289,1001,13,5,0.65,0.2,1000,restricted_80,aggregation,0.89139907522102,,,0.8133852895098729
8290,1001,13,5,0.65,0.2,1000,restricted_80,aggregation,0.8914778671389973,,,0.8141502103297936
8291,1001,13,5,0.65,0.2,1000,restricted_80,aggregation,0.8914732693120516,,,0.8136520085778419
8292,1001,13,5,0.65,0.2,1000,restricted_80,aggregation,0.8916288315606355,,,0.8134558686067019
8293,1001,13,5,0.65,0.2,1000,restricted_80,aggregation,0.891590117571978,,,0.8137326329997163
8294,1001,13,5,0.65,0.2,1000,restricted_80,aggregation,0.8911977593313728,,,0.813928177686511
8295,1001,13,5,0.65,0.2,1000,restricted_80,aggregation,0.8913322962669153,,,0.813212091958967
8296,1001,13,5,0.65,0.2,1000,restricted_80,aggregation,0.8915054105433134,,,0.8132397615733034
8297,1001,13,5,0.65,0.2,1000,restricted_80,aggregation,0.8915055024095149,,,0.8137002730371481
8298,1001,13,5,0.65,0.2,1000,restricted_80,aggregation,0.8914196509643749,,,0.8144358084816418
8299,1001,13,5,0.65,0.2,1000,restricted_80,aggregation,0.8915269815635849,,,0.8132255697080697
8300,1001,13,5,0.65,0.2,1000,restricted_80,aggregation,0.8914091376572356,,,0.8142146061346063
8301,1001,13,5,0.65,0.2,1000,restricted_80,aggregation,0.8912456854791012,,,0.8136749389653557
8302,1001,13,5,0.65,0.2,1000,restricted_80,aggregation,0.8914551954575771,,,0.8137810089139256
8303,1001,13,5,0.65,0.2,1000,restricted_80,aggregation,0.8913136829984489,,,0.8138057726070227
8304,1001,13,5,0.65,0.2,1000,restricted_80,aggregation,0.8913381495539581,,,0.8132105778866195
8305,1001,13,5,0.65,0.2,1000,restricted_80,aggregation,0.891437383179739,,,0.8135869623200874
8306,1001,13,5,0.65,0.2,1000,restricted_80,aggregation,0.8914593943289508,,,0.8137156799065132
8307,1001,13,5,0.65,0.2,1000,restricted_80,aggregation,0.8913325727256564,,,0.8142738601059436
8308,1001,13,5,0.65,0.2,1000,restricted_80,aggregation,0.8913536055107251,,,0.8142916873558541
8309,1001,13,5,0.65,0.2,1000,restricted_80,aggregation,0.891202981412538,,,0.8141518196155696
8310,1001,13,5,0.65,0.2,1000,restricted_80,aggregation,0.8914944964252314,,,0.8132379591627509
8311,1001,13,5,0.65,0.2,1000,restricted_80,aggregation,0.8912491293104987,,,0.8135833451348035
8312,1001,13,5,0.65,0.2,1000,restricted_80,aggregation,0.891406426410567,,,0.8136298825865493
8313,1001,13,5,0.65,0.2,1000,restricted_80,aggregation,0.8914238938874491,,,0.8143313739578323
8314,1001,13,5,0.65,0.2,1000,restricted_80,aggregation,0.891582019860108,,,0.8134828422811757
8315,1001,13,5,0.65,0.2,1000,restricted_80,aggregation,0.8913956987548761,,,0.8130605677116095
8316,1001,13,5,0.65,0.2,1000,restricted_80,aggregation,0.891196070630541,,,0.8134441084455669
8317,1001,13,5,0.65,0.2,1000,restricted_80,aggregation,0.8913028493918189,,,0.8143106306733391
8318,1001,13,5,0.65,0.2,1000,restricted_80,aggregation,0.891503682334487,,,0.8139172963610465
8319,1001,13,5,0.65,0.2,1000,restricted_80,aggregation,0.8915269917466425,,,0.8135367550736301
8320,1001,13,5,0.65,0.2,1000,restricted_80,aggregation,0.8913887491942037,,,0.81345651833506
8321,1001,13,5,0.65,0.2,1000,restricted_80,aggregation,0.8914481823814018,,,0.8135842720628139
8322,1001,13,5,0.65,0.2,1000,restricted_80,aggregation,0.8914484448569692,,,0.8136140771265772
8323,1001,13,5,0.65,0.2,1000,restricted_80,aggregation,0.8915880855493238,,,0.8132963203309036
8324,1001,13,5,0.65,0.2,1000,restricted_80,aggregation,0.8916391097027551,,,0.8130683206222791
8325,1001,13,5,0.65,0.2,1000,restricted_80,aggregation,0.8912379592513701,,,0.8138514523285357
8326,1001,13,5,0.65,0.2,1000,restricted_80,aggregation,0.8913453417708564,,,0.8135760120820539
8327,1001,13,5,0.65,0.2,1000,restricted_80,aggregation,0.8913888941540823,,,0.8137905788116205
8328,1001,13,5,0.65,0.2,1000,restricted_80,aggregation,0.8913284521931945,,,0.8144504190100024
8329,1001,13,5,0.65,0.2,1000,restricted_80,aggregation,0.8914130820998346,,,0.8147059693701361
8330,1001,13,5,0.65,0.2,1000,restricted_80,aggregation,0.891413070060528,,,0.8137507261180179
8331,1001,13,5,0.65,0.2,1000,restricted_80,aggregation,0.8913898423276622,,,0.8142769287579705
8332,1001,13,5,0.65,0.2,1000,restricted_80,aggregation,0.8915935108854101,,,0.8135115683699019
8333,1001,13,5,0.65,0.2,1000,restricted_80,aggregation,0.8914247761863622,,,0.8140623081239748
8334,1001,13,5,0.65,0.2,1000,restricted_80,aggregation,0.891638732536904,,,0.8130209471392805
8335,1001,13,5,0.65,0.2,1000,restricted_80,aggregation,0.8916076758033147,,,0.8133558298183299
8336,1001,13,5,0.65,0.2,1000,restricted_80,aggregation,0.8910438955467396,,,0.8138765642228143
8337,1001,13,5,0.65,0.2,1000,restricted_80,aggregation,0.8913543534736976,,,0.8136561534607369
8338,1001,13,5,0.65,0.2,1000,restricted_80,aggregation,0.891047956978102,,,0.8143375388654556
8339,1001,13,5,0.65,0.2,1000,restricted_80,aggregation,0.8915624186433576,,,0.8133938028792196
8340,1001,13,5,0.65,0.2,1000,restricted_80,aggregation,0.8914450634807928,,,0.8139423747625832
8341,1001,13,5,0.65,0.2,1000,restricted_80,aggregation,0.8913563864994392,,,0.8139109123284124
8342,1001,13,5,0.65,0.2,1000,restricted_80,aggregation,0.8911756720408799,,,0.8146778337403338
8343,1001,13,5,0.65,0.2,1000,restricted_80,aggregation,0.8914978308674143,,,0.8134280454267954
8344,1001,13,5,0.65,0.2,1000,restricted_80,aggregation,0.8913856063723627,,,0.8135118195539031
8345,1001,13,5,0.65,0.2,1000,restricted_80,aggregation,0.891414889444151,,,0.8142132157888408
8346,1001,13,5,0.65,0.2,1000,restricted_80,aggregation,0.8913168439605419,,,0.8133674100436601
8347,1001,13,5,0.65,0.2,1000,restricted_80,aggregation,0.8913592658369988,,,0.8133287180412181
8348,1001,13,5,0.65,0.2,1000,restricted_80,aggregation,0.8913102636694387,,,0.8143729740552658
8349,1001,13,5,0.65,0.2,1000,restricted_80,aggregation,0.8909438404846526,,,0.8144978552157719
8350,1001,13,5,0.65,0.2,1000,restricted_80,aggregation,0.891503148132527,,,0.8134236660869995
8351,1001,13,5,0.65,0.2,1000,restricted_80,aggregation,0.8914037993261912,,,0.8134502961852963
8352,1001,13,5,0.65,0.2,1000,restricted_80,aggregation,0.8913559084037499,,,0.813222911363328
8353,1001,13,5,0.65,0.2,1000,restricted_80,aggregation,0.8910218636626999,,,0.8141242315092316
8354,1001,13,5,0.65,0.2,1000,restricted_80,aggregation,0.8914287472591075,,,0.81361376482314
8355,1001,13,5,0.65,0.2,1000,restricted_80,aggregation,0.8914476444479437,,,0.8139242037283704
8356,1001,13,5,0.65,0.2,1000,restricted_80,aggregation,0.8911888707223479,,,0.8140057421128256
8357,1001,13,5,0.65,0.2,1000,restricted_80,aggregation,0.8912608310504841,,,0.8132984784813951
8358,1001,13,5,0.65,0.2,1000,restricted_80,aggregation,0.8915524919263927,,,0.8141176569186985
8359,1001,13,5,0.65,0.2,1000,restricted_80,aggregation,0.8913706831576352,,,0.8139071938015688
8360,1001,13,5,0.65,0.2,1000,restricted_80,aggregation,0.8914340012537496,,,0.8137570932616767
8361,1001,13,5,0.65,0.2,1000,restricted_80,aggregation,0.8914547696175545,,,0.8132806908369409
8362,1001,13,5,0.65,0.2,1000,restricted_80,aggregation,0.8912466392948256,,,0.8137339501393669
8363,1001,13,5,0.65,0.2,1000,restricted_80,aggregation,0.8913705307891098,,,0.8139288840865924
8364,1001,13,5,0.65,0.2,1000,restricted_80,aggregation,0.8914108304946713,,,0.813332035271827
8365,1001,13,5,0.65,0.2,1000,restricted_80,aggregation,0.8914590789479648,,,0.8140368894454311
8366,1001,13,5,0.65,0.2,1000,restricted_80,aggregation,0.8914000589472503,,,0.8132620715318633
8367,1001,13,5,0.65,0.2,1000,restricted_80,aggregation,0.8911628583414861,,,0.8139396413308913
8368,1001,13,5,0.65,0.2,1000,restricted_80,aggregation,0.8913755935895253,,,0.8134595372451624
8369,1001,13,5,0.65,0.2,1000,restricted_80,aggregation,0.8914011333730566,,,0.8142196897932314
8370,1001,13,5,0.65,0.2,1000,restricted_80,aggregation,0.8914874348384171,,,0.8135952558090058
8371,1001,13,5,0.65,0.2,1000,restricted_80,aggregation,0.8915932207331575,,,0.8137488228592397
8372,1001,13,5,0.65,0.2,1000,restricted_80,aggregation,0.8914989977671846,,,0.8139217234385986
8373,1001,13,5,0.65,0.2,1000,restricted_80,aggregation,0.8914025807650526,,,0.8137361759459677
8374,1001,13,5,0.65,0.2,1000,restricted_80,aggregation,0.8911582401675789,,,0.8146751666389167
8375,1001,13,5,0.65,0.2,1000,restricted_80,aggregation,0.8914146618355835,,,0.8138396829250997
8376,1001,13,5,0.65,0.2,1000,restricted_80,aggregation,0.8911840874340405,,,0.8141148093727262
8377,1001,13,5,0.65,0.2,1000,restricted_80,aggregation,0.8912817633661716,,,0.8145416672602089
8378,1001,13,5,0.65,0.2,1000,restricted_80,aggregation,0.8913347472192026,,,0.8144800785094536
8379,1001,13,5,0.65,0.2,1000,restricted_80,aggregation,0.891492252724293,,,0.8132613142644394
8380,1001,13,5,0.65,0.2,1000,restricted_80,aggregation,0.8914671293804116,,,0.8141878308265809
8381,1001,13,5,0.65,0.2,1000,restricted_80,aggregation,0.8913904215088649,,,0.8141032051898719
8382,1001,13,5,0.65,0.2,1000,restricted_80,aggregation,0.8914807133380197,,,0.813626383940134
8383,1001,13,5,0.65,0.2,1000,restricted_80,aggregation,0.8913542428492821,,,0.814283736911237
8384,1001,13,5,0.65,0.2,1000,restricted_80,aggregation,0.8914290195969375,,,0.8139515045371296
8385,1001,13,5,0.65,0.2,1000,restricted_80,aggregation,0.8914765085901626,,,0.8140267708294792
8386,1001,13,5,0.65,0.2,1000,restricted_80,aggregation,0.8913936336280075,,,0.8131059350063516
8387,1001,13,5,0.65,0.2,1000,restricted_80,aggregation,0.8915705307424606,,,0.8139127745711079
8388,1001,13,5,0.65,0.2,1000,restricted_80,aggregation,0.8912994086724093,,,0.8133450276806528
8389,1001,13,5,0.65,0.2,1000,restricted_80,aggregation,0.8913282404570034,,,0.8135627229791813
8390,1001,13,5,0.65,0.2,1000,restricted_80,aggregation,0.8916687080733635,,,0.8129063950478534
8391,1001,13,5,0.65,0.2,1000,restricted_80,aggregation,0.8914727139143126,,,0.8136938774497109
8392,1001,13,5,0.65,0.2,1000,restricted_80,aggregation,0.8913950332532645,,,0.8146454481012815
8393,1001,13,5,0.65,0.2,1000,restricted_80,aggregation,0.8910742659785309,,,0.8137014004668172
8394,1001,13,5,0.65,0.2,1000,restricted_80,aggregation,0.8912016435750575,,,0.81400211331878
8395,1001,13,5,0.65,0.2,1000,restricted_80,aggregation,0.8914048140371427,,,0.814524383610217
8396,1001,13,5,0.65,0.2,1000,restricted_80,aggregation,0.8914375987283519,,,0.8129468107355607
8397,1001,13,5,0.65,0.2,1000,restricted_80,aggregation,0.8914063350196032,,,0.8135575571265155
8398,1001,13,5,0.65,0.2,1000,restricted_80,aggregation,0.8914751576412397,,,0.8138925535344286
8399,1001,13,5,0.65,0.2,1000,restricted_80,aggregation,0.8912301747941774,,,0.8144171656044573
8400,1001,13,5,0.65,0.2,1000,restricted_80,aggregation,0.8914717425235155,,,0.813562797241339
8401,1001,13,5,0.65,0.2,1000,restricted_80,aggregation,0.8914605402847743,,,0.814000779891405
8402,1001,13,5,0.65,0.2,1000,restricted_80,aggregation,0.8915104927698749,,,0.8143955772699524
8403,1001,13,5,0.65,0.2,1000,restricted_80,aggregation,0.8915852938185387,,,0.8135780267032351
8404,1001,13,5,0.65,0.2,1000,restricted_80,aggregation,0.891289943627677,,,0.8133035350991602
8405,1001,13,5,0.65,0.2,1000,restricted_80,aggregation,0.8914929562297148,,,0.8136829399612733
8406,1001,13,5,0.65,0.2,1000,restricted_80,aggregation,0.8912416285825953,,,0.81400218989344
8407,1001,13,5,0.65,0.2,1000,restricted_80,aggregation,0.891513159740449,,,0.8137063521663522
8408,1001,13,5,0.65,0.2,1000,restricted_80,aggregation,0.8915909633823986,,,0.8134729144081229
8409,1001,13,5,0.65,0.2,1000,restricted_80,aggregation,0.8914627463107802,,,0.8139326563328647
8410,1001,13,5,0.65,0.2,1000,restricted_80,aggregation,0.8915987861471456,,,0.8129692652794738
8411,1001,13,5,0.65,0.2,1000,restricted_80,aggregation,0.8914632771363541,,,0.8144616380687214
8412,1001,13,5,0.65,0.2,1000,restricted_80,aggregation,0.8913483791312978,,,0.8144674732443484
8413,1001,13,5,0.65,0.2,1000,restricted_80,aggregation,0.8913918055760104,,,0.8139191729952147
8414,1001,13,5,0.65,0.2,1000,restricted_80,aggregation,0.8914577112480029,,,0.8140299874816542
8415,1001,13,5,0.65,0.2,1000,restricted_80,aggregation,0.8915430691033924,,,0.8137648212821131
8416,1001,13,5,0.65,0.2,1000,restricted_80,aggregation,0.8915237374758367,,,0.8135174338701422
8417,1001,13,5,0.65,0.2,1000,restricted_80,aggregation,0.8915149340652633,,,0.8136318746454163
8418,1001,13,5,0.65,0.2,1000,restricted_80,aggregation,0.8914042572882489,,,0.8139095658045657
8419,1001,13,5,0.65,0.2,1000,restricted_80,aggregation,0.8913566081966328,,,0.8140754508762842
8420,1001,13,5,0.65,0.2,1000,restricted_80,aggregation,0.8913871426229694,,,0.8136795559147644
8421,1001,13,5,0.65,0.2,1000,restricted_80,aggregation,0.8914395085895267,,,0.8132404392443976
8422,1001,13,5,0.65,0.2,1000,restricted_80,aggregation,0.8912492784726121,,,0.814430177877678
8423,1001,13,5,0.65,0.2,1000,restricted_80,aggregation,0.8914746834080277,,,0.8138995765731183
8424,1001,13,5,0.65,0.2,1000,restricted_80,aggregation,0.8916039120079199,,,0.8136460882867135
8425,1001,13,5,0.65,0.2,1000,restricted_80,aggregation,0.8915092709269583,,,0.8131658427606344
8426,1001,13,5,0.65,0.2,1000,restricted_80,aggregation,0.8914764645348839,,,0.8143316816979318
8427,1001,13,5,0.65,0.2,1000,restricted_80,aggregation,0.8913884755660522,,,0.8135264244474661
8428,1001,13,5,0.65,0.2,1000,restricted_80,aggregation,0.8914139314254009,,,0.8141322077151244
8429,1001,13,5,0.65,0.2,1000,restricted_80,aggregation,0.8914090986609291,,,0.8134343426018427
8430,1001,13,5,0.65,0.2,1000,restricted_80,aggregation,0.89128315070601,,,0.8138173276954528
8431,1001,13,5,0.65,0.2,1000,restricted_80,aggregation,0.8913321307956117,,,0.813702578879454
8432,1001,13,5,0.65,0.2,1000,restricted_80,aggregation,0.8914434655450905,,,0.8135772400978651
8433,1001,13,5,0.65,0.2,1000,restricted_80,aggregation,0.8914460863969101,,,0.8138244899544899
8434,1001,13,5,0.65,0.2,1000,restricted_80,aggregation,0.8915069904330922,,,0.8143022586210088
8435,1001,13,5,0.65,0.2,1000,restricted_80,aggregation,0.891457650600663,,,0.8131860746969081
8436,1001,13,5,0.65,0.2,1000,restricted_80,aggregation,0.8914519052075528,,,0.8136124205347123
8437,1001,13,5,0.65,0.2,1000,restricted_80,aggregation,0.8915258466173005,,,0.8131411962034879
8438,1001,13,5,0.65,0.2,1000,restricted_80,aggregation,0.8914523540214149,,,0.8132646586823671
8439,1001,13,5,0.65,0.2,1000,restricted_80,aggregation,0.891590007627785,,,0.8130818596681098
8440,1001,13,5,0.65,0.2,1000,restricted_80,aggregation,0.8914210933788669,,,0.8142200158714743
8441,1001,13,5,0.65,0.2,1000,restricted_80,aggregation,0.8915692013401288,,,0.8130600413706665
8442,1001,13,5,0.65,0.2,1000,restricted_80,aggregation,0.8913385737452184,,,0.8149267318561069
8443,1001,13,5,0.65,0.2,1000,restricted_80,aggregation,0.891345455513845,,,0.8145684255482172
8444,1001,13,5,0.65,0.2,1000,restricted_80,aggregation,0.8915267048043494,,,0.8136267372442374
8445,1001,13,5,0.65,0.2,1000,restricted_80,aggregation,0.8913943564049991,,,0.8139917584036335
8446,1001,13,5,0.65,0.2,1000,restricted_80,aggregation,0.8914825776444537,,,0.8133761751134668
8447,1001,13,5,0.65,0.2,1000,restricted_80,aggregation,0.89143912980745,,,0.8135567075054576
8448,1001,13,5,0.65,0.2,1000,restricted_80,aggregation,0.8915328308364523,,,0.8135562087989172
8449,1001,13,5,0.65,0.2,1000,restricted_80,aggregation,0.8915368672821594,,,0.8134118762102096
8450,1001,13,5,0.65,0.2,1000,restricted_80,aggregation,0.8913733750681908,,,0.8140612582248
8451,1001,13,5,0.65,0.2,1000,restricted_80,aggregation,0.8911966298055336,,,0.8134134462142795
8452,1001,13,5,0.65,0.2,1000,restricted_80,aggregation,0.8913844869314221,,,0.8143926002161419
8453,1001,13,5,0.65,0.2,1000,restricted_80,aggregation,0.8914468239512643,,,0.8139176725280892
8454,1001,13,5,0.65,0.2,1000,restricted_80,aggregation,0.8915444957757177,,,0.8137028502824337
8455,1001,13,5,0.65,0.2,1000,restricted_80,aggregation,0.8914147044454842,,,0.8141403458270126
8456,1001,13,5,0.65,0.2,1000,restricted_80,aggregation,0.8915629887870841,,,0.813701413640372
8457,1001,13,5,0.65,0.2,1000,restricted_80,aggregation,0.8912089655825872,,,0.813908552859178
8458,1001,13,5,0.65,0.2,1000,restricted_80,aggregation,0.8913816574328296,,,0.814133396904022
8459,1001,13,5,0.65,0.2,1000,restricted_80,aggregation,0.8914935084630171,,,0.8135719779217696
8460,1001,13,5,0.65,0.2,1000,restricted_80,aggregation,0.8913831501405001,,,0.8140641683779184
8461,1001,13,5,0.65,0.2,1000,restricted_80,aggregation,0.8912977606848141,,,0.8132163549336466
8462,1001,13,5,0.65,0.2,1000,restricted_80,aggregation,0.8913536709741923,,,0.8136613561978147
8463,1001,13,5,0.65,0.2,1000,restricted_80,aggregation,0.8914924733815053,,,0.814332784653618
8464,1001,13,5,0.65,0.2,1000,restricted_80,aggregation,0.8916551790237736,,,0.8130421840813509
8465,1001,13,5,0.65,0.2,1000,restricted_80,aggregation,0.8913168530752559,,,0.8145119653340487
8466,1001,13,5,0.65,0.2,1000,restricted_80,aggregation,0.8914756125394661,,,0.8138762108107942
8467,1001,13,5,0.65,0.2,1000,restricted_80,aggregation,0.8914806575599843,,,0.8143523258608676
8468,1001,13,5,0.65,0.2,1000,restricted_80,aggregation,0.8914546235313637,,,0.8136609805318139
8469,1001,13,5,0.65,0.2,1000,restricted_80,aggregation,0.8915262523064272,,,0.8133367661273911
8470,1001,13,5,0.65,0.2,1000,restricted_80,aggregation,0.891448511015295,,,0.8138267470492472
8471,1001,13,5,0.65,0.2,1000,restricted_80,aggregation,0.8913446522113031,,,0.813910776862027
8472,1001,13,5,0.65,0.2,1000,restricted_80,aggregation,0.8914337983453128,,,0.8135811165069499
8473,1001,13,5,0.65,0.2,1000,restricted_80,aggregation,0.8913200201268849,,,0.8132897032134532
8474,1001,13,5,0.65,0.2,1000,restricted_80,aggregation,0.8914558195278481,,,0.8139717674301008
8475,1001,13,5,0.65,0.2,1000,restricted_80,aggregation,0.8915393739325806,,,0.8140903721047471
8476,1001,13,5,0.65,0.2,1000,restricted_80,aggregation,0.8915921373878919,,,0.8135712618400118
8477,1001,13,5,0.65,0.2,1000,restricted_80,aggregation,0.8913797276363409,,,0.8138772709928961
8478,1001,13,5,0.65,0.2,1000,restricted_80,aggregation,0.8914664557966955,,,0.8140479857565275
8479,1001,13,5,0.65,0.2,1000,restricted_80,aggregation,0.8915520588540197,,,0.8144414391395642
8480,1001,13,5,0.65,0.2,1000,restricted_80,aggregation,0.8912757861627895,,,0.8139618489380991
8481,1001,13,5,0.65,0.2,1000,restricted_80,aggregation,0.8911865259847016,,,0.8138833735939986
8482,1001,13,5,0.65,0.2,1000,restricted_80,aggregation,0.891413228008585,,,0.813540967628051
8483,1001,13,5,0.65,0.2,1000,restricted_80,aggregation,0.8914155640416552,,,0.8139293201782786
8484,1001,13,5,0.65,0.2,1000,restricted_80,aggregation,0.8914755973420894,,,0.8131350486165071
8485,1001,13,5,0.65,0.2,1000,restricted_80,aggregation,0.8914256763232039,,,0.8144868798947965
8486,1001,13,5,0.65,0.2,1000,restricted_80,aggregation,0.8913084166184958,,,0.8140874623755875
8487,1001,13,5,0.65,0.2,1000,restricted_80,aggregation,0.8914498360547392,,,0.8137343935385603
8488,1001,13,5,0.65,0.2,1000,restricted_80,aggregation,0.8915202984366167,,,0.813418309661018
8489,1001,13,5,0.65,0.2,1000,restricted_80,aggregation,0.8915765011481268,,,0.8131415604919773
8490,1001,13,5,0.65,0.2,1000,restricted_80,aggregation,0.8915959599421055,,,0.8129998894238478
8491,1001,13,5,0.65,0.2,1000,restricted_80,aggregation,0.8913866918759732,,,0.8137201894633145
8492,1001,13,5,0.65,0.2,1000,restricted_80,aggregation,0.8914819481782519,,,0.8134021149144066
8493,1001,13,5,0.65,0.2,1000,restricted_80,aggregation,0.8914454192227418,,,0.8135418950802286
8494,1001,13,5,0.65,0.2,1000,restricted_80,aggregation,0.8913940274495572,,,0.8141655860189194
8495,1001,13,5,0.65,0.2,1000,restricted_80,aggregation,0.8914139690371975,,,0.8138174208584625
8496,1001,13,5,0.65,0.2,1000,restricted_80,aggregation,0.8914689224003649,,,0.8135169778138529
8497,1001,13,5,0.65,0.2,1000,restricted_80,aggregation,0.8916177808373823,,,0.8129620275095275
8498,1001,13,5,0.65,0.2,1000,restricted_80,aggregation,0.8912887422014756,,,0.8136787101478768
8499,1001,13,5,0.65,0.2,1000,restricted_80,aggregation,0.8912786701074406,,,0.8133109050748635
8500,1001,13,5,0.65,0.2,1000,restricted_80,aggregation,0.8913123355677316,,,0.8135494070204488
8501,1001,13,5,0.65,0.2,1000,restricted_80,aggregation,0.8912404988224245,,,0.8138911774490943
8502,1001,13,5,0.65,0.2,1000,restricted_80,aggregation,0.8914352641205575,,,0.8129900594004761
8503,1001,13,5,0.65,0.2,1000,restricted_80,aggregation,0.8912159402731101,,,0.8140921953971955
8504,1001,13,5,0.65,0.2,1000,restricted_80,aggregation,0.8913975088881332,,,0.8137207062073729
8505,1001,13,5,0.65,0.2,1000,restricted_80,aggregation,0.8914821434766202,,,0.813140937341979
8506,1001,13,5,0.65,0.2,1000,restricted_80,aggregation,0.8913684916628134,,,0.8139208532054366
8507,1001,13,5,0.65,0.2,1000,restricted_80,aggregation,0.8912149842210846,,,0.813285675173592
8508,1001,13,5,0.65,0.2,1000,restricted_80,aggregation,0.8915150312864689,,,0.8140402456879541
8509,1001,13,5,0.65,0.2,1000,restricted_80,aggregation,0.891483051790306,,,0.8140149208045042
8510,1001,13,5,0.65,0.2,1000,restricted_80,aggregation,0.8915113924079725,,,0.8134261117046534
8511,1001,13,5,0.65,0.2,1000,restricted_80,aggregation,0.8912052764869055,,,0.8144804971032055
8512,1001,13,5,0.65,0.2,1000,restricted_80,aggregation,0.8914100433668504,,,0.8144565445819614
8513,1001,13,5,0.65,0.2,1000,restricted_80,aggregation,0.8914886605952537,,,0.8141949815847733
8514,1001,13,5,0.65,0.2,1000,restricted_80,aggregation,0.8913647813154881,,,0.8147429718660969
8515,1001,13,5,0.65,0.2,1000,restricted_80,aggregation,0.8911816037696546,,,0.8136381484333568
8516,1001,13,5,0.65,0.2,1000,restricted_80,aggregation,0.8913342174865744,,,0.8140111174550759
8517,1001,13,5,0.65,0.2,1000,restricted_80,aggregation,0.8911372002875158,,,0.8136664402803986
8518,1001,13,5,0.65,0.2,1000,restricted_80,aggregation,0.8914515420380181,,,0.8138750665538166
8519,1001,13,5,0.65,0.2,1000,restricted_80,aggregation,0.8912193426607901,,,0.814007752941503
8520,1001,13,5,0.65,0.2,1000,restricted_80,aggregation,0.8915393149203189,,,0.8136698334227502
8521,1001,13,5,0.65,0.2,1000,restricted_80,aggregation,0.8916335706295038,,,0.8136680371172037
8522,1001,13,5,0.65,0.2,1000,restricted_80,aggregation,0.8911711163296822,,,0.8136152036158287
8523,1001,13,5,0.65,0.2,1000,restricted_80,aggregation,0.8916147447373953,,,0.8135722126330461
8524,1001,13,5,0.65,0.2,1000,restricted_80,aggregation,0.8913698242197072,,,0.8136121302462971
8525,1001,13,5,0.65,0.2,1000,restricted_80,aggregation,0.8913506799135869,,,0.8140298920909338
8526,1001,13,5,0.65,0.2,1000,restricted_80,aggregation,0.8914584791866534,,,0.8137115519125936
8527,1001,13,5,0.65,0.2,1000,restricted_80,aggregation,0.8915152882039482,,,0.8134864441345692
8528,1001,13,5,0.65,0.2,1000,restricted_80,aggregation,0.8914411424807414,,,0.8132095825008326
8529,1001,13,5,0.65,0.2,1000,restricted_80,aggregation,0.8913817400851328,,,0.81411955486643
8530,1001,13,5,0.65,0.2,1000,restricted_80,aggregation,0.8916163732394286,,,0.8130639261510096
8531,1001,13,5,0.65,0.2,1000,restricted_80,aggregation,0.8914789316827069,,,0.8131248835500918
8532,1001,13,5,0.65,0.2,1000,restricted_80,aggregation,0.8914079560765162,,,0.8139375271796105
8533,1001,13,5,0.65,0.2,1000,restricted_80,aggregation,0.891515484693986,,,0.8141713558278142
8534,1001,13,5,0.65,0.2,1000,restricted_80,aggregation,0.8913602927752815,,,0.8137411091686092
8535,1001,13,5,0.65,0.2,1000,restricted_80,aggregation,0.8916137458611989,,,0.8133391083145249
8536,1001,13,5,0.65,0.2,1000,restricted_80,aggregation,0.8914825622911712,,,0.8134311575615744
8537,1001,13,5,0.65,0.2,1000,restricted_80,aggregation,0.8914283914458966,,,0.8137340232992317
8538,1001,13,5,0.65,0.2,1000,restricted_80,aggregation,0.8913787270319985,,,0.8144335040885042
8539,1001,13,5,0.65,0.2,1000,restricted_80,aggregation,0.8915132060629206,,,0.8138446115689865
8540,1001,13,5,0.65,0.2,1000,restricted_80,aggregation,0.8914433478761696,,,0.8140482069011236
8541,1001,13,5,0.65,0.2,1000,restricted_80,aggregation,0.8914156544114292,,,0.8137449022505272
8542,1001,13,5,0.65,0.2,1000,restricted_80,aggregation,0.8912452926454528,,,0.8138014672364672
8543,1001,13,5,0.65,0.2,1000,restricted_80,aggregation,0.8915168233762145,,,0.8134756396920982
8544,1001,13,5,0.65,0.2,1000,restricted_80,aggregation,0.8913592145074958,,,0.8139903937497688
8545,1001,13,5,0.65,0.2,1000,restricted_80,aggregation,0.8913957833872317,,,0.8142333239831158
8546,1001,13,5,0.65,0.2,1000,restricted_80,aggregation,0.8913260842656572,,,0.8144732617690952
8547,1001,13,5,0.65,0.2,1000,restricted_80,aggregation,0.8913346406161199,,,0.8134932313828147
8548,1001,13,5,0.65,0.2,1000,restricted_80,aggregation,0.8914827277701479,,,0.8132166983556568
8549,1001,13,5,0.65,0.2,1000,restricted_80,aggregation,0.8910842362893158,,,0.8138256186252021
8550,1001,13,5,0.65,0.2,1000,restricted_80,aggregation,0.8913886219346036,,,0.8137057686757688
8551,1001,13,5,0.65,0.2,1000,restricted_80,aggregation,0.8914258049991657,,,0.8139060212087296
8552,1001,13,5,0.65,0.2,1000,restricted_80,aggregation,0.8913104902816587,,,0.8137999641407976
8553,1001,13,5,0.65,0.2,1000,restricted_80,aggregation,0.8915506285424978,,,0.8145254187556271
8554,1001,13,5,0.65,0.2,1000,restricted_80,aggregation,0.8914448436393639,,,0.8139324861481112
8555,1001,13,5,0.65,0.2,1000,restricted_80,aggregation,0.8915564013620761,,,0.8135008976517312
8556,1001,13,5,0.65,0.2,1000,restricted_80,aggregation,0.8915155091919209,,,0.8138374131655383
8557,1001,13,5,0.65,0.2,1000,restricted_80,aggregation,0.8913375293648058,,,0.8141380407863742
8558,1001,13,5,0.65,0.2,1000,restricted_80,aggregation,0.8914457129342531,,,0.8140041531231115
8559,1001,13,5,0.65,0.2,1000,restricted_80,aggregation,0.8915095835979148,,,0.8141559653617988
8560,1001,13,5,0.65,0.2,1000,restricted_80,aggregation,0.8913387383027302,,,0.8141414233374652
8561,1001,13,5,0.65,0.2,1000,restricted_80,aggregation,0.891371281844843,,,0.8142004759052676
8562,1001,13,5,0.65,0.2,1000,restricted_80,aggregation,0.8914054301208142,,,0.8142404837446504
8563,1001,13,5,0.65,0.2,1000,restricted_80,aggregation,0.8915031257500842,,,0.8131545836108337
8564,1001,13,5,0.65,0.2,1000,restricted_80,aggregation,0.8913604209589402,,,0.8140658305737473
8565,1001,13,5,0.65,0.2,1000,restricted_80,aggregation,0.8913273426630591,,,0.8135778134982303
8566,1001,13,5,0.65,0.2,1000,restricted_80,aggregation,0.891432993137749,,,0.8135294123469125
8567,1001,13,5,0.65,0.2,1000,restricted_80,aggregation,0.8914992724315454,,,0.8139498349258767
8568,1001,13,5,0.65,0.2,1000,restricted_80,aggregation,0.8914447686614373,,,0.8139523174125258
8569,1001,13,5,0.65,0.2,1000,restricted_80,aggregation,0.8914790067444596,,,0.8134278815320484
8570,1001,13,5,0.65,0.2,1000,restricted_80,aggregation,0.8913626861281546,,,0.81435765143036
8571,1001,13,5,0.65,0.2,1000,restricted_80,aggregation,0.8914211328635127,,,0.8136459326938495
8572,1001,13,5,0.65,0.2,1000,restricted_80,aggregation,0.8914092373655848,,,0.8140132469382471
8573,1001,13,5,0.65,0.2,1000,restricted_80,aggregation,0.8914325915004326,,,0.81391328325995
8574,1001,13,5,0.65,0.2,1000,restricted_80,aggregation,0.8915842412921428,,,0.8134091133403634
8575,1001,13,5,0.65,0.2,1000,restricted_80,aggregation,0.8911158613901436,,,0.8142761400559317
8576,1001,13,5,0.65,0.2,1000,restricted_80,aggregation,0.891357221859179,,,0.8138804287148038
8577,1001,13,5,0.65,0.2,1000,restricted_80,aggregation,0.8913807238905954,,,0.8140870101888852
8578,1001,13,5,0.65,0.2,1000,restricted_80,aggregation,0.8914385500120484,,,0.8140493740133323
8579,1001,13,5,0.65,0.2,1000,restricted_80,aggregation,0.8914173629652271,,,0.8134685986004737
8580,1001,13,5,0.65,0.2,1000,restricted_80,aggregation,0.8915661973384386,,,0.8134527316125233
8581,1001,13,5,0.65,0.2,1000,restricted_80,aggregation,0.8915604281913451,,,0.8133548336925421
8582,1001,13,5,0.65,0.2,1000,restricted_80,aggregation,0.8913145244147427,,,0.8141880549465967
8583,1001,13,5,0.65,0.2,1000,restricted_80,aggregation,0.8914101705215364,,,0.8133163292032043
8584,1001,13,5,0.65,0.2,1000,restricted_80,aggregation,0.8913099032448981,,,0.8142044827240662
8585,1001,13,5,0.65,0.2,1000,restricted_80,aggregation,0.891367404547129,,,0.8141778188015688
8586,1001,13,5,0.65,0.2,1000,restricted_80,aggregation,0.8913452328716114,,,0.8144555389594974
8587,1001,13,5,0.65,0.2,1000,restricted_80,aggregation,0.8913496678496428,,,0.8132529444398195
8588,1001,13,5,0.65,0.2,1000,restricted_80,aggregation,0.8915799343440659,,,0.8134003687053687
8589,1001,13,5,0.65,0.2,1000,restricted_80,aggregation,0.8914382961189952,,,0.8140993770581271
8590,1001,13,5,0.65,0.2,1000,restricted_80,aggregation,0.8914768349466078,,,0.8133656786423453
8591,1001,13,5,0.65,0.2,1000,restricted_80,aggregation,0.8913632369698636,,,0.813633460212627
8592,1001,13,5,0.65,0.2,1000,restricted_80,aggregation,0.8914810136346063,,,0.8136658158893577
8593,1001,13,5,0.65,0.2,1000,restricted_80,aggregation,0.8915762310574092,,,0.8135876721657972
8594,1001,13,5,0.65,0.2,1000,restricted_80,aggregation,0.8914936248838476,,,0.8135334877853627
8595,1001,13,5,0.65,0.2,1000,restricted_80,aggregation,0.8914462593776185,,,0.8140680714809883
8596,1001,13,5,0.65,0.2,1000,restricted_80,aggregation,0.8913752608806155,,,0.8140317737432321
8597,1001,13,5,0.65,0.2,1000,restricted_80,aggregation,0.8911682675113289,,,0.8138497274870191
8598,1001,13,5,0.65,0.2,1000,restricted_80,aggregation,0.8914644555524033,,,0.8141961682067932
8599,1001,13,5,0.65,0.2,1000,restricted_80,aggregation,0.8912550614618184,,,0.8139473672623673
8600,1001,13,5,0.65,0.2,1000,restricted_80,aggregation,0.8913287984835658,,,0.8138148753175838
8601,1001,13,5,0.65,0.2,1000,restricted_80,aggregation,0.8915588479838477,,,0.8131192621190539
8602,1001,13,5,0.65,0.2,1000,restricted_80,aggregation,0.8914420655932245,,,0.8138775390967059
8603,1001,13,5,0.65,0.2,1000,restricted_80,aggregation,0.8914516353158605,,,0.8135914556431224
8604,1001,13,5,0.65,0.2,1000,restricted_80,aggregation,0.8913400451218264,,,0.8138459739411823
8605,1001,13,5,0.65,0.2,1000,restricted_80,aggregation,0.8910757191727194,,,0.8135678052811387
8606,1001,13,5,0.65,0.2,1000,restricted_80,aggregation,0.8913391029633546,,,0.8145760362631196
8607,1001,13,5,0.65,0.2,1000,restricted_80,aggregation,0.8915275626271167,,,0.8133361182104932
8608,1001,13,5,0.65,0.2,1000,restricted_80,aggregation,0.8914511958608791,,,0.8142953448249282
8609,1001,13,5,0.65,0.2,1000,restricted_80,aggregation,0.8915744760612261,,,0.8135399091109509
8610,1001,13,5,0.65,0.2,1000,restricted_80,aggregation,0.8911978428659607,,,0.8131175674788175
8611,1001,13,5,0.65,0.2,1000,restricted_80,aggregation,0.8914540211651482,,,0.813281680641889
8612,1001,13,5,0.65,0.2,1000,restricted_80,aggregation,0.89145217863671,,,0.8132114101484935
8613,1001,13,5,0.65,0.2,1000,restricted_80,aggregation,0.8914993315326568,,,0.8139059515715766
8614,1001,13,5,0.65,0.2,1000,restricted_80,aggregation,0.8914495638353528,,,0.813365578911829
8615,1001,13,5,0.65,0.2,1000,restricted_80,aggregation,0.8913653522241619,,,0.8136761573996991
8616,1001,13,5,0.65,0.2,1000,restricted_80,aggregation,0.8913497357576645,,,0.8137543428947597
8617,1001,13,5,0.65,0.2,1000,restricted_80,aggregation,0.891441935486154,,,0.8138066001051418
8618,1001,13,5,0.65,0.2,1000,restricted_80,aggregation,0.8913410955276202,,,0.8137170625593543
8619,1001,13,5,0.65,0.2,1000,restricted_80,aggregation,0.8914165353683621,,,0.8134814322791407
8620,1001,13,5,0.65,0.2,1000,restricted_80,aggregation,0.8912061315521191,,,0.8139309690695108
8621,1001,13,5,0.65,0.2,1000,restricted_80,aggregation,0.891635489510995,,,0.8138879644275477
8622,1001,13,5,0.65,0.2,1000,restricted_80,aggregation,0.8915255148249226,,,0.8140372126484627
8623,1001,13,5,0.65,0.2,1000,restricted_80,aggregation,0.8914576797795948,,,0.8132046019798104
8624,1001,13,5,0.65,0.2,1000,restricted_80,aggregation,0.8912987119122986,,,0.8135299378013962
8625,1001,13,5,0.65,0.2,1000,restricted_80,aggregation,0.8913687144848055,,,0.8131299751483086
8626,1001,13,5,0.65,0.2,1000,restricted_80,aggregation,0.8914317727599506,,,0.8135262314228981
8627,1001,13,5,0.65,0.2,1000,restricted_80,aggregation,0.8913322691805908,,,0.8137179917998669
8628,1001,13,5,0.65,0.2,1000,restricted_80,aggregation,0.8914983348653914,,,0.8132103087884339
8629,1001,13,5,0.65,0.2,1000,restricted_80,aggregation,0.8916102861264809,,,0.8137594375840209
8630,1001,13,5,0.65,0.2,1000,restricted_80,aggregation,0.8915486233791039,,,0.8134546436588104
8631,1001,13,5,0.65,0.2,1000,restricted_80,aggregation,0.8913536649630687,,,0.8139754015197764
8632,1001,13,5,0.65,0.2,1000,restricted_80,aggregation,0.8913539385598975,,,0.8133216661193745
8633,1001,13,5,0.65,0.2,1000,restricted_80,aggregation,0.8913438387626549,,,0.8138333535368951
8634,1001,13,5,0.65,0.2,1000,restricted_80,aggregation,0.8912350282476698,,,0.8143410471395889
8635,1001,13,5,0.65,0.2,1000,restricted_80,aggregation,0.8911295495095405,,,0.8138107654613905
8636,1001,13,5,0.65,0.2,1000,restricted_80,aggregation,0.8915345167924976,,,0.8140546097035681
8637,1001,13,5,0.65,0.2,1000,restricted_80,aggregation,0.8913231426685368,,,0.8139750751254918
8638,1001,13,5,0.65,0.2,1000,restricted_80,aggregation,0.8914382036968203,,,0.814206833590792
8639,1001,13,5,0.65,0.2,1000,restricted_80,aggregation,0.891250200962161,,,0.8134780237123987
8640,1001,13,5,0.65,0.2,1000,restricted_80,aggregation,0.8914038793035624,,,0.8140288758540841
8641,1001,13,5,0.65,0.2,1000,restricted_80,aggregation,0.8913899882259851,,,0.8141184854805689
8642,1001,13,5,0.65,0.2,1000,restricted_80,aggregation,0.8914018281520433,,,0.8134626923693591
8643,1001,13,5,0.65,0.2,1000,restricted_80,aggregation,0.8914124166510673,,,0.8145582557797142
8644,1001,13,5,0.65,0.2,1000,restricted_80,aggregation,0.8913608486700013,,,0.8140435576691827
8645,1001,13,5,0.65,0.2,1000,restricted_80,aggregation,0.8912998261565944,,,0.8130461124600709
8646,1001,13,5,0.65,0.2,1000,restricted_80,aggregation,0.8914063368484366,,,0.8134696562850731
8647,1001,13,5,0.65,0.2,1000,restricted_80,aggregation,0.8914818777012433,,,0.8136917422546589
8648,1001,13,5,0.65,0.2,1000,restricted_80,aggregation,0.8915008781984789,,,0.8137801372932624
8649,1001,13,5,0.65,0.2,1000,restricted_80,aggregation,0.8914989209587475,,,0.8140086326636327
8650,1001,13,5,0.65,0.2,1000,restricted_80,aggregation,0.8915691420492456,,,0.8134411074727743
8651,1001,13,5,0.65,0.2,1000,restricted_80,aggregation,0.8913665410807625,,,0.8142437096468346
8652,1001,13,5,0.65,0.2,1000,restricted_80,aggregation,0.891426741157061,,,0.8132906050276885
8653,1001,13,5,0.65,0.2,1000,restricted_80,aggregation,0.8914370309031903,,,0.8141066268993352
8654,1001,13,5,0.65,0.2,1000,restricted_80,aggregation,0.8914957611169697,,,0.8140422745310246
8655,1001,13,5,0.65,0.2,1000,restricted_80,aggregation,0.89133438210113,,,0.8136890769955354
8656,1001,13,5,0.65,0.2,1000,restricted_80,aggregation,0.8914880101632587,,,0.8131089954027455
8657,1001,13,5,0.65,0.2,1000,restricted_80,aggregation,0.8914336339109035,,,0.8140510274987358
8658,1001,13,5,0.65,0.2,1000,restricted_80,aggregation,0.8913211884033736,,,0.8129819377536044
8659,1001,13,5,0.65,0.2,1000,restricted_80,aggregation,0.8910832931434232,,,0.8137031662627496
8660,1001,13,5,0.65,0.2,1000,restricted_80,aggregation,0.8912760313869992,,,0.8136293212882797
8661,1001,13,5,0.65,0.2,1000,restricted_80,aggregation,0.891528226313254,,,0.8140442962438796
8662,1001,13,5,0.65,0.2,1000,restricted_80,aggregation,0.8913808010117219,,,0.8137876946201946
8663,1001,13,5,0.65,0.2,1000,restricted_80,aggregation,0.8914315953635829,,,0.8136233688533688
8664,1001,13,5,0.65,0.2,1000,restricted_80,aggregation,0.8915166568983967,,,0.8136226274111691
8665,1001,13,5,0.65,0.2,1000,restricted_80,aggregation,0.8914670035504063,,,0.813530245186912
8666,1001,13,5,0.65,0.2,1000,restricted_80,aggregation,0.8912053521013039,,,0.8131783779337947
8667,1001,13,5,0.65,0.2,1000,restricted_80,aggregation,0.8916383316645107,,,0.8137493097643098
8668,1001,13,5,0.65,0.2,1000,restricted_80,aggregation,0.8912641201206674,,,0.8137404792738127
8669,1001,13,5,0.65,0.2,1000,restricted_80,aggregation,0.8914385364851377,,,0.8136017024796192
8670,1001,13,5,0.65,0.2,1000,restricted_80,aggregation,0.891436266892279,,,0.8137584526044943
8671,1001,13,5,0.65,0.2,1000,restricted_80,aggregation,0.890922598680924,,,0.8144724639403806
8672,1001,13,5,0.65,0.2,1000,restricted_80,aggregation,0.8914754241054945,,,0.8133113195677779
8673,1001,13,5,0.65,0.2,1000,restricted_80,aggregation,0.8915027188592118,,,0.813646046145213
8674,1001,13,5,0.65,0.2,1000,restricted_80,aggregation,0.8914817931753773,,,0.8139767563917565
8675,1001,13,5,0.65,0.2,1000,restricted_80,aggregation,0.8915223794746026,,,0.8133279119568703
8676,1001,13,5,0.65,0.2,1000,restricted_80,aggregation,0.8912746985698625,,,0.8144747892385392
8677,1001,13,5,0.65,0.2,1000,restricted_80,aggregation,0.8914420269320852,,,0.8129576523707774
8678,1001,13,5,0.65,0.2,1000,restricted_80,aggregation,0.8913693419902319,,,0.8132738292263293
8679,1001,13,5,0.65,0.2,1000,restricted_80,aggregation,0.8914284059880626,,,0.813149568587277
8680,1001,13,5,0.65,0.2,1000,restricted_80,aggregation,0.891293260051336,,,0.8143018151447318
8681,1001,13,5,0.65,0.2,1000,restricted_80,aggregation,0.8912906448025812,,,0.8137679247295916
8682,1001,13,5,0.65,0.2,1000,restricted_80,aggregation,0.8915068500750603,,,0.8135836002038086
8683,1001,13,5,0.65,0.2,1000,restricted_80,aggregation,0.8915517655165273,,,0.8140666536395705
8684,1001,13,5,0.65,0.2,1000,restricted_80,aggregation,0.8913168635704957,,,0.8133746294137961
8685,1001,13,5,0.65,0.2,1000,restricted_80,aggregation,0.8916034797789997,,,0.813490037200454
8686,1001,13,5,0.65,0.2,1000,restricted_80,aggregation,0.8916372351051282,,,0.8133352904579989
8687,1001,13,5,0.65,0.2,1000,restricted_80,aggregation,0.8913635777219988,,,0.8136366692027109
8688,1001,13,5,0.65,0.2,1000,restricted_80,aggregation,0.8912523703108723,,,0.8143379487796156
8689,1001,13,5,0.65,0.2,1000,restricted_80,aggregation,0.8915516503701636,,,0.8134875136823054
8690,1001,13,5,0.65,0.2,1000,restricted_80,aggregation,0.891399950607627,,,0.8141278766064183
8691,1001,13,5,0.65,0.2,1000,restricted_80,aggregation,0.8915774882229789,,,0.8130047913660414
8692,1001,13,5,0.65,0.2,1000,restricted_80,aggregation,0.8915060761856268,,,0.8135846047933548
8693,1001,13,5,0.65,0.2,1000,restricted_80,aggregation,0.8914024094174041,,,0.8134703870974705
8694,1001,13,5,0.65,0.2,1000,restricted_80,aggregation,0.8913594165190535,,,0.8134392951184618
8695,1001,13,5,0.65,0.2,1000,restricted_80,aggregation,0.8914417832954878,,,0.8136585331412415
8696,1001,13,5,0.65,0.2,1000,restricted_80,aggregation,0.8914586917320219,,,0.814269442016317
8697,1001,13,5,0.65,0.2,1000,restricted_80,aggregation,0.8914461963249949,,,0.8140862584098002
8698,1001,13,5,0.65,0.2,1000,restricted_80,aggregation,0.8914679477182982,,,0.8141182707801459
8699,1001,13,5,0.65,0.2,1000,restricted_80,aggregation,0.8914949725424792,,,0.8140665460388378
8700,1001,13,5,0.65,0.2,1000,restricted_80,aggregation,0.8914180256049797,,,0.8139745288276539
8701,1001,13,5,0.65,0.2,1000,restricted_80,aggregation,0.8914491250634661,,,0.8138240103954688
8702,1001,13,5,0.65,0.2,1000,restricted_80,aggregation,0.8913558597427973,,,0.8132559192427944
8703,1001,13,5,0.65,0.2,1000,restricted_80,aggregation,0.8914653608116906,,,0.8139264824681492
8704,1001,13,5,0.65,0.2,1000,restricted_80,aggregation,0.8912286989201649,,,0.8133989565912484
8705,1001,13,5,0.65,0.2,1000,restricted_80,aggregation,0.8912615416166189,,,0.8139095073907575
8706,1001,13,5,0.65,0.2,1000,restricted_80,aggregation,0.8914165676314599,,,0.8138308889644307
8707,1001,13,5,0.65,0.2,1000,restricted_80,aggregation,0.8913841569206068,,,0.8132470288893207
8708,1001,13,5,0.65,0.2,1000,restricted_80,aggregation,0.8912706855657211,,,0.8133722233553484
8709,1001,13,5,0.65,0.2,1000,restricted_80,aggregation,0.8913452825940812,,,0.8141275657444408
8710,1001,13,5,0.65,0.2,1000,restricted_80,aggregation,0.891427221815885,,,0.8133948405067156
8711,1001,13,5,0.65,0.2,1000,restricted_80,aggregation,0.8913534682481695,,,0.8132630394913729
8712,1001,13,5,0.65,0.2,1000,restricted_80,aggregation,0.8913604686737439,,,0.8134070651339402
8713,1001,13,5,0.65,0.2,1000,restricted_80,aggregation,0.8913974730483667,,,0.8133435243922744
8714,1001,13,5,0.65,0.2,1000,restricted_80,aggregation,0.8911741552365076,,,0.8134841630977048
8715,1001,13,5,0.65,0.2,1000,restricted_80,aggregation,0.8913091525721225,,,0.8140426578282829
8716,1001,13,5,0.65,0.2,1000,restricted_80,aggregation,0.8913208913470977,,,0.8139773397204648
8717,1001,13,5,0.65,0.2,1000,restricted_80,aggregation,0.891571586395598,,,0.8132883681133681
8718,1001,13,5,0.65,0.2,1000,restricted_80,aggregation,0.891305115681357,,,0.8138170882435467
8719,1001,13,5,0.65,0.2,1000,restricted_80,aggregation,0.8915084952143651,,,0.8137137140174641
8720,1001,13,5,0.65,0.2,1000,restricted_80,aggregation,0.8916061628279937,,,0.8133602639413058
8721,1001,13,5,0.65,0.2,1000,restricted_80,aggregation,0.8913964726799696,,,0.8133387879481631
8722,1001,13,5,0.65,0.2,1000,restricted_80,aggregation,0.8915462605460733,,,0.8140160425454177
8723,1001,13,5,0.65,0.2,1000,restricted_80,aggregation,0.8914201416230343,,,0.8137375066291734
8724,1001,13,5,0.65,0.2,1000,restricted_80,aggregation,0.8913676623009982,,,0.8134369808046893
8725,1001,13,5,0.65,0.2,1000,restricted_80,aggregation,0.8914878082484083,,,0.8134033200904034
8726,1001,13,5,0.65,0.2,1000,restricted_80,aggregation,0.8915696635087634,,,0.8133332388676139
8727,1001,13,5,0.65,0.2,1000,restricted_80,aggregation,0.8912872325865736,,,0.8138490586959337
8728,1001,13,5,0.65,0.2,1000,restricted_80,aggregation,0.8910755246286794,,,0.8139274204961705
8729,1001,13,5,0.65,0.2,1000,restricted_80,aggregation,0.8912426929898052,,,0.8144930270501105
8730,1001,13,5,0.65,0.2,1000,restricted_80,aggregation,0.8912282733937019,,,0.814139778878529
8731,1001,13,5,0.65,0.2,1000,restricted_80,aggregation,0.8914597831767048,,,0.813639298826174
8732,1001,13,5,0.65,0.2,1000,restricted_80,aggregation,0.8913839681469893,,,0.8138013693019944
8733,1001,13,5,0.65,0.2,1000,restricted_80,aggregation,0.8913111167845882,,,0.8142032156038406
8734,1001,13,5,0.65,0.2,1000,restricted_80,aggregation,0.8913900432286873,,,0.8138831682052515
8735,1001,13,5,0.65,0.2,1000,restricted_80,aggregation,0.8912991353830161,,,0.8130941595056179
8736,1001,13,5,0.65,0.2,1000,restricted_80,aggregation,0.8913642680578382,,,0.813940099630308
8737,1001,13,5,0.65,0.2,1000,restricted_80,aggregation,0.8913246325921225,,,0.8140402800979885
8738,1001,13,5,0.65,0.2,1000,restricted_80,aggregation,0.8915593221914285,,,0.8139046607019523
8739,1001,13,5,0.65,0.2,1000,restricted_80,aggregation,0.8915633749005255,,,0.8132788267288269
8740,1001,13,5,0.65,0.2,1000,restricted_80,aggregation,0.8914183942043217,,,0.8141044100189934
8741,1001,13,5,0.65,0.2,1000,restricted_80,aggregation,0.8910719224598935,,,0.8142646209269125
8742,1001,13,5,0.65,0.2,1000,restricted_80,aggregation,0.8912196937257914,,,0.8141475092731344
8743,1001,13,5,0.65,0.2,1000,restricted_80,aggregation,0.8915516025021061,,,0.8133688465700967
8744,1001,13,5,0.65,0.2,1000,restricted_80,aggregation,0.8914033011211511,,,0.8133817538325873
8745,1001,13,5,0.65,0.2,1000,restricted_80,aggregation,0.8914497386283814,,,0.8133832058142475
8746,1001,13,5,0.65,0.2,1000,restricted_80,aggregation,0.8913185145376616,,,0.8142025695523613
8747,1001,13,5,0.65,0.2,1000,restricted_80,aggregation,0.891235376729516,,,0.813976690246482
8748,1001,13,5,0.65,0.2,1000,restricted_80,aggregation,0.8914243876095235,,,0.8138138679453264
8749,1001,13,5,0.65,0.2,1000,restricted_80,aggregation,0.891503875459889,,,0.814411966921967
8750,1001,13,5,0.65,0.2,1000,restricted_80,aggregation,0.8914940556503322,,,0.8136371162171163
8751,1001,13,5,0.65,0.2,1000,restricted_80,aggregation,0.8912576057592524,,,0.8140542591050924
8752,1001,13,5,0.65,0.2,1000,restricted_80,aggregation,0.891261390875696,,,0.814192750390042
8753,1001,13,5,0.65,0.2,1000,restricted_80,aggregation,0.891507630849904,,,0.8129448271250355
8754,1001,13,5,0.65,0.2,1000,restricted_80,aggregation,0.891214991676941,,,0.8136326864647698
8755,1001,13,5,0.65,0.2,1000,restricted_80,aggregation,0.8915045157418616,,,0.8134782431997016
8756,1001,13,5,0.65,0.2,1000,restricted_80,aggregation,0.891674613238869,,,0.8134719936159521
8757,1001,13,5,0.65,0.2,1000,restricted_80,aggregation,0.891428241579637,,,0.8133994523840359
8758,1001,13,5,0.65,0.2,1000,restricted_80,aggregation,0.8914450159733726,,,0.8133709014288182
8759,1001,13,5,0.65,0.2,1000,restricted_80,aggregation,0.8913975154464248,,,0.8139808455741789
8760,1001,13,5,0.65,0.2,1000,restricted_80,aggregation,0.89156504071747,,,0.8133396631454965
8761,1001,13,5,0.65,0.2,1000,restricted_80,aggregation,0.8910974930450692,,,0.8141427104916689
8762,1001,13,5,0.65,0.2,1000,restricted_80,aggregation,0.8914466790286274,,,0.8132492183973434
8763,1001,13,5,0.65,0.2,1000,restricted_80,aggregation,0.8913329928171989,,,0.8138719942326192
8764,1001,13,5,0.65,0.2,1000,restricted_80,aggregation,0.891108999439315,,,0.8146954597408765
8765,1001,13,5,0.65,0.2,1000,restricted_80,aggregation,0.89133174322794,,,0.814203223543432
8766,1001,13,5,0.65,0.2,1000,restricted_80,aggregation,0.8915204951664117,,,0.8134535696864864
8767,1001,13,5,0.65,0.2,1000,restricted_80,aggregation,0.8915225799834527,,,0.8141719744144745
8768,1001,13,5,0.65,0.2,1000,restricted_80,aggregation,0.8913396623141349,,,0.8139694552977886
8769,1001,13,5,0.65,0.2,1000,restricted_80,aggregation,0.8915314668648401,,,0.8135209038954873
8770,1001,13,5,0.65,0.2,1000,restricted_80,aggregation,0.8915742698346328,,,0.8138241168553669
8771,1001,13,5,0.65,0.2,1000,restricted_80,aggregation,0.8915786635898167,,,0.8139030692995276
8772,1001,13,5,0.65,0.2,1000,restricted_80,aggregation,0.8913588848775296,,,0.8137469872796956
8773,1001,13,5,0.65,0.2,1000,restricted_80,aggregation,0.8913869116744378,,,0.8148050024050025
8774,1001,13,5,0.65,0.2,1000,restricted_80,aggregation,0.8915215534042248,,,0.8131010321314489
8775,1001,13,5,0.65,0.2,1000,restricted_80,aggregation,0.8914026086156608,,,0.8136623747317497
8776,1001,13,5,0.65,0.2,1000,restricted_80,aggregation,0.891534282552681,,,0.813612500994376
8777,1001,13,5,0.65,0.2,1000,restricted_80,aggregation,0.8910272843893208,,,0.8139913165923583
8778,1001,13,5,0.65,0.2,1000,restricted_80,aggregation,0.891362426869907,,,0.8141091294430878
8779,1001,13,5,0.65,0.2,1000,restricted_80,aggregation,0.8915891318409813,,,0.8133816542485293
8780,1001,13,5,0.65,0.2,1000,restricted_80,aggregation,0.8914075175089365,,,0.8134134412115662
8781,1001,13,5,0.65,0.2,1000,restricted_80,aggregation,0.8914130802494652,,,0.8138650723504891
8782,1001,13,5,0.65,0.2,1000,restricted_80,aggregation,0.891462606474963,,,0.8138580968799719
8783,1001,13,5,0.65,0.2,1000,restricted_80,aggregation,0.8914733955723949,,,0.813283024845525
8784,1001,13,5,0.65,0.2,1000,restricted_80,aggregation,0.8913379588412866,,,0.81418984327401
8785,1001,13,5,0.65,0.2,1000,restricted_80,aggregation,0.8914424307931088,,,0.813908314725398
8786,1001,13,5,0.65,0.2,1000,restricted_80,aggregation,0.8914798345660413,,,0.8135125638327723
8787,1001,13,5,0.65,0.2,1000,restricted_80,aggregation,0.8910761670567335,,,0.8148922677399761
8788,1001,13,5,0.65,0.2,1000,restricted_80,aggregation,0.8914395999430812,,,0.8139081855413106
8789,1001,13,5,0.65,0.2,1000,restricted_80,aggregation,0.8912456646905751,,,0.8130429690833858
8790,1001,13,5,0.65,0.2,1000,restricted_80,aggregation,0.8914264435909837,,,0.8129783764615015
8791,1001,13,5,0.65,0.2,1000,restricted_80,aggregation,0.8912061499822631,,,0.8145673567944401
8792,1001,13,5,0.65,0.2,1000,restricted_80,aggregation,0.8915136326983939,,,0.8143686423221841
8793,1001,13,5,0.65,0.2,1000,restricted_80,aggregation,0.891422507270256,,,0.8136352592777594
8794,1001,13,5,0.65,0.2,1000,restricted_80,aggregation,0.8915205534482011,,,0.8139679015660267
8795,1001,13,5,0.65,0.2,1000,restricted_80,aggregation,0.8915228417460741,,,0.8134343506570592
8796,1001,13,5,0.65,0.2,1000,restricted_80,aggregation,0.8912514643215782,,,0.8136423350492101
8797,1001,13,5,0.65,0.2,1000,restricted_80,aggregation,0.891464066620217,,,0.8139809492128243
8798,1001,13,5,0.65,0.2,1000,restricted_80,aggregation,0.8912187195586314,,,0.8143150585911003
8799,1001,13,5,0.65,0.2,1000,restricted_80,aggregation,0.8915160267894016,,,0.8136784636505472
8800,1001,13,5,0.65,0.2,1000,restricted_80,aggregation,0.8914801146259441,,,0.8138279776550611
8801,1001,13,5,0.65,0.2,1000,restricted_80,aggregation,0.8916292514552299,,,0.8135684304584306
8802,1001,13,5,0.65,0.2,1000,restricted_80,aggregation,0.8913461775054802,,,0.8143694651644653
8803,1001,13,5,0.65,0.2,1000,restricted_80,aggregation,0.8912632946494257,,,0.8144070272320272
8804,1001,13,5,0.65,0.2,1000,restricted_80,aggregation,0.8913867502973323,,,0.8141369277173445
8805,1001,13,5,0.65,0.2,1000,restricted_80,aggregation,0.8914129950574351,,,0.8135584372186457
8806,1001,13,5,0.65,0.2,1000,restricted_80,aggregation,0.8915454093531386,,,0.8135643979785647
8807,1001,13,5,0.65,0.2,1000,restricted_80,aggregation,0.8915111317418964,,,0.8135651304251305
8808,1001,13,5,0.65,0.2,1000,restricted_80,aggregation,0.8914758750165328,,,0.8140263234759069
8809,1001,13,5,0.65,0.2,1000,restricted_80,aggregation,0.8914837029457874,,,0.8138673348102514
8810,1001,13,5,0.65,0.2,1000,restricted_80,aggregation,0.8915291828003775,,,0.8138130107392608
8811,1001,13,5,0.65,0.2,1000,restricted_80,aggregation,0.8914360766576666,,,0.8134750953136369
8812,1001,13,5,0.65,0.2,1000,restricted_80,aggregation,0.8913771163905452,,,0.8142404962707046
8813,1001,13,5,0.65,0.2,1000,restricted_80,aggregation,0.8914056944185208,,,0.8146771290669208
8814,1001,13,5,0.65,0.2,1000,restricted_80,aggregation,0.8914306569242639,,,0.8138755000632084
8815,1001,13,5,0.65,0.2,1000,restricted_80,aggregation,0.8914526486274809,,,0.8135762821052406
8816,1001,13,5,0.65,0.2,1000,restricted_80,aggregation,0.8913378732050343,,,0.8137141339601758
8817,1001,13,5,0.65,0.2,1000,restricted_80,aggregation,0.8912515107980743,,,0.8142788571228156
8818,1001,13,5,0.65,0.2,1000,restricted_80,aggregation,0.8911928920444545,,,0.8134236210548711
8819,1001,13,5,0.65,0.2,1000,restricted_80,aggregation,0.8914790039943375,,,0.8132137212864298
8820,1001,13,5,0.65,0.2,1000,restricted_80,aggregation,0.891244233222226,,,0.8142626873512291
8821,1001,13,5,0.65,0.2,1000,restricted_80,aggregation,0.891199079665221,,,0.8142108536602287
8822,1001,13,5,0.65,0.2,1000,restricted_80,aggregation,0.891515996904399,,,0.8135919108514942
8823,1001,13,5,0.65,0.2,1000,restricted_80,aggregation,0.8917133348052035,,,0.8133490701890703
8824,1001,13,5,0.65,0.2,1000,restricted_80,aggregation,0.891312097627504,,,0.8129694412686079
8825,1001,13,5,0.65,0.2,1000,restricted_80,aggregation,0.8913084808084907,,,0.8135080251076084
8826,1001,13,5,0.65,0.2,1000,restricted_80,aggregation,0.8913258250759861,,,0.8144002349810684
8827,1001,13,5,0.65,0.2,1000,restricted_80,aggregation,0.8915086576120621,,,0.8140399798426883
8828,1001,13,5,0.65,0.2,1000,restricted_80,aggregation,0.8912665443263122,,,0.8139355233732319
8829,1001,13,5,0.65,0.2,1000,restricted_80,aggregation,0.8914134447628201,,,0.8137415760782428
8830,1001,13,5,0.65,0.2,1000,restricted_80,aggregation,0.8912945428599258,,,0.8139089487826988
8831,1001,13,5,0.65,0.2,1000,restricted_80,aggregation,0.891228563208761,,,0.8139985889419223
8832,1001,13,5,0.65,0.2,1000,restricted_80,aggregation,0.8912140763591128,,,0.8143865423234173
8833,1001,13,5,0.65,0.2,1000,restricted_80,aggregation,0.891411674888929,,,0.8138985129145547
8834,1001,13,5,0.65,0.2,1000,restricted_80,aggregation,0.8913758213923518,,,0.813552438225355
8835,1001,13,5,0.65,0.2,1000,restricted_80,aggregation,0.8916363546455763,,,0.8133000381639965
8836,1001,13,5,0.65,0.2,1000,restricted_80,aggregation,0.8913365978144869,,,0.813751892243559
8837,1001,13,5,0.65,0.2,1000,restricted_80,aggregation,0.8913482549619547,,,0.8135884537222038
8838,1001,13,5,0.65,0.2,1000,restricted_80,aggregation,0.8913852536172464,,,0.8136847302620219
8839,1001,13,5,0.65,0.2,1000,restricted_80,aggregation,0.891505861731907,,,0.8143406066310234
8840,1001,13,5,0.65,0.2,1000,restricted_80,aggregation,0.8912326845285564,,,0.8135894761103094
8841,1001,13,5,0.65,0.2,1000,restricted_80,aggregation,0.8914218169783932,,,0.8133541906241907
8842,1001,13,5,0.65,0.2,1000,restricted_80,aggregation,0.8911657399083573,,,0.8142655804997473
8843,1001,13,5,0.65,0.2,1000,restricted_80,aggregation,0.8914412532700812,,,0.813566459589793
8844,1001,13,5,0.65,0.2,1000,restricted_80,aggregation,0.891369266926853,,,0.8136315793542876
8845,1001,13,5,0.65,0.2,1000,restricted_80,aggregation,0.8912247579619891,,,0.8134332263338514
8846,1001,13,5,0.65,0.2,1000,restricted_80,aggregation,0.8913282471631492,,,0.8141034086823671
8847,1001,13,5,0.65,0.2,1000,restricted_80,aggregation,0.891415413405925,,,0.8135571216746218
8848,1001,13,5,0.65,0.2,1000,restricted_80,aggregation,0.8915117437303075,,,0.8140395142511808
8849,1001,13,5,0.65,0.2,1000,restricted_80,aggregation,0.891506192032996,,,0.8135363368421703
8850,1001,13,5,0.65,0.2,1000,restricted_80,aggregation,0.8912826012786775,,,0.8136082289007289
8851,1001,13,5,0.65,0.2,1000,restricted_80,aggregation,0.8915145714860647,,,0.8134111867222285
8852,1001,13,5,0.65,0.2,1000,restricted_80,aggregation,0.8913863343151508,,,0.8134198379321296
8853,1001,13,5,0.65,0.2,1000,restricted_80,aggregation,0.8914639387990297,,,0.8142089893285727
8854,1001,13,5,0.65,0.2,1000,restricted_80,aggregation,0.8915874139176346,,,0.8130699920758254
8855,1001,13,5,0.65,0.2,1000,restricted_80,aggregation,0.8914497033865465,,,0.8142138366571701
8856,1001,13,5,0.65,0.2,1000,restricted_80,aggregation,0.89122928124915,,,0.8140122641170559
8857,1001,13,5,0.65,0.2,1000,restricted_80,aggregation,0.8913137221373544,,,0.8133875451940036
8858,1001,13,5,0.65,0.2,1000,restricted_80,aggregation,0.8914826394122144,,,0.8123311913703581
8859,1001,13,5,0.65,0.2,1000,restricted_80,aggregation,0.8915357765559263,,,0.8132888707126207
8860,1001,13,5,0.65,0.2,1000,restricted_80,aggregation,0.8915112375221824,,,0.813454454357371
8861,1001,13,5,0.65,0.2,1000,restricted_80,aggregation,0.8914505238911788,,,0.8140660985465152
8862,1001,13,5,0.65,0.2,1000,restricted_80,aggregation,0.8913915740250846,,,0.8132418027882612
8863,1001,13,5,0.65,0.2,1000,restricted_80,aggregation,0.8914212541357156,,,0.8137223953207287
8864,1001,13,5,0.65,0.2,1000,restricted_80,aggregation,0.8912841897865537,,,0.8140750001618754
8865,1001,13,5,0.65,0.2,1000,restricted_80,aggregation,0.8916395931346475,,,0.8134796962451131
8866,1001,13,5,0.65,0.2,1000,restricted_80,aggregation,0.8913657581540774,,,0.8138664651783403
8867,1001,13,5,0.65,0.2,1000,restricted_80,aggregation,0.8914245620393199,,,0.8136058957631875
8868,1001,13,5,0.65,0.2,1000,restricted_80,aggregation,0.891317117079267,,,0.8136461571838655
8869,1001,13,5,0.65,0.2,1000,restricted_80,aggregation,0.8915734007260263,,,0.8133742747915665
8870,1001,13,5,0.65,0.2,1000,restricted_80,aggregation,0.8915746817696786,,,0.8132290383459133
8871,1001,13,5,0.65,0.2,1000,restricted_80,aggregation,0.8916363835159551,,,0.8130883551941885
8872,1001,13,5,0.65,0.2,1000,restricted_80,aggregation,0.8913360594199257,,,0.8132028807689224
8873,1001,13,5,0.65,0.2,1000,restricted_80,aggregation,0.8913379635429678,,,0.8137089897602398
8874,1001,13,5,0.65,0.2,1000,restricted_80,aggregation,0.8913331061021478,,,0.8131814535618703
8875,1001,13,5,0.65,0.2,1000,restricted_80,aggregation,0.8914579078150185,,,0.813542074622908
8876,1001,13,5,0.65,0.2,1000,restricted_80,aggregation,0.8912756680317182,,,0.8139150464350464
8877,1001,13,5,0.65,0.2,1000,restricted_80,aggregation,0.8915358314057569,,,0.8140962538927122
8878,1001,13,5,0.65,0.2,1000,restricted_80,aggregation,0.8913049868057928,,,0.8139318479128895
8879,1001,13,5,0.65,0.2,1000,restricted_80,aggregation,0.8914589673141956,,,0.8130452009718677
8880,1001,13,5,0.65,0.2,1000,restricted_80,aggregation,0.891471222390258,,,0.8144101274265858
8881,1001,13,5,0.65,0.2,1000,restricted_80,aggregation,0.8913761915880881,,,0.8136144827086493
8882,1001,13,5,0.65,0.2,1000,restricted_80,aggregation,0.8915408531035142,,,0.8132691480047731
8883,1001,13,5,0.65,0.2,1000,restricted_80,aggregation,0.8913798146662837,,,0.8132304160114577
8884,1001,13,5,0.65,0.2,1000,restricted_80,aggregation,0.8915571427004941,,,0.8135410506545924
8885,1001,13,5,0.65,0.2,1000,restricted_80,aggregation,0.8912735626372039,,,0.8136479539133706
8886,1001,13,5,0.65,0.2,1000,restricted_80,aggregation,0.8912312114876474,,,0.8142551618289119
8887,1001,13,5,0.65,0.2,1000,restricted_80,aggregation,0.8914789949978378,,,0.8135348494021412
8888,1001,13,5,0.65,0.2,1000,restricted_80,aggregation,0.8914444701989288,,,0.8135060470393803
8889,1001,13,5,0.65,0.2,1000,restricted_80,aggregation,0.8915704283118835,,,0.8138803123342707
8890,1001,13,5,0.65,0.2,1000,restricted_80,aggregation,0.8911691360313209,,,0.8140012743583577
8891,1001,13,5,0.65,0.2,1000,restricted_80,aggregation,0.8915626305033832,,,0.8138194086700337
8892,1001,13,5,0.65,0.2,1000,restricted_80,aggregation,0.8914498678591208,,,0.8134942571009238
8893,1001,13,5,0.65,0.2,1000,restricted_80,aggregation,0.8914916750503141,,,0.8141273337696256
8894,1001,13,5,0.65,0.2,1000,restricted_80,aggregation,0.8913146684213281,,,0.8136565152131819
8895,1001,13,5,0.65,0.2,1000,restricted_80,aggregation,0.8914074257418055,,,0.8139072431966182
8896,1001,13,5,0.65,0.2,1000,restricted_80,aggregation,0.8914744454490414,,,0.8142199389884808
8897,1001,13,5,0.65,0.2,1000,restricted_80,aggregation,0.8916178956517304,,,0.8136112125528793
8898,1001,13,5,0.65,0.2,1000,restricted_80,aggregation,0.8911745120853689,,,0.813892623202415
8899,1001,13,5,0.65,0.2,1000,restricted_80,aggregation,0.8915018354943042,,,0.8134773891925976
8900,1001,13,5,0.65,0.2,1000,restricted_80,aggregation,0.8914221801627682,,,0.8142642719394803
8901,1001,13,5,0.65,0.2,1000,restricted_80,aggregation,0.8913833291438296,,,0.8134622631458048
8902,1001,13,5,0.65,0.2,1000,restricted_80,aggregation,0.8913156972699855,,,0.8142184316146817
8903,1001,13,5,0.65,0.2,1000,restricted_80,aggregation,0.8915523644520638,,,0.8137983141164392
8904,1001,13,5,0.65,0.2,1000,restricted_80,aggregation,0.8914534876619066,,,0.8135684280996781
8905,1001,13,5,0.65,0.2,1000,restricted_80,aggregation,0.8913873637538607,,,0.8130372319424403
8906,1001,13,5,0.65,0.2,1000,restricted_80,aggregation,0.8917107047785557,,,0.8131950536808872
8907,1001,13,5,0.65,0.2,1000,restricted_80,aggregation,0.8915513667188355,,,0.813966028971029
8908,1001,13,5,0.65,0.2,1000,restricted_80,aggregation,0.8913539111403272,,,0.8139180084653002
8909,1001,13,5,0.65,0.2,1000,restricted_80,aggregation,0.8915053356695333,,,0.8128218673224924
8910,1001,13,5,0.65,0.2,1000,restricted_80,aggregation,0.8913909882149645,,,0.8137618695347862
8911,1001,13,5,0.65,0.2,1000,restricted_80,aggregation,0.8914284525021023,,,0.8142165175642259
8912,1001,13,5,0.65,0.2,1000,restricted_80,aggregation,0.891528473167671,,,0.8138304403543987
8913,1001,13,5,0.65,0.2,1000,restricted_80,aggregation,0.8914986496478604,,,0.8142173501883918
8914,1001,13,5,0.65,0.2,1000,restricted_80,aggregation,0.891409814768573,,,0.8135524174205425
8915,1001,13,5,0.65,0.2,1000,restricted_80,aggregation,0.8915254357494945,,,0.8139465318323653
8916,1001,13,5,0.65,0.2,1000,restricted_80,aggregation,0.8914634312452375,,,0.8137869963755381
8917,1001,13,5,0.65,0.2,1000,restricted_80,aggregation,0.8914010729098273,,,0.813683527930403
8918,1001,13,5,0.65,0.2,1000,restricted_80,aggregation,0.8912795480740945,,,0.8139475699454867
8919,1001,13,5,0.65,0.2,1000,restricted_80,aggregation,0.8914793430403065,,,0.8133719700515535
8920,1001,13,5,0.65,0.2,1000,restricted_80,aggregation,0.8914497155698329,,,0.8139399128340795
8921,1001,13,5,0.65,0.2,1000,restricted_80,aggregation,0.8914929653328065,,,0.8135722374616126
8922,1001,13,5,0.65,0.2,1000,restricted_80,aggregation,0.8912828536302787,,,0.8133651826799744
8923,1001,13,5,0.65,0.2,1000,restricted_80,aggregation,0.8914035713108859,,,0.8140403016350933
8924,1001,13,5,0.65,0.2,1000,restricted_80,aggregation,0.8914661205143517,,,0.8138882365705283
8925,1001,13,5,0.65,0.2,1000,restricted_80,aggregation,0.8915993020434293,,,0.813086552351969
8926,1001,13,5,0.65,0.2,1000,restricted_80,aggregation,0.891391736247463,,,0.8139433849869268
8927,1001,13,5,0.65,0.2,1000,restricted_80,aggregation,0.8913403897768252,,,0.813460234903985
8928,1001,13,5,0.65,0.2,1000,restricted_80,aggregation,0.8915126815232597,,,0.8134981970652804
8929,1001,13,5,0.65,0.2,1000,restricted_80,aggregation,0.8910352374089422,,,0.8133016121224457
8930,1001,13,5,0.65,0.2,1000,restricted_80,aggregation,0.8914227686107988,,,0.8142237555268808
8931,1001,13,5,0.65,0.2,1000,restricted_80,aggregation,0.8911343568189979,,,0.8145602671942256
8932,1001,13,5,0.65,0.2,1000,restricted_80,aggregation,0.8916636880265818,,,0.8137577601873436
8933,1001,13,5,0.65,0.2,1000,restricted_80,aggregation,0.8913757812028504,,,0.8138198509746427
8934,1001,13,5,0.65,0.2,1000,restricted_80,aggregation,0.8913899257944292,,,0.8137482753666089
8935,1001,13,5,0.65,0.2,1000,restricted_80,aggregation,0.8915962700137221,,,0.8139815106344274
8936,1001,13,5,0.65,0.2,1000,restricted_80,aggregation,0.8914415723574779,,,0.8140877575510908
8937,1001,13,5,0.65,0.2,1000,restricted_80,aggregation,0.8914136925489581,,,0.8137575575042242
8938,1001,13,5,0.65,0.2,1000,restricted_80,aggregation,0.8914741084150294,,,0.8137581986994487
8939,1001,13,5,0.65,0.2,1000,restricted_80,aggregation,0.8913715787183574,,,0.813353025184692
8940,1001,13,5,0.65,0.2,1000,restricted_80,aggregation,0.8914337659750174,,,0.8143490976307644
8941,1001,13,5,0.65,0.2,1000,restricted_80,aggregation,0.89127783796484,,,0.8142358284154118
8942,1001,13,5,0.65,0.2,1000,restricted_80,aggregation,0.891458722810796,,,0.813577056516015
8943,1001,13,5,0.65,0.2,1000,restricted_80,aggregation,0.8914253610332576,,,0.8139610370339538
8944,1001,13,5,0.65,0.2,1000,restricted_80,aggregation,0.8910950189162823,,,0.8144163757615842
8945,1001,13,5,0.65,0.2,1000,restricted_80,aggregation,0.8913166949438884,,,0.8143543932379349
8946,1001,13,5,0.65,0.2,1000,restricted_80,aggregation,0.8913416389514729,,,0.8131102600254683
8947,1001,13,5,0.65,0.2,1000,restricted_80,aggregation,0.8913072651613912,,,0.8139455026455027
8948,1001,13,5,0.65,0.2,1000,restricted_80,aggregation,0.8914552841009166,,,0.813779024324441
8949,1001,13,5,0.65,0.2,1000,restricted_80,aggregation,0.8916077280766987,,,0.8129997061503313
8950,1001,13,5,0.65,0.2,1000,restricted_80,aggregation,0.8914818666103783,,,0.8137659409417743
8951,1001,13,5,0.65,0.2,1000,restricted_80,aggregation,0.8913025165918109,,,0.8140470592216426
8952,1001,13,5,0.65,0.2,1000,restricted_80,aggregation,0.8914771267324375,,,0.8130788023088024
8953,1001,13,5,0.65,0.2,1000,restricted_80,aggregation,0.8913678808414384,,,0.813551800591384
8954,1001,13,5,0.65,0.2,1000,restricted_80,aggregation,0.8912097010107682,,,0.8131138959266042
8955,1001,13,5,0.65,0.2,1000,restricted_80,aggregation,0.8915072554424428,,,0.8135927339944007
8956,1001,13,5,0.65,0.2,1000,restricted_80,aggregation,0.8915127900381437,,,0.8136892648555148
8957,1001,13,5,0.65,0.2,1000,restricted_80,aggregation,0.8912760051412814,,,0.8140825660296493
8958,1001,13,5,0.65,0.2,1000,restricted_80,aggregation,0.8913261141408161,,,0.8138581174227008
8959,1001,13,5,0.65,0.2,1000,restricted_80,aggregation,0.8912847126233056,,,0.8140175400602485
8960,1001,13,5,0.65,0.2,1000,restricted_80,aggregation,0.8910518968691158,,,0.8141367778440696
8961,1001,13,5,0.65,0.2,1000,restricted_80,aggregation,0.8912901478080403,,,0.8139130663086913
8962,1001,13,5,0.65,0.2,1000,restricted_80,aggregation,0.8913155660593158,,,0.8134110625100208
8963,1001,13,5,0.65,0.2,1000,restricted_80,aggregation,0.8913772863210052,,,0.8140499411236911
8964,1001,13,5,0.65,0.2,1000,restricted_80,aggregation,0.89135202775387,,,0.8134381871600622
8965,1001,13,5,0.65,0.2,1000,restricted_80,aggregation,0.891477779455711,,,0.813730157581616
8966,1001,13,5,0.65,0.2,1000,restricted_80,aggregation,0.8914483973646619,,,0.8139788354777939
8967,1001,13,5,0.65,0.2,1000,restricted_80,aggregation,0.8914105642255059,,,0.8137898471358889
8968,1001,13,5,0.65,0.2,1000,restricted_80,aggregation,0.8916350266587191,,,0.8132044740521824
8969,1001,13,5,0.65,0.2,1000,restricted_80,aggregation,0.8916309568496075,,,0.8132353862110113
8970,1001,13,5,0.65,0.2,1000,restricted_80,aggregation,0.8912800074838709,,,0.8149556812708897
8971,1001,13,5,0.65,0.2,1000,restricted_80,aggregation,0.8913309749030572,,,0.8137133634344051
8972,1001,13,5,0.65,0.2,1000,restricted_80,aggregation,0.8913744206353582,,,0.8136560120589288
8973,1001,13,5,0.65,0.2,1000,restricted_80,aggregation,0.8913710536679739,,,0.8143803234574069
8974,1001,13,5,0.65,0.2,1000,restricted_80,aggregation,0.8913245076709766,,,0.8130789610775028
8975,1001,13,5,0.65,0.2,1000,restricted_80,aggregation,0.891424962461459,,,0.8142334806551473
8976,1001,13,5,0.65,0.2,1000,restricted_80,aggregation,0.8914943596876556,,,0.8132309187340437
8977,1001,13,5,0.65,0.2,1000,restricted_80,aggregation,0.8912934625091813,,,0.8133304773929775
8978,1001,13,5,0.65,0.2,1000,restricted_80,aggregation,0.8914988546544839,,,0.8133537207853875
8979,1001,13,5,0.65,0.2,1000,restricted_80,aggregation,0.8914623923012143,,,0.8141449948739532
8980,1001,13,5,0.65,0.2,1000,restricted_80,aggregation,0.8913981344102946,,,0.8141978286297037
8981,1001,13,5,0.65,0.2,1000,restricted_80,aggregation,0.8913542053306581,,,0.8135783886175554
8982,1001,13,5,0.65,0.2,1000,restricted_80,aggregation,0.8914160789452396,,,0.8136277819942405
8983,1001,13,5,0.65,0.2,1000,restricted_80,aggregation,0.8915494259220786,,,0.8143285209620627
8984,1001,13,5,0.65,0.2,1000,restricted_80,aggregation,0.8915504596844626,,,0.8131429630631716
8985,1001,13,5,0.65,0.2,1000,restricted_80,aggregation,0.8913751120142521,,,0.8136062292568543
8986,1001,13,5,0.65,0.2,1000,restricted_80,aggregation,0.8913350480395412,,,0.8139786644219978
8987,1001,13,5,0.65,0.2,1000,restricted_80,aggregation,0.8914210088699794,,,0.8141024296999297
8988,1001,13,5,0.65,0.2,1000,restricted_80,aggregation,0.8912243972908426,,,0.8134832364857364
8989,1001,13,5,0.65,0.2,1000,restricted_80,aggregation,0.891284522379155,,,0.8136291876641877
8990,1001,13,5,0.65,0.2,1000,restricted_80,aggregation,0.8915538420111625,,,0.8140930066615483
8991,1001,13,5,0.65,0.2,1000,restricted_80,aggregation,0.8915085584224035,,,0.8131424943729112
8992,1001,13,5,0.65,0.2,1000,restricted_80,aggregation,0.8914004252319288,,,0.8134974039001123
8993,1001,13,5,0.65,0.2,1000,restricted_80,aggregation,0.8912739717303688,,,0.8143233500141833
8994,1001,13,5,0.65,0.2,1000,restricted_80,aggregation,0.8915264592037686,,,0.8131547639474723
8995,1001,13,5,0.65,0.2,1000,restricted_80,aggregation,0.8914084284413151,,,0.8142377703854788
8996,1001,13,5,0.65,0.2,1000,restricted_80,aggregation,0.8915036466353451,,,0.8131959082584083
8997,1001,13,5,0.65,0.2,1000,restricted_80,aggregation,0.8913990289843438,,,0.8144050963696797
8998,1001,13,5,0.65,0.2,1000,restricted_80,aggregation,0.8914977129125894,,,0.8139727692600609
8999,1001,13,5,0.65,0.2,1000,restricted_80,aggregation,0.8913178356422576,,,0.8137512316618568
9000,1001,13,5,0.65,0.2,1000,restricted_90,aggregation,0.8894990278063719,,,0.8244768102961852
9001,1001,13,5,0.65,0.2,1000,restricted_90,aggregation,0.8895504040172967,,,0.8237100373314958
9002,1001,13,5,0.65,0.2,1000,restricted_90,aggregation,0.8891294187983431,,,0.8248391014309765
9003,1001,13,5,0.65,0.2,1000,restricted_90,aggregation,0.8894268654811623,,,0.8240746398200566
9004,1001,13,5,0.65,0.2,1000,restricted_90,aggregation,0.8893877560469081,,,0.8246982352601102
9005,1001,13,5,0.65,0.2,1000,restricted_90,aggregation,0.8895390535806433,,,0.8243280781024531
9006,1001,13,5,0.65,0.2,1000,restricted_90,aggregation,0.8894537477465413,,,0.8245004322991824
9007,1001,13,5,0.65,0.2,1000,restricted_90,aggregation,0.8892275058545708,,,0.8242290793465794
9008,1001,13,5,0.65,0.2,1000,restricted_90,aggregation,0.8893055005146471,,,0.8239536653855405
9009,1001,13,5,0.65,0.2,1000,restricted_90,aggregation,0.8895740336911303,,,0.8243137278616446
9010,1001,13,5,0.65,0.2,1000,restricted_90,aggregation,0.8893766920823225,,,0.824445558978059
9011,1001,13,5,0.65,0.2,1000,restricted_90,aggregation,0.8895695560646816,,,0.8242371597923681
9012,1001,13,5,0.65,0.2,1000,restricted_90,aggregation,0.8897063555951624,,,0.82424246157392
9013,1001,13,5,0.65,0.2,1000,restricted_90,aggregation,0.8891893156485708,,,0.8241337916867083
9014,1001,13,5,0.65,0.2,1000,restricted_90,aggregation,0.8891167281625019,,,0.8248403618757786
9015,1001,13,5,0.65,0.2,1000,restricted_90,aggregation,0.889344043683667,,,0.8240047220911806
9016,1001,13,5,0.65,0.2,1000,restricted_90,aggregation,0.8895236393165237,,,0.8238783297643716
9017,1001,13,5,0.65,0.2,1000,restricted_90,aggregation,0.889396293034452,,,0.8237972463416214
9018,1001,13,5,0.65,0.2,1000,restricted_90,aggregation,0.8895523565328799,,,0.8238531223714558
9019,1001,13,5,0.65,0.2,1000,restricted_90,aggregation,0.8893017562226117,,,0.824346304220471
9020,1001,13,5,0.65,0.2,1000,restricted_90,aggregation,0.88916714206354,,,0.8249201980812398
9021,1001,13,5,0.65,0.2,1000,restricted_90,aggregation,0.8894163333396452,,,0.8243585471858389
9022,1001,13,5,0.65,0.2,1000,restricted_90,aggregation,0.8896263843290666,,,0.8235079525644109
9023,1001,13,5,0.65,0.2,1000,restricted_90,aggregation,0.8895185214044118,,,0.8241202321521073
9024,1001,13,5,0.65,0.2,1000,restricted_90,aggregation,0.8894316418291958,,,0.8240371616423701
9025,1001,13,5,0.65,0.2,1000,restricted_90,aggregation,0.8895124215345106,,,0.8244041394330979
9026,1001,13,5,0.65,0.2,1000,restricted_90,aggregation,0.8895279994896813,,,0.8239582303961471
9027,1001,13,5,0.65,0.2,1000,restricted_90,aggregation,0.8892930065047069,,,0.8245001118942787
9028,1001,13,5,0.65,0.2,1000,restricted_90,aggregation,0.8892657100500884,,,0.8243586141327809
9029,1001,13,5,0.65,0.2,1000,restricted_90,aggregation,0.8892738482318743,,,0.8244146414773499
9030,1001,13,5,0.65,0.2,1000,restricted_90,aggregation,0.8893052620407195,,,0.8242924769751853
9031,1001,13,5,0.65,0.2,1000,restricted_90,aggregation,0.8894707878205907,,,0.8242881829590164
9032,1001,13,5,0.65,0.2,1000,restricted_90,aggregation,0.889653224410098,,,0.8238047567632985
9033,1001,13,5,0.65,0.2,1000,restricted_90,aggregation,0.8895254063629264,,,0.8237854651444235
9034,1001,13,5,0.65,0.2,1000,restricted_90,aggregation,0.8893170742085579,,,0.8246171190460775
9035,1001,13,5,0.65,0.2,1000,restricted_90,aggregation,0.8894316829399236,,,0.8244018351941269
9036,1001,13,5,0.65,0.2,1000,restricted_90,aggregation,0.8896269918079284,,,0.8242917656417657
9037,1001,13,5,0.65,0.2,1000,restricted_90,aggregation,0.8892600090957038,,,0.8244718147438982
9038,1001,13,5,0.65,0.2,1000,restricted_90,aggregation,0.8891807446654554,,,0.8245933002953837
9039,1001,13,5,0.65,0.2,1000,restricted_90,aggregation,0.8893819270575906,,,0.8241112879558714
9040,1001,13,5,0.65,0.2,1000,restricted_90,aggregation,0.8895203670420648,,,0.8237110601281434
9041,1001,13,5,0.65,0.2,1000,restricted_90,aggregation,0.8893172105448881,,,0.8243148847603013
9042,1001,13,5,0.65,0.2,1000,restricted_90,aggregation,0.889522162492216,,,0.8244208071095572
9043,1001,13,5,0.65,0.2,1000,restricted_90,aggregation,0.8895864083294087,,,0.8236313071958906
9044,1001,13,5,0.65,0.2,1000,restricted_90,aggregation,0.8892621560755537,,,0.8240666074126493
9045,1001,13,5,0.65,0.2,1000,restricted_90,aggregation,0.889558646958461,,,0.8239500504665088
9046,1001,13,5,0.65,0.2,1000,restricted_90,aggregation,0.8894692577352775,,,0.8242747739374824
9047,1001,13,5,0.65,0.2,1000,restricted_90,aggregation,0.8892810319441238,,,0.8244866868625204
9048,1001,13,5,0.65,0.2,1000,restricted_90,aggregation,0.8894456440474621,,,0.8243796496327748
9049,1001,13,5,0.65,0.2,1000,restricted_90,aggregation,0.8895135320842876,,,0.8238726716570467
9050,1001,13,5,0.65,0.2,1000,restricted_90,aggregation,0.8892861868324429,,,0.824031623276415
9051,1001,13,5,0.65,0.2,1000,restricted_90,aggregation,0.8891552275175422,,,0.8246617017627434
9052,1001,13,5,0.65,0.2,1000,restricted_90,aggregation,0.8896560274472227,,,0.8243004796592298
9053,1001,13,5,0.65,0.2,1000,restricted_90,aggregation,0.8893130060884318,,,0.8244001972256141
9054,1001,13,5,0.65,0.2,1000,restricted_90,aggregation,0.8894621830911638,,,0.8243546469194387
9055,1001,13,5,0.65,0.2,1000,restricted_90,aggregation,0.8895041222799881,,,0.8241672431734932
9056,1001,13,5,0.65,0.2,1000,restricted_90,aggregation,0.8891465892926205,,,0.8242835779883697
9057,1001,13,5,0.65,0.2,1000,restricted_90,aggregation,0.8894628798475507,,,0.8238106077487328
9058,1001,13,5,0.65,0.2,1000,restricted_90,aggregation,0.8894498905537591,,,0.8247039298355966
9059,1001,13,5,0.65,0.2,1000,restricted_90,aggregation,0.8892034357303432,,,0.8241901097590681
9060,1001,13,5,0.65,0.2,1000,restricted_90,aggregation,0.8892119559625413,,,0.824179101623685
9061,1001,13,5,0.65,0.2,1000,restricted_90,aggregation,0.8898704435604085,,,0.8233741990956576
9062,1001,13,5,0.65,0.2,1000,restricted_90,aggregation,0.8895116597476841,,,0.8238572447845365
9063,1001,13,5,0.65,0.2,1000,restricted_90,aggregation,0.889348341938424,,,0.8241866449368533
9064,1001,13,5,0.65,0.2,1000,restricted_90,aggregation,0.8895935801644784,,,0.8242329656994241
9065,1001,13,5,0.65,0.2,1000,restricted_90,aggregation,0.8890747955759793,,,0.8247583597266931
9066,1001,13,5,0.65,0.2,1000,restricted_90,aggregation,0.8892537417339308,,,0.824664334631418
9067,1001,13,5,0.65,0.2,1000,restricted_90,aggregation,0.8896113819745443,,,0.8240428843918428
9068,1001,13,5,0.65,0.2,1000,restricted_90,aggregation,0.8891936921393928,,,0.8252253982591484
9069,1001,13,5,0.65,0.2,1000,restricted_90,aggregation,0.8896238036037921,,,0.8241010272597773
9070,1001,13,5,0.65,0.2,1000,restricted_90,aggregation,0.8895530934958557,,,0.8237947280188948
9071,1001,13,5,0.65,0.2,1000,restricted_90,aggregation,0.8891634882218465,,,0.8243880471997139
9072,1001,13,5,0.65,0.2,1000,restricted_90,aggregation,0.8892983524833561,,,0.8242104612285863
9073,1001,13,5,0.65,0.2,1000,restricted_90,aggregation,0.8895355650926006,,,0.8237777833740334
9074,1001,13,5,0.65,0.2,1000,restricted_90,aggregation,0.8896695804370793,,,0.8241943338914173
9075,1001,13,5,0.65,0.2,1000,restricted_90,aggregation,0.8896561951030056,,,0.8235639815200234
9076,1001,13,5,0.65,0.2,1000,restricted_90,aggregation,0.8896006655516343,,,0.8239487124603792
9077,1001,13,5,0.65,0.2,1000,restricted_90,aggregation,0.889358364891849,,,0.8246624451243201
9078,1001,13,5,0.65,0.2,1000,restricted_90,aggregation,0.8893684031540846,,,0.8245656928334013
9079,1001,13,5,0.65,0.2,1000,restricted_90,aggregation,0.8892166637934569,,,0.8238948860321778
9080,1001,13,5,0.65,0.2,1000,restricted_90,aggregation,0.8896407979740375,,,0.8238565202929786
9081,1001,13,5,0.65,0.2,1000,restricted_90,aggregation,0.8894154644525384,,,0.8239551645730813
9082,1001,13,5,0.65,0.2,1000,restricted_90,aggregation,0.8893216128986952,,,0.8243060347291596
9083,1001,13,5,0.65,0.2,1000,restricted_90,aggregation,0.8895711493990371,,,0.8243597615116367
9084,1001,13,5,0.65,0.2,1000,restricted_90,aggregation,0.8893291763890417,,,0.8241852126577127
9085,1001,13,5,0.65,0.2,1000,restricted_90,aggregation,0.8895304317063277,,,0.8239914456916541
9086,1001,13,5,0.65,0.2,1000,restricted_90,aggregation,0.8894164254381814,,,0.824949431910682
9087,1001,13,5,0.65,0.2,1000,restricted_90,aggregation,0.889377305550935,,,0.8246866959891961
9088,1001,13,5,0.65,0.2,1000,restricted_90,aggregation,0.889399433262465,,,0.8244424110534528
9089,1001,13,5,0.65,0.2,1000,restricted_90,aggregation,0.8893461151393999,,,0.8243294299527634
9090,1001,13,5,0.65,0.2,1000,restricted_90,aggregation,0.8896120127085299,,,0.8244513788526289
9091,1001,13,5,0.65,0.2,1000,restricted_90,aggregation,0.8895144885985842,,,0.8243299732058066
9092,1001,13,5,0.65,0.2,1000,restricted_90,aggregation,0.88951936884272,,,0.824322902568111
9093,1001,13,5,0.65,0.2,1000,restricted_90,aggregation,0.8893674904506127,,,0.824225845096262
9094,1001,13,5,0.65,0.2,1000,restricted_90,aggregation,0.8892014776483794,,,0.8239808805083805
9095,1001,13,5,0.65,0.2,1000,restricted_90,aggregation,0.889439912055442,,,0.8238555642582727
9096,1001,13,5,0.65,0.2,1000,restricted_90,aggregation,0.8890480699942366,,,0.8244182965568382
9097,1001,13,5,0.65,0.2,1000,restricted_90,aggregation,0.8895072984519056,,,0.8237593804420889
9098,1001,13,5,0.65,0.2,1000,restricted_90,aggregation,0.8896198186385126,,,0.8237211777882611
9099,1001,13,5,0.65,0.2,1000,restricted_90,aggregation,0.8890719692329411,,,0.8244109298340551
9100,1001,13,5,0.65,0.2,1000,restricted_90,aggregation,0.8894855425495034,,,0.8240077932407099
9101,1001,13,5,0.65,0.2,1000,restricted_90,aggregation,0.88928668797922,,,0.8240612125914211
9102,1001,13,5,0.65,0.2,1000,restricted_90,aggregation,0.889328812877455,,,0.8246613650084484
9103,1001,13,5,0.65,0.2,1000,restricted_90,aggregation,0.8893570307215672,,,0.8240772473822474
9104,1001,13,5,0.65,0.2,1000,restricted_90,aggregation,0.8894213814932729,,,0.8242183794523378
9105,1001,13,5,0.65,0.2,1000,restricted_90,aggregation,0.8895844878029018,,,0.8238897806360307
9106,1001,13,5,0.65,0.2,1000,restricted_90,aggregation,0.889765632357293,,,0.8239153116328116
9107,1001,13,5,0.65,0.2,1000,restricted_90,aggregation,0.8893222902201154,,,0.8244858367789618
9108,1001,13,5,0.65,0.2,1000,restricted_90,aggregation,0.8893613654952204,,,0.8244040571619738
9109,1001,13,5,0.65,0.2,1000,restricted_90,aggregation,0.8895590302133893,,,0.8237347242263908
9110,1001,13,5,0.65,0.2,1000,restricted_90,aggregation,0.8894386312394896,,,0.8244114168239169
9111,1001,13,5,0.65,0.2,1000,restricted_90,aggregation,0.8895467044141921,,,0.8242342152908821
9112,1001,13,5,0.65,0.2,1000,restricted_90,aggregation,0.8896870241362324,,,0.8231136492442743
9113,1001,13,5,0.65,0.2,1000,restricted_90,aggregation,0.8893789885693661,,,0.8243155235967736
9114,1001,13,5,0.65,0.2,1000,restricted_90,aggregation,0.8892276073440886,,,0.8249404451335702
9115,1001,13,5,0.65,0.2,1000,restricted_90,aggregation,0.8893899647303511,,,0.824406780811781
9116,1001,13,5,0.65,0.2,1000,restricted_90,aggregation,0.8895633097925791,,,0.8242285603593937
9117,1001,13,5,0.65,0.2,1000,restricted_90,aggregation,0.889433885862886,,,0.8245926471984805
9118,1001,13,5,0.65,0.2,1000,restricted_90,aggregation,0.8895340065995647,,,0.8241058782960866
9119,1001,13,5,0.65,0.2,1000,restricted_90,aggregation,0.8895581911562627,,,0.8242170742529077
9120,1001,13,5,0.65,0.2,1000,restricted_90,aggregation,0.8892717808495528,,,0.82373839500777
9121,1001,13,5,0.65,0.2,1000,restricted_90,aggregation,0.8894787858533109,,,0.8237996252821254
9122,1001,13,5,0.65,0.2,1000,restricted_90,aggregation,0.8894630762941131,,,0.8244540557975976
9123,1001,13,5,0.65,0.2,1000,restricted_90,aggregation,0.8893791427519897,,,0.8245086468932302
9124,1001,13,5,0.65,0.2,1000,restricted_90,aggregation,0.8896239617896,,,0.8237258103778938
9125,1001,13,5,0.65,0.2,1000,restricted_90,aggregation,0.8891464991525726,,,0.82438145821
9126,1001,13,5,0.65,0.2,1000,restricted_90,aggregation,0.8894172037469007,,,0.8246310306976974
9127,1001,13,5,0.65,0.2,1000,restricted_90,aggregation,0.8889143254017882,,,0.8250143782837535
9128,1001,13,5,0.65,0.2,1000,restricted_90,aggregation,0.8897296044065384,,,0.8233730916074666
9129,1001,13,5,0.65,0.2,1000,restricted_90,aggregation,0.889753593452063,,,0.8241896270473353
9130,1001,13,5,0.65,0.2,1000,restricted_90,aggregation,0.8897666032523264,,,0.8238566774198024
9131,1001,13,5,0.65,0.2,1000,restricted_90,aggregation,0.8892464679078214,,,0.8250232963949632
9132,1001,13,5,0.65,0.2,1000,restricted_90,aggregation,0.8898136299333014,,,0.8235614044057794
9133,1001,13,5,0.65,0.2,1000,restricted_90,aggregation,0.8891952615596203,,,0.8247648033448035
9134,1001,13,5,0.65,0.2,1000,restricted_90,aggregation,0.8895334007305894,,,0.8233674372463956
9135,1001,13,5,0.65,0.2,1000,restricted_90,aggregation,0.8895944132430142,,,0.8244548029670947
9136,1001,13,5,0.65,0.2,1000,restricted_90,aggregation,0.8893251595151389,,,0.8241557215161383
9137,1001,13,5,0.65,0.2,1000,restricted_90,aggregation,0.8892181564700175,,,0.8244965632978135
9138,1001,13,5,0.65,0.2,1000,restricted_90,aggregation,0.8895136785843313,,,0.824200165713916
9139,1001,13,5,0.65,0.2,1000,restricted_90,aggregation,0.8891375355060627,,,0.8247783101697687
9140,1001,13,5,0.65,0.2,1000,restricted_90,aggregation,0.8895336579811673,,,0.8238720940016774
9141,1001,13,5,0.65,0.2,1000,restricted_90,aggregation,0.8893724486405682,,,0.8246876226705395
9142,1001,13,5,0.65,0.2,1000,restricted_90,aggregation,0.8895425525227227,,,0.823944868472577
9143,1001,13,5,0.65,0.2,1000,restricted_90,aggregation,0.8893441272040333,,,0.8239213758540842
9144,1001,13,5,0.65,0.2,1000,restricted_90,aggregation,0.8895690615857336,,,0.8245154036935288
9145,1001,13,5,0.65,0.2,1000,restricted_90,aggregation,0.8894513601227526,,,0.8237146309631728
9146,1001,13,5,0.65,0.2,1000,restricted_90,aggregation,0.8893093240535177,,,0.8250300981117649
9147,1001,13,5,0.65,0.2,1000,restricted_90,aggregation,0.8888829248445359,,,0.8248222681485182
9148,1001,13,5,0.65,0.2,1000,restricted_90,aggregation,0.8893424094690557,,,0.8245242817599069
9149,1001,13,5,0.65,0.2,1000,restricted_90,aggregation,0.889423206208627,,,0.8240330337872005
9150,1001,13,5,0.65,0.2,1000,restricted_90,aggregation,0.8895127924220634,,,0.8237652645194313
9151,1001,13,5,0.65,0.2,1000,restricted_90,aggregation,0.8896640093869376,,,0.8241379609356694
9152,1001,13,5,0.65,0.2,1000,restricted_90,aggregation,0.8895236055728917,,,0.8241320142820143
9153,1001,13,5,0.65,0.2,1000,restricted_90,aggregation,0.8895413934861397,,,0.8241403692372443
9154,1001,13,5,0.65,0.2,1000,restricted_90,aggregation,0.8894204948531951,,,0.8241488449436366
9155,1001,13,5,0.65,0.2,1000,restricted_90,aggregation,0.8892521944470895,,,0.8242659745193079
9156,1001,13,5,0.65,0.2,1000,restricted_90,aggregation,0.8896038656892092,,,0.8238338005435923
9157,1001,13,5,0.65,0.2,1000,restricted_90,aggregation,0.8894891694551356,,,0.8245002023516608
9158,1001,13,5,0.65,0.2,1000,restricted_90,aggregation,0.8893041813709296,,,0.8243148213977382
9159,1001,13,5,0.65,0.2,1000,restricted_90,aggregation,0.8892575350826737,,,0.8246988029254696
9160,1001,13,5,0.65,0.2,1000,restricted_90,aggregation,0.8894799605086876,,,0.8242006174304092
9161,1001,13,5,0.65,0.2,1000,restricted_90,aggregation,0.8893022252434074,,,0.8240162579087581
9162,1001,13,5,0.65,0.2,1000,restricted_90,aggregation,0.8895842861334514,,,0.823849878940504
9163,1001,13,5,0.65,0.2,1000,restricted_90,aggregation,0.8894060793307565,,,0.8238404125272876
9164,1001,13,5,0.65,0.2,1000,restricted_90,aggregation,0.8896720048037516,,,0.8238716308305893
9165,1001,13,5,0.65,0.2,1000,restricted_90,aggregation,0.8888690587959424,,,0.8244240682696934
9166,1001,13,5,0.65,0.2,1000,restricted_90,aggregation,0.8892232747242137,,,0.8242175726742395
9167,1001,13,5,0.65,0.2,1000,restricted_90,aggregation,0.8891327058115437,,,0.824246193991194
9168,1001,13,5,0.65,0.2,1000,restricted_90,aggregation,0.8892389842674607,,,0.823948037957413
9169,1001,13,5,0.65,0.2,1000,restricted_90,aggregation,0.889388692223215,,,0.8239706060451895
9170,1001,13,5,0.65,0.2,1000,restricted_90,aggregation,0.8893221066224201,,,0.8242951421803506
9171,1001,13,5,0.65,0.2,1000,restricted_90,aggregation,0.8893214000452918,,,0.8236540687861521
9172,1001,13,5,0.65,0.2,1000,restricted_90,aggregation,0.8892981534417682,,,0.825019643651102
9173,1001,13,5,0.65,0.2,1000,restricted_90,aggregation,0.889328196151819,,,0.8246110213397714
9174,1001,13,5,0.65,0.2,1000,restricted_90,aggregation,0.8894512090352611,,,0.8247647878818714
9175,1001,13,5,0.65,0.2,1000,restricted_90,aggregation,0.8894617905201685,,,0.8238436683532517
9176,1001,13,5,0.65,0.2,1000,restricted_90,aggregation,0.8894055025362338,,,0.8246622828329079
9177,1001,13,5,0.65,0.2,1000,restricted_90,aggregation,0.8893198404068785,,,0.8244108798454632
9178,1001,13,5,0.65,0.2,1000,restricted_90,aggregation,0.8892890825894301,,,0.8242852326608577
9179,1001,13,5,0.65,0.2,1000,restricted_90,aggregation,0.8895331380255993,,,0.8243963805870056
9180,1001,13,5,0.65,0.2,1000,restricted_90,aggregation,0.8896394109578147,,,0.8239782821268238
9181,1001,13,5,0.65,0.2,1000,restricted_90,aggregation,0.8893870328599555,,,0.8244740387236222
9182,1001,13,5,0.65,0.2,1000,restricted_90,aggregation,0.8892401286817219,,,0.8242407019292437
9183,1001,13,5,0.65,0.2,1000,restricted_90,aggregation,0.8896300753919242,,,0.8234955808543309
9184,1001,13,5,0.65,0.2,1000,restricted_90,aggregation,0.8897237433549295,,,0.8239342051544136
9185,1001,13,5,0.65,0.2,1000,restricted_90,aggregation,0.8893125540566336,,,0.8239838581017748
9186,1001,13,5,0.65,0.2,1000,restricted_90,aggregation,0.8896408321580943,,,0.8238433449729283
9187,1001,13,5,0.65,0.2,1000,restricted_90,aggregation,0.8896677324510583,,,0.8239747678787263
9188,1001,13,5,0.65,0.2,1000,restricted_90,aggregation,0.8897565305933266,,,0.8239136989553657
9189,1001,13,5,0.65,0.2,1000,restricted_90,aggregation,0.8894558878205556,,,0.8242544599613351
9190,1001,13,5,0.65,0.2,1000,restricted_90,aggregation,0.8897777339904289,,,0.8234705878380879
9191,1001,13,5,0.65,0.2,1000,restricted_90,aggregation,0.8895011162464351,,,0.824305087312379
9192,1001,13,5,0.65,0.2,1000,restricted_90,aggregation,0.889660619132085,,,0.8240974237413822
9193,1001,13,5,0.65,0.2,1000,restricted_90,aggregation,0.8891738639516991,,,0.8243558701021202
9194,1001,13,5,0.65,0.2,1000,restricted_90,aggregation,0.889562245142606,,,0.8236981448952283
9195,1001,13,5,0.65,0.2,1000,restricted_90,aggregation,0.8893637980148644,,,0.8241415244940244
9196,1001,13,5,0.65,0.2,1000,restricted_90,aggregation,0.8896462846597061,,,0.8239953885774719
9197,1001,13,5,0.65,0.2,1000,restricted_90,aggregation,0.8893709882579884,,,0.824711988166155
9198,1001,13,5,0.65,0.2,1000,restricted_90,aggregation,0.8893715927900874,,,0.8240005605351439
9199,1001,13,5,0.65,0.2,1000,restricted_90,aggregation,0.8893353830854123,,,0.8241779602804603
9200,1001,13,5,0.65,0.2,1000,restricted_90,aggregation,0.8894074124518005,,,0.8247079085497837
9201,1001,13,5,0.65,0.2,1000,restricted_90,aggregation,0.8895312316974548,,,0.8237737708664792
9202,1001,13,5,0.65,0.2,1000,restricted_90,aggregation,0.8895198602162401,,,0.8236982781570282
9203,1001,13,5,0.65,0.2,1000,restricted_90,aggregation,0.8892133661132662,,,0.8244920616343534
9204,1001,13,5,0.65,0.2,1000,restricted_90,aggregation,0.8895225114507697,,,0.8235431212614547
9205,1001,13,5,0.65,0.2,1000,restricted_90,aggregation,0.8892828110573237,,,0.8250202800363218
9206,1001,13,5,0.65,0.2,1000,restricted_90,aggregation,0.88926175187288,,,0.8243558466918884
9207,1001,13,5,0.65,0.2,1000,restricted_90,aggregation,0.8892653284853649,,,0.8240775938028022
9208,1001,13,5,0.65,0.2,1000,restricted_90,aggregation,0.8894235614543226,,,0.8243769811592728
9209,1001,13,5,0.65,0.2,1000,restricted_90,aggregation,0.8896066523049873,,,0.8242725671319421
9210,1001,13,5,0.65,0.2,1000,restricted_90,aggregation,0.8893614166323054,,,0.8239983738021238
9211,1001,13,5,0.65,0.2,1000,restricted_90,aggregation,0.889620867351038,,,0.8239458154731072
9212,1001,13,5,0.65,0.2,1000,restricted_90,aggregation,0.8894996813049924,,,0.8239080813168314
9213,1001,13,5,0.65,0.2,1000,restricted_90,aggregation,0.8894924372077455,,,0.824023727121644
9214,1001,13,5,0.65,0.2,1000,restricted_90,aggregation,0.8894472454958147,,,0.8243026684272519
9215,1001,13,5,0.65,0.2,1000,restricted_90,aggregation,0.8891330438661417,,,0.8241141393637228
9216,1001,13,5,0.65,0.2,1000,restricted_90,aggregation,0.8895724137261907,,,0.8237443301914136
9217,1001,13,5,0.65,0.2,1000,restricted_90,aggregation,0.8895900956526395,,,0.8244594469804887
9218,1001,13,5,0.65,0.2,1000,restricted_90,aggregation,0.8896319135499187,,,0.8243055445711696
9219,1001,13,5,0.65,0.2,1000,restricted_90,aggregation,0.8892275001660696,,,0.8247211570682405
9220,1001,13,5,0.65,0.2,1000,restricted_90,aggregation,0.8895613863665667,,,0.8240167951415869
9221,1001,13,5,0.65,0.2,1000,restricted_90,aggregation,0.8896380718944809,,,0.8239404862267363
9222,1001,13,5,0.65,0.2,1000,restricted_90,aggregation,0.889395559948569,,,0.8247551993068661
9223,1001,13,5,0.65,0.2,1000,restricted_90,aggregation,0.8893559949364706,,,0.8241374476989061
9224,1001,13,5,0.65,0.2,1000,restricted_90,aggregation,0.889537486799742,,,0.8239925811071644
9225,1001,13,5,0.65,0.2,1000,restricted_90,aggregation,0.8894603407417613,,,0.8242453327151243
9226,1001,13,5,0.65,0.2,1000,restricted_90,aggregation,0.8895011552329778,,,0.8241864897679482
9227,1001,13,5,0.65,0.2,1000,restricted_90,aggregation,0.8895190884933756,,,0.8240503810695479
9228,1001,13,5,0.65,0.2,1000,restricted_90,aggregation,0.8894253501444006,,,0.8239746774059274
9229,1001,13,5,0.65,0.2,1000,restricted_90,aggregation,0.8897748648251849,,,0.8238369127554546
9230,1001,13,5,0.65,0.2,1000,restricted_90,aggregation,0.8893433416627817,,,0.8243736121131955
9231,1001,13,5,0.65,0.2,1000,restricted_90,aggregation,0.8894785864967676,,,0.8242401393282645
9232,1001,13,5,0.65,0.2,1000,restricted_90,aggregation,0.8893809149757165,,,0.8240925051954219
9233,1001,13,5,0.65,0.2,1000,restricted_90,aggregation,0.8893404323287474,,,0.8238593286882872
9234,1001,13,5,0.65,0.2,1000,restricted_90,aggregation,0.8894132447666686,,,0.8240473983578152
9235,1001,13,5,0.65,0.2,1000,restricted_90,aggregation,0.8894441320970659,,,0.8243113146961064
9236,1001,13,5,0.65,0.2,1000,restricted_90,aggregation,0.8893588190421042,,,0.8242480453111705
9237,1001,13,5,0.65,0.2,1000,restricted_90,aggregation,0.8894453740122764,,,0.8246730245140663
9238,1001,13,5,0.65,0.2,1000,restricted_90,aggregation,0.8895196920795847,,,0.8245473079081412
9239,1001,13,5,0.65,0.2,1000,restricted_90,aggregation,0.8893931541364876,,,0.8243998462417211
9240,1001,13,5,0.65,0.2,1000,restricted_90,aggregation,0.889493544184186,,,0.8236699271330522
9241,1001,13,5,0.65,0.2,1000,restricted_90,aggregation,0.889411621786919,,,0.8244775286981537
9242,1001,13,5,0.65,0.2,1000,restricted_90,aggregation,0.8894350742516947,,,0.8242864382839384
9243,1001,13,5,0.65,0.2,1000,restricted_90,aggregation,0.8898489302623913,,,0.8236172138201305
9244,1001,13,5,0.65,0.2,1000,restricted_90,aggregation,0.88938499132759,,,0.8244497490934991
9245,1001,13,5,0.65,0.2,1000,restricted_90,aggregation,0.8894207473919988,,,0.8244084679286763
9246,1001,13,5,0.65,0.2,1000,restricted_90,aggregation,0.8892345176816455,,,0.8238487615316782
9247,1001,13,5,0.65,0.2,1000,restricted_90,aggregation,0.8896326822714066,,,0.8242045067124234
9248,1001,13,5,0.65,0.2,1000,restricted_90,aggregation,0.8893415620852348,,,0.8241449406303574
9249,1001,13,5,0.65,0.2,1000,restricted_90,aggregation,0.8891718682063281,,,0.8247293010230511
9250,1001,13,5,0.65,0.2,1000,restricted_90,aggregation,0.8893987023954429,,,0.8244035789133707
9251,1001,13,5,0.65,0.2,1000,restricted_90,aggregation,0.8894702403590347,,,0.824073961262503
9252,1001,13,5,0.65,0.2,1000,restricted_90,aggregation,0.8894969167542579,,,0.8242635742806576
9253,1001,13,5,0.65,0.2,1000,restricted_90,aggregation,0.889448614478175,,,0.8242372432582851
9254,1001,13,5,0.65,0.2,1000,restricted_90,aggregation,0.8896856024300024,,,0.8237412103868355
9255,1001,13,5,0.65,0.2,1000,restricted_90,aggregation,0.8893615614643795,,,0.8239390695801113
9256,1001,13,5,0.65,0.2,1000,restricted_90,aggregation,0.8892777094868206,,,0.8239545528083029
9257,1001,13,5,0.65,0.2,1000,restricted_90,aggregation,0.8892897935361498,,,0.8249178588772339
9258,1001,13,5,0.65,0.2,1000,restricted_90,aggregation,0.8894121061813851,,,0.8242439763939765
9259,1001,13,5,0.65,0.2,1000,restricted_90,aggregation,0.8893115514442744,,,0.8242565039975458
9260,1001,13,5,0.65,0.2,1000,restricted_90,aggregation,0.8893212778757549,,,0.8245570482835066
9261,1001,13,5,0.65,0.2,1000,restricted_90,aggregation,0.8893863209483633,,,0.8247477975650893
9262,1001,13,5,0.65,0.2,1000,restricted_90,aggregation,0.8894978576062172,,,0.8241507840462008
9263,1001,13,5,0.65,0.2,1000,restricted_90,aggregation,0.8890867410167859,,,0.8248947038301206
9264,1001,13,5,0.65,0.2,1000,restricted_90,aggregation,0.8892526487758016,,,0.8241821462488131
9265,1001,13,5,0.65,0.2,1000,restricted_90,aggregation,0.8894370632977091,,,0.8238496674082092
9266,1001,13,5,0.65,0.2,1000,restricted_90,aggregation,0.8897326492380919,,,0.82345241994117
9267,1001,13,5,0.65,0.2,1000,restricted_90,aggregation,0.889433719823042,,,0.8243065956497206
9268,1001,13,5,0.65,0.2,1000,restricted_90,aggregation,0.8892220438130959,,,0.8246098717948718
9269,1001,13,5,0.65,0.2,1000,restricted_90,aggregation,0.8897363879914604,,,0.823627723148765
9270,1001,13,5,0.65,0.2,1000,restricted_90,aggregation,0.8894833788435449,,,0.8239114050301551
9271,1001,13,5,0.65,0.2,1000,restricted_90,aggregation,0.8895018513898586,,,0.8244258064774732
9272,1001,13,5,0.65,0.2,1000,restricted_90,aggregation,0.8894434893198239,,,0.8241081447641865
9273,1001,13,5,0.65,0.2,1000,restricted_90,aggregation,0.8896286097621702,,,0.8242667360494444
9274,1001,13,5,0.65,0.2,1000,restricted_90,aggregation,0.8892413176218374,,,0.8244896571021572
9275,1001,13,5,0.65,0.2,1000,restricted_90,aggregation,0.8894965856429428,,,0.8243370002913754
9276,1001,13,5,0.65,0.2,1000,restricted_90,aggregation,0.8894446568380208,,,0.824138403255695
9277,1001,13,5,0.65,0.2,1000,restricted_90,aggregation,0.8896180659312596,,,0.8239944809742726
9278,1001,13,5,0.65,0.2,1000,restricted_90,aggregation,0.8895064232588984,,,0.8244442667132251
9279,1001,13,5,0.65,0.2,1000,restricted_90,aggregation,0.8896256506308412,,,0.8238332816026566
9280,1001,13,5,0.65,0.2,1000,restricted_90,aggregation,0.8895720383273015,,,0.8237869114989949
9281,1001,13,5,0.65,0.2,1000,restricted_90,aggregation,0.8893923327036174,,,0.8244714662035496
9282,1001,13,5,0.65,0.2,1000,restricted_90,aggregation,0.8894336196782451,,,0.8242818335753753
9283,1001,13,5,0.65,0.2,1000,restricted_90,aggregation,0.8894494413708259,,,0.8241888852968021
9284,1001,13,5,0.65,0.2,1000,restricted_90,aggregation,0.8894083057789657,,,0.8246858885790137
9285,1001,13,5,0.65,0.2,1000,restricted_90,aggregation,0.8896068858468896,,,0.8236622544199629
9286,1001,13,5,0.65,0.2,1000,restricted_90,aggregation,0.8895181058230237,,,0.8241418670989505
9287,1001,13,5,0.65,0.2,1000,restricted_90,aggregation,0.8893901038995917,,,0.8244283944527694
9288,1001,13,5,0.65,0.2,1000,restricted_90,aggregation,0.8894622479437669,,,0.8238129333243918
9289,1001,13,5,0.65,0.2,1000,restricted_90,aggregation,0.8894135133356601,,,0.8244048377317128
9290,1001,13,5,0.65,0.2,1000,restricted_90,aggregation,0.8892072008934548,,,0.8244929847544431
9291,1001,13,5,0.65,0.2,1000,restricted_90,aggregation,0.8893551783681073,,,0.8241609742572243
9292,1001,13,5,0.65,0.2,1000,restricted_90,aggregation,0.8891300910454273,,,0.824168102576436
9293,1001,13,5,0.65,0.2,1000,restricted_90,aggregation,0.8894027942848866,,,0.8244625703077787
9294,1001,13,5,0.65,0.2,1000,restricted_90,aggregation,0.8894381085018663,,,0.8245592407592408
9295,1001,13,5,0.65,0.2,1000,restricted_90,aggregation,0.8892613253095757,,,0.8247788891740976
9296,1001,13,5,0.65,0.2,1000,restricted_90,aggregation,0.8895025510569048,,,0.8239642807424058
9297,1001,13,5,0.65,0.2,1000,restricted_90,aggregation,0.8895004939335905,,,0.8245881901817319
9298,1001,13,5,0.65,0.2,1000,restricted_90,aggregation,0.8892431654376385,,,0.8240539683387602
9299,1001,13,5,0.65,0.2,1000,restricted_90,aggregation,0.8898221274327166,,,0.8237154066920735
9300,1001,13,5,0.65,0.2,1000,restricted_90,aggregation,0.8893523278984199,,,0.8242851024207274
9301,1001,13,5,0.65,0.2,1000,restricted_90,aggregation,0.889634016051218,,,0.8240748586136087
9302,1001,13,5,0.65,0.2,1000,restricted_90,aggregation,0.889605856672886,,,0.8240087358243607
9303,1001,13,5,0.65,0.2,1000,restricted_90,aggregation,0.889515716762426,,,0.823808791655875
9304,1001,13,5,0.65,0.2,1000,restricted_90,aggregation,0.8896328039555883,,,0.8241276990524908
9305,1001,13,5,0.65,0.2,1000,restricted_90,aggregation,0.8894800172546286,,,0.8245519391179809
9306,1001,13,5,0.65,0.2,1000,restricted_90,aggregation,0.8891945772089543,,,0.8244394674538426
9307,1001,13,5,0.65,0.2,1000,restricted_90,aggregation,0.8895238394765683,,,0.8240145771974939
9308,1001,13,5,0.65,0.2,1000,restricted_90,aggregation,0.8895801762372265,,,0.824529917274084
9309,1001,13,5,0.65,0.2,1000,restricted_90,aggregation,0.889533196990107,,,0.823955158622242
9310,1001,13,5,0.65,0.2,1000,restricted_90,aggregation,0.8893941076228197,,,0.8241786312530063
9311,1001,13,5,0.65,0.2,1000,restricted_90,aggregation,0.8894815259119805,,,0.8235675300548219
9312,1001,13,5,0.65,0.2,1000,restricted_90,aggregation,0.8894489946787362,,,0.8240350997536414
9313,1001,13,5,0.65,0.2,1000,restricted_90,aggregation,0.8895110280161816,,,0.8243212024934943
9314,1001,13,5,0.65,0.2,1000,restricted_90,aggregation,0.8895619376870191,,,0.8242249751251834
9315,1001,13,5,0.65,0.2,1000,restricted_90,aggregation,0.8889388585502408,,,0.8247111714288798
9316,1001,13,5,0.65,0.2,1000,restricted_90,aggregation,0.8890656250768832,,,0.8242661815190981
9317,1001,13,5,0.65,0.2,1000,restricted_90,aggregation,0.8891627308381459,,,0.8249632194503028
9318,1001,13,5,0.65,0.2,1000,restricted_90,aggregation,0.8896584019493885,,,0.8239024639403806
9319,1001,13,5,0.65,0.2,1000,restricted_90,aggregation,0.8893515478683145,,,0.8243598445458862
9320,1001,13,5,0.65,0.2,1000,restricted_90,aggregation,0.8896159809089461,,,0.8239191701122952
9321,1001,13,5,0.65,0.2,1000,restricted_90,aggregation,0.8892227874278964,,,0.8241172557997559
9322,1001,13,5,0.65,0.2,1000,restricted_90,aggregation,0.8895329992821501,,,0.8237248407071323
9323,1001,13,5,0.65,0.2,1000,restricted_90,aggregation,0.8894672011838659,,,0.8242123837350921
9324,1001,13,5,0.65,0.2,1000,restricted_90,aggregation,0.8892166289521393,,,0.8242830959935128
9325,1001,13,5,0.65,0.2,1000,restricted_90,aggregation,0.8895847339743602,,,0.8240724864256115
9326,1001,13,5,0.65,0.2,1000,restricted_90,aggregation,0.8893425352794404,,,0.8243965728869896
9327,1001,13,5,0.65,0.2,1000,restricted_90,aggregation,0.8897203152119268,,,0.8238642744986496
9328,1001,13,5,0.65,0.2,1000,restricted_90,aggregation,0.8892099202926458,,,0.82442708650917
9329,1001,13,5,0.65,0.2,1000,restricted_90,aggregation,0.8894322121121331,,,0.8247914651706318
9330,1001,13,5,0.65,0.2,1000,restricted_90,aggregation,0.8893081844239161,,,0.824572067299984
9331,1001,13,5,0.65,0.2,1000,restricted_90,aggregation,0.8894124663636587,,,0.8243909918399502
9332,1001,13,5,0.65,0.2,1000,restricted_90,aggregation,0.8894325621298298,,,0.8242251977497812
9333,1001,13,5,0.65,0.2,1000,restricted_90,aggregation,0.8895325885454047,,,0.8238130832130833
9334,1001,13,5,0.65,0.2,1000,restricted_90,aggregation,0.8894296922915955,,,0.8241167854213688
9335,1001,13,5,0.65,0.2,1000,restricted_90,aggregation,0.889517358148764,,,0.823963565269607
9336,1001,13,5,0.65,0.2,1000,restricted_90,aggregation,0.8893806451840104,,,0.8238591818752236
9337,1001,13,5,0.65,0.2,1000,restricted_90,aggregation,0.8894244921605927,,,0.8245529543758711
9338,1001,13,5,0.65,0.2,1000,restricted_90,aggregation,0.8895614864461365,,,0.8236387381599882
9339,1001,13,5,0.65,0.2,1000,restricted_90,aggregation,0.8895989148650354,,,0.8240013108804776
9340,1001,13,5,0.65,0.2,1000,restricted_90,aggregation,0.889439658139723,,,0.8245616722937557
9341,1001,13,5,0.65,0.2,1000,restricted_90,aggregation,0.889378087896774,,,0.824312651499735
9342,1001,13,5,0.65,0.2,1000,restricted_90,aggregation,0.8894531366857756,,,0.8238339013686932
9343,1001,13,5,0.65,0.2,1000,restricted_90,aggregation,0.88950539441772,,,0.8241354514312849
9344,1001,13,5,0.65,0.2,1000,restricted_90,aggregation,0.8892286694564411,,,0.8247058797915049
9345,1001,13,5,0.65,0.2,1000,restricted_90,aggregation,0.8897457187965934,,,0.8237039669204252
9346,1001,13,5,0.65,0.2,1000,restricted_90,aggregation,0.8894345194611051,,,0.824445599932475
9347,1001,13,5,0.65,0.2,1000,restricted_90,aggregation,0.8897839885492337,,,0.8237770680785265
9348,1001,13,5,0.65,0.2,1000,restricted_90,aggregation,0.8895657836811847,,,0.8236911616778283
9349,1001,13,5,0.65,0.2,1000,restricted_90,aggregation,0.8892765113011191,,,0.8238011699797118
9350,1001,13,5,0.65,0.2,1000,restricted_90,aggregation,0.8893018582087555,,,0.8247145871643788
9351,1001,13,5,0.65,0.2,1000,restricted_90,aggregation,0.8892962405468041,,,0.8245194601155018
9352,1001,13,5,0.65,0.2,1000,restricted_90,aggregation,0.8893304512576928,,,0.824117938481272
9353,1001,13,5,0.65,0.2,1000,restricted_90,aggregation,0.8896518038637584,,,0.8237930537826372
9354,1001,13,5,0.65,0.2,1000,restricted_90,aggregation,0.8895143627212363,,,0.8238081432148099
9355,1001,13,5,0.65,0.2,1000,restricted_90,aggregation,0.889325018242838,,,0.8243160674973176
9356,1001,13,5,0.65,0.2,1000,restricted_90,aggregation,0.8893795855979739,,,0.8241558778412946
9357,1001,13,5,0.65,0.2,1000,restricted_90,aggregation,0.8895656255217802,,,0.8240985870765037
9358,1001,13,5,0.65,0.2,1000,restricted_90,aggregation,0.8895109085920153,,,0.8244381813094315
9359,1001,13,5,0.65,0.2,1000,restricted_90,aggregation,0.8893298456369438,,,0.82434895319187
9360,1001,13,5,0.65,0.2,1000,restricted_90,aggregation,0.8896363124799339,,,0.8241534711738878
9361,1001,13,5,0.65,0.2,1000,restricted_90,aggregation,0.8894570730918053,,,0.824317195952196
9362,1001,13,5,0.65,0.2,1000,restricted_90,aggregation,0.8894871248326018,,,0.824210683583392
9363,1001,13,5,0.65,0.2,1000,restricted_90,aggregation,0.8896211227784607,,,0.8240940637834389
9364,1001,13,5,0.65,0.2,1000,restricted_90,aggregation,0.8894855164701834,,,0.8243563865070116
9365,1001,13,5,0.65,0.2,1000,restricted_90,aggregation,0.8890179216451519,,,0.8250331123429041
9366,1001,13,5,0.65,0.2,1000,restricted_90,aggregation,0.8896956826184592,,,0.8238617851207436
9367,1001,13,5,0.65,0.2,1000,restricted_90,aggregation,0.8892600360281594,,,0.8241684360392695
9368,1001,13,5,0.65,0.2,1000,restricted_90,aggregation,0.8895271839267211,,,0.8242760379127048
9369,1001,13,5,0.65,0.2,1000,restricted_90,aggregation,0.889315387249988,,,0.8244343593829012
9370,1001,13,5,0.65,0.2,1000,restricted_90,aggregation,0.8895508437066127,,,0.8240094534632036
9371,1001,13,5,0.65,0.2,1000,restricted_90,aggregation,0.8894216803383537,,,0.8246162949165033
9372,1001,13,5,0.65,0.2,1000,restricted_90,aggregation,0.8894884409163774,,,0.8236564125920377
9373,1001,13,5,0.65,0.2,1000,restricted_90,aggregation,0.8894605897114803,,,0.8238910234595651
9374,1001,13,5,0.65,0.2,1000,restricted_90,aggregation,0.8896553959449194,,,0.8239829875217375
9375,1001,13,5,0.65,0.2,1000,restricted_90,aggregation,0.8897018582563779,,,0.8239171535948621
9376,1001,13,5,0.65,0.2,1000,restricted_90,aggregation,0.8893033866869806,,,0.8238946634615385
9377,1001,13,5,0.65,0.2,1000,restricted_90,aggregation,0.8891449739485536,,,0.8244195251199419
9378,1001,13,5,0.65,0.2,1000,restricted_90,aggregation,0.8891967212955648,,,0.8245661345598847
9379,1001,13,5,0.65,0.2,1000,restricted_90,aggregation,0.8895604776228799,,,0.8243219734123901
9380,1001,13,5,0.65,0.2,1000,restricted_90,aggregation,0.8895132804116511,,,0.8240958503379339
9381,1001,13,5,0.65,0.2,1000,restricted_90,aggregation,0.8894747304386775,,,0.82401138488826
9382,1001,13,5,0.65,0.2,1000,restricted_90,aggregation,0.8896749920095229,,,0.8242331621002456
9383,1001,13,5,0.65,0.2,1000,restricted_90,aggregation,0.8891904295905082,,,0.8246613237456988
9384,1001,13,5,0.65,0.2,1000,restricted_90,aggregation,0.8895603175655267,,,0.8239351181919932
9385,1001,13,5,0.65,0.2,1000,restricted_90,aggregation,0.8896323162784127,,,0.8238382429067846
9386,1001,13,5,0.65,0.2,1000,restricted_90,aggregation,0.8891263177311737,,,0.8250635987469321
9387,1001,13,5,0.65,0.2,1000,restricted_90,aggregation,0.8896270077908187,,,0.8246369696661364
9388,1001,13,5,0.65,0.2,1000,restricted_90,aggregation,0.8894275948434821,,,0.8239018064497231
9389,1001,13,5,0.65,0.2,1000,restricted_90,aggregation,0.8894341979532805,,,0.824673012280929
9390,1001,13,5,0.65,0.2,1000,restricted_90,aggregation,0.8892793812741866,,,0.824612345216512
9391,1001,13,5,0.65,0.2,1000,restricted_90,aggregation,0.8893170414903139,,,0.8240577416025333
9392,1001,13,5,0.65,0.2,1000,restricted_90,aggregation,0.8893825397805295,,,0.8243321699442533
9393,1001,13,5,0.65,0.2,1000,restricted_90,aggregation,0.8894568340093494,,,0.8239641000588918
9394,1001,13,5,0.65,0.2,1000,restricted_90,aggregation,0.889558726245771,,,0.8241604651521318
9395,1001,13,5,0.65,0.2,1000,restricted_90,aggregation,0.8897621217734568,,,0.8237170617037284
9396,1001,13,5,0.65,0.2,1000,restricted_90,aggregation,0.8895213380252084,,,0.8243498761886264
9397,1001,13,5,0.65,0.2,1000,restricted_90,aggregation,0.8893944497629732,,,0.8245706702633787
9398,1001,13,5,0.65,0.2,1000,restricted_90,aggregation,0.8893918902813248,,,0.8243167612171779
9399,1001,13,5,0.65,0.2,1000,restricted_90,aggregation,0.8892662392940217,,,0.8245380565884733
9400,1001,13,5,0.65,0.2,1000,restricted_90,aggregation,0.8896861551063834,,,0.8241349708162209
9401,1001,13,5,0.65,0.2,1000,restricted_90,aggregation,0.8894088139113815,,,0.8242860282618616
9402,1001,13,5,0.65,0.2,1000,restricted_90,aggregation,0.8896436661746421,,,0.8238543087313921
9403,1001,13,5,0.65,0.2,1000,restricted_90,aggregation,0.8896183909982105,,,0.824370622217289
9404,1001,13,5,0.65,0.2,1000,restricted_90,aggregation,0.8893716366995483,,,0.8244398906186408
9405,1001,13,5,0.65,0.2,1000,restricted_90,aggregation,0.8893933438918805,,,0.8239029654142155
9406,1001,13,5,0.65,0.2,1000,restricted_90,aggregation,0.8891986554500868,,,0.8242752321212738
9407,1001,13,5,0.65,0.2,1000,restricted_90,aggregation,0.8894706092459185,,,0.8237438952559787
9408,1001,13,5,0.65,0.2,1000,restricted_90,aggregation,0.889319606997547,,,0.8246942455152874
9409,1001,13,5,0.65,0.2,1000,restricted_90,aggregation,0.8897631828743271,,,0.8242822181984683
9410,1001,13,5,0.65,0.2,1000,restricted_90,aggregation,0.8889324440315892,,,0.8239828795432963
9411,1001,13,5,0.65,0.2,1000,restricted_90,aggregation,0.8891102671190626,,,0.8243042942551276
9412,1001,13,5,0.65,0.2,1000,restricted_90,aggregation,0.8896691853872865,,,0.823643314833315
9413,1001,13,5,0.65,0.2,1000,restricted_90,aggregation,0.8893925139949075,,,0.8240501714874632
9414,1001,13,5,0.65,0.2,1000,restricted_90,aggregation,0.8893740912018209,,,0.8239155073398825
9415,1001,13,5,0.65,0.2,1000,restricted_90,aggregation,0.8894292513702898,,,0.824277335997336
9416,1001,13,5,0.65,0.2,1000,restricted_90,aggregation,0.8895136394634242,,,0.8243269611946695
9417,1001,13,5,0.65,0.2,1000,restricted_90,aggregation,0.8896259367799677,,,0.824226541907167
9418,1001,13,5,0.65,0.2,1000,restricted_90,aggregation,0.8891261537563534,,,0.8247403558170225
9419,1001,13,5,0.65,0.2,1000,restricted_90,aggregation,0.889244441812265,,,0.8244128858641359
9420,1001,13,5,0.65,0.2,1000,restricted_90,aggregation,0.8891832539109249,,,0.8242422970239637
9421,1001,13,5,0.65,0.2,1000,restricted_90,aggregation,0.8895625541888944,,,0.8245763717301219
9422,1001,13,5,0.65,0.2,1000,restricted_90,aggregation,0.8893264188838924,,,0.8242597488005823
9423,1001,13,5,0.65,0.2,1000,restricted_90,aggregation,0.8893435794134583,,,0.8243688671667838
9424,1001,13,5,0.65,0.2,1000,restricted_90,aggregation,0.889344992282085,,,0.824312386425303
9425,1001,13,5,0.65,0.2,1000,restricted_90,aggregation,0.889483243514456,,,0.8244722494557911
9426,1001,13,5,0.65,0.2,1000,restricted_90,aggregation,0.8894111960850579,,,0.8244554527648278
9427,1001,13,5,0.65,0.2,1000,restricted_90,aggregation,0.8893576742264533,,,0.8247451347032598
9428,1001,13,5,0.65,0.2,1000,restricted_90,aggregation,0.8889678513238438,,,0.8245450972484306
9429,1001,13,5,0.65,0.2,1000,restricted_90,aggregation,0.8897046985427247,,,0.8238535017605852
9430,1001,13,5,0.65,0.2,1000,restricted_90,aggregation,0.8896441700442824,,,0.8245768713308298
9431,1001,13,5,0.65,0.2,1000,restricted_90,aggregation,0.8892224592146822,,,0.8245579977661228
9432,1001,13,5,0.65,0.2,1000,restricted_90,aggregation,0.8892419061527644,,,0.8242676169355336
9433,1001,13,5,0.65,0.2,1000,restricted_90,aggregation,0.8894256861181535,,,0.8244431192958278
9434,1001,13,5,0.65,0.2,1000,restricted_90,aggregation,0.8896520365173496,,,0.8239073698369531
9435,1001,13,5,0.65,0.2,1000,restricted_90,aggregation,0.8896815072627038,,,0.8240003296009547
9436,1001,13,5,0.65,0.2,1000,restricted_90,aggregation,0.8896756753304295,,,0.8240470574101825
9437,1001,13,5,0.65,0.2,1000,restricted_90,aggregation,0.8894745774292453,,,0.824493751919377
9438,1001,13,5,0.65,0.2,1000,restricted_90,aggregation,0.8896254797703294,,,0.8239902541362958
9439,1001,13,5,0.65,0.2,1000,restricted_90,aggregation,0.8894497943004428,,,0.8237649545824547
9440,1001,13,5,0.65,0.2,1000,restricted_90,aggregation,0.8895405185315517,,,0.8244144911801162
9441,1001,13,5,0.65,0.2,1000,restricted_90,aggregation,0.8895240904794767,,,0.8242236136934054
9442,1001,13,5,0.65,0.2,1000,restricted_90,aggregation,0.889447074541429,,,0.8241902296006463
9443,1001,13,5,0.65,0.2,1000,restricted_90,aggregation,0.8893270201094245,,,0.8246267228065145
9444,1001,13,5,0.65,0.2,1000,restricted_90,aggregation,0.8895056720078848,,,0.8242798059656393
9445,1001,13,5,0.65,0.2,1000,restricted_90,aggregation,0.88942890040565,,,0.8241134154734154
9446,1001,13,5,0.65,0.2,1000,restricted_90,aggregation,0.8894215024060381,,,0.824538470272012
9447,1001,13,5,0.65,0.2,1000,restricted_90,aggregation,0.8892163759827804,,,0.824060296108213
9448,1001,13,5,0.65,0.2,1000,restricted_90,aggregation,0.8892669639223595,,,0.824546766844267
9449,1001,13,5,0.65,0.2,1000,restricted_90,aggregation,0.8895291375646157,,,0.8240610860975445
9450,1001,13,5,0.65,0.2,1000,restricted_90,aggregation,0.8891692922368867,,,0.8246973947348948
9451,1001,13,5,0.65,0.2,1000,restricted_90,aggregation,0.8893920697005212,,,0.8239391174026591
9452,1001,13,5,0.65,0.2,1000,restricted_90,aggregation,0.8896227141817717,,,0.8240725166577251
9453,1001,13,5,0.65,0.2,1000,restricted_90,aggregation,0.8893179680717666,,,0.824183865655949
9454,1001,13,5,0.65,0.2,1000,restricted_90,aggregation,0.8891889931703691,,,0.8247571280494198
9455,1001,13,5,0.65,0.2,1000,restricted_90,aggregation,0.889198126350007,,,0.824879928189095
9456,1001,13,5,0.65,0.2,1000,restricted_90,aggregation,0.8893597856946698,,,0.8240801596243265
9457,1001,13,5,0.65,0.2,1000,restricted_90,aggregation,0.889425843186368,,,0.8239982575449243
9458,1001,13,5,0.65,0.2,1000,restricted_90,aggregation,0.8894382089681073,,,0.8241489338285172
9459,1001,13,5,0.65,0.2,1000,restricted_90,aggregation,0.8894016428124102,,,0.8243992026337861
9460,1001,13,5,0.65,0.2,1000,restricted_90,aggregation,0.8895360828028687,,,0.8241031004258088
9461,1001,13,5,0.65,0.2,1000,restricted_90,aggregation,0.8894925820166967,,,0.8245048886067637
9462,1001,13,5,0.65,0.2,1000,restricted_90,aggregation,0.8894219694127317,,,0.8240312022853691
9463,1001,13,5,0.65,0.2,1000,restricted_90,aggregation,0.889186835157346,,,0.8250956446100196
9464,1001,13,5,0.65,0.2,1000,restricted_90,aggregation,0.8896093744506569,,,0.8241860085747587
9465,1001,13,5,0.65,0.2,1000,restricted_90,aggregation,0.8895454615075211,,,0.8238532002102836
9466,1001,13,5,0.65,0.2,1000,restricted_90,aggregation,0.8895140840551279,,,0.824057106466065
9467,1001,13,5,0.65,0.2,1000,restricted_90,aggregation,0.889304827711361,,,0.8245505647593149
9468,1001,13,5,0.65,0.2,1000,restricted_90,aggregation,0.8893951882648261,,,0.8241098751865419
9469,1001,13,5,0.65,0.2,1000,restricted_90,aggregation,0.8894184795321421,,,0.8245638636594887
9470,1001,13,5,0.65,0.2,1000,restricted_90,aggregation,0.8894411566453969,,,0.823905047915048
9471,1001,13,5,0.65,0.2,1000,restricted_90,aggregation,0.8894846244530958,,,0.8238065786913704
9472,1001,13,5,0.65,0.2,1000,restricted_90,aggregation,0.889406237751163,,,0.8243360320929072
9473,1001,13,5,0.65,0.2,1000,restricted_90,aggregation,0.8895321903970952,,,0.8246386641213724
9474,1001,13,5,0.65,0.2,1000,restricted_90,aggregation,0.8896363342348942,,,0.8243086845176428
9475,1001,13,5,0.65,0.2,1000,restricted_90,aggregation,0.8893608903512139,,,0.8244890901922153
9476,1001,13,5,0.65,0.2,1000,restricted_90,aggregation,0.8896254608104528,,,0.8239242195690114
9477,1001,13,5,0.65,0.2,1000,restricted_90,aggregation,0.8895366186124732,,,0.8237395254205672
9478,1001,13,5,0.65,0.2,1000,restricted_90,aggregation,0.8893558644313888,,,0.8244151657524575
9479,1001,13,5,0.65,0.2,1000,restricted_90,aggregation,0.8890856890034009,,,0.8249035145024729
9480,1001,13,5,0.65,0.2,1000,restricted_90,aggregation,0.8895459461585875,,,0.8240308199285282
9481,1001,13,5,0.65,0.2,1000,restricted_90,aggregation,0.8892500455452433,,,0.8243331247841664
9482,1001,13,5,0.65,0.2,1000,restricted_90,aggregation,0.8894035744825026,,,0.8239122799962383
9483,1001,13,5,0.65,0.2,1000,restricted_90,aggregation,0.889613951459493,,,0.8237469681784265
9484,1001,13,5,0.65,0.2,1000,restricted_90,aggregation,0.8894926452605036,,,0.8243220399430817
9485,1001,13,5,0.65,0.2,1000,restricted_90,aggregation,0.8893201711062396,,,0.8242556284225036
9486,1001,13,5,0.65,0.2,1000,restricted_90,aggregation,0.8891294028443139,,,0.823919615577324
9487,1001,13,5,0.65,0.2,1000,restricted_90,aggregation,0.8896687349888679,,,0.8238294505186172
9488,1001,13,5,0.65,0.2,1000,restricted_90,aggregation,0.889651622223906,,,0.8237817391481975
9489,1001,13,5,0.65,0.2,1000,restricted_90,aggregation,0.8894055293949857,,,0.8240283747810833
9490,1001,13,5,0.65,0.2,1000,restricted_90,aggregation,0.8894613876618482,,,0.8240687183110099
9491,1001,13,5,0.65,0.2,1000,restricted_90,aggregation,0.8894222732131278,,,0.8235961223884142
9492,1001,13,5,0.65,0.2,1000,restricted_90,aggregation,0.8895397356748036,,,0.8239958657469075
9493,1001,13,5,0.65,0.2,1000,restricted_90,aggregation,0.8895008896800626,,,0.8238290956882625
9494,1001,13,5,0.65,0.2,1000,restricted_90,aggregation,0.8893034643986805,,,0.8242168291430791
9495,1001,13,5,0.65,0.2,1000,restricted_90,aggregation,0.8895024927610006,,,0.8238946197167032
9496,1001,13,5,0.65,0.2,1000,restricted_90,aggregation,0.88952243060074,,,0.8237613871313871
9497,1001,13,5,0.65,0.2,1000,restricted_90,aggregation,0.8892458577932405,,,0.8242644764648932
9498,1001,13,5,0.65,0.2,1000,restricted_90,aggregation,0.8891816384394451,,,0.8240963368498786
9499,1001,13,5,0.65,0.2,1000,restricted_90,aggregation,0.8895751202139383,,,0.8243467709451042
9500,1001,13,5,0.65,0.2,1000,restricted_90,aggregation,0.8897017096633573,,,0.8240603459040959
9501,1001,13,5,0.65,0.2,1000,restricted_90,aggregation,0.8896089509371026,,,0.8238983707033708
9502,1001,13,5,0.65,0.2,1000,restricted_90,aggregation,0.8891997815969809,,,0.8237701724587142
9503,1001,13,5,0.65,0.2,1000,restricted_90,aggregation,0.8893455754751195,,,0.824270937341979
9504,1001,13,5,0.65,0.2,1000,restricted_90,aggregation,0.8893836295870465,,,0.8238860607987691
9505,1001,13,5,0.65,0.2,1000,restricted_90,aggregation,0.8893534583604156,,,0.824215449989825
9506,1001,13,5,0.65,0.2,1000,restricted_90,aggregation,0.8892133205195443,,,0.8243556003641421
9507,1001,13,5,0.65,0.2,1000,restricted_90,aggregation,0.8895163282020869,,,0.8245056133295717
9508,1001,13,5,0.65,0.2,1000,restricted_90,aggregation,0.8896222740264577,,,0.8239270761645763
9509,1001,13,5,0.65,0.2,1000,restricted_90,aggregation,0.8891750526675368,,,0.8249985266354017
9510,1001,13,5,0.65,0.2,1000,restricted_90,aggregation,0.8895517952006754,,,0.824241875608959
9511,1001,13,5,0.65,0.2,1000,restricted_90,aggregation,0.8894022988448127,,,0.8235990008525427
9512,1001,13,5,0.65,0.2,1000,restricted_90,aggregation,0.8895713572044831,,,0.8243317880499131
9513,1001,13,5,0.65,0.2,1000,restricted_90,aggregation,0.8895380710079241,,,0.8242077835513254
9514,1001,13,5,0.65,0.2,1000,restricted_90,aggregation,0.8896151953932719,,,0.8238646122858624
9515,1001,13,5,0.65,0.2,1000,restricted_90,aggregation,0.8894656340619427,,,0.8244482095142512
9516,1001,13,5,0.65,0.2,1000,restricted_90,aggregation,0.8893585136368019,,,0.8241000900796734
9517,1001,13,5,0.65,0.2,1000,restricted_90,aggregation,0.8893462447798367,,,0.82399740488678
9518,1001,13,5,0.65,0.2,1000,restricted_90,aggregation,0.8894614339983441,,,0.8240316043061877
9519,1001,13,5,0.65,0.2,1000,restricted_90,aggregation,0.8894342855323156,,,0.8243646974476142
9520,1001,13,5,0.65,0.2,1000,restricted_90,aggregation,0.8893673804239103,,,0.8239822532791283
9521,1001,13,5,0.65,0.2,1000,restricted_90,aggregation,0.8894895321421779,,,0.8240405198119782
9522,1001,13,5,0.65,0.2,1000,restricted_90,aggregation,0.8895838490105311,,,0.8241156276747944
9523,1001,13,5,0.65,0.2,1000,restricted_90,aggregation,0.8892634430558108,,,0.8243887150735069
9524,1001,13,5,0.65,0.2,1000,restricted_90,aggregation,0.8892744722439567,,,0.8243560694937779
9525,1001,13,5,0.65,0.2,1000,restricted_90,aggregation,0.889316281112593,,,0.8242086218565385
9526,1001,13,5,0.65,0.2,1000,restricted_90,aggregation,0.8894541839542012,,,0.8247741597985349
9527,1001,13,5,0.65,0.2,1000,restricted_90,aggregation,0.8893879619070413,,,0.8241981991002824
9528,1001,13,5,0.65,0.2,1000,restricted_90,aggregation,0.889166279673121,,,0.8248130427442928
9529,1001,13,5,0.65,0.2,1000,restricted_90,aggregation,0.8893164856989848,,,0.8242805256703174
9530,1001,13,5,0.65,0.2,1000,restricted_90,aggregation,0.8897000870119455,,,0.8235330887707971
9531,1001,13,5,0.65,0.2,1000,restricted_90,aggregation,0.8891700014249424,,,0.824602561319853
9532,1001,13,5,0.65,0.2,1000,restricted_90,aggregation,0.8895091680901167,,,0.8246386706580457
9533,1001,13,5,0.65,0.2,1000,restricted_90,aggregation,0.8894848608059374,,,0.8241032186640521
9534,1001,13,5,0.65,0.2,1000,restricted_90,aggregation,0.889622426231849,,,0.8240326127961546
9535,1001,13,5,0.65,0.2,1000,restricted_90,aggregation,0.8893207180112522,,,0.8245955964945549
9536,1001,13,5,0.65,0.2,1000,restricted_90,aggregation,0.889721047960397,,,0.8236562648231399
9537,1001,13,5,0.65,0.2,1000,restricted_90,aggregation,0.8896402701123498,,,0.8238622868258286
9538,1001,13,5,0.65,0.2,1000,restricted_90,aggregation,0.8895402846996286,,,0.8244928863343447
9539,1001,13,5,0.65,0.2,1000,restricted_90,aggregation,0.8893601627348073,,,0.8242300418794168
9540,1001,13,5,0.65,0.2,1000,restricted_90,aggregation,0.8894454735513415,,,0.8239456728610897
9541,1001,13,5,0.65,0.2,1000,restricted_90,aggregation,0.8896533940550996,,,0.8238533719521222
9542,1001,13,5,0.65,0.2,1000,restricted_90,aggregation,0.8894277498907741,,,0.8238991510264427
9543,1001,13,5,0.65,0.2,1000,restricted_90,aggregation,0.8894192616622769,,,0.8240736498686501
9544,1001,13,5,0.65,0.2,1000,restricted_90,aggregation,0.8895941237247866,,,0.8239867904394989
9545,1001,13,5,0.65,0.2,1000,restricted_90,aggregation,0.8891858929884927,,,0.8245665037431704
9546,1001,13,5,0.65,0.2,1000,restricted_90,aggregation,0.8894800830690959,,,0.8240213054769305
9547,1001,13,5,0.65,0.2,1000,restricted_90,aggregation,0.8895717477463151,,,0.8239905010961261
9548,1001,13,5,0.65,0.2,1000,restricted_90,aggregation,0.8894162979115846,,,0.8247134881861967
9549,1001,13,5,0.65,0.2,1000,restricted_90,aggregation,0.8894781622684279,,,0.8240293737974989
9550,1001,13,5,0.65,0.2,1000,restricted_90,aggregation,0.8894945573672077,,,0.824188196040071
9551,1001,13,5,0.65,0.2,1000,restricted_90,aggregation,0.8895716490202333,,,0.8238528814164232
9552,1001,13,5,0.65,0.2,1000,restricted_90,aggregation,0.889320290659709,,,0.8246004194185445
9553,1001,13,5,0.65,0.2,1000,restricted_90,aggregation,0.8890978534568739,,,0.8245971944105278
9554,1001,13,5,0.65,0.2,1000,restricted_90,aggregation,0.8893836420542724,,,0.8242029776627694
9555,1001,13,5,0.65,0.2,1000,restricted_90,aggregation,0.8895475705424667,,,0.8240263901068068
9556,1001,13,5,0.65,0.2,1000,restricted_90,aggregation,0.8891301194519105,,,0.8245606110941528
9557,1001,13,5,0.65,0.2,1000,restricted_90,aggregation,0.889207564455626,,,0.8237222592993426
9558,1001,13,5,0.65,0.2,1000,restricted_90,aggregation,0.8893234053959936,,,0.8242967541563375
9559,1001,13,5,0.65,0.2,1000,restricted_90,aggregation,0.8893820189001966,,,0.8240957771241105
9560,1001,13,5,0.65,0.2,1000,restricted_90,aggregation,0.8891964282687304,,,0.8246062346912348
9561,1001,13,5,0.65,0.2,1000,restricted_90,aggregation,0.8895865678528627,,,0.82405515324182
9562,1001,13,5,0.65,0.2,1000,restricted_90,aggregation,0.8895506722620414,,,0.8240224384720218
9563,1001,13,5,0.65,0.2,1000,restricted_90,aggregation,0.8895313811085418,,,0.8236997137738805
9564,1001,13,5,0.65,0.2,1000,restricted_90,aggregation,0.8897418520737079,,,0.8239200220381472
9565,1001,13,5,0.65,0.2,1000,restricted_90,aggregation,0.8897153232045635,,,0.8240046459867293
9566,1001,13,5,0.65,0.2,1000,restricted_90,aggregation,0.8898546453929922,,,0.8239952730140232
9567,1001,13,5,0.65,0.2,1000,restricted_90,aggregation,0.8896615819853022,,,0.823540075379867
9568,1001,13,5,0.65,0.2,1000,restricted_90,aggregation,0.8892476250943845,,,0.824718499000999
9569,1001,13,5,0.65,0.2,1000,restricted_90,aggregation,0.8895703754921452,,,0.8241906595025346
9570,1001,13,5,0.65,0.2,1000,restricted_90,aggregation,0.8892527534322711,,,0.8244034317842652
9571,1001,13,5,0.65,0.2,1000,restricted_90,aggregation,0.8893641954466847,,,0.8240026128192796
9572,1001,13,5,0.65,0.2,1000,restricted_90,aggregation,0.8892610916537715,,,0.8246782112563363
9573,1001,13,5,0.65,0.2,1000,restricted_90,aggregation,0.8894898342175578,,,0.8237888456759291
9574,1001,13,5,0.65,0.2,1000,restricted_90,aggregation,0.8894680069880136,,,0.8240103135059386
9575,1001,13,5,0.65,0.2,1000,restricted_90,aggregation,0.8893147637411303,,,0.8236637357472775
9576,1001,13,5,0.65,0.2,1000,restricted_90,aggregation,0.8894578996815355,,,0.8239884091679925
9577,1001,13,5,0.65,0.2,1000,restricted_90,aggregation,0.8893555602757587,,,0.8242154331625167
9578,1001,13,5,0.65,0.2,1000,restricted_90,aggregation,0.8892205301826674,,,0.8244197480837065
9579,1001,13,5,0.65,0.2,1000,restricted_90,aggregation,0.8895231204946513,,,0.8245258779260863
9580,1001,13,5,0.65,0.2,1000,restricted_90,aggregation,0.8893853865647979,,,0.8238687610229277
9581,1001,13,5,0.65,0.2,1000,restricted_90,aggregation,0.8894794473369815,,,0.8242682852872437
9582,1001,13,5,0.65,0.2,1000,restricted_90,aggregation,0.889763958161726,,,0.8238374047403215
9583,1001,13,5,0.65,0.2,1000,restricted_90,aggregation,0.8894580595522642,,,0.8245190921578422
9584,1001,13,5,0.65,0.2,1000,restricted_90,aggregation,0.8894166970347461,,,0.8241338029023446
9585,1001,13,5,0.65,0.2,1000,restricted_90,aggregation,0.8892055995156507,,,0.8243585414199999
9586,1001,13,5,0.65,0.2,1000,restricted_90,aggregation,0.8894200800104445,,,0.8244013236840322
9587,1001,13,5,0.65,0.2,1000,restricted_90,aggregation,0.8896563310153416,,,0.82382467167863
9588,1001,13,5,0.65,0.2,1000,restricted_90,aggregation,0.8895043849180416,,,0.8240250166962667
9589,1001,13,5,0.65,0.2,1000,restricted_90,aggregation,0.8892005568225956,,,0.8241480090434258
9590,1001,13,5,0.65,0.2,1000,restricted_90,aggregation,0.889593795332023,,,0.8237306067389403
9591,1001,13,5,0.65,0.2,1000,restricted_90,aggregation,0.8887916049878642,,,0.8243218885281386
9592,1001,13,5,0.65,0.2,1000,restricted_90,aggregation,0.8895153490289991,,,0.8245660298497799
9593,1001,13,5,0.65,0.2,1000,restricted_90,aggregation,0.8895964372223126,,,0.8241660974365141
9594,1001,13,5,0.65,0.2,1000,restricted_90,aggregation,0.8896807396943562,,,0.8236867343304844
9595,1001,13,5,0.65,0.2,1000,restricted_90,aggregation,0.8894438135599262,,,0.8241676087569839
9596,1001,13,5,0.65,0.2,1000,restricted_90,aggregation,0.8891916909926759,,,0.8241728420036755
9597,1001,13,5,0.65,0.2,1000,restricted_90,aggregation,0.8895615488397791,,,0.8241534074027824
9598,1001,13,5,0.65,0.2,1000,restricted_90,aggregation,0.8895214074305267,,,0.8244259905295322
9599,1001,13,5,0.65,0.2,1000,restricted_90,aggregation,0.8894614616736364,,,0.8238300381794134
9600,1001,13,5,0.65,0.2,1000,restricted_90,aggregation,0.8893816233233988,,,0.8243180413722082
9601,1001,13,5,0.65,0.2,1000,restricted_90,aggregation,0.8897062348803557,,,0.8238312065943316
9602,1001,13,5,0.65,0.2,1000,restricted_90,aggregation,0.8893965342826202,,,0.8243193936541854
9603,1001,13,5,0.65,0.2,1000,restricted_90,aggregation,0.8894084233536286,,,0.8241732794905713
9604,1001,13,5,0.65,0.2,1000,restricted_90,aggregation,0.8897768786949173,,,0.823604448953824
9605,1001,13,5,0.65,0.2,1000,restricted_90,aggregation,0.8893620944142341,,,0.8243822060269979
9606,1001,13,5,0.65,0.2,1000,restricted_90,aggregation,0.8895133253084464,,,0.8238705867280869
9607,1001,13,5,0.65,0.2,1000,restricted_90,aggregation,0.8894712065644558,,,0.8246700864027948
9608,1001,13,5,0.65,0.2,1000,restricted_90,aggregation,0.8890990097171159,,,0.8244092318252735
9609,1001,13,5,0.65,0.2,1000,restricted_90,aggregation,0.8896956796501552,,,0.824232901912902
9610,1001,13,5,0.65,0.2,1000,restricted_90,aggregation,0.8893969727022768,,,0.82399806993932
9611,1001,13,5,0.65,0.2,1000,restricted_90,aggregation,0.889271663866887,,,0.8241411639672057
9612,1001,13,5,0.65,0.2,1000,restricted_90,aggregation,0.8896506503962703,,,0.8237485729933648
9613,1001,13,5,0.65,0.2,1000,restricted_90,aggregation,0.8895145469591473,,,0.823780703971954
9614,1001,13,5,0.65,0.2,1000,restricted_90,aggregation,0.8889581905348086,,,0.8248868712845797
9615,1001,13,5,0.65,0.2,1000,restricted_90,aggregation,0.889360411850624,,,0.8243415284484035
9616,1001,13,5,0.65,0.2,1000,restricted_90,aggregation,0.8894287186228483,,,0.8243097891460391
9617,1001,13,5,0.65,0.2,1000,restricted_90,aggregation,0.8893581768310928,,,0.8241220270393188
9618,1001,13,5,0.65,0.2,1000,restricted_90,aggregation,0.8894232533128591,,,0.8242350572575572
9619,1001,13,5,0.65,0.2,1000,restricted_90,aggregation,0.8892969429681987,,,0.8241792039981624
9620,1001,13,5,0.65,0.2,1000,restricted_90,aggregation,0.889513586346421,,,0.8243139996037913
9621,1001,13,5,0.65,0.2,1000,restricted_90,aggregation,0.8892654336027664,,,0.8245648142058559
9622,1001,13,5,0.65,0.2,1000,restricted_90,aggregation,0.8894466383819627,,,0.823875557305349
9623,1001,13,5,0.65,0.2,1000,restricted_90,aggregation,0.8895963887812958,,,0.8243113947472281
9624,1001,13,5,0.65,0.2,1000,restricted_90,aggregation,0.8894490807421046,,,0.8238886630190797
9625,1001,13,5,0.65,0.2,1000,restricted_90,aggregation,0.8891545773344193,,,0.8242420817145817
9626,1001,13,5,0.65,0.2,1000,restricted_90,aggregation,0.8892478759409542,,,0.8243691268993354
9627,1001,13,5,0.65,0.2,1000,restricted_90,aggregation,0.8894690597856675,,,0.8242621058031475
9628,1001,13,5,0.65,0.2,1000,restricted_90,aggregation,0.8893863881993658,,,0.8245141911406495
9629,1001,13,5,0.65,0.2,1000,restricted_90,aggregation,0.889393849757146,,,0.8243777244591829
9630,1001,13,5,0.65,0.2,1000,restricted_90,aggregation,0.8895107282460779,,,0.8244335194358112
9631,1001,13,5,0.65,0.2,1000,restricted_90,aggregation,0.8894143676510895,,,0.8244236301352968
9632,1001,13,5,0.65,0.2,1000,restricted_90,aggregation,0.8895098696631858,,,0.8242757179471764
9633,1001,13,5,0.65,0.2,1000,restricted_90,aggregation,0.8892825007278944,,,0.824246845685179
9634,1001,13,5,0.65,0.2,1000,restricted_90,aggregation,0.8890488718092592,,,0.8251614381143548
9635,1001,13,5,0.65,0.2,1000,restricted_90,aggregation,0.8895576898522048,,,0.8235047564164232
9636,1001,13,5,0.65,0.2,1000,restricted_90,aggregation,0.8894335467416553,,,0.8237721716709218
9637,1001,13,5,0.65,0.2,1000,restricted_90,aggregation,0.8892090237357236,,,0.8244474843520679
9638,1001,13,5,0.65,0.2,1000,restricted_90,aggregation,0.8895994547384235,,,0.8243007465142882
9639,1001,13,5,0.65,0.2,1000,restricted_90,aggregation,0.8891127854284362,,,0.8245708357383358
9640,1001,13,5,0.65,0.2,1000,restricted_90,aggregation,0.8891883276181398,,,0.8247474116624118
9641,1001,13,5,0.65,0.2,1000,restricted_90,aggregation,0.8895405944638334,,,0.8240951223159558
9642,1001,13,5,0.65,0.2,1000,restricted_90,aggregation,0.8898633774621322,,,0.8234605175534343
9643,1001,13,5,0.65,0.2,1000,restricted_90,aggregation,0.8895607210894573,,,0.82427042831397
9644,1001,13,5,0.65,0.2,1000,restricted_90,aggregation,0.8894050283156514,,,0.8246093057020142
9645,1001,13,5,0.65,0.2,1000,restricted_90,aggregation,0.8897140515732507,,,0.8240300147075148
9646,1001,13,5,0.65,0.2,1000,restricted_90,aggregation,0.8894720336327668,,,0.8240437582633416
9647,1001,13,5,0.65,0.2,1000,restricted_90,aggregation,0.8892674645166353,,,0.8245951644574562
9648,1001,13,5,0.65,0.2,1000,restricted_90,aggregation,0.8892341539635378,,,0.8242794295210962
9649,1001,13,5,0.65,0.2,1000,restricted_90,aggregation,0.8892065241873427,,,0.8248966697500031
9650,1001,13,5,0.65,0.2,1000,restricted_90,aggregation,0.8893000059936894,,,0.8242656009653927
9651,1001,13,5,0.65,0.2,1000,restricted_90,aggregation,0.8892088661549352,,,0.8246077559246311
9652,1001,13,5,0.65,0.2,1000,restricted_90,aggregation,0.8894492844187968,,,0.8239863791532542
9653,1001,13,5,0.65,0.2,1000,restricted_90,aggregation,0.8893922544993242,,,0.8241094422013173
9654,1001,13,5,0.65,0.2,1000,restricted_90,aggregation,0.8895142976685351,,,0.8240586593730345
9655,1001,13,5,0.65,0.2,1000,restricted_90,aggregation,0.8894681671368482,,,0.8234638094081844
9656,1001,13,5,0.65,0.2,1000,restricted_90,aggregation,0.889184774670766,,,0.8246039375362293
9657,1001,13,5,0.65,0.2,1000,restricted_90,aggregation,0.8894399634935277,,,0.8241118748766667
9658,1001,13,5,0.65,0.2,1000,restricted_90,aggregation,0.8890746207914871,,,0.8242858591100259
9659,1001,13,5,0.65,0.2,1000,restricted_90,aggregation,0.8889425601922886,,,0.8252913285094536
9660,1001,13,5,0.65,0.2,1000,restricted_90,aggregation,0.8893046997451078,,,0.8235292436190353
9661,1001,13,5,0.65,0.2,1000,restricted_90,aggregation,0.8894145380968744,,,0.8238315889665889
9662,1001,13,5,0.65,0.2,1000,restricted_90,aggregation,0.8892806471816848,,,0.824312605596564
9663,1001,13,5,0.65,0.2,1000,restricted_90,aggregation,0.8894129990145282,,,0.8250497081467916
9664,1001,13,5,0.65,0.2,1000,restricted_90,aggregation,0.8897454253179415,,,0.8237542647475982
9665,1001,13,5,0.65,0.2,1000,restricted_90,aggregation,0.88960444383037,,,0.8235994564617483
9666,1001,13,5,0.65,0.2,1000,restricted_90,aggregation,0.8897167518808665,,,0.82360086833691
9667,1001,13,5,0.65,0.2,1000,restricted_90,aggregation,0.8892406572532517,,,0.824634341884967
9668,1001,13,5,0.65,0.2,1000,restricted_90,aggregation,0.8892655107124231,,,0.8248479121804122
9669,1001,13,5,0.65,0.2,1000,restricted_90,aggregation,0.8894570354538571,,,0.824088570534404
9670,1001,13,5,0.65,0.2,1000,restricted_90,aggregation,0.8891893832172815,,,0.8242804460046127
9671,1001,13,5,0.65,0.2,1000,restricted_90,aggregation,0.8893114827018098,,,0.8241752978502979
9672,1001,13,5,0.65,0.2,1000,restricted_90,aggregation,0.8894756325954837,,,0.8239079408091908
9673,1001,13,5,0.65,0.2,1000,restricted_90,aggregation,0.8892402578583019,,,0.8236255268188603
9674,1001,13,5,0.65,0.2,1000,restricted_90,aggregation,0.889379286997972,,,0.8245573943263528
9675,1001,13,5,0.65,0.2,1000,restricted_90,aggregation,0.8894228106481163,,,0.8237267621653038
9676,1001,13,5,0.65,0.2,1000,restricted_90,aggregation,0.8895718660532692,,,0.8241613950016035
9677,1001,13,5,0.65,0.2,1000,restricted_90,aggregation,0.8895910246521015,,,0.8241089073041156
9678,1001,13,5,0.65,0.2,1000,restricted_90,aggregation,0.8891718200531237,,,0.8246408760529594
9679,1001,13,5,0.65,0.2,1000,restricted_90,aggregation,0.8895146892921069,,,0.8245450710246544
9680,1001,13,5,0.65,0.2,1000,restricted_90,aggregation,0.8891910457984807,,,0.8245420186988938
9681,1001,13,5,0.65,0.2,1000,restricted_90,aggregation,0.8894154545438216,,,0.8239896462102714
9682,1001,13,5,0.65,0.2,1000,restricted_90,aggregation,0.8896411532489658,,,0.8240412209010127
9683,1001,13,5,0.65,0.2,1000,restricted_90,aggregation,0.8896143838499171,,,0.8242143701591619
9684,1001,13,5,0.65,0.2,1000,restricted_90,aggregation,0.8893889910165256,,,0.8239799260384677
9685,1001,13,5,0.65,0.2,1000,restricted_90,aggregation,0.889473580966692,,,0.8240622951200035
9686,1001,13,5,0.65,0.2,1000,restricted_90,aggregation,0.8894024266174102,,,0.8238399671778839
9687,1001,13,5,0.65,0.2,1000,restricted_90,aggregation,0.8892436141427964,,,0.8246860640902308
9688,1001,13,5,0.65,0.2,1000,restricted_90,aggregation,0.8895251431299931,,,0.8242642580413414
9689,1001,13,5,0.65,0.2,1000,restricted_90,aggregation,0.8892513041813221,,,0.8244403991533159
9690,1001,13,5,0.65,0.2,1000,restricted_90,aggregation,0.8894649164645524,,,0.8243303506678508
9691,1001,13,5,0.65,0.2,1000,restricted_90,aggregation,0.8894667104189726,,,0.8243508869602619
9692,1001,13,5,0.65,0.2,1000,restricted_90,aggregation,0.8893623981149591,,,0.8247405668328586
9693,1001,13,5,0.65,0.2,1000,restricted_90,aggregation,0.8896082222347668,,,0.8238486245159163
9694,1001,13,5,0.65,0.2,1000,restricted_90,aggregation,0.8891084562755727,,,0.8245658435314686
9695,1001,13,5,0.65,0.2,1000,restricted_90,aggregation,0.8895841012802734,,,0.8235938148425649
9696,1001,13,5,0.65,0.2,1000,restricted_90,aggregation,0.8896331340244314,,,0.824225099830725
9697,1001,13,5,0.65,0.2,1000,restricted_90,aggregation,0.8894017073372262,,,0.8244351353970104
9698,1001,13,5,0.65,0.2,1000,restricted_90,aggregation,0.8895029533977681,,,0.8241987988477573
9699,1001,13,5,0.65,0.2,1000,restricted_90,aggregation,0.8893876542037521,,,0.8242354527802443
9700,1001,13,5,0.65,0.2,1000,restricted_90,aggregation,0.889057666486341,,,0.8246425450398368
9701,1001,13,5,0.65,0.2,1000,restricted_90,aggregation,0.8892043985023796,,,0.8247665550730134
9702,1001,13,5,0.65,0.2,1000,restricted_90,aggregation,0.8895029672724487,,,0.8245234023615274
9703,1001,13,5,0.65,0.2,1000,restricted_90,aggregation,0.8897489480949051,,,0.8238090946553447
9704,1001,13,5,0.65,0.2,1000,restricted_90,aggregation,0.8894231352601184,,,0.8242113087992254
9705,1001,13,5,0.65,0.2,1000,restricted_90,aggregation,0.8896114984697903,,,0.8240869434192352
9706,1001,13,5,0.65,0.2,1000,restricted_90,aggregation,0.8894057187262215,,,0.8241074312955563
9707,1001,13,5,0.65,0.2,1000,restricted_90,aggregation,0.8893305678272495,,,0.8243653489874324
9708,1001,13,5,0.65,0.2,1000,restricted_90,aggregation,0.8894587800640049,,,0.82371381997632
9709,1001,13,5,0.65,0.2,1000,restricted_90,aggregation,0.889095604490588,,,0.8238777598481766
9710,1001,13,5,0.65,0.2,1000,restricted_90,aggregation,0.8894475463262983,,,0.8240863766095016
9711,1001,13,5,0.65,0.2,1000,restricted_90,aggregation,0.889612961589546,,,0.82398859336651
9712,1001,13,5,0.65,0.2,1000,restricted_90,aggregation,0.889290689903968,,,0.8242830172373924
9713,1001,13,5,0.65,0.2,1000,restricted_90,aggregation,0.8894229850650812,,,0.8244199673166339
9714,1001,13,5,0.65,0.2,1000,restricted_90,aggregation,0.8895915094283959,,,0.8241786751828419
9715,1001,13,5,0.65,0.2,1000,restricted_90,aggregation,0.8892369515353485,,,0.8240918451841369
9716,1001,13,5,0.65,0.2,1000,restricted_90,aggregation,0.88943564528322,,,0.8244954807075641
9717,1001,13,5,0.65,0.2,1000,restricted_90,aggregation,0.8895359669868885,,,0.8238379801448552
9718,1001,13,5,0.65,0.2,1000,restricted_90,aggregation,0.8895560650681208,,,0.8240656165979082
9719,1001,13,5,0.65,0.2,1000,restricted_90,aggregation,0.8894056563628463,,,0.8244616314395483
9720,1001,13,5,0.65,0.2,1000,restricted_90,aggregation,0.8892875862857821,,,0.8245833707110791
9721,1001,13,5,0.65,0.2,1000,restricted_90,aggregation,0.8890391865531774,,,0.8253920525385108
9722,1001,13,5,0.65,0.2,1000,restricted_90,aggregation,0.8894242207226553,,,0.8250333236362404
9723,1001,13,5,0.65,0.2,1000,restricted_90,aggregation,0.8892529929861137,,,0.8248568477664311
9724,1001,13,5,0.65,0.2,1000,restricted_90,aggregation,0.8893791333567506,,,0.8246676506749424
9725,1001,13,5,0.65,0.2,1000,restricted_90,aggregation,0.8896253479253785,,,0.8238285712050295
9726,1001,13,5,0.65,0.2,1000,restricted_90,aggregation,0.8892633584170068,,,0.8245782827666163
9727,1001,13,5,0.65,0.2,1000,restricted_90,aggregation,0.8896804897177877,,,0.8241052694913112
9728,1001,13,5,0.65,0.2,1000,restricted_90,aggregation,0.8892690719630977,,,0.8244521605632024
9729,1001,13,5,0.65,0.2,1000,restricted_90,aggregation,0.8894354143630703,,,0.824264600546059
9730,1001,13,5,0.65,0.2,1000,restricted_90,aggregation,0.8894079688324698,,,0.8239800967550969
9731,1001,13,5,0.65,0.2,1000,restricted_90,aggregation,0.8891977412583123,,,0.824539537669121
9732,1001,13,5,0.65,0.2,1000,restricted_90,aggregation,0.8894172639180199,,,0.8241473485696403
9733,1001,13,5,0.65,0.2,1000,restricted_90,aggregation,0.8893073574842214,,,0.8238845991431408
9734,1001,13,5,0.65,0.2,1000,restricted_90,aggregation,0.889609101113699,,,0.8239263718457469
9735,1001,13,5,0.65,0.2,1000,restricted_90,aggregation,0.8891690040963773,,,0.8244417829084496
9736,1001,13,5,0.65,0.2,1000,restricted_90,aggregation,0.8888493965688987,,,0.8243592163546332
9737,1001,13,5,0.65,0.2,1000,restricted_90,aggregation,0.8895397489426984,,,0.8243899899791566
9738,1001,13,5,0.65,0.2,1000,restricted_90,aggregation,0.8892961352138231,,,0.8245227789802791
9739,1001,13,5,0.65,0.2,1000,restricted_90,aggregation,0.8895756042211297,,,0.8241866105730691
9740,1001,13,5,0.65,0.2,1000,restricted_90,aggregation,0.8892673599833107,,,0.8246902524327526
9741,1001,13,5,0.65,0.2,1000,restricted_90,aggregation,0.8894815838894442,,,0.8237225677409011
9742,1001,13,5,0.65,0.2,1000,restricted_90,aggregation,0.8894171576277459,,,0.8241689756231423
9743,1001,13,5,0.65,0.2,1000,restricted_90,aggregation,0.8893647138870248,,,0.8238135489972991
9744,1001,13,5,0.65,0.2,1000,restricted_90,aggregation,0.8893665526473317,,,0.8238944791242708
9745,1001,13,5,0.65,0.2,1000,restricted_90,aggregation,0.8893360485284724,,,0.8244437250558084
9746,1001,13,5,0.65,0.2,1000,restricted_90,aggregation,0.8893665909966546,,,0.8239825409929578
9747,1001,13,5,0.65,0.2,1000,restricted_90,aggregation,0.8892386507521862,,,0.8243862293493543
9748,1001,13,5,0.65,0.2,1000,restricted_90,aggregation,0.8890602934678787,,,0.8243283702948287
9749,1001,13,5,0.65,0.2,1000,restricted_90,aggregation,0.8896058624030215,,,0.824002274446233
9750,1001,13,5,0.65,0.2,1000,restricted_90,aggregation,0.8894495386649471,,,0.8239031613602448
9751,1001,13,5,0.65,0.2,1000,restricted_90,aggregation,0.8893029605477464,,,0.8247799196020029
9752,1001,13,5,0.65,0.2,1000,restricted_90,aggregation,0.8893713914210591,,,0.8245537159985076
9753,1001,13,5,0.65,0.2,1000,restricted_90,aggregation,0.8896112379352715,,,0.824405933950309
9754,1001,13,5,0.65,0.2,1000,restricted_90,aggregation,0.8895210321802123,,,0.8240621482683983
9755,1001,13,5,0.65,0.2,1000,restricted_90,aggregation,0.8893963062537921,,,0.8246219884513635
9756,1001,13,5,0.65,0.2,1000,restricted_90,aggregation,0.8895514441451167,,,0.8241233762687931
9757,1001,13,5,0.65,0.2,1000,restricted_90,aggregation,0.889319163159039,,,0.8246777410166994
9758,1001,13,5,0.65,0.2,1000,restricted_90,aggregation,0.889460132444984,,,0.8243098689042441
9759,1001,13,5,0.65,0.2,1000,restricted_90,aggregation,0.8890693921744941,,,0.8247703084955169
9760,1001,13,5,0.65,0.2,1000,restricted_90,aggregation,0.8895695976207002,,,0.8239143559603977
9761,1001,13,5,0.65,0.2,1000,restricted_90,aggregation,0.8895526869578247,,,0.8234937555345889
9762,1001,13,5,0.65,0.2,1000,restricted_90,aggregation,0.8892977087808375,,,0.8238845976400143
9763,1001,13,5,0.65,0.2,1000,restricted_90,aggregation,0.8893033374785486,,,0.824148481233273
9764,1001,13,5,0.65,0.2,1000,restricted_90,aggregation,0.8892241449248854,,,0.8249626420724339
9765,1001,13,5,0.65,0.2,1000,restricted_90,aggregation,0.8893253657470309,,,0.8244682701018118
9766,1001,13,5,0.65,0.2,1000,restricted_90,aggregation,0.8890856399433471,,,0.824599175670009
9767,1001,13,5,0.65,0.2,1000,restricted_90,aggregation,0.8891708501529092,,,0.8243777017735351
9768,1001,13,5,0.65,0.2,1000,restricted_90,aggregation,0.8893597592146204,,,0.823907575896326
9769,1001,13,5,0.65,0.2,1000,restricted_90,aggregation,0.8895057880835748,,,0.8240310502460503
9770,1001,13,5,0.65,0.2,1000,restricted_90,aggregation,0.8895038801732226,,,0.8239236054146472
9771,1001,13,5,0.65,0.2,1000,restricted_90,aggregation,0.8892266174993751,,,0.8247818613947782
9772,1001,13,5,0.65,0.2,1000,restricted_90,aggregation,0.8896621017842655,,,0.8241121871338538
9773,1001,13,5,0.65,0.2,1000,restricted_90,aggregation,0.889377673351544,,,0.8243620001757502
9774,1001,13,5,0.65,0.2,1000,restricted_90,aggregation,0.8895651429755927,,,0.8240397037453289
9775,1001,13,5,0.65,0.2,1000,restricted_90,aggregation,0.8896131548689289,,,0.8237403288994956
9776,1001,13,5,0.65,0.2,1000,restricted_90,aggregation,0.8893306188442309,,,0.8246783481564732
9777,1001,13,5,0.65,0.2,1000,restricted_90,aggregation,0.8894243913171236,,,0.8243793676154093
9778,1001,13,5,0.65,0.2,1000,restricted_90,aggregation,0.8896460123258028,,,0.8239119822153157
9779,1001,13,5,0.65,0.2,1000,restricted_90,aggregation,0.8893275811092872,,,0.8244905587776422
9780,1001,13,5,0.65,0.2,1000,restricted_90,aggregation,0.8894260989465197,,,0.8243670047082547
9781,1001,13,5,0.65,0.2,1000,restricted_90,aggregation,0.8891588649686292,,,0.8248931608129526
9782,1001,13,5,0.65,0.2,1000,restricted_90,aggregation,0.8892983636559156,,,0.8244343242251576
9783,1001,13,5,0.65,0.2,1000,restricted_90,aggregation,0.8894916559859148,,,0.824308561700645
9784,1001,13,5,0.65,0.2,1000,restricted_90,aggregation,0.8893711149145591,,,0.8246852258235592
9785,1001,13,5,0.65,0.2,1000,restricted_90,aggregation,0.8895047289607082,,,0.8242880988687239
9786,1001,13,5,0.65,0.2,1000,restricted_90,aggregation,0.8897770651504732,,,0.8234287736568987
9787,1001,13,5,0.65,0.2,1000,restricted_90,aggregation,0.8895381466298091,,,0.8244501480309814
9788,1001,13,5,0.65,0.2,1000,restricted_90,aggregation,0.8894479540125615,,,0.8239364224432976
9789,1001,13,5,0.65,0.2,1000,restricted_90,aggregation,0.8895127201234078,,,0.8240272227078479
9790,1001,13,5,0.65,0.2,1000,restricted_90,aggregation,0.8893963370896529,,,0.8241473941644776
9791,1001,13,5,0.65,0.2,1000,restricted_90,aggregation,0.8893593635376842,,,0.8237971604398688
9792,1001,13,5,0.65,0.2,1000,restricted_90,aggregation,0.889589511532595,,,0.824073480531814
9793,1001,13,5,0.65,0.2,1000,restricted_90,aggregation,0.8892611686104905,,,0.8239980640038974
9794,1001,13,5,0.65,0.2,1000,restricted_90,aggregation,0.8891416511460368,,,0.824694895012395
9795,1001,13,5,0.65,0.2,1000,restricted_90,aggregation,0.889092900506365,,,0.8241009076031993
9796,1001,13,5,0.65,0.2,1000,restricted_90,aggregation,0.8896484732563378,,,0.8241925397596231
9797,1001,13,5,0.65,0.2,1000,restricted_90,aggregation,0.8893467457761319,,,0.8242293340918342
9798,1001,13,5,0.65,0.2,1000,restricted_90,aggregation,0.8892115080675342,,,0.8249896952353203
9799,1001,13,5,0.65,0.2,1000,restricted_90,aggregation,0.8893281366632645,,,0.8247330051044635
9800,1001,13,5,0.65,0.2,1000,restricted_90,aggregation,0.8894355064104355,,,0.8247184936282854
9801,1001,13,5,0.65,0.2,1000,restricted_90,aggregation,0.8895697863125279,,,0.8235596857463525
9802,1001,13,5,0.65,0.2,1000,restricted_90,aggregation,0.889186315288052,,,0.8241511238529989
9803,1001,13,5,0.65,0.2,1000,restricted_90,aggregation,0.8889513596441565,,,0.8243948485465152
9804,1001,13,5,0.65,0.2,1000,restricted_90,aggregation,0.8894574893932636,,,0.8239483765540017
9805,1001,13,5,0.65,0.2,1000,restricted_90,aggregation,0.8894219050559613,,,0.8241999971016638
9806,1001,13,5,0.65,0.2,1000,restricted_90,aggregation,0.8895080971140019,,,0.8240003216690718
9807,1001,13,5,0.65,0.2,1000,restricted_90,aggregation,0.8891624535840158,,,0.8249826295849213
9808,1001,13,5,0.65,0.2,1000,restricted_90,aggregation,0.889470518481656,,,0.8244463273377858
9809,1001,13,5,0.65,0.2,1000,restricted_90,aggregation,0.8892936261272048,,,0.824233849152391
9810,1001,13,5,0.65,0.2,1000,restricted_90,aggregation,0.8894874015548401,,,0.8243839695952196
9811,1001,13,5,0.65,0.2,1000,restricted_90,aggregation,0.8895500912066664,,,0.824622609211776
9812,1001,13,5,0.65,0.2,1000,restricted_90,aggregation,0.8893866073115347,,,0.8243711854966023
9813,1001,13,5,0.65,0.2,1000,restricted_90,aggregation,0.889421387770195,,,0.8243017751692753
9814,1001,13,5,0.65,0.2,1000,restricted_90,aggregation,0.889571374029061,,,0.8236684618159619
9815,1001,13,5,0.65,0.2,1000,restricted_90,aggregation,0.8895012517284638,,,0.8243579707483875
9816,1001,13,5,0.65,0.2,1000,restricted_90,aggregation,0.8896022189723815,,,0.8241846637390389
9817,1001,13,5,0.65,0.2,1000,restricted_90,aggregation,0.8895576974981384,,,0.824312239234531
9818,1001,13,5,0.65,0.2,1000,restricted_90,aggregation,0.8890042744662654,,,0.824299922608256
9819,1001,13,5,0.65,0.2,1000,restricted_90,aggregation,0.8889608012670862,,,0.8246226265015849
9820,1001,13,5,0.65,0.2,1000,restricted_90,aggregation,0.8892569175390246,,,0.8243531891873559
9821,1001,13,5,0.65,0.2,1000,restricted_90,aggregation,0.8894877548426332,,,0.8235562553264637
9822,1001,13,5,0.65,0.2,1000,restricted_90,aggregation,0.8894875668449398,,,0.8244718799410468
9823,1001,13,5,0.65,0.2,1000,restricted_90,aggregation,0.8896231940316376,,,0.8242830035859203
9824,1001,13,5,0.65,0.2,1000,restricted_90,aggregation,0.8892187867025748,,,0.8242201309878394
9825,1001,13,5,0.65,0.2,1000,restricted_90,aggregation,0.8893458879553813,,,0.824724127300169
9826,1001,13,5,0.65,0.2,1000,restricted_90,aggregation,0.8892245287432164,,,0.8244118597451932
9827,1001,13,5,0.65,0.2,1000,restricted_90,aggregation,0.8892596899511144,,,0.8247040800942884
9828,1001,13,5,0.65,0.2,1000,restricted_90,aggregation,0.8895156219686844,,,0.8239952878063296
9829,1001,13,5,0.65,0.2,1000,restricted_90,aggregation,0.8894747536296231,,,0.8244517308077726
9830,1001,13,5,0.65,0.2,1000,restricted_90,aggregation,0.8896282889547626,,,0.8232839820287737
9831,1001,13,5,0.65,0.2,1000,restricted_90,aggregation,0.8889980818416755,,,0.8245253378642963
9832,1001,13,5,0.65,0.2,1000,restricted_90,aggregation,0.8895446660378916,,,0.823718556590015
9833,1001,13,5,0.65,0.2,1000,restricted_90,aggregation,0.8894847110207238,,,0.8238995045617963
9834,1001,13,5,0.65,0.2,1000,restricted_90,aggregation,0.8896554160549032,,,0.8238865321638238
9835,1001,13,5,0.65,0.2,1000,restricted_90,aggregation,0.8891756387281569,,,0.8239649236797154
9836,1001,13,5,0.65,0.2,1000,restricted_90,aggregation,0.8891258716024825,,,0.8242264899991985
9837,1001,13,5,0.65,0.2,1000,restricted_90,aggregation,0.8891739920456025,,,0.8241939040974458
9838,1001,13,5,0.65,0.2,1000,restricted_90,aggregation,0.8889414633448088,,,0.8240036107334026
9839,1001,13,5,0.65,0.2,1000,restricted_90,aggregation,0.8898347814431854,,,0.8237348176514844
9840,1001,13,5,0.65,0.2,1000,restricted_90,aggregation,0.8894419684541789,,,0.8239036470705221
9841,1001,13,5,0.65,0.2,1000,restricted_90,aggregation,0.8896677179290509,,,0.8238332871372456
9842,1001,13,5,0.65,0.2,1000,restricted_90,aggregation,0.889261725405938,,,0.8244880272505273
9843,1001,13,5,0.65,0.2,1000,restricted_90,aggregation,0.8895056206817024,,,0.8242845580037246
9844,1001,13,5,0.65,0.2,1000,restricted_90,aggregation,0.8896808188582309,,,0.8238833309052059
9845,1001,13,5,0.65,0.2,1000,restricted_90,aggregation,0.8895833720667332,,,0.8244557611909696
9846,1001,13,5,0.65,0.2,1000,restricted_90,aggregation,0.8896313200646851,,,0.8234533465300133
9847,1001,13,5,0.65,0.2,1000,restricted_90,aggregation,0.889439906993417,,,0.8243095815835401
9848,1001,13,5,0.65,0.2,1000,restricted_90,aggregation,0.8893077722507078,,,0.8242984807861892
9849,1001,13,5,0.65,0.2,1000,restricted_90,aggregation,0.8894351757063793,,,0.8238858125208126
9850,1001,13,5,0.65,0.2,1000,restricted_90,aggregation,0.889638730076553,,,0.8240509900053651
9851,1001,13,5,0.65,0.2,1000,restricted_90,aggregation,0.8896065161599671,,,0.8234949459259876
9852,1001,13,5,0.65,0.2,1000,restricted_90,aggregation,0.8892838565275576,,,0.824544398595232
9853,1001,13,5,0.65,0.2,1000,restricted_90,aggregation,0.8890167111804136,,,0.8251423066208485
9854,1001,13,5,0.65,0.2,1000,restricted_90,aggregation,0.8895276202262913,,,0.8241381003487255
9855,1001,13,5,0.65,0.2,1000,restricted_90,aggregation,0.8891936447524311,,,0.8238920975552227
9856,1001,13,5,0.65,0.2,1000,restricted_90,aggregation,0.8896783617800873,,,0.824105727366769
9857,1001,13,5,0.65,0.2,1000,restricted_90,aggregation,0.8892786944851298,,,0.8242341476116478
9858,1001,13,5,0.65,0.2,1000,restricted_90,aggregation,0.8895847432664556,,,0.823783496264538
9859,1001,13,5,0.65,0.2,1000,restricted_90,aggregation,0.889116289259551,,,0.8248479774777693
9860,1001,13,5,0.65,0.2,1000,restricted_90,aggregation,0.8896861265746693,,,0.8236963642376143
9861,1001,13,5,0.65,0.2,1000,restricted_90,aggregation,0.889581822384355,,,0.8244273786167536
9862,1001,13,5,0.65,0.2,1000,restricted_90,aggregation,0.8896029433770752,,,0.8240568723252059
9863,1001,13,5,0.65,0.2,1000,restricted_90,aggregation,0.8893146915022468,,,0.8238578195030279
9864,1001,13,5,0.65,0.2,1000,restricted_90,aggregation,0.8893753715187697,,,0.8245392722863557
9865,1001,13,5,0.65,0.2,1000,restricted_90,aggregation,0.8892447682443488,,,0.8247118499016417
9866,1001,13,5,0.65,0.2,1000,restricted_90,aggregation,0.8897029590456913,,,0.8239577616056784
9867,1001,13,5,0.65,0.2,1000,restricted_90,aggregation,0.8894195450556448,,,0.8241269104506607
9868,1001,13,5,0.65,0.2,1000,restricted_90,aggregation,0.8895761478131945,,,0.8243013000810918
9869,1001,13,5,0.65,0.2,1000,restricted_90,aggregation,0.8894082053460597,,,0.824116418766419
9870,1001,13,5,0.65,0.2,1000,restricted_90,aggregation,0.8893416161084821,,,0.8239142010767012
9871,1001,13,5,0.65,0.2,1000,restricted_90,aggregation,0.8897468167669365,,,0.8240954306573057
9872,1001,13,5,0.65,0.2,1000,restricted_90,aggregation,0.8891818272223262,,,0.8244859425142759
9873,1001,13,5,0.65,0.2,1000,restricted_90,aggregation,0.8898268390298396,,,0.8232802910207078
9874,1001,13,5,0.65,0.2,1000,restricted_90,aggregation,0.8894771380110267,,,0.8241297828406161
9875,1001,13,5,0.65,0.2,1000,restricted_90,aggregation,0.889390743973281,,,0.8242688477340561
9876,1001,13,5,0.65,0.2,1000,restricted_90,aggregation,0.8891858306657408,,,0.8245351301938801
9877,1001,13,5,0.65,0.2,1000,restricted_90,aggregation,0.8893188114780834,,,0.8242492185977603
9878,1001,13,5,0.65,0.2,1000,restricted_90,aggregation,0.8894128145391516,,,0.8238647324743159
9879,1001,13,5,0.65,0.2,1000,restricted_90,aggregation,0.8893916140840256,,,0.8244282699553533
9880,1001,13,5,0.65,0.2,1000,restricted_90,aggregation,0.8892699961251385,,,0.8243136076577744
9881,1001,13,5,0.65,0.2,1000,restricted_90,aggregation,0.8891493881164113,,,0.8240038558046893
9882,1001,13,5,0.65,0.2,1000,restricted_90,aggregation,0.8897174764968941,,,0.8237808863050531
9883,1001,13,5,0.65,0.2,1000,restricted_90,aggregation,0.889673299320007,,,0.823875509929885
9884,1001,13,5,0.65,0.2,1000,restricted_90,aggregation,0.8895852566870147,,,0.8239006076099826
9885,1001,13,5,0.65,0.2,1000,restricted_90,aggregation,0.8893689094704704,,,0.8242748160173161
9886,1001,13,5,0.65,0.2,1000,restricted_90,aggregation,0.889728746109448,,,0.8240029801833969
9887,1001,13,5,0.65,0.2,1000,restricted_90,aggregation,0.8895263307202005,,,0.8241324941493692
9888,1001,13,5,0.65,0.2,1000,restricted_90,aggregation,0.8894358738890036,,,0.8240230694305695
9889,1001,13,5,0.65,0.2,1000,restricted_90,aggregation,0.889532688700823,,,0.8238618348935015
9890,1001,13,5,0.65,0.2,1000,restricted_90,aggregation,0.8893559602540052,,,0.8243522146834648
9891,1001,13,5,0.65,0.2,1000,restricted_90,aggregation,0.8896093268841138,,,0.8238805090511342
9892,1001,13,5,0.65,0.2,1000,restricted_90,aggregation,0.8895307288324412,,,0.8243274743080994
9893,1001,13,5,0.65,0.2,1000,restricted_90,aggregation,0.8895084967914622,,,0.8237952777238194
9894,1001,13,5,0.65,0.2,1000,restricted_90,aggregation,0.8896742738254931,,,0.8236355617607701
9895,1001,13,5,0.65,0.2,1000,restricted_90,aggregation,0.8895498090116576,,,0.8239822195551362
9896,1001,13,5,0.65,0.2,1000,restricted_90,aggregation,0.8896482910415594,,,0.8236286785822203
9897,1001,13,5,0.65,0.2,1000,restricted_90,aggregation,0.8892817963579949,,,0.8244116671214587
9898,1001,13,5,0.65,0.2,1000,restricted_90,aggregation,0.8894436733935982,,,0.8246732747499415
9899,1001,13,5,0.65,0.2,1000,restricted_90,aggregation,0.8895498998360313,,,0.8242796740759242
9900,1001,13,5,0.65,0.2,1000,restricted_90,aggregation,0.8894021411159084,,,0.8242865708365708
9901,1001,13,5,0.65,0.2,1000,restricted_90,aggregation,0.8895069691809644,,,0.8246406274127107
9902,1001,13,5,0.65,0.2,1000,restricted_90,aggregation,0.88935406833698,,,0.8246147055259556
9903,1001,13,5,0.65,0.2,1000,restricted_90,aggregation,0.889572021168328,,,0.8243898922142673
9904,1001,13,5,0.65,0.2,1000,restricted_90,aggregation,0.8896260568623945,,,0.8237581088741506
9905,1001,13,5,0.65,0.2,1000,restricted_90,aggregation,0.8895869579531023,,,0.8242563485588486
9906,1001,13,5,0.65,0.2,1000,restricted_90,aggregation,0.8896675860384939,,,0.8239730015046682
9907,1001,13,5,0.65,0.2,1000,restricted_90,aggregation,0.8893651613731257,,,0.8245094582809166
9908,1001,13,5,0.65,0.2,1000,restricted_90,aggregation,0.8895700635833483,,,0.8242419752469754
9909,1001,13,5,0.65,0.2,1000,restricted_90,aggregation,0.8895266866962205,,,0.8238696970082386
9910,1001,13,5,0.65,0.2,1000,restricted_90,aggregation,0.8897857509784494,,,0.8237061376971794
9911,1001,13,5,0.65,0.2,1000,restricted_90,aggregation,0.8893338478290307,,,0.8242902675179758
9912,1001,13,5,0.65,0.2,1000,restricted_90,aggregation,0.8896202863655657,,,0.8240585670964837
9913,1001,13,5,0.65,0.2,1000,restricted_90,aggregation,0.8893083590906422,,,0.8243739268833019
9914,1001,13,5,0.65,0.2,1000,restricted_90,aggregation,0.8895932742303342,,,0.8236869576488328
9915,1001,13,5,0.65,0.2,1000,restricted_90,aggregation,0.8896757625231501,,,0.8235169404206906
9916,1001,13,5,0.65,0.2,1000,restricted_90,aggregation,0.88942449513357,,,0.8238103378720046
9917,1001,13,5,0.65,0.2,1000,restricted_90,aggregation,0.889448711049954,,,0.8240264827148162
9918,1001,13,5,0.65,0.2,1000,restricted_90,aggregation,0.8892494537289365,,,0.8243818263757847
9919,1001,13,5,0.65,0.2,1000,restricted_90,aggregation,0.8896464893854599,,,0.8239075217452302
9920,1001,13,5,0.65,0.2,1000,restricted_90,aggregation,0.8893713581788061,,,0.8240154712879714
9921,1001,13,5,0.65,0.2,1000,restricted_90,aggregation,0.8893197773815062,,,0.8244048014177181
9922,1001,13,5,0.65,0.2,1000,restricted_90,aggregation,0.8893436982916505,,,0.8242788884957635
9923,1001,13,5,0.65,0.2,1000,restricted_90,aggregation,0.8893909748774784,,,0.824553697675781
9924,1001,13,5,0.65,0.2,1000,restricted_90,aggregation,0.8893593069168165,,,0.8242418015472184
9925,1001,13,5,0.65,0.2,1000,restricted_90,aggregation,0.8895742703515912,,,0.823882439358481
9926,1001,13,5,0.65,0.2,1000,restricted_90,aggregation,0.8895670843924145,,,0.8240011663413748
9927,1001,13,5,0.65,0.2,1000,restricted_90,aggregation,0.889578925311481,,,0.8244785082972583
9928,1001,13,5,0.65,0.2,1000,restricted_90,aggregation,0.8892203720676207,,,0.8249094296213045
9929,1001,13,5,0.65,0.2,1000,restricted_90,aggregation,0.8896600518402064,,,0.8241918259209927
9930,1001,13,5,0.65,0.2,1000,restricted_90,aggregation,0.8891416630712068,,,0.823675679359221
9931,1001,13,5,0.65,0.2,1000,restricted_90,aggregation,0.889525095181361,,,0.8240715062406729
9932,1001,13,5,0.65,0.2,1000,restricted_90,aggregation,0.8893097131376213,,,0.824588550215217
9933,1001,13,5,0.65,0.2,1000,restricted_90,aggregation,0.8896779145587126,,,0.8235218727183311
9934,1001,13,5,0.65,0.2,1000,restricted_90,aggregation,0.8895900659343208,,,0.824437908580617
9935,1001,13,5,0.65,0.2,1000,restricted_90,aggregation,0.8893355469646238,,,0.8243884502149086
9936,1001,13,5,0.65,0.2,1000,restricted_90,aggregation,0.8892846452481749,,,0.8241160417206251
9937,1001,13,5,0.65,0.2,1000,restricted_90,aggregation,0.8898117902475902,,,0.8238573666534084
9938,1001,13,5,0.65,0.2,1000,restricted_90,aggregation,0.889632148734275,,,0.8238662266437268
9939,1001,13,5,0.65,0.2,1000,restricted_90,aggregation,0.8895484785422212,,,0.8241200447700449
9940,1001,13,5,0.65,0.2,1000,restricted_90,aggregation,0.8892581284433579,,,0.823902524204191
9941,1001,13,5,0.65,0.2,1000,restricted_90,aggregation,0.8896179930963515,,,0.8243760460681295
9942,1001,13,5,0.65,0.2,1000,restricted_90,aggregation,0.8894691880217961,,,0.8240154604654606
9943,1001,13,5,0.65,0.2,1000,restricted_90,aggregation,0.8892262912593604,,,0.8243098236177404
9944,1001,13,5,0.65,0.2,1000,restricted_90,aggregation,0.8896237163785276,,,0.8242165854515855
9945,1001,13,5,0.65,0.2,1000,restricted_90,aggregation,0.8894849547490158,,,0.8244461209084127
9946,1001,13,5,0.65,0.2,1000,restricted_90,aggregation,0.8890797801310937,,,0.8248732894497478
9947,1001,13,5,0.65,0.2,1000,restricted_90,aggregation,0.889582429848665,,,0.8243485275835277
9948,1001,13,5,0.65,0.2,1000,restricted_90,aggregation,0.8894330679414236,,,0.8241593217893218
9949,1001,13,5,0.65,0.2,1000,restricted_90,aggregation,0.8894508135562595,,,0.824120158552867
9950,1001,13,5,0.65,0.2,1000,restricted_90,aggregation,0.8894956137639186,,,0.824119927896178
9951,1001,13,5,0.65,0.2,1000,restricted_90,aggregation,0.8894208572864999,,,0.8240308455433457
9952,1001,13,5,0.65,0.2,1000,restricted_90,aggregation,0.889496550958046,,,0.8239807495359579
9953,1001,13,5,0.65,0.2,1000,restricted_90,aggregation,0.889282268235836,,,0.8242042354250689
9954,1001,13,5,0.65,0.2,1000,restricted_90,aggregation,0.8894788995567164,,,0.8240406960631961
9955,1001,13,5,0.65,0.2,1000,restricted_90,aggregation,0.889301761329312,,,0.8245694830555248
9956,1001,13,5,0.65,0.2,1000,restricted_90,aggregation,0.8893972443789335,,,0.8244614010141094
9957,1001,13,5,0.65,0.2,1000,restricted_90,aggregation,0.889355663729897,,,0.824288755557714
9958,1001,13,5,0.65,0.2,1000,restricted_90,aggregation,0.889482621878564,,,0.823910882959633
9959,1001,13,5,0.65,0.2,1000,restricted_90,aggregation,0.8893922983430745,,,0.8242404081412416
9960,1001,13,5,0.65,0.2,1000,restricted_90,aggregation,0.8893914392185203,,,0.8243122610491362
9961,1001,13,5,0.65,0.2,1000,restricted_90,aggregation,0.8895429778856649,,,0.8238335357158275
9962,1001,13,5,0.65,0.2,1000,restricted_90,aggregation,0.8896039167220243,,,0.8237984397701066
9963,1001,13,5,0.65,0.2,1000,restricted_90,aggregation,0.889276206458269,,,0.8245248460644294
9964,1001,13,5,0.65,0.2,1000,restricted_90,aggregation,0.8893638804058639,,,0.8244116502016503
9965,1001,13,5,0.65,0.2,1000,restricted_90,aggregation,0.8894535367993465,,,0.8243867894759562
9966,1001,13,5,0.65,0.2,1000,restricted_90,aggregation,0.889633249960624,,,0.8236407555792974
9967,1001,13,5,0.65,0.2,1000,restricted_90,aggregation,0.8894184266230089,,,0.8242381327545911
9968,1001,13,5,0.65,0.2,1000,restricted_90,aggregation,0.889365355253892,,,0.824161168337835
9969,1001,13,5,0.65,0.2,1000,restricted_90,aggregation,0.8893484280558122,,,0.8244832778949446
9970,1001,13,5,0.65,0.2,1000,restricted_90,aggregation,0.8890607962550667,,,0.8241647449464117
9971,1001,13,5,0.65,0.2,1000,restricted_90,aggregation,0.8895877853605486,,,0.8240711575307408
9972,1001,13,5,0.65,0.2,1000,restricted_90,aggregation,0.8894438964757789,,,0.8245987504239588
9973,1001,13,5,0.65,0.2,1000,restricted_90,aggregation,0.8891582535963816,,,0.8244538822751324
9974,1001,13,5,0.65,0.2,1000,restricted_90,aggregation,0.8895270129801703,,,0.8240295562616398
9975,1001,13,5,0.65,0.2,1000,restricted_90,aggregation,0.8894912301571157,,,0.8242682629253463
9976,1001,13,5,0.65,0.2,1000,restricted_90,aggregation,0.889459522768176,,,0.8239836517957352
9977,1001,13,5,0.65,0.2,1000,restricted_90,aggregation,0.8892659689887707,,,0.8248396745846747
9978,1001,13,5,0.65,0.2,1000,restricted_90,aggregation,0.8893976650435584,,,0.8237317553048803
9979,1001,13,5,0.65,0.2,1000,restricted_90,aggregation,0.8896617715935788,,,0.824356230605814
9980,1001,13,5,0.65,0.2,1000,restricted_90,aggregation,0.8893586687406504,,,0.8244633188031104
9981,1001,13,5,0.65,0.2,1000,restricted_90,aggregation,0.8894018695576583,,,0.8242613712059547
9982,1001,13,5,0.65,0.2,1000,restricted_90,aggregation,0.8893917798861877,,,0.8244909307744726
9983,1001,13,5,0.65,0.2,1000,restricted_90,aggregation,0.8892480189453952,,,0.8243685277839444
9984,1001,13,5,0.65,0.2,1000,restricted_90,aggregation,0.8896978415351579,,,0.8235778509530594
9985,1001,13,5,0.65,0.2,1000,restricted_90,aggregation,0.8892951209163817,,,0.8239668497705998
9986,1001,13,5,0.65,0.2,1000,restricted_90,aggregation,0.889385858767377,,,0.8237756014356016
9987,1001,13,5,0.65,0.2,1000,restricted_90,aggregation,0.8889902171041145,,,0.8241713211325712
9988,1001,13,5,0.65,0.2,1000,restricted_90,aggregation,0.8894027813968685,,,0.8241242558136309
9989,1001,13,5,0.65,0.2,1000,restricted_90,aggregation,0.8894566408748192,,,0.8234093114216031
9990,1001,13,5,0.65,0.2,1000,restricted_90,aggregation,0.8893046342333778,,,0.823717438317855
9991,1001,13,5,0.65,0.2,1000,restricted_90,aggregation,0.8894540122136712,,,0.8239257761066094
9992,1001,13,5,0.65,0.2,1000,restricted_90,aggregation,0.8891792525131331,,,0.8244450656365241
9993,1001,13,5,0.65,0.2,1000,restricted_90,aggregation,0.8892502798808222,,,0.8243251014803099
9994,1001,13,5,0.65,0.2,1000,restricted_90,aggregation,0.8892769096794195,,,0.8243750547138048
9995,1001,13,5,0.65,0.2,1000,restricted_90,aggregation,0.8896529250611069,,,0.8240519279023446
9996,1001,13,5,0.65,0.2,1000,restricted_90,aggregation,0.8896378855127501,,,0.8237462239380989
9997,1001,13,5,0.65,0.2,1000,restricted_90,aggregation,0.88953317766725,,,0.8242164648545899
9998,1001,13,5,0.65,0.2,1000,restricted_90,aggregation,0.8897316311853499,,,0.8241189810112728
9999,1001,13,5,0.65,0.2,1000,restricted_90,aggregation,0.889531396956782,,,0.8244953214146964
